hex_id,cate,se,adj_cate,t_stat,sig_95
1,0.0035285102197433866,0.01800736469271292,-0.001892342944555226,0.19594817342546944,FALSE
2,0.003060429578672367,0.016930653286234013,-0.0016413109102260042,0.1807626396295495,FALSE
3,0.0019395572817341546,0.01822336993606341,-0.0010401861718051834,0.10643241554877503,FALSE
4,1.0642991247021952e-4,0.017727558308988235,-5.70784499434714e-5,0.006003641935068823,FALSE
5,-0.004856577493155443,0.02795555765531126,0.0026045865199525423,-0.17372493702456135,FALSE
6,-0.004321221803028981,0.02367368110118772,0.0023174748212617616,-0.18253273686330865,FALSE
7,0.0038207610669596607,0.017900294731786795,-0.0020490773152467253,0.21344682443551447,FALSE
8,0.005521160627878804,0.010726838567099798,-0.0029610030038916507,0.5147052967509655,FALSE
9,0.0020894247519424865,0.016897979626945385,-0.0011205602198326545,0.12364938282980921,FALSE
10,-0.01494715984237251,0.06976232722335145,0.008016174166249087,-0.21425833164248667,FALSE
11,-0.01899079732054823,0.04566625218928495,0.010184780284873678,-0.41586065004485295,FALSE
12,-0.008542470742035244,0.03107499506286929,0.0045813341129944275,-0.274898538994216,FALSE
13,-0.0012794535802325166,0.01925630616614189,6.861720116018277e-4,-0.06644335467007494,FALSE
14,0.003459382696884334,0.017801837168675193,-0.0018552697969630896,0.1943272856675489,FALSE
15,0.0025680307659952076,0.01484186361718448,-0.0013772370203834073,0.17302616654028832,FALSE
16,-0.004409145121381897,0.08078708430852292,0.002364628169498096,-0.054577351802220425,FALSE
17,-0.008274335357896605,0.047253490254016706,0.004437532885065078,-0.1751052739896448,FALSE
18,-0.023137669136273627,0.046453344150353064,0.012408751063973072,-0.4980840359175255,FALSE
19,-0.017636333646676713,0.03278697318831794,0.009458380298112828,-0.5379067334266943,FALSE
20,9.968520672333783e-4,0.01996442170030601,-5.346125868190241e-4,0.04993142712559005,FALSE
21,0.00527433065940843,0.01672877547871143,-0.002828627887978377,0.31528492124963925,FALSE
22,-0.013418653568123164,0.05355329888305754,0.0071964349891879805,-0.25056633014195834,FALSE
23,-0.020630878901963703,0.07318370086470104,0.011064357391302538,-0.2819053786321248,FALSE
24,-0.0010509391190759525,0.07587690764362089,5.636195173851857e-4,-0.013850579204044656,FALSE
25,-0.020049973851343043,0.056080496651603716,0.010752817532965824,-0.3575213318081355,FALSE
26,-0.003827819768356379,0.021582385452111573,0.0020528629026345872,-0.17735851196105265,FALSE
27,0.002612119017218968,0.01489188342771487,-0.0014008815859210774,0.17540555094311483,FALSE
28,0.003635759457191137,0.04020246662673682,-0.0019498607991607138,0.09043622847691539,FALSE
29,-0.02250357397341413,0.11620849046180166,0.012068685304520339,-0.19364827719547026,FALSE
30,-0.019183982267282178,0.08303115675996776,0.010288385531331727,-0.231045585968898,FALSE
31,-0.015046491249743402,0.11216637287819466,0.008069445682046117,-0.13414440409946132,FALSE
32,0.0011931110049578102,0.01933981500705504,-6.398664171836536e-4,0.061691955405083806,FALSE
33,0.0026575676862494986,0.017747720190200805,-0.0014252557446518986,0.14974135594704965,FALSE
34,-0.003934203831887458,0.02056564512777957,0.002109916763754137,-0.19129980155950624,FALSE
35,-0.02880321714514216,0.11524954590106733,0.015447189139519013,-0.24992043933836805,FALSE
36,-0.009348021842444664,0.12085901554349644,0.005013351833336846,-0.07734649997277503,FALSE
37,-0.031553622269455954,0.0946330443942118,0.016922233678866347,-0.3334313343868912,FALSE
38,-0.038413289700351794,0.04572683678278404,0.020601078986503023,-0.8400600698190922,FALSE
39,0.0024978257459462895,0.015713355621326756,-0.0013395860101585906,0.15896195606724173,FALSE
40,0.002883226663989729,0.015137048110632876,-0.0015462768407544134,0.19047482989529735,FALSE
41,0.0031508945370255638,0.01613038291501277,-0.0016898273420932767,0.19533910345630934,FALSE
42,-0.013143954953106187,0.054814427122473135,0.007049113895118917,-0.23979006336668165,FALSE
43,-0.033078833051341336,0.16606990000920693,0.017740205480651368,-0.19918620442059304,FALSE
44,-0.020143249108674176,0.08079630381237836,0.0108028411304956,-0.24930904209987065,FALSE
45,-0.009920417620724912,0.08723282025549726,0.00532032816189077,-0.11372345398978137,FALSE
46,-0.03390526354779856,0.04115839788464476,0.018183420838335622,-0.8237751052124365,FALSE
47,8.1945427481222e-4,0.014785596733086279,-4.3947400425534225e-4,0.0554224688800349,FALSE
48,0.0014201098483811595,0.017530588229080227,-7.616060843584342e-4,0.08100754120876799,FALSE
49,0.0038500328232246145,0.014530696884713841,-0.002064775782303101,0.2649585807047433,FALSE
50,0.004902139491739339,0.011123118879151846,-0.002629021457416417,0.440716272566992,FALSE
51,0.004409613613850744,0.0108167803244627,-0.0023648794223960013,0.4076641552827119,FALSE
52,-0.0803098288913474,0.20728428759916856,0.04307022755117061,-0.3874380920113191,FALSE
53,-0.01803454446977987,0.04171780785107902,0.0096719410913701,-0.43229846913716513,FALSE
54,-0.013651589014050699,0.11232278390262766,0.0073213584611879715,-0.12153891258504798,FALSE
55,-0.007306566558196863,0.10966771891146392,0.003918517678640177,-0.06662458771569366,FALSE
56,-0.03350274177962518,0.08214621521423916,0.017967548081677377,-0.4078427921755041,FALSE
57,0.001418884695042731,0.014740894926640739,-7.609490336113509e-4,0.09625499008736756,FALSE
58,0.0011299300068135308,0.01625901006669926,-6.059823957064595e-4,0.06949562133107884,FALSE
59,9.647835133391802e-4,0.016620865154673103,-5.174141948845979e-4,0.05804652792504744,FALSE
60,0.0047366163193327615,0.0099654153868378,-0.002540251243372155,0.475305457471329,FALSE
61,0.005791100576212018,0.018894454259717988,-0.00310577202108869,0.30649737201239774,FALSE
62,0.005757865603288991,0.021904439302788934,-0.0030879480776659194,0.26286295319852737,FALSE
63,0.00494949090207463,0.03102595192211141,-0.0026544160578801912,0.15952744703853078,FALSE
64,-0.0030984595245200737,0.04039567667236762,0.0016617064015877832,-0.07670275088223867,FALSE
65,-0.009775999553652643,0.033432249806890794,0.005242876633265075,-0.29241225493707845,FALSE
66,-0.01276680266061434,0.0325693769700415,0.0068468468092178075,-0.39198793002266236,FALSE
67,0.005014856568357833,0.021238615074193126,-0.002689471718684304,0.23611975408186317,FALSE
68,-0.007389738603421837,0.032349133187320446,0.003963122915174578,-0.22843698965999856,FALSE
69,-0.02244728076182076,0.04244269510763781,0.012038495208658063,-0.5288844335849266,FALSE
70,0.009034731041322894,0.12338226098044885,-0.004845333717991851,0.07322552666427905,FALSE
71,-0.02081319923278214,0.13939980677579816,0.01116213593527352,-0.1493057968599395,FALSE
72,-0.00820076495315978,0.02954004040582533,0.004398077016253132,-0.27761522464074145,FALSE
73,0.002299740292935278,0.014714825981525953,-0.0012333526181375028,0.1562872911866261,FALSE
74,-0.022064727424447563,0.06317525422492531,0.011833331537927113,-0.3492621865183107,FALSE
75,0.0030269486057502284,0.014860997037091933,-0.001623355036800573,0.20368408648458727,FALSE
76,0.005195943135743093,0.008011656938265936,-0.002786588594307281,0.6485478816405381,FALSE
77,0.021299311984412105,0.04433897861443711,-0.011422838605385722,0.48037443915040673,FALSE
78,0.013812744832314268,0.0339299668972356,-0.007407786459598946,0.40709573558233103,FALSE
79,0.011721098089008222,0.016339332891783968,-0.00628603458396318,0.717354751668107,FALSE
80,0.002363069364831046,0.02948492113335583,-0.001267316051689894,0.08014501222992056,FALSE
81,-0.013888186803796719,0.04349052492181253,0.007448246051202038,-0.31933821973326293,FALSE
82,-0.0039035806426343167,0.0556811935778969,0.0020934935220702357,-0.07010590814963914,FALSE
83,-0.012993911866137445,0.03445060123250013,0.00696864566367782,-0.3771751842135981,FALSE
84,0.005706546229045711,0.011181849943834655,-0.0030604254548817,0.5103400830550524,FALSE
85,0.00847249539933432,0.014448245687746917,-0.004543806278920999,0.586403054214365,FALSE
86,0.005992957215941461,0.030915858095557726,-0.0032140279036609724,0.19384735165421735,FALSE
87,-0.0040712690473911385,0.028485910153851265,0.0021834249520118983,-0.14292220348243664,FALSE
88,-0.06550389987373711,0.19546630625636546,0.03512979559286444,-0.3351160674608796,FALSE
89,-0.01739772967972846,0.11141220167027394,0.009330416793608583,-0.15615641212456513,FALSE
90,-0.006908217552770438,0.11347052413934205,0.0037048827780888304,-0.06088116367812959,FALSE
91,0.017795761567955645,0.15958350632210155,-0.009543881623944112,0.11151378972734738,FALSE
92,0.0025706276724492883,0.016336654008940996,-0.0013786297434591553,0.15735337670996719,FALSE
93,0.0022212706605832283,0.014748759357548425,-0.0011912692895099206,0.15060728883927316,FALSE
94,0.001055851502858634,0.01877695072410109,-5.662540328642938e-4,0.05623125492380398,FALSE
95,-0.011103213620552378,0.027429068618346576,0.005954662633305289,-0.40479732560535187,FALSE
96,0.00471742254583299,0.010876981203796163,-0.002529957606794754,0.43370696863818864,FALSE
97,0.021342346360269156,0.0802344578559106,-0.011445917976693977,0.2659997578421593,FALSE
98,0.027122575592471186,0.0665928315292529,-0.014545859687012976,0.407289718271805,FALSE
99,0.012176533098405244,0.050984283362012675,-0.006530284755583365,0.23882915077860492,FALSE
100,0.003546484584579909,0.03236890683071677,-0.0019019826112595861,0.10956454609750492,FALSE
101,-0.0026103922670343014,0.035610940042307575,0.0013999555283711574,-0.07330309910193399,FALSE
102,-0.006677308493211304,0.0321237076113472,0.0035810460587715237,-0.20786232317880543,FALSE
103,-0.01581613490648105,0.038322829217763366,0.008482206210696392,-0.4127079140375671,FALSE
104,-0.023536129801912904,0.03976892181122639,0.012622445847988774,-0.5918221749544358,FALSE
105,0.004736342919223437,0.011332272851384866,-0.002540104618667761,0.41795171907148615,FALSE
106,0.0019720168598362144,0.02337208302300915,-0.0010575942703451783,0.08437488682094874,FALSE
107,-0.046595294195872494,0.1661011170620298,0.02498909475383266,-0.28052366546380103,FALSE
108,-0.031321273485573085,0.15358784204195494,0.01679762483420535,-0.2039306827230321,FALSE
109,-0.06956986810463651,0.15671811738803806,0.03731037771261462,-0.44391720155991754,FALSE
110,-0.013395501595485035,0.09361763387954988,0.0071840185671441514,-0.14308737617444942,FALSE
111,-0.03288109596115574,0.12616407019253578,0.017634158915901213,-0.2606217119579032,FALSE
112,0.08597755577114466,0.19154961938266996,-0.04610983415699486,0.4488526578556245,FALSE
113,0.0015367988942466126,0.017236693983617067,-8.241865160133636e-4,0.08915856461263925,FALSE
114,4.104971396819733e-4,0.01915030286882189,-2.201499549840546e-4,0.021435542951662296,FALSE
115,-0.04316017657066514,0.09275589550884256,0.02314683833484709,-0.46530925429479164,FALSE
116,0.004098680773772941,0.01347137182240786,-0.0021981258835059993,0.3042511800435441,FALSE
117,0.005073985237397139,0.008737451209899197,-0.0027211824727162446,0.5807168607303361,FALSE
118,0.028290059736541407,0.03284659765634426,-0.015171982397540949,0.8612782374760581,FALSE
119,0.010897055255858552,0.14794282682945792,-0.0058440997320824105,0.07365720589089599,FALSE
120,-0.024539916025126566,0.1774349593849666,0.013160777228385982,-0.1383037261100517,FALSE
121,0.025101243533900378,0.06173804396657387,-0.013461817634863857,0.40657659234378496,FALSE
122,-0.018082289422408675,0.070261425359982907,0.009697546748890859,-0.257357281463683,FALSE
123,-0.031260473588939,0.060904495216996424,0.016765017799434297,-0.5132703830408767,FALSE
124,-0.015204005813718282,0.04032589300812159,0.008153920872775262,-0.3770283725807687,FALSE
125,-0.02238038698914228,0.035438414719904235,0.012002620023132312,-0.631529010708602,FALSE
126,-0.04195352139660121,0.0537307915105958,0.022499708168587575,-0.7808096664335925,FALSE
127,0.006074294129430609,0.01534303286596528,-0.0032576489575300697,0.39589917994016205,FALSE
128,-0.005614228756511266,0.045977374013443775,0.0030109155181292898,-0.12210851265384723,FALSE
129,0.003368164362156455,0.04577461310699356,-0.001806349328723966,0.07358149274323104,FALSE
130,-0.01573744930867526,0.04879718391155209,0.008440007059617631,-0.32250732618505934,FALSE
131,-0.03190345914762317,0.12169552394830555,0.01710985148550915,-0.26215803270772137,FALSE
132,-0.03290532532828936,0.10947611487202619,0.017647153145502647,-0.3005708173582389,FALSE
133,-0.04793998940733883,0.18805111600569072,0.025710255906139193,-0.2549306296373593,FALSE
134,-0.04385028525288203,0.15836330096099738,0.023516944190984983,-0.27689676198200575,FALSE
135,0.00642125845051457,0.11442835697833098,-0.003443726209437074,0.056115971775514945,FALSE
136,0.002761811653034074,0.011770716364459902,-0.00148116187011909,0.2346341180535956,FALSE
137,-0.008328403463302646,0.040348099280866107,0.004466529654641681,-0.20641377442164036,FALSE
138,-0.013849981135293867,0.05069481259594883,0.0074277563196352,-0.27320312327973095,FALSE
139,0.004481482814514478,0.013098202778973764,-0.0024034229340587593,0.3421448644625121,FALSE
140,-0.007452173920137992,0.18156486317821885,0.003996607027086115,-0.041044141414207175,FALSE
141,-0.04415099386934198,0.2074885552865141,0.023678214470305964,-0.21278761042205593,FALSE
142,0.0058919622252516434,0.10570628718327885,-0.003159864206756278,0.05573899511800906,FALSE
143,0.005779834599993935,0.05948459382687418,-0.003099730068739926,0.09716523604104528,FALSE
144,-0.055785003083379414,0.07670648394428323,0.029917543218707696,-0.7272527720590034,FALSE
145,-0.057634825294448945,0.10819646601733648,0.0309096043980157,-0.5326867634032892,FALSE
146,-0.038100372351840064,0.037464574896480134,0.020433261154101177,-1.01697063044534,FALSE
147,-0.03296865121927694,0.04143310626331617,0.01768111487313135,-0.7957079300247047,FALSE
148,-0.06442983941487923,0.04620247909239684,0.034553776081861505,-1.3945104392781797,FALSE
149,0.009520781171214989,0.023411666498439218,-0.005106002804014322,0.40666823832680643,FALSE
150,0.00864960081954355,0.020410318213791377,-0.004638788062025993,0.4237856915772612,FALSE
151,0.016731240194931933,0.028270863718216056,-0.008972977932551045,0.5918192086982939,FALSE
152,0.028443553013811466,0.09860865222796476,-0.015254300968889674,0.2884488568818007,FALSE
153,0.01656589272738042,0.04879649947022723,-0.008884301949165644,0.3394893672134813,FALSE
154,-0.008351633766576685,0.18520539936616953,0.004478988085470231,-0.04509390004372752,FALSE
155,-0.027887359611017435,0.10653772656146156,0.014956013987688302,-0.2617604158741761,FALSE
156,-0.057545834787957474,0.17151296035944077,0.03086187871589942,-0.335518870803456,FALSE
157,0.019763961478720764,0.09653953522788845,-0.010599428861350573,0.2047240172854212,FALSE
158,-0.0012948494460499039,0.19625149958767552,6.944288271530011e-4,-0.006597908544751929,FALSE
159,0.0044905155118498494,0.03286372781323582,-0.00240826717709857,0.13664047905244944,FALSE
160,0.0070445096995173625,0.01958011569593357,-0.003777976368933973,0.3597787576393319,FALSE
161,-0.04731333371929531,0.18433458342418035,0.025374179943173494,-0.256670955826127,FALSE
162,-0.030462087723581024,0.06500433506912978,0.016336842800566742,-0.46861624984219413,FALSE
163,0.005629826555939952,0.00816382574805256,-0.003019280630842952,0.6896064087701674,FALSE
164,-0.02316473104075379,0.17481361679388263,0.012423264385692454,-0.13251102211372134,FALSE
165,0.028741853001567563,0.10378547082258413,-0.015414279498647826,0.2769352277709494,FALSE
166,0.08147467635170255,0.1028911116441005,-0.04369493620604493,0.7918533977310186,FALSE
167,-0.049077602813389395,0.06835514482893733,0.026320358915201125,-0.7179796478554601,FALSE
168,-0.03450363275865406,0.07471261850215198,0.018504326740227506,-0.4618180094659678,FALSE
169,-0.07236571829132353,0.08911785524755259,0.03880979447643948,-0.8120226647096165,FALSE
170,-0.036839684494128874,0.06539083159783074,0.01975715321498354,-0.5633769076481815,FALSE
171,-0.04653717000295742,0.0573928459090894,0.0249579227011756,-0.8108531519184912,FALSE
172,-0.033352949272656744,0.02299618290396548,0.017887214236497362,-1.4503689334852758,FALSE
173,0.007611644835004684,0.02268635327533803,-0.004082131410414016,0.33551645531673796,FALSE
174,0.00615590713913079,0.029204954114454604,-0.003301418082025134,0.21078297589531242,FALSE
175,0.016683748226144754,0.032008510555302114,-0.008947507950473456,0.5212285088154825,FALSE
176,0.027680804111545915,0.08871354420590129,-0.014845238102756207,0.3120245545291219,FALSE
177,0.010581492461179507,0.085638218153815407,-0.005674863144716526,0.12356039965911031,FALSE
178,0.009888070168842161,0.06323547686257208,-0.00530298019673478,0.15636902984588275,FALSE
179,-0.01782030528017455,0.15809614192063567,0.009557044437074355,-0.1127181540528696,FALSE
180,-0.026812658232585034,0.10696946359550305,0.0143796507509883,-0.2506571252331888,FALSE
181,-0.036725849078288755,0.1657895567891759,0.019696103187467614,-0.2215208833991317,FALSE
182,-0.013243574801100126,0.162500953236141,0.007102540101860272,-0.08149844377746512,FALSE
183,-0.016636561364656865,0.1349552682597234,0.008922201597692421,-0.12327463447102753,FALSE
184,0.0037566643840738264,0.026312602880363835,-0.002014702211286498,0.1427705347568367,FALSE
185,-0.03122537831095917,0.05451544006273598,0.016746196172873394,-0.5727804503646164,FALSE
186,-0.02902378900765735,0.11709988751265132,0.015565482011525595,-0.24785496915632527,FALSE
187,-0.004321601658119155,0.061791166085073346,0.0023176785378602916,-0.0699388267275815,FALSE
188,0.0034970421664680842,0.02211194536311465,-0.0018754666015985838,0.15815171885787876,FALSE
189,0.014396230334147615,0.04632782651709768,-0.007720710216051861,0.3107469401534424,FALSE
190,-0.022609373481566403,0.1407710972445029,0.012125425668107532,-0.16061090610309423,FALSE
191,0.11965059870510951,0.09267498195262514,-0.06416871488837268,1.2910776585451524,FALSE
192,-0.06349378372633716,0.07791029980208283,0.03405176864313792,-0.814960074439859,FALSE
193,-0.06913323576123354,0.13868744532116678,0.03707621142629355,-0.4984822930521042,FALSE
194,-0.03311004996397469,0.16690367044459,0.01775694713667435,-0.1983782014845912,FALSE
195,-0.04982611289094723,0.07784950166329446,0.026721785487885976,-0.6400312375337904,FALSE
196,-0.046772143300849826,0.040355167148284514,0.025083939074867133,-1.1590125033799568,FALSE
197,-0.06732483833205007,0.0550558097239309,0.03610636639171801,-1.2228471194891215,FALSE
198,-0.012589336006445231,0.019104024060716054,0.006751671296041837,-0.6589887013560095,FALSE
199,0.009489011182739406,0.03849568775002271,-0.005088964532960443,0.24649543201715646,FALSE
200,0.011726375692990551,0.021661380095904445,-0.006288864967336944,0.5413494265403559,FALSE
201,0.008533588404948764,0.017969511688053323,-0.0045765705082802585,0.4748926155084199,FALSE
202,-0.04249365179311693,0.16273792617391267,0.02278938054625768,-0.26111707818929286,FALSE
203,-0.03408476330078598,0.14817000803425856,0.018279686704086702,-0.23003820916919435,FALSE
204,-0.039636575562005186,0.088646240143541985,0.021257128204249742,-0.447132055435436,FALSE
205,-0.04301818786401202,0.11954777292540793,0.023070689674220254,-0.35984098081737836,FALSE
206,0.020993302345742173,0.09429907699398693,-0.01125872538347615,0.22262468536230562,FALSE
207,-0.013003901464588678,0.103874570652859,0.006974003093576239,-0.1251884978475313,FALSE
208,0.03363252999269869,0.13801277722531127,-0.01803715360752277,0.24369142240933434,FALSE
209,-0.013141984049789073,0.05993941586198685,0.0070480568980424525,-0.21925445653406217,FALSE
210,-0.038341758694847225,0.10921963169837873,0.020562716849183392,-0.3510518951458465,FALSE
211,0.005543005798404512,0.029613359145895423,-0.002972718586883482,0.18717923120764243,FALSE
212,-0.06686637456094464,0.1555438245089325,0.03586049189269258,-0.42988768452909343,FALSE
213,-0.047516958785193776,0.1522476602950711,0.025483384234160522,-0.3121030477125309,FALSE
214,-0.08711732139904226,0.2293273137825197,0.046721091404410574,-0.37988201214295436,FALSE
215,0.008425077048838396,0.025949200307037564,-0.004518375778393801,0.3246757876601488,FALSE
216,0.003114167293084157,0.0339295042495355,-0.001670130490839567,0.09178345991090602,FALSE
217,0.030549101022743167,0.21106331162031897,-0.016383508104759605,0.14473903961905912,FALSE
218,-0.036309330847152266,0.10696446539339996,0.01947272411616452,-0.33945227243095877,FALSE
219,-0.06234013743780197,0.12541384751072562,0.033433067185960154,-0.49707539219280017,FALSE
220,-0.06067057172383898,0.11635211383925632,0.0325376777148992,-0.5214393595603863,FALSE
221,-0.04947313785261559,0.0979807739102486,0.026532484683355624,-0.5049269961669571,FALSE
222,-0.03777539182579878,0.11953930232973982,0.020258973829628924,-0.3160081336395817,FALSE
223,-0.1003105619857525,0.10781597902200421,0.05379663722552951,-0.93038678399683294,FALSE
224,-0.032964336793548425,0.019360833127471347,0.017678801043050463,-1.7026300767385307,FALSE
225,-0.01462488929272376,0.015442137832870993,0.007843340204353944,-0.9470767228610283,FALSE
226,0.002875342852506772,0.04901164449801769,-0.001542048746145958,0.05866652469951437,FALSE
227,0.010910126218011641,0.02622763387783969,-0.005851109699878606,0.4159782872075948,FALSE
228,0.004150985460675847,0.04431579803250442,-0.002226176930283209,0.09366829990585328,FALSE
229,-0.014094216236097933,0.10512516300753982,0.007558739805876291,-0.13407081456879227,FALSE
230,-0.027598867600400163,0.07216499550207683,0.014801295484168748,-0.382441201698764,FALSE
231,0.014744644033291277,0.11407786153826247,-0.007907564770609122,0.1292507050401346,FALSE
232,0.007011355673571421,0.13116834859209342,-0.0037601958374418563,0.05345310624726469,FALSE
233,-0.032889993929270146,0.12646471478659638,0.01763893090354857,-0.26007249519971287,FALSE
234,-0.013286718565262826,0.062128145332454573,0.007125678138207174,-0.21385989383980683,FALSE
235,-0.021157053970827736,0.09529368059579603,0.011346545515229277,-0.2220194858520461,FALSE
236,-0.010692337660300918,0.06275576745592752,0.005734309516537003,-0.170380159366388,FALSE
237,-0.013299661234526,0.0585752098349315,0.007132619302420568,-0.22705272882513358,FALSE
238,-0.013574097947512274,0.09244563129262999,0.007279799938214298,-0.14683330902402997,FALSE
239,-0.024445810289330617,0.0990988238254979,0.01311030824456975,-0.24668113450445178,FALSE
240,-0.017931512207318135,0.09255538306164052,0.009616684803931828,-0.19373818803576248,FALSE
241,-0.013327967198404948,0.14749711066570861,0.007147799814222816,-0.09036086970280936,FALSE
242,0.006170329164372519,0.04905006758642413,-0.0033091526260714222,0.12579654765002438,FALSE
243,0.009980070034790848,0.03458899453549099,-0.0053523198008129805,0.2885331062326927,FALSE
244,-0.02298979359091663,0.043716494226881925,0.012329445286888226,-0.525883742452062,FALSE
245,0.17436791576803537,0.08263190989458907,-0.09351365721265745,2.1101765164386377,TRUE
246,-0.07378327304264497,0.07550251250573378,0.039570030260134885,-0.9772293741488636,FALSE
247,-0.08354617412550748,0.09747475935808643,0.044805882172699006,-0.8571057233246357,FALSE
248,-0.03451452482821571,0.14705830614112989,0.018510168166127664,-0.23469959456144274,FALSE
249,-0.039676589315738725,0.05984930704034004,0.021278587613418845,-0.6629414988714178,FALSE
250,-0.03419989164611063,0.09158304103337177,0.018341430130752838,-0.3734303999978402,FALSE
251,-0.10683172711930902,0.06430449630445546,0.05729394347158105,-1.6613414809052314,FALSE
252,-0.017760043942788867,0.01439407288158922,0.00952472623207294,-1.2338442419243896,FALSE
253,-0.01488827650430957,0.014439374888991632,0.007984594983422355,-1.031088715319676,FALSE
254,0.0023226296128950343,0.07811591514280462,-0.0012456281793330327,0.02973311659536994,FALSE
255,0.009303600684997465,0.04967180813920549,-0.0049895287299166445,0.18730142979543,FALSE
256,0.015203802867716908,0.061797808824569936,-0.00815381203266714,0.24602495067223307,FALSE
257,-2.2817255313474012e-4,0.12342019114049495,1.2236912866220333e-4,-0.0018487457443247732,FALSE
258,-0.012095311599424143,0.12159558333705718,0.006486725598610238,-0.09947163595487275,FALSE
259,-0.02624337663691797,0.1620203437763528,0.014074344561141398,-0.16197581134097214,FALSE
260,-0.024613318919988997,0.09663214557074953,0.013200143261513966,-0.2547115017948999,FALSE
261,-0.03732179064351998,0.08758432222878974,0.020015707141006547,-0.4261241018230084,FALSE
262,-0.03442280634440221,0.08107799759395541,0.01846097946752092,-0.4245640909484983,FALSE
263,-0.020036705795599755,0.1151625364844662,0.010745701863714452,-0.17398631887812252,FALSE
264,-0.003761087540071542,0.056118643366101305,0.0020170743535005437,-0.06702028620926076,FALSE
265,-0.011610376448883193,0.07928642162047472,0.006226654476934493,-0.14643587403224362,FALSE
266,-0.08209835246170705,0.1071917674820693,0.04402941421884787,-0.7659016582168048,FALSE
267,-0.006528500552278115,0.06560855945512196,0.00350124023716923,-0.09950684188918653,FALSE
268,0.012074256089431705,0.06065634441513923,-0.00647543351121447,0.1990600687505014,FALSE
269,0.014624087440147177,0.07539671714088697,-0.007842910170154984,0.19396185927857412,FALSE
270,0.029230676917136367,0.06715287865249225,-0.0156764361682192,0.4352855380690598,FALSE
271,0.0051748398994849055,0.03308249770324732,-0.0027752709112757812,0.15642228546053683,FALSE
272,0.004496612821874992,0.15480700705650718,-0.0024115371694999766,0.029046571646680387,FALSE
273,0.065063998029514,0.08754164997372803,-0.03489387587055371,0.7432347693816628,FALSE
274,-0.060523631429485004,0.12081867518048546,0.032458873513699575,-0.5009459948064447,FALSE
275,-0.07346730050383886,0.08606614258444217,0.0394005739266553,-0.8536144213940784,FALSE
276,-0.05002863862254003,0.10726989533402971,0.026830400204977085,-0.4663809773166546,FALSE
277,0.06572671656426723,0.11457519677902638,-0.03524929236798913,0.5736557161759016,FALSE
278,-0.083995187766246,0.07261502682293296,0.045046688559005114,-1.1567190902657494,FALSE
279,-0.10110036085639706,0.05391887095950749,0.05422020701204146,-1.8750459543621079,FALSE
280,-0.02615019300539725,0.02257343644767664,0.014024370102609408,-1.158449802980208,FALSE
281,0.012474022179584036,0.018962983614692085,-0.0066898283954744935,0.6578090469855941,FALSE
282,-9.202138328304355e-4,0.04260900206105822,4.935114384238452e-4,-0.021596699953492914,FALSE
283,0.015237434208275146,0.06245571603349091,-0.00817184854837998,0.243971811965206,FALSE
284,0.0037270882237961022,0.05355047048383344,-0.001998840492106709,0.06959954207911745,FALSE
285,0.0010433925044890985,0.07923502673952351,-5.595722617505543e-4,0.013168324002958151,FALSE
286,-0.03516972453654781,0.11286671458244794,0.018861552310744673,-0.3116040425794152,FALSE
287,-0.044145293060274565,0.14654467002487562,0.0236751571216956,-0.3012412055162498,FALSE
288,-0.033737281232341154,0.0959445850427438,0.018093331783842533,-0.3516329891604724,FALSE
289,0.03859713686398266,0.12161540724716331,-0.020699676372172113,0.317370452787617,FALSE
290,0.029028430803141353,0.12939776149939092,-0.01556797141027668,0.22433487617386635,FALSE
291,-0.019316893691380784,0.07391934502739102,0.010359666037828908,-0.2613239292667279,FALSE
292,-0.0024380996995510174,0.040221842545966245,0.0013075548821573542,-0.06061631057216519,FALSE
293,-0.008117682357567706,0.04686450244811384,0.004353519751630719,-0.1732160149690103,FALSE
294,-0.06898883425354868,0.09165594668698815,0.036998768778480996,-0.7526934884994496,FALSE
295,0.005741412481504869,0.0926793500476516,-0.0030791242548667453,0.06194920959796212,FALSE
296,-0.00610650229935669,0.04856586715299169,0.0032749222256576844,-0.12573650296658043,FALSE
297,-0.08634198202153001,0.090900379371004,0.046305276256005584,-0.9498528237063876,FALSE
298,-0.04387799441309586,0.0782953895490132,0.02353180463648881,-0.560416068760065,FALSE
299,0.01612062247324128,0.13720690858997941,-0.008645503144183922,0.11749133217056253,FALSE
300,0.03525362300660092,0.054816288526356685,-0.018906547129514256,0.643123129170818,FALSE
301,0.16249502438829425,0.17660356625818693,-0.0871462157615292,0.9201117951985941,FALSE
302,-0.07736433747217572,0.09177747037189776,0.0414905580707963,-0.8429556530451581,FALSE
303,-0.09969990761757865,0.1176535681622064,0.05346914278362319,-0.8474023285050273,FALSE
304,-0.04132214656832716,0.11215791749899535,0.022161101326819362,-0.36842826159550707,FALSE
305,-0.022606850615445588,0.08674673580256656,0.012124072652923654,-0.26060750766343793,FALSE
306,0.02184950847537875,0.11182458384946146,-0.011717909437822051,0.19539092141664138,FALSE
307,-0.13139378613590488,0.07064968878644029,0.07046659600457683,-1.8597928510779673,FALSE
308,-0.04614471381941227,0.026211362627069322,0.024747448125865247,-1.7604851176930851,FALSE
309,-0.024498385008705013,0.010963857456868197,0.013138504109984402,-2.2344676684352778,TRUE
310,0.005459529372945574,0.010739647895291879,-0.00292795011097826,0.5083527342957826,FALSE
311,-0.06438749584031356,0.12488300335785524,0.03453106718785626,-0.5155825381281842,FALSE
312,-0.022785937305616386,0.08615062548650741,0.012220116992745092,-0.2644895167845883,FALSE
313,0.009604611201005078,0.06904965817620833,-0.005150960918214333,0.13909715782364918,FALSE
314,-0.0359460273837192,0.08053902075107598,0.01927788416872346,-0.44631815793761026,FALSE
315,-0.04479520944432847,0.1289519498293272,0.024023707815139447,-0.3473790780489681,FALSE
316,5.14657730573111e-4,0.10861061251345969,-2.760113658907467e-4,0.0047385584029307586,FALSE
317,-0.04017997300039078,0.07742358219749522,0.021548552699172458,-0.51896298078663,FALSE
318,-0.02769408076871998,0.0696820781621722,0.014852358384962006,-0.39743477087849055,FALSE
319,-0.03121271964090883,0.12039001529183027,0.01673940731767236,-0.2592633580554661,FALSE
320,-0.009008262900060541,0.13763647990327701,0.004831138831976487,-0.06544967516163613,FALSE
321,-0.007221481157498098,0.03371308389668497,0.0038728863079852058,-0.21420411077279677,FALSE
322,-0.013437570008941024,0.06308365772865485,0.007206579892019062,-0.2130119034432146,FALSE
323,-0.07372114398326995,0.1031863406028941,0.0395367103942883,-0.7144467334778444,FALSE
324,-0.015877731380997826,0.1190928899655788,0.008515240450843717,-0.13332224438912296,FALSE
325,0.03061077269363189,0.06368227669365753,-0.0164165826727833,0.4806796220694884,FALSE
326,-0.06388682393702097,0.10438082145712174,0.034262556432685005,-0.6120551940977474,FALSE
327,-0.03155726594572792,0.16326672656796232,0.01692418778545981,-0.19328657228018667,FALSE
328,-0.002299779212461692,0.02467071691282881,0.001233373490711657,-0.09321898591709765,FALSE
329,-0.054097118738471256,0.09812228011237602,0.029012329450744043,-0.551323498358535,FALSE
330,0.04093160738775484,0.1455597865068056,-0.021951654841786322,0.28120134255515067,FALSE
331,-0.07314491626087283,0.07860451354013957,0.03922767899094022,-0.9305434633027938,FALSE
332,-0.06689790789801943,0.09872033750397367,0.03587740324740479,-0.6776507211123206,FALSE
333,-0.04309957836856898,0.12410568842627799,0.023114339469023273,-0.34728124806439675,FALSE
334,-0.010663287839902457,0.10182055761331411,0.005718730073869094,-0.10472627620444419,FALSE
335,-0.1432524257644321,0.09156272085683678,0.07682639422976052,-1.564527838664984,FALSE
336,-0.10865659769959884,0.05263240700739052,0.05827262307069781,-2.0644428761227194,TRUE
337,-0.06475300870483615,0.041282164311795586,0.034727092038926065,-1.5685468478776976,FALSE
338,0.004501655530056019,0.01794179887228903,-0.002414241578061534,0.25090324343167125,FALSE
339,0.0026585529422011945,0.006934272865766896,-0.0014257841382323794,0.3833931824814586,FALSE
340,-0.0030407913960810826,0.039124344873754185,0.0016307789366858492,-0.07772120928524325,FALSE
341,-0.028754085563267178,0.1386053135418356,0.015420839831588505,-0.20745298162460601,FALSE
342,0.02076602962143155,0.08408064623272257,-0.011136838833755365,0.2469775216041312,FALSE
343,0.045210995180365074,0.18180209727002117,-0.024246694048715607,0.2486824731907,FALSE
344,0.008150892223554225,0.09418448887440634,-0.004371330230182708,0.0865417684054465,FALSE
345,0.02195439229975465,0.12088629629328593,-0.01177415871944384,0.18161191940640178,FALSE
346,-0.020796898552528677,0.07029107482860715,0.011153393866993119,-0.2958682678169082,FALSE
347,0.006975039519142705,0.05019213505697919,-0.003740719453833265,0.1389667825691115,FALSE
348,-0.013209769381396806,0.14166535714628514,0.007084410227358177,-0.09324629286577281,FALSE
349,-0.008269908486880232,0.12701897984203028,0.004435158750483458,-0.06510765947864855,FALSE
350,-0.0013534305785830585,0.03954042964526901,7.258459369045585e-4,-0.034229030658623504,FALSE
351,-0.008931915228763954,0.042608928343653193,0.0047901935128151826,-0.20962543710852108,FALSE
352,0.005760899734575574,0.12317601796651657,-0.003089575284780382,0.04676965394466301,FALSE
353,-0.027147448477131946,0.11986235453154946,0.014559199035595605,-0.22648852997449131,FALSE
354,0.038934438871269995,0.19137212393558475,-0.02088057171721122,0.2034488517479965,FALSE
355,-0.07101275055162741,0.1043240772969106,0.03808419676041218,-0.6806937803008045,FALSE
356,0.10389358196239423,0.10923583630901923,-0.055718213797721364,0.9510943063454725,FALSE
357,0.031078765796029195,0.05183270125782854,-0.01666756776004952,0.5995976486240956,FALSE
358,0.0056356356172565835,0.10940363449819406,-0.003022396035223959,0.05151232537297115,FALSE
359,0.17311375942916443,0.21300640558401257,-0.09284105213248732,0.8127162136487301,FALSE
360,-0.06746593891518428,0.076016777269847,0.03618203875096828,-0.8875138007454768,FALSE
361,-0.037307453555256984,0.11604510799252096,0.020008018148732088,-0.32149096330421295,FALSE
362,-0.04600875890256231,0.07809866352064113,0.02467453539169232,-0.5891107072581646,FALSE
363,-0.007327000834647255,0.13953325104427336,0.003929476597974354,-0.05251078706911535,FALSE
364,0.04113954941498065,0.17123486601955318,-0.022063174322697984,0.2402521774407962,FALSE
365,-0.1380157935538707,0.10985987571847403,0.07401798405102872,-1.2562893654417449,FALSE
366,-0.037513344086928496,0.04906983094705542,0.020118437410883934,-0.7644889611990724,FALSE
367,-0.05266749778355256,0.026258670245116703,0.02824562255209562,-2.005718389085109,TRUE
368,0.002820835372578075,0.016065417853092862,-0.0015128163396500355,0.17558431398253466,FALSE
369,0.0062152580703817364,0.0043148701373432255,-0.0033332480354647132,1.440427607911423,FALSE
370,-0.010951195055537074,0.10003960614050814,0.005873134951356548,-0.10946859427011184,FALSE
371,-0.002202328913879389,0.042743771784017975,0.0011811108151112922,-0.051523972311279434,FALSE
372,0.0025298240063495454,0.07432241960071671,-0.0013567467036357788,0.03403850439666189,FALSE
373,0.003924845625112199,0.041884503170498105,-0.0021048979497329213,0.09370639086096919,FALSE
374,-0.01311749870086806,0.10709678968562479,0.007034925385197063,-0.1224826508747234,FALSE
375,-0.025429635223570207,0.09013677474314183,0.013637934369206904,-0.2821227550690131,FALSE
376,-0.0012761472878388541,0.03878618495755442,6.843988442608985e-4,-0.032902109068870866,FALSE
377,0.01597222873163249,0.09594187364161769,-0.008565919458021333,0.16647818231375514,FALSE
378,-0.019223658883800794,0.08261572726355583,0.010309664133534072,-0.232687643388705,FALSE
379,-0.0289462075802301,0.07605288637992969,0.015523875027932628,-0.3806062985647444,FALSE
380,-0.013374349537656748,0.05299000202168877,0.007172674701064292,-0.2523938295413281,FALSE
381,-0.0025553917881111555,0.06630636307026155,0.0013704587261074124,-0.0385391638115234,FALSE
382,-0.015117693885892795,0.09140542752478678,0.008107631714609412,-0.16539164353006575,FALSE
383,-0.03853329231998515,0.10757254984783275,0.020665436490505902,-0.3582074829916424,FALSE
384,-0.06981339073285858,0.10541764029230476,0.03744097909922165,-0.6622552974936473,FALSE
385,-0.020848313502484995,0.12496844828247089,0.011180967747111163,-0.16682861785529068,FALSE
386,-0.0010985817248725614,0.08223516713884516,5.891702862153226e-4,-0.013359025865633926,FALSE
387,-0.005915648118050299,0.025089667347255085,0.003172566970623088,-0.23578025312868467,FALSE
388,-0.04206959918241008,0.08944472070696984,0.022561960780969403,-0.4703418921753296,FALSE
389,-0.06508795034739713,0.09085470629165442,0.03490672151841333,-0.7163960239820386,FALSE
390,-0.0351758493096251,0.09257646791205826,0.01886483703160362,-0.3799653421973272,FALSE
391,-0.005237353269443665,0.12246400611957507,0.0028087968832057795,-0.0427664702094578,FALSE
392,-0.023512363123983596,0.1767446182942852,0.012609699758989686,-0.1330301502297218,FALSE
393,-0.018325019664480302,0.11227089579842299,0.00982772317815109,-0.16322146121807024,FALSE
394,-0.17581895914794043,0.1304716651105544,0.09429185297551586,-1.347564308303732,FALSE
395,-0.07297901747203875,0.09781746694298811,0.03913870733349572,-0.7460734749405625,FALSE
396,-0.043422166915687,0.0461441623373132,0.02328734397322377,-0.9410110557056285,FALSE
397,0.03666557482292583,0.07518186038116859,-0.019663778054544338,0.48769177348143616,FALSE
398,0.004017245719438675,0.0068468027582345,-0.002154452196620624,0.5867330871489209,FALSE
399,0.006789843446940138,0.004292629359793015,-0.0036413986473832964,1.5817446319818154,FALSE
400,-0.002020875955037478,0.033620846385778135,0.0010837974434475615,-0.06010782512281795,FALSE
401,0.00502939905562142,0.10533392120786458,-0.0026972708666123876,0.04774719290755795,FALSE
402,4.930053176865985e-4,0.019977696139202528,-2.6439915897998755e-4,0.024677786379940322,FALSE
403,0.007158259553353555,0.07967951155158849,-0.0038389805094765396,0.0898381455152237,FALSE
404,0.0014384072181135193,0.09459065782474634,-7.714189788551568e-4,0.01520665202242848,FALSE
405,0.007734577059257178,0.06397996288106567,-0.0041480600637932895,0.1208906149826192,FALSE
406,0.00444262320922325,0.11505659135035709,-0.00238258249565232,0.03861250500369062,FALSE
407,0.006994591122306275,0.03522256130047005,-0.0037512049947548425,0.19858269427478947,FALSE
408,-0.012661551318295692,0.09950532181967187,0.006790400427419842,-0.1272449662666439,FALSE
409,-0.024191924257893536,0.12388102096041731,0.012974148956260808,-0.1952835395635251,FALSE
410,0.010289921379117101,0.07638998744216294,-0.005518493332638369,0.1347024881619191,FALSE
411,-0.0062995128953873296,0.07062996634855694,0.0033784339676895783,-0.08919037090148688,FALSE
412,-0.0021765718149803544,0.06059921372974778,0.0011672972617025267,-0.03591749267056726,FALSE
413,-0.016458810774407567,0.11552301730551738,0.00882687380936218,-0.14247213376430304,FALSE
414,-0.054816159014471816,0.09272674945029398,0.029397951344518707,-0.5911579920512141,FALSE
415,0.038277386352084046,0.1007461483749544,-0.020528193908603318,0.3799389551809392,FALSE
416,-0.002327153177776585,0.04578701540366289,0.0012480541709143926,-0.05082561414541155,FALSE
417,0.0011733139814072919,0.03637750635045395,-6.292492571058967e-4,0.032253832082491,FALSE
418,-0.0034608631492559173,0.051173414070297234,0.0018560637647924698,-0.06763010074922318,FALSE
419,-0.0651806893766708,0.10118302334056319,0.03495645753639309,-0.6441860227608021,FALSE
420,-6.417090244545023e-4,0.05444078500525336,3.441490797133663e-4,-0.011787284558673786,FALSE
421,-0.06320210307832747,0.07526566785049386,0.033895340070751755,-0.8397202188369708,FALSE
422,-0.06651736570567705,0.07925903603082307,0.0356733181554146,-0.8392401552778045,FALSE
423,0.01578652331771739,0.07422093135686145,-0.00846632549119034,0.21269637862416807,FALSE
424,-0.054708476315275485,0.07331248403157177,0.02934020102401952,-0.7462368386224025,FALSE
425,-0.14476855109758696,0.11298316724217912,0.07763949349788896,-1.2813284901747881,FALSE
426,-0.011383552802765224,0.05972781566512458,0.0061050087682192585,-0.19059047574398652,FALSE
427,-0.04593123133451314,0.05490345285537473,0.02463295729292829,-0.8365818349440429,FALSE
428,0.01881660654374071,0.039828744311735734,-0.010091361627431818,0.47243785534549987,FALSE
429,0.008788961385364549,0.006272925424362891,-0.004713527248554344,1.4010945118572327,FALSE
430,0.01235350777140901,0.0045195816613195165,-0.006625196418854104,2.733329917929248,TRUE
431,0.018915524438382188,0.09039616778666759,-0.010144411376010604,0.2092513975041762,FALSE
432,0.014382928044893281,0.07959075745043723,-0.007713576187340247,0.18071103361278879,FALSE
433,0.011762693655114885,0.0695767670511278,-0.006308342320414189,0.1690606527674847,FALSE
434,0.020817734063167462,0.06513871182110648,-0.011164567968553855,0.31959081598574113,FALSE
435,0.03287607154862381,0.05998462537774094,-0.01763146431931138,0.5480749665700746,FALSE
436,0.015776938665702435,0.057848496705940666,-0.008461185234400086,0.2727285852543554,FALSE
437,0.019197318379528063,0.06071203786924365,-0.01029553769934164,0.3162028331329215,FALSE
438,0.009460166552725972,0.11316976580468399,-0.005073495134065462,0.08359270239237718,FALSE
439,0.01736860601962704,0.07866964493449814,-0.009314797750647003,0.22077900610951628,FALSE
440,-0.011132035115501922,0.09623077013721247,0.0059701196248464015,-0.11568061961500567,FALSE
441,0.017768338950697578,0.09820420516551143,-0.009529174851664077,0.18093256720270962,FALSE
442,0.019909278134874146,0.04122876540640959,-0.01067736230404249,0.48289775205781377,FALSE
443,0.0160407697659776,0.0583068653107931,-0.008602678071339144,0.27510945204266224,FALSE
444,0.025351096215140038,0.06177157598849938,-0.013595813834131337,0.4104006706880831,FALSE
445,0.1481009383361566,0.13364311519219793,-0.07942665552568995,1.1081823266628157,FALSE
446,0.026095544525128907,0.07621157704219622,-0.013995062077514902,0.3424091921189419,FALSE
447,-0.02347295695493321,0.09372690172267506,0.012588566197987879,-0.25043991131155113,FALSE
448,-0.005954150633943422,0.04957760111124579,0.003193215901690454,-0.12009759448794367,FALSE
449,-0.013766494517988734,0.08530065875198413,0.0073829823778344475,-0.16138790390840352,FALSE
450,-0.03299531914786225,0.08188971002406299,0.017695416905252996,-0.402923873318964,FALSE
451,0.0021088413364893374,0.064678095893838,-0.0011309733501585928,0.03260518584144421,FALSE
452,-0.10785815098178604,0.09723744252527519,0.05784441543660848,-1.1092244734197958,FALSE
453,0.08013564789839847,0.07933992962502635,-0.0429768141408202,1.010029228373819,FALSE
454,0.008812870554486405,0.07176602684121534,-0.004726349755697659,0.12280003425555613,FALSE
455,-0.15513427916553954,0.09137457360339682,0.08319864202034802,-1.6977838915986194,FALSE
456,-0.01638431326541851,0.024754980955032427,0.008786920733774198,-0.661859255524402,FALSE
457,-0.009558219364267458,0.05164246865766734,0.0051260809378633684,-0.18508447819619003,FALSE
458,0.03320078330378336,0.07234930782467153,-0.017805607501737812,0.4588956591573873,FALSE
459,0.00449650977381833,0.022758938001311704,-0.002411481904742095,0.19757115967182542,FALSE
460,0.009831175258143858,0.011011199823541153,-0.00527246740914567,0.8928341521080666,FALSE
461,0.013162087955973784,0.007094579619496532,-0.007058838639530339,1.855231551676889,FALSE
462,0.008633118517398257,0.03693850386650259,-0.004629948589775027,0.23371597692745583,FALSE
463,0.014122679996993487,0.06986266522948328,-0.007574004944348846,0.2021491729610319,FALSE
464,0.018317298527117998,0.050820779728129706,-0.00982358232580787,0.3604293091351219,FALSE
465,0.01464725982753932,0.06010939276279176,-0.007855337540648249,0.24367672262705176,FALSE
466,0.008602700857693086,0.07381743103853936,-0.0046136355737574205,0.11654023631900304,FALSE
467,0.004812859463802946,0.06237207286017094,-0.0025811405047101456,0.07716369270895762,FALSE
468,0.01679789223334525,0.04101766850467557,-0.009008723475790775,0.40952820688553937,FALSE
469,-0.0038563814733933704,0.063469808765856,0.0020681805686310734,-0.060759305067702295,FALSE
470,-0.010861862242475186,0.08371045902393097,0.005825225689943886,-0.129755138953067,FALSE
471,-0.02927830312104516,0.08020964437982277,0.015701978140703357,-0.3650222282796992,FALSE
472,0.024022463446440025,0.07259074040590181,-0.012883266983144126,0.3309301339553073,FALSE
473,0.01556833221821786,0.045427444713587554,-0.008349309424354997,0.34270763668028414,FALSE
474,0.013395619185279208,0.04019264625614797,-0.007184081630647867,0.33328532537790245,FALSE
475,2.818261303756134e-4,0.09168091734332627,-1.5114358644152624e-4,0.0030739889885725317,FALSE
476,0.06681299457131484,0.08625156462018443,-0.035831864160174996,0.7746293631371342,FALSE
477,-0.0013782420653304843,0.06846154638139214,7.391523577355661e-4,-0.020131623344474887,FALSE
478,-0.011154688677980777,0.09151394968733872,0.005982268749110244,-0.12189058297769075,FALSE
479,0.008019794428614694,0.02850425422958479,-0.004301022374501164,0.2813542976434334,FALSE
480,0.005226181813606714,0.026503936386235077,-0.0028028056222154677,0.1971851176159988,FALSE
481,-0.004199527302459311,0.04865909944961366,0.0022522099601156504,-0.08630507654190986,FALSE
482,-0.009484085156718563,0.05150994507201818,0.005086322701137744,-0.18412143797587965,FALSE
483,-0.011420002067879444,0.05297006123672221,0.0061245565391984036,-0.21559352210003438,FALSE
484,-0.04651624707343209,0.04902538251203018,0.024946701716793824,-0.9488196662620147,FALSE
485,0.10805551079519941,0.12969563111657614,-0.057950259667514145,0.8331468829360518,FALSE
486,-0.05196218261321321,0.04607559319554285,0.027867361443820727,-1.1277593842945859,FALSE
487,-0.04085288493759197,0.09409299439432776,0.02190943592675803,-0.4341756280641305,FALSE
488,-4.842648291657092e-4,0.020630556791733853,2.597116277686783e-4,-0.02347318271893379,FALSE
489,-0.05610288129806343,0.066495883900002,0.03008802156773423,-0.8437045724880085,FALSE
490,0.002933153854264355,0.0656467063411114,-0.001573052834126632,0.04468089897798057,FALSE
491,-0.0014707162230658127,0.02766625314075426,7.887463248905946e-4,-0.05315921225702039,FALSE
492,0.007810276416723287,0.011314375730227566,-0.004188657691711957,0.6902967165795367,FALSE
493,0.008530635064675992,0.008881090177104227,-0.0045749866294532175,0.9605391786999617,FALSE
494,0.003241106202269107,0.14440018025569323,-0.0017382079326566822,0.0224453057920703,FALSE
495,0.01767509509096875,0.03239326128675983,-0.009479168092694347,0.5456411114182298,FALSE
496,0.018279895225087703,0.037930742364507594,-0.009803522904042827,0.4819282219530851,FALSE
497,0.0326032473688239,0.04541439479171373,-0.01748514848639706,0.7179055785803988,FALSE
498,0.03374964218668619,0.06629871675458417,-0.018099960973864973,0.5090542296861666,FALSE
499,0.019875165359931262,0.06636844673764208,-0.010659067594671615,0.2994670861968312,FALSE
500,0.036890774462784263,0.044509671935053986,-0.01978455280736154,0.8288260249730263,FALSE
501,-0.013298511197617756,0.061943929490521715,0.0071320025366770215,-0.214686270422231,FALSE
502,-0.03552122036529059,0.07441924969666651,0.019050059813951043,-0.47731226141187105,FALSE
503,0.004477461376071993,0.0711866358543533,-0.002401266233301307,0.06289749926141765,FALSE
504,0.01586233309560497,0.0331365212565822,-0.008506982337672223,0.4786963897863628,FALSE
505,0.010363594423039591,0.019161013038040173,-0.0055580042469303426,0.5408688153629898,FALSE
506,0.010969132963079404,0.022700193746946474,-0.0058827550659839275,0.4832175921209889,FALSE
507,-0.015971368496154863,0.10683305034855708,0.008565458113024333,-0.14949838504139068,FALSE
508,-0.005255336503306787,0.0775287607483167,0.0028184413063764287,-0.06778563790497438,FALSE
509,-0.0098522704339216,0.07373356430157829,0.00528378076933485,-0.1336198856958107,FALSE
510,0.002890321127567053,0.04428104199295571,-0.001550081607429265,0.06527220222204458,FALSE
511,0.006300851901899835,0.0374989013584288,-0.0033791520779879345,0.1680276401080098,FALSE
512,0.007631756420342449,0.01958551111311807,-0.004092917270238026,0.38966337800757306,FALSE
513,0.006097810273052699,0.020884172784258078,-0.003270260684773316,0.29198237038380864,FALSE
514,0.0038248820041361146,0.020726948849236135,-0.0020512873772573674,0.18453666441489172,FALSE
515,-3.3801508567172644e-4,0.036663049092563384,1.8127776956549104e-4,-0.009219502851995154,FALSE
516,0.005471148685935004,0.029278496174947294,-0.002934181558129269,0.18686576842073252,FALSE
517,0.005017508197501115,0.04664155395270135,-0.0026908937895834587,0.10757592259017164,FALSE
518,-0.150042489385138,0.1140657253913737,0.08046791095651622,-1.3154038066239753,FALSE
519,0.006945075256341771,0.035533783467859945,-0.0037246495949497978,0.19544992338413786,FALSE
520,-0.015718085972634268,0.036151267361737086,0.008429622486509357,-0.4347865820402875,FALSE
521,0.01979475906426755,0.06533843418151718,-0.010615945631910767,0.3029573529306746,FALSE
522,-0.05294793593726016,0.10126106664236413,0.028396021765503956,-0.5228854256914234,FALSE
523,-0.01958552013267468,0.06472047733552953,0.010503730620116117,-0.30261705319535454,FALSE
524,0.006939578298730254,0.03548300623371331,-0.003721701572043567,0.19557469998516597,FALSE
525,0.008652259244461944,0.021509407059157507,-0.004640213777504953,0.40225466097998713,FALSE
526,0.010161655763730149,0.045250253303875686,-0.005449704377189578,0.22456572111298662,FALSE
527,0.016022418490014463,0.071447419680311125,-0.00859283626688634,0.22425468353799466,FALSE
528,0.012792124797089494,0.07219673477529778,-0.006860427091919471,0.17718425683520436,FALSE
529,0.027944986110088686,0.070045327957198,-0.01498691912672594,0.3989557465869071,FALSE
530,0.02788710415298767,0.07327276481505467,-0.014955876985335992,0.38059303785487797,FALSE
531,3.499780348081333e-4,0.08685940864426536,-1.8769350906588532e-4,0.004029247266021303,FALSE
532,-0.008357274344686803,0.07257715915189587,0.0044820131321684584,-0.11515019935123064,FALSE
533,0.017306165413998018,0.07230613835424737,-0.009281310802287128,0.23934572925483066,FALSE
534,0.02223448054362784,0.0748662230016656,-0.011924370275919038,0.296989478728387,FALSE
535,0.023392644277293553,0.0642310786399944,-0.012545494442650637,0.3641951026294581,FALSE
536,0.032492612157689366,0.07184505480848828,-0.017425814731307346,0.4522595500038572,FALSE
537,0.010997927740650268,0.04870696209162427,-0.005898197728972792,0.22579785862977256,FALSE
538,0.009783445004372648,0.051777292020519665,-0.005246869634634378,0.18895242726281258,FALSE
539,0.01264715622455399,0.06617230139514793,-0.006782680326759257,0.19112462401800853,FALSE
540,-1.739593647502522e-4,0.08150752335572549,9.329455096445476e-5,-0.002134273715949344,FALSE
541,-0.0022772929642496977,0.1566815637342803,0.001221314097227293,-0.014534530483189513,FALSE
542,0.018514894757520148,0.041759459668905305,-0.009929553347339843,0.44337007481221324,FALSE
543,0.01434516077223535,0.0419001171514362,-0.00769332156782705,0.34236564829613236,FALSE
544,-0.009418744555505893,0.06986607033014296,0.0050512804827516555,-0.13481142578935454,FALSE
545,0.009242623430225071,0.02885118226231506,-0.004956826577829559,0.3203551017837364,FALSE
546,0.007803621552111555,0.06433802667296111,-0.004185088682325356,0.12129096827570449,FALSE
547,-0.04634578838132441,0.08159320764078519,0.0248552845794583,-0.5680103739193849,FALSE
548,-0.07812074406983938,0.07469106392977691,0.04189621955373454,-1.0459182124288253,FALSE
549,-0.01392646405319816,0.046195656847747596,0.0074687741716638984,-0.301466956062498,FALSE
550,-0.032524337278118605,0.04603558841565653,0.01744282893959092,-0.7065042154877117,FALSE
551,0.015157838134656852,0.023681735354903713,-0.00812916110837114,0.6400645015027651,FALSE
552,0.007608418324583978,0.03163102506986261,-0.0040804010302110645,0.24053657153947638,FALSE
553,0.041414078108695934,0.030042163601147722,-0.022210404287832636,1.378531808112308,FALSE
554,0.022068069332336276,0.013505417884655022,-0.011835123805887448,1.6340160312558871,FALSE
555,0.021594452560379195,0.01368525267275667,-0.01158112273999251,1.5779359780011535,FALSE
556,0.025566319180696895,0.03982997709010296,-0.013711238088282255,0.6418863642040524,FALSE
557,0.019728703973961016,0.04174782026572596,-0.010580520232433641,0.47256848018381087,FALSE
558,0.02001873740718621,0.05732212212777723,-0.01073606540217067,0.34923231492655266,FALSE
559,0.00205337283878464,0.06946634164032436,-0.0011012255490358304,0.02955924826754778,FALSE
560,-0.009167922023895268,0.08216089976131798,0.004916764151929361,-0.11158497594997858,FALSE
561,0.017188236767217036,0.04982013908389813,-0.009218065571637585,0.34500579651678,FALSE
562,0.02204163625585373,0.04391547391789813,-0.01182094772514245,0.501910472310091,FALSE
563,0.030874064667697723,0.03238271050431302,-0.016557786375891104,0.9534119963054248,FALSE
564,0.02576000725002747,0.040645904522781495,-0.013815113159804335,0.6337663671770257,FALSE
565,0.02867955919943276,0.06325731677603096,-0.015380871281123126,0.45337931896440836,FALSE
566,0.016994445851896665,0.07561905140054183,-0.009114135343726251,0.22473762282311432,FALSE
567,0.03202625724486567,0.0592007304073382,-0.017175708206462203,0.5409774005236914,FALSE
568,0.024369881243867283,0.03923315611833256,-0.013069587434788503,0.6211552588418937,FALSE
569,0.021677259287258877,0.043223361406176136,-0.011625532055996667,0.5015172023192402,FALSE
570,0.04196431680595273,0.06585155328221894,-0.022505497755537222,0.6372562941090689,FALSE
571,0.023033780198066393,0.04660838948128623,-0.012353035340625077,0.49419815733634614,FALSE
572,0.01423876869794132,0.05282303729026276,-0.007636263410528714,0.2695560389626829,FALSE
573,0.0173281194339134,0.05404859641453143,-0.009293084761296526,0.32060257959362265,FALSE
574,0.00699564419797385,0.05167752086563659,-0.003751769760104952,0.13537112618391225,FALSE
575,0.01451821439870203,0.013859401996927161,-0.007786130370602102,1.0475354132826897,FALSE
576,0.012695869078748447,0.022760197500809758,-0.00680880507068893,0.557810145465423,FALSE
577,0.0060746376290159625,0.0243032821135196,-0.0032578331766413434,0.24995132758783722,FALSE
578,0.0028334891187579143,0.058921633958162314,-0.001519602554175256,0.0480891130882394,FALSE
579,-0.08453611445536653,0.1929567270908232,0.04533678798905673,-0.43810918504839713,FALSE
580,0.013646870072469505,0.0424282595265117,-0.0073188276889212586,0.32164576687248103,FALSE
581,-0.019328426947445077,0.028692579681318373,0.010365851332579903,-0.6736385212525781,FALSE
582,0.020539968614109724,0.023404763721526153,-0.01101560212885626,0.8775977770379463,FALSE
583,0.014476263535674654,0.03692742496573112,-0.007763632088119124,0.3920193067647884,FALSE
584,0.02783588452541173,0.014185821273487817,-0.014928407856771833,1.9622328512932,TRUE
585,0.06062737447909437,0.024505945331490767,-0.03251451099687206,2.473986359595222,TRUE
586,0.03379094725494942,0.017405086185684555,-0.018122112916082664,1.941440961248558,FALSE
587,0.025733457363570442,0.019872706453927882,-0.013800874433773565,1.2949145816263075,FALSE
588,0.027039622690683236,0.051526305036530606,-0.01450137197728481,0.5247731750125096,FALSE
589,0.019500306287329027,0.054784956147029294,-0.010458030364490957,0.3559427196582036,FALSE
590,-0.01296332631168979,0.07770968174355652,0.006952242605571178,-0.1668173903281321,FALSE
591,-0.008280868649451472,0.03952672517232779,0.004441036694720891,-0.20950049905092602,FALSE
592,0.014891805585066982,0.06013238889956477,-0.007986487632346733,0.24765032385358576,FALSE
593,0.032232341155951395,0.0626189442543179,-0.017286231178153578,0.5147378567266216,FALSE
594,0.033224178839635736,0.05190705442289472,-0.01781815454693457,0.6400705878810472,FALSE
595,0.03650888803832587,0.055575221384326634,-0.01957974680257751,0.6569274422831562,FALSE
596,0.027160126441398133,0.04896933738411807,-0.014565998238300532,0.5546353676046842,FALSE
597,0.010032472664696371,0.12545425726090537,-0.0053804233745033715,0.07996916871327839,FALSE
598,0.0072887560252769676,0.0949605283652729,-0.0039089658751279895,0.07675563890335796,FALSE
599,0.010894970015528298,0.048291265181865446,-0.005842981415971385,0.2256095377600425,FALSE
600,0.02366829873436225,0.05396146997883745,-0.012693328155601336,0.4386147883599994,FALSE
601,0.020021519239285742,0.06828541479729158,-0.010737557301022778,0.29320345052776714,FALSE
602,0.03540650390103291,0.048957301648615975,-0.01898853727944124,0.72321191545968,FALSE
603,0.0018766241525181172,0.07178839621401492,-0.001006435082638886,0.026141051360494837,FALSE
604,-0.012081331358716798,0.11090523012225306,0.006479227983974548,-0.10893382886811834,FALSE
605,-0.002557843325688738,0.052100149971172995,0.0013717734877346545,-0.04909474017069034,FALSE
606,0.0059689327722195805,0.05007368952271709,-0.0032011435746544742,0.11920297523735765,FALSE
607,0.011818119827788891,0.02756745488855101,-0.006338067422588041,0.428698255808049,FALSE
608,-0.0019089874810703114,0.03810794905533715,0.001023791562465809,-0.050094206809666954,FALSE
609,2.697270088989142e-4,0.03207105159164256,-1.4465481760258733e-4,0.008410295126375051,FALSE
610,0.008160167891544825,0.04593828747564481,-0.004376304778585554,0.1776332627956825,FALSE
611,-0.050964770338026634,0.08580375307336968,0.027332448417013804,-0.5939690108245885,FALSE
612,-0.10966599086244791,0.09022991340562173,0.05881396145745148,-1.2154061410815367,FALSE
613,-0.007626841932547934,0.07088356072843185,0.004090281626375635,-0.10759676650228941,FALSE
614,-0.06622802136752903,0.06026111050303184,0.03551814254793649,-1.0990176054620997,FALSE
615,0.01784631697867927,0.008781180849565624,-0.00957099453246189,2.0323367989354266,TRUE
616,0.01661290180438327,0.02300020976436897,-0.008909512955980546,0.7222934909976052,FALSE
617,0.060340967983241726,0.03699336202388225,-0.03236091095664292,1.6311296049352497,FALSE
618,0.047034835098535704,0.025322422630380405,-0.025224820902886764,1.8574381995388538,FALSE
619,0.028613209915597487,0.029369701152625324,-0.015345288105413605,0.9742424605175046,FALSE
620,0.0548561965798514,0.04443176755149527,-0.029419423523893245,1.234616572844519,FALSE
621,0.017289811116667036,0.06134518774054476,-0.009272539979123777,0.28184461982239095,FALSE
622,0.03305942177506252,0.053266083648943675,-0.01772979519715396,0.6206467513726838,FALSE
623,0.03259098917831487,0.06625301277909278,-0.01747857440870473,0.4919170889176453,FALSE
624,0.025829013578559143,0.049786713183373264,-0.013852121310778622,0.5187933070300568,FALSE
625,0.05885567546308057,0.06395611275657744,-0.03156434735158355,0.9202509803416355,FALSE
626,0.05741117992809411,0.04849480662039729,-0.030789663203361937,1.1838624366005106,FALSE
627,0.04547329807193568,0.0727516040314691,-0.024387367306064476,0.625048735039106,FALSE
628,0.02413656351019176,0.09942185604276818,-0.012944458941553588,0.24276919050685358,FALSE
629,0.010150073198191079,0.07342819601814646,-0.005443492637726541,0.13823127556725853,FALSE
630,0.031144418923464697,0.07816187565546638,-0.016702777586506987,0.3984604855281075,FALSE
631,0.026408717219426857,0.06735451879009255,-0.014163016852072753,0.39208530762024274,FALSE
632,0.017758177077438143,0.07281410869729055,-0.009523725030643762,0.24388373895042864,FALSE
633,0.03811989350222859,0.07861132925160837,-0.02044373036317435,0.4849160275641652,FALSE
634,0.06000123805594625,0.055159296546899605,-0.03217871351609856,1.0877810598061153,FALSE
635,0.06596073162081367,0.08144157842908137,-0.03537479483605554,0.8099147007354691,FALSE
636,0.019813138412803567,0.08786413424135903,-0.010625802491707585,0.22549745221841852,FALSE
637,0.033689667793565976,0.09645252481315343,-0.018067796657310075,0.34928756773168107,FALSE
638,0.05158840736940316,0.11122121446398818,-0.0276669054719163,0.4638360371987013,FALSE
639,0.031317073540031264,0.02870516456136452,-0.01679537239994312,1.0909909076843343,FALSE
640,0.03486922602312027,0.05355446814397572,-0.01870039470985347,0.6510983533507964,FALSE
641,0.022063410927795242,0.03274834501886987,-0.011832625499685362,0.6737259826437678,FALSE
642,0.022211676715589206,0.026333827687032383,-0.0119121405641114,0.8434655599469478,FALSE
643,0.027617587102571253,0.02305969936813166,-0.014811334768640943,1.1976559911591285,FALSE
644,-0.13760084901787734,0.16084138189370945,0.07379544895373039,-0.8555065083238939,FALSE
645,-0.03099465655374038,0.0699055669324019,0.01662245990395588,-0.4433789455382281,FALSE
646,-1.5897147748774604e-5,0.04625564966886088,8.525653464915687e-6,-3.4368013123976294e-4,FALSE
647,0.02931786334515059,0.030537772945161055,-0.0157231943215584,0.9600524372814893,FALSE
648,0.02974206700720807,0.019848072084449428,-0.015950695095810753,1.4984864464750909,FALSE
649,-0.007656496297259823,0.05783858306905423,0.0041061852866580446,-0.1323769686425173,FALSE
650,0.07381248287018713,0.035333827079048995,-0.03958569551476609,2.0890033424642485,TRUE
651,0.054448714465516634,0.0696036487320411,-0.02920089052949259,0.782268106017435,FALSE
652,0.05798045525620627,0.029769334178193146,-0.03109496603191397,1.94765710610614,FALSE
653,0.07352864736115611,0.0383749533879152,-0.0394334742968924,1.9160582846287257,FALSE
654,0.040551773606134295,0.05320286005466509,-0.021747949671051224,0.7622104068177536,FALSE
655,0.0542775643711638,0.048273885665879694,-0.029109102592562056,1.124367007595735,FALSE
656,0.06607810975327115,0.025798362224003377,-0.03543774482541879,2.56132963711125,TRUE
657,-0.0016473687082722982,0.08769859235154434,8.834851985796016e-4,-0.01878443728798674,FALSE
658,0.050747354922780825,0.039876102255390525,-0.02721584835028426,1.2726257596031896,FALSE
659,0.0855951923447545,0.034024383846568494,-0.04590477233568093,2.5157014666523385,TRUE
660,0.05528011829098819,0.03490228530726455,-0.029646773087634005,1.5838538308974914,FALSE
661,-0.0029125949228830674,0.0733104854975575,0.0015620270622500796,-0.039729581697833756,FALSE
662,-0.013495649292309491,0.07640509972151678,0.00723772785964919,-0.17663283395347656,FALSE
663,0.01529410710661469,0.07472654248706652,-0.008202242270557759,0.204667666903788,FALSE
664,0.05484846960973562,0.05135463475663175,-0.02941527954343952,1.0680334865521108,FALSE
665,0.025568378240686508,0.05658048610311577,-0.013712342363854976,0.45189393025166164,FALSE
666,0.036703266501268685,0.04360986176594707,-0.019683992132763936,0.8416276735352685,FALSE
667,0.05608680766563724,0.043510009372890374,-0.030079401265391083,1.2890552880593735,FALSE
668,0.034173650915394975,0.05649234077148351,-0.018327357205201452,0.6049253836662637,FALSE
669,0.0429899261774424,0.06884573960236645,-0.023055532908375562,0.6244384391211435,FALSE
670,0.04397651266630753,0.08395148754277988,-0.02358464005703878,0.5238324412524321,FALSE
671,-0.008155456349770785,0.07557094346993845,0.0043737779748415275,-0.10791788451092932,FALSE
672,0.01957151079809455,0.16481673383082887,-0.010496217402412428,0.11874710985465306,FALSE
673,-0.004389354390604547,0.06890403582551827,0.002354014384239785,-0.06370242813816387,FALSE
674,0.006555332015432451,0.06792247595464553,-0.0035156299730152818,0.09651197079166697,FALSE
675,0.03625249690075101,0.021438454152610694,-0.019442244023778258,1.6910033084795117,FALSE
676,0.03565751089777282,0.037301666253673475,-0.019123152539064697,0.9559227369437219,FALSE
677,-0.09364404286552727,0.08193943749799618,0.050221377516399865,-1.1428445901623052,FALSE
678,-0.02302680927823327,0.06226676519147193,0.012349296830562257,-0.3698089856992768,FALSE
679,-0.0465181685556758,0.04362844673305277,0.02494773220930781,-1.066234808685815,FALSE
680,-0.05417054575470707,0.07480389154305987,0.02905170842018449,-0.7241674816279379,FALSE
681,0.060101497091846215,0.04056293539541751,-0.03223248251984173,1.4816851025686868,FALSE
682,-0.033887108922777444,0.08512219678769593,0.01817368449794541,-0.39809955806586617,FALSE
683,0.0035197491242003162,0.05537293130146659,-0.0018876443617809045,0.0635644355730016,FALSE
684,0.009892633573538439,0.1291232858229162,-0.0053054275544416754,0.07661386178714126,FALSE
685,0.05397476014374809,0.023837844825772326,-0.028946708435355028,2.264246643865774,TRUE
686,0.0413056319234824,0.04972677337744644,-0.02215224450915196,0.8306517619785191,FALSE
687,0.053706627912931154,0.05698084213411825,-0.028802908898554712,0.9425383322085616,FALSE
688,0.07307008896108332,0.08367940413584117,-0.03918754904827362,0.8732147380311743,FALSE
689,0.07243012244533271,0.0655324414124241,-0.03884433447741706,1.1052559752733537,FALSE
690,0.02110704015084353,0.04890806499120719,-0.011319723062272274,0.4315656355375786,FALSE
691,0.05152162336669925,0.10445576550335184,-0.027631089156118557,0.4932386749398337,FALSE
692,0.0711866123145825,0.06365833833712095,-0.03817743896745329,1.1182606108502773,FALSE
693,0.06873017434917776,0.08124107599169503,-0.03686004925817556,0.8460027579669648,FALSE
694,0.05954587998034673,0.055036855905286404,-0.0319345046041375,1.0819273557853661,FALSE
695,0.01253823862697559,0.10579396983562864,-0.0067242677292380345,0.1185156266132764,FALSE
696,-0.00547981182092808,0.08667196386402913,0.0029388276045797367,-0.06322473354272672,FALSE
697,0.001974721286438611,0.07299329921772361,-0.0010590446565652543,0.027053459805240945,FALSE
698,0.021486060164679396,0.06218213344682333,-0.011522991808672473,0.3455343034033041,FALSE
699,0.0029281389938743503,0.14622839298228682,-0.0015703633603583954,0.020024421619876834,FALSE
700,0.04382615972066009,0.0534072227840221,-0.023504005648132428,0.8206036082028143,FALSE
701,0.0984909121210299,0.058796591881348184,-0.05282075750048252,1.6751126038016804,FALSE
702,0.017868600942318423,0.10522550033304306,-0.0095829454405628,0.16981245882189736,FALSE
703,0.004912821178018404,0.12250153574750407,-0.0026347500545884014,0.04010415990330555,FALSE
704,0.008766513083009013,0.08071011290465388,-0.004701488205464133,0.1086172818685714,FALSE
705,-0.046237828981665216,0.09234280887059067,0.024797385864272388,-0.5007193255997116,FALSE
706,-0.032358437010768265,0.14246591694476804,0.017353856489216928,-0.22713107601246943,FALSE
707,-0.05929473718512493,0.1331724365837639,0.03179981651567607,-0.44524782084188447,FALSE
708,0.048639215462397876,0.04294012080704381,-0.02608525141686111,1.1327219054870288,FALSE
709,0.04209902078125798,0.03958233867366663,-0.022577739608726746,1.0635809351322045,FALSE
710,0.03305998083494013,0.03180885048625642,-0.017730095021427972,1.0393327746698764,FALSE
711,0.01392873118876384,0.057198880019557904,-0.007469990038339885,0.24351405454094932,FALSE
712,-0.06560739727191654,0.09813812730596133,0.03518530133297221,-0.668520982343335,FALSE
713,-0.035485529862370066,0.0392204043912993,0.019030918967762933,-0.9047721565625217,FALSE
714,-0.009415568478450239,0.09113237987868042,0.005049577150004027,-0.10331748705547548,FALSE
715,0.05549619529532154,0.043855469532139174,-0.029762655363485994,1.265433841830186,FALSE
716,-0.031667601795813884,0.060385562130748666,0.016983360992971975,-0.5244233998724103,FALSE
717,0.013054949135307812,0.06232501899112314,-0.0070013800015360965,0.20946562627068288,FALSE
718,0.026551192584825148,0.0926045141862798,-0.014239426508186485,0.2867159643148255,FALSE
719,0.01636830114096589,0.13009446696174276,-0.008778333418208066,0.12581858032270782,FALSE
720,0.039232885205386384,0.03094741822143106,-0.021040628732643243,1.267727243826034,FALSE
721,0.0418349924715148,0.045603195173327456,-0.022436141008187145,0.917369765704123,FALSE
722,0.05292861500948813,0.047603153759189436,-0.028385659935985345,1.1118720259006085,FALSE
723,0.023540354892722177,0.1023619095385195,-0.012624711767678704,0.2299718225153252,FALSE
724,0.08221046846173603,0.08084568574943254,-0.04408954212224446,1.0168813301495567,FALSE
725,0.015295495505478048,0.082729901301407,-0.008202986870014662,0.1848847304888289,FALSE
726,0.04259940452712675,0.09559838815392788,-0.022846095824833653,0.44560797885561904,FALSE
727,0.061590814271516345,0.0640085974964796,-0.03303120455311917,0.9622272113508467,FALSE
728,0.0674655807059625,0.06212013282036251,-0.036181846643066846,1.0860501683255865,FALSE
729,-0.022958396595340845,0.1470213238284766,0.012312607052234512,-0.1561569165444695,FALSE
730,-0.023334798890672304,0.15747673822752414,0.012514471914039186,-0.1481793384427224,FALSE
731,0.0015710812880889023,0.1389691944679214,-8.425721921400545e-4,0.011305248577601557,FALSE
732,0.008637989481984814,0.09352635058510578,-0.004632560892105051,0.09235888525474474,FALSE
733,0.014905702953951258,0.0653900774497385,-0.007993940802755279,0.22795053217987687,FALSE
734,0.06759858405193916,0.04576914874375511,-0.03625317644734313,1.4769465001501156,FALSE
735,0.029855165021525645,0.07516748956829931,-0.01601134965428122,0.3971818826595026,FALSE
736,0.07404511636173318,0.08486880143945041,-0.03971045704838195,0.8724656776796903,FALSE
737,0.02848633974622753,0.09272937479813433,-0.015277247528816033,0.30719866070746615,FALSE
738,-0.0246340584934479,0.10523657597460274,0.013211265911885912,-0.2340826681722613,FALSE
739,0.024581593081304767,0.07278009975705199,-0.013183128668029648,0.33775157169831915,FALSE
740,0.06308193063776732,0.057175185257936766,-0.033830891491645615,1.1033095975672524,FALSE
741,-0.02793874219657782,0.07864168852535132,0.014983570510754081,-0.3552663062107491,FALSE
742,0.042065421962307524,0.05491242546792126,-0.022559720534379015,0.7660456008609801,FALSE
743,0.007192752455332347,0.08479261807544766,-0.0038574790812906656,0.0848275783740078,FALSE
744,0.02110705816134299,0.043923856978120186,-0.011319732721318006,0.4805374485181722,FALSE
745,0.0344908618382676,0.03128793214715976,-0.018497477685078513,1.1023694910882307,FALSE
746,-0.0234659845543685,0.08504795860744539,0.012584826893807488,-0.2759147302133388,FALSE
747,0.002610845952680593,0.039790542641818194,-0.0014001988403578994,0.06561473604877917,FALSE
748,-0.06307098743298402,0.05864223739256159,0.033825022641883855,-1.0755215052723106,FALSE
749,-0.006593997230593323,0.05417322629855219,0.003536366159834292,-0.1217205930149586,FALSE
750,-0.0013147843444760632,0.11426258642673176,7.051199296404161e-4,-0.011506691609148356,FALSE
751,0.00306387308299099,0.13616551104033456,-0.0016431576644355941,0.022501094877714064,FALSE
752,-0.008605897064184301,0.1347338126369079,0.004615349701937963,-0.06387332842258538,FALSE
753,0.06357136140883676,0.03935709251774544,-0.0340933736183231,1.615245368548846,FALSE
754,1.9360144150299235e-4,0.07980388789796324,-1.0382861294661424e-4,0.0024259650325624484,FALSE
755,0.06156229408582281,0.04356725388001794,-0.033015909153980866,1.41304049723589,FALSE
756,0.024942204547427044,0.03134033357778278,-0.013376524895089984,0.795850002219141,FALSE
757,0.02344494920720537,0.036592007591374126,-0.012573545619753728,0.6407122962209942,FALSE
758,0.02148484139727726,0.06328897518450598,-0.011522338182708296,0.3394721013358587,FALSE
759,0.01687171803254606,0.04184153861777559,-0.00904831631286465,0.4032289105491553,FALSE
760,0.0067739726267595935,0.05327121896626858,-0.0036328871134149628,0.12716008302811474,FALSE
761,-0.07405488118080061,0.1257145021696713,0.03971569392891122,-0.5890719042171604,FALSE
762,7.038734637183066e-4,0.10670970114221667,-3.774879198235268e-4,0.006596152516444815,FALSE
763,0.003129161689418019,0.07480373209221224,-0.001678171997975208,0.04183162526651252,FALSE
764,-0.0737773557608322,0.13312772878130824,0.03956685681701244,-0.5541847399952856,FALSE
765,-0.0066164160637412605,0.11454768104576632,0.0035483893985641334,-0.05776123971551848,FALSE
766,-3.3966658072614515e-4,0.08542126277468695,1.8216346772691633e-4,-0.003976370398808939,FALSE
767,0.015127164210148399,0.09544946992871195,-0.008112710657327918,0.15848348054155123,FALSE
768,8.975791784994737e-4,0.13256698787885116,-4.8137245461533093e-4,0.006770759393882762,FALSE
769,-0.007731603366448594,0.12310906950912019,0.0041464652698844865,-0.06280287388473697,FALSE
770,0.02267880309979451,0.07511569510109181,-0.01216266082969555,0.3019183017513589,FALSE
771,0.04640547942675513,0.057950552505646576,-0.024887296936413342,0.800777169850684,FALSE
772,0.052418722765401236,0.08917465067273538,-0.02811220430443231,0.587820892708335,FALSE
773,0.061143308716957286,0.08556454375629498,-0.03279120695467642,0.7145869776516979,FALSE
774,0.07188730904519729,0.052986498493904896,-0.03855322320269018,1.356709937220452,FALSE
775,0.05415095383702206,0.1258916410425657,-0.029041201258551773,0.4301393912143291,FALSE
776,0.05551447722621152,0.12509309444627975,-0.029772459978118795,0.4437853062308869,FALSE
777,-0.012930520396826488,0.11095059955337119,0.006934648766340138,-0.11654304211854616,FALSE
778,0.0475281868339863,0.09424621434563393,-0.025489405845999638,0.5042981000773544,FALSE
779,0.01618279428543843,0.07243865293773871,-0.008678845938404324,0.22339998922050083,FALSE
780,0.03583190235986572,0.03920227064073127,-0.019216678824190824,0.9140261973151186,FALSE
781,-0.011288304657176533,0.04733661903343284,0.00605392710908782,-0.23846875606396487,FALSE
782,0.030494779994509013,0.0502179901575343,-0.01635437569246143,0.6072481176336728,FALSE
783,-0.003898502340581097,0.07256133997549886,0.0020907700244856293,-0.05372698935683202,FALSE
784,0.0020414837436116945,0.046455335732248915,-0.001094849417477026,0.04394508642404479,FALSE
785,-0.010840624113383372,0.03995769743515655,0.0058138356637743235,-0.2713025226484975,FALSE
786,0.012742185319106425,0.06978345514125382,-0.006833644508639067,0.18259607944768613,FALSE
787,-0.0040292286898048766,0.0599387358349434,0.00216087867352309,-0.06722245028491068,FALSE
788,-0.039210428933414046,0.12209570889107685,0.021028585415440962,-0.3211450204887559,FALSE
789,0.042510619250251444,0.09878644819302862,-0.02279848020752999,0.430328451197939,FALSE
790,0.03126791767479466,0.1414359682735637,-0.016769010068825724,0.22107472417706817,FALSE
791,0.008063417139117124,0.07713379194145571,-0.00432441727016556,0.1045380621924724,FALSE
792,-0.0051719281056942365,0.10735864375381955,0.002773709313861399,-0.048174305531968234,FALSE
793,0.024571993851889025,0.047066526898424374,-0.013177980593367314,0.5220694083699559,FALSE
794,0.018671983477764928,0.02333158681067566,-0.01001380015772489,0.8002877656491554,FALSE
795,0.01984107745128323,0.02208010673769657,-0.010640786221115204,0.8985951783199162,FALSE
796,0.011032966779490236,0.026154920675344487,-0.005916989194436546,0.421831399010539,FALSE
797,-0.005683918628484463,0.07126086612174289,0.003048290254015708,-0.07976213225887531,FALSE
798,-0.0025282128881408813,0.07999256638715242,0.0013558826596100733,-0.03160559789899348,FALSE
799,0.003479404976473994,0.11865488783523492,-0.0018660077620406457,0.029323739122365713,FALSE
800,-0.018824236350439047,0.10621232289246517,0.010095453499064535,-0.17723213124241408,FALSE
801,-0.00856520865859493,0.05814769775347939,0.004593528476421476,-0.14730090768008802,FALSE
802,-0.06337189732506199,0.18622957049771202,0.03398640086548498,-0.34028912355699475,FALSE
803,-0.046269258326255135,0.10297487672358827,0.024814241447729098,-0.4493256976694814,FALSE
804,0.015950908854209998,0.10229633190475555,-0.008554485590154523,0.15592845371094358,FALSE
805,0.020277787441862056,0.08945872916628461,-0.010874994149680794,0.22667198193895638,FALSE
806,0.03385731174357721,0.09417560844404349,-0.01815770424613497,0.35951253517724047,FALSE
807,0.039859020567150266,0.13157567607075243,-0.021376425644195503,0.30293608786563864,FALSE
808,0.0404572478151407,0.06550555737562959,-0.021697255411285626,0.6176155037220131,FALSE
809,0.057910102602086136,0.1096565936874242,-0.031057235845414848,0.5281041536559007,FALSE
810,0.03220348795710294,0.11806160946696988,-0.017270757183785297,0.2727684986042183,FALSE
811,0.023128981539217244,0.10462584750781836,-0.012404091898497853,0.22106374371293755,FALSE
812,0.08349256845498414,0.058932429635145285,-0.04477713340733185,1.4167508275476228,FALSE
813,0.053854305685152704,0.15168239978409034,-0.028882108609743704,0.3550465034955319,FALSE
814,0.04744142111169391,0.09729210414264079,-0.025442873317486462,0.4876184098366259,FALSE
815,0.06576869607412149,0.21715044951131046,-0.035271806013789014,0.30287156311272506,FALSE
816,8.553608987747787e-4,0.05667346521189981,-4.587307563367595e-4,0.01509279334829128,FALSE
817,0.017887462577251406,0.048494850283278705,-0.009593060950952565,0.3688528260787126,FALSE
818,0.024059980262043663,0.05646774917680901,-0.012903387282332288,0.4260835718227098,FALSE
819,0.02236226998936937,0.05263728685573729,-0.011992903861193784,0.42483705610924655,FALSE
820,0.022685512418374344,0.0606681593311916,-0.012166259042790211,0.3739278176305398,FALSE
821,-0.03217584806386942,0.10610910101262057,0.01725593388622021,-0.30323363176964846,FALSE
822,0.004191271550823671,0.026057005336301186,-0.0022477823936961775,0.16085008606052756,FALSE
823,-0.04498589426277363,0.039676550201924794,0.02412597224073171,-1.1338156677893652,FALSE
824,3.7762149332736027e-4,0.10165800026253917,-2.0251871869664232e-4,0.0037146264175187916,FALSE
825,-0.016762662997935183,0.04872249852318106,0.00898983000774942,-0.34404358368362187,FALSE
826,0.009611124120727395,0.13180230496895798,-0.005154453802439529,0.07292075903369825,FALSE
827,0.01993882069619426,0.0810351085037693,-0.010693206004073568,0.24605163199438204,FALSE
828,0.0012551518308132209,0.09945961948527873,-6.731389633208174e-4,0.012619712776992868,FALSE
829,0.01634723483365294,0.1410116195339062,-0.00876703554020039,0.11592828227692437,FALSE
830,-0.023072235115695824,0.07700150444645998,0.01237365874470432,-0.2996335627667926,FALSE
831,0.057475230339591774,0.061906387662932806,-0.030824013491938477,0.9284216461236965,FALSE
832,0.05089509839290002,0.028026202076626483,-0.02729508329531001,1.815982709813754,FALSE
833,0.014726784477327516,0.022095934414274716,-0.00789798667599803,0.6664929484861938,FALSE
834,0.023642073657979826,0.07743356728631536,-0.012679263625481791,0.30532073474752636,FALSE
835,0.019166910700778698,0.07057394144143785,-0.010279230036118874,0.2715862301198435,FALSE
836,0.014757999301743978,0.06141369273528649,-0.007914727212108568,0.24030470477253144,FALSE
837,0.004081470135670616,0.059466675834057,-0.002188895804079845,0.0686345769025335,FALSE
838,0.0030128005969180826,0.12287378535366335,-0.0016157674479810164,0.02451947409487258,FALSE
839,-0.07082374649891619,0.12078578181204896,0.03798283373087094,-0.586358306717945,FALSE
840,0.023445892834766863,0.07355120958456494,-0.012574051687994166,0.31876964318051254,FALSE
841,-0.030221476312649105,0.08624537182495955,0.016207802702196385,-0.3504127314099301,FALSE
842,-0.0032072414039719215,0.0889802030293662,0.001720046213365665,-0.03604443791742567,FALSE
843,-0.060735161570256324,0.11147825253477407,0.032572317302868616,-0.5448162326666436,FALSE
844,-0.04424454461600672,0.09181521250745302,0.02372838581299284,-0.48188686174870216,FALSE
845,0.003222873413848854,0.15820270794758298,-0.001728429673170971,0.0203717967641659,FALSE
846,-0.04441332798873809,0.13140732755612658,0.023818904475163435,-0.33798212637547403,FALSE
847,0.037824650282246054,0.11720547074734994,-0.02028539118049732,0.3227208597095395,FALSE
848,0.006717470377718948,0.07372935229013176,-0.0036025849105970993,0.09110985203403234,FALSE
849,0.059285718659397885,0.12136082964796117,-0.03179497987288151,0.4885078557172987,FALSE
850,0.08735604202806499,0.09601944506388538,-0.046849117474881706,0.9097744938011639,FALSE
851,0.029793180687016696,0.0965255715823994,-0.01597810740449981,0.30865583283890363,FALSE
852,-0.021618362582074672,0.09132027161719075,0.011593945704371762,-0.2367312558234341,FALSE
853,0.005840335808419133,0.10265358095260126,-0.0031321769167779105,0.056893639308265534,FALSE
854,0.007376974692428516,0.1027764728706316,-0.003956277619168918,0.07177688128794006,FALSE
855,-0.015846474447595963,0.15343762642754777,0.008498477331649535,-0.10327632678206583,FALSE
856,0.03154406956922952,0.03089053735173311,-0.01691711055784666,1.0211563887689943,FALSE
857,-0.00632993094897867,0.04574897318845479,0.0033947471949486627,-0.13836225182374348,FALSE
858,-0.026671010565675345,0.062474288975904346,0.014303684990257486,-0.4269117904801136,FALSE
859,-0.00926989467426458,0.11684537688397384,0.004971452168527482,-0.07933471500091513,FALSE
860,-0.04902035222867085,0.22767111734618156,0.02628965537934126,-0.2153121256664883,FALSE
861,0.0026925412346341057,0.04219507389972636,-0.001444012087530363,0.06381174354695388,FALSE
862,0.0018149145081978292,0.03828386178939369,-9.733401494324854e-4,0.0474067772520441,FALSE
863,-0.025047835325539964,0.04297822629859662,0.013433174768617741,-0.582802909350353,FALSE
864,-0.024725810318034214,0.10726436736249932,0.013260472491176649,-0.23051280612576103,FALSE
865,-0.013683426892168877,0.06583138479247132,0.007338433141513235,-0.2078556745434551,FALSE
866,-0.013970930561709788,0.0801632977836702,0.007492621596897402,-0.17428088599114192,FALSE
867,0.02078527891340961,0.13912175867634394,-0.011147162244938516,0.14940350892030455,FALSE
868,0.002197749812706258,0.16351617074606553,-0.0011786550393708976,0.013440565558003928,FALSE
869,-0.008545790548676819,0.08077220720753223,0.004583114528037671,-0.10580112694852668,FALSE
870,-0.03421873418633953,0.08663049955081772,0.018351535400637033,-0.3949963853811868,FALSE
871,-0.00947323664674962,0.06041895589512747,0.005080504636283121,-0.1567924586977776,FALSE
872,0.04181236307399737,0.03153273251295084,-0.022424004843612066,1.3259987239236108,FALSE
873,0.011745490536920443,0.02019371431989361,-0.006299116273920842,0.5816409181023972,FALSE
874,0.019643158114351487,0.052272572436746434,-0.0105346419172846,0.37578326833103765,FALSE
875,0.019168818236644947,0.04914585338940401,-0.010280253049179114,0.39003938103917024,FALSE
876,-0.004416903640776612,0.05055092709314773,0.0023687890698561656,-0.08737532414861154,FALSE
877,0.001286374075495771,0.07445496203371119,-6.898834789261874e-4,0.01727721081790809,FALSE
878,-0.030577295599948796,0.09525966984205446,0.016398628879796973,-0.32098888911380397,FALSE
879,-0.02442573853333993,0.08869569865191512,0.013099543745257467,-0.27538808425421346,FALSE
880,-0.011673984927275607,0.05864125671265233,0.006260767756421758,-0.1990746034737835,FALSE
881,0.003692024630165687,0.06897892003911855,-0.001980035857888562,0.05352395526157712,FALSE
882,-0.03889181682587765,0.14796866680647508,0.020857713479071675,-0.26283819179599277,FALSE
883,0.015405186671459244,0.15654255612756407,-0.008261814332909087,0.09840893781564292,FALSE
884,-0.044543106737920786,0.15454843655465067,0.02388850492551637,-0.2882145412203485,FALSE
885,-0.0291188868902878,0.16518759628661958,0.015616483084508446,-0.17627768394766857,FALSE
886,-0.009333695619852277,0.26685193656087747,0.0050056686683305094,-0.03497705784017408,FALSE
887,-0.014366648876017669,0.12824510572541814,0.007704845655629551,-0.11202492909770516,FALSE
888,0.07839490379806509,0.16281375744977544,-0.04204325164237246,0.48150048881617535,FALSE
889,0.030983759020256765,0.09574824684252212,-0.016616615547749857,0.3235960974952992,FALSE
890,-0.016641388006818372,0.20690282192873097,0.00892479012986929,-0.0804309378271825,FALSE
891,-0.00841865361066428,0.15027147189316845,0.0045149308831967955,-0.056022966332886524,FALSE
892,0.03240960094509035,0.21382834337034642,-0.017381295749443054,0.15156831145138494,FALSE
893,0.01307059986647201,0.12611761252041048,-0.007009773501583222,0.10363818030853307,FALSE
894,-0.00937343277154949,0.11616613305025546,0.005026979735599123,-0.08068989235868239,FALSE
895,-0.001409212620031693,0.07764774267041802,7.557618917961069e-4,-0.018148790570940453,FALSE
896,0.028701496291736826,0.08161791342040407,-0.015392636161840596,0.3516568249410992,FALSE
897,-0.00183645701067103,0.06529816587375338,9.848934112978258e-4,-0.02812417448633415,FALSE
898,-0.003977762288304606,0.06331303321772618,0.002133277199899537,-0.06282691076615368,FALSE
899,-0.07416201561782933,0.132074331154805,0.03977315021595718,-0.5615172529694937,FALSE
900,-0.06218841852130864,0.15468730230194266,0.03335170020576118,-0.40202665374511243,FALSE
901,0.005572593079218616,0.03645528871512531,-0.0029885862700161146,0.15286103266839704,FALSE
902,-0.027740240300148607,0.03519650275685966,0.01487711377978393,-0.7881533143159271,FALSE
903,-0.04852942023361139,0.04533867568999055,0.026026368144998275,-1.0703757773040834,FALSE
904,-0.0015717057744325926,0.07053023395435952,8.429071046818521e-4,-0.022284142364388745,FALSE
905,0.07996083477599279,0.07261104400324381,-0.04288306171892014,1.1012213895784317,FALSE
906,0.003335771850527514,0.2341114577674178,-0.0017889771979888855,0.01424864841020082,FALSE
907,0.018926674997555504,0.07669027537686697,-0.010150391430102951,0.2467936763109419,FALSE
908,-0.00684714574223109,0.08483959282508055,0.003672129915665846,-0.08070696138710032,FALSE
909,0.018146230711352254,0.0774921384359477,-0.009731838514951536,0.23416866636544423,FALSE
910,-0.03122991636519881,0.1039648684267167,0.016748629935109463,-0.30038912988393107,FALSE
911,-0.003433142580268241,0.059193804816076584,0.0018411972007538087,-0.05799834274778407,FALSE
912,0.03515199119464015,0.053843845322937185,-0.018852041904836088,0.6528506830039792,FALSE
913,0.019378320324133266,0.012127588709242954,-0.010392609191697795,1.5978708372064283,FALSE
914,0.014871970713345674,0.053252909570462005,-0.007975850174263728,0.27927057569817304,FALSE
915,0.0413284007240664,0.07946830280016703,-0.022164455435706755,0.5200614492547024,FALSE
916,0.013105825431196538,0.048901398959134104,-0.0070286650010328924,0.2680051227603695,FALSE
917,0.009906371404401813,0.04700812638992525,-0.005312795164477871,0.21073742276452312,FALSE
918,-0.026499502161467455,0.10437332946055286,0.014211704891455809,-0.25389150943472344,FALSE
919,-0.007833559223196134,0.1355588914102694,0.0042011442800493825,-0.05778712957667855,FALSE
920,-0.059381898382362366,0.19597855851027646,0.031846561137728845,-0.30300201631112916,FALSE
921,0.00630134388046354,0.09968067149428922,-0.0033794159264979064,0.06321530328800552,FALSE
922,-0.05856627159278786,0.2103565745271777,0.03140913981696708,-0.27841426741440495,FALSE
923,0.024010421024596287,0.23644810422029067,-0.012876808622365165,0.1015462615095725,FALSE
924,-0.058543024459815844,0.2452669259353001,0.031396672360357605,-0.23869106785013128,FALSE
925,0.009374637976281543,0.10497906885826576,-0.005027626087892135,0.08930006789199493,FALSE
926,-0.031140460625919388,0.1935721615886411,0.01670065474826483,-0.16087261913257841,FALSE
927,-0.027935212952740054,0.1604886180129818,0.014981677774369576,-0.17406351489973199,FALSE
928,0.07409443215516333,0.19270032483228766,-0.03973690514912161,0.3845060054758586,FALSE
929,-0.01460664977198914,0.1277351961696729,0.007833558334322479,-0.11435101843494154,FALSE
930,-0.02066790527633118,0.10888028764699798,0.01108421466645076,-0.18982228760580458,FALSE
931,-0.014548936707635123,0.09631367695669697,0.00780260677025221,-0.15105784731047475,FALSE
932,-0.027259017670739922,0.1876955234671229,0.014619033686257074,-0.1452299829383766,FALSE
933,-0.0025396760623789295,0.09967211129546628,0.0013620303694197831,-0.025480307674534533,FALSE
934,0.014471816671408741,0.08235819439641949,-0.007761247231141267,0.17571799354598164,FALSE
935,-0.07532478443571836,0.14591121389408437,0.04039674409316045,-0.5162371172540304,FALSE
936,-0.05494163018766599,0.2042284781713636,0.02946524163831197,-0.2690204161515892,FALSE
937,0.02350291130928072,0.03792046850977551,-0.012604630742959592,0.6197948557313291,FALSE
938,-0.054672430241548074,0.1410114999203312,0.02932086948491406,-0.38771611019269314,FALSE
939,0.03321339907288762,0.08423950359016903,-0.01781237334912604,0.3942734424750778,FALSE
940,0.0127169023546441,0.04674349719108833,-0.006820085233920231,0.2720571441768072,FALSE
941,-0.057675307430151354,0.11125533342227668,0.03093131500082148,-0.518404876926134,FALSE
942,-0.01390662141293709,0.06272575254347244,0.007458132547306604,-0.2217051346382656,FALSE
943,-0.029621338963781305,0.06793818699468904,0.015885948546428445,-0.4360042602564138,FALSE
944,0.02489911515298178,0.02050636415992519,-0.013353416017267437,1.2142140341797487,FALSE
945,-0.006408270455614321,0.041741916762874184,0.003436760737047088,-0.1535212312366528,FALSE
946,-0.024127984111643366,0.06193128304531065,0.01293985780302755,-0.38959283459363603,FALSE
947,-0.03191075069782239,0.10792641194862762,0.01711376194990207,-0.295671375724153,FALSE
948,0.08065465534305737,0.03831172567191955,-0.04325515826196698,2.105221154320723,TRUE
949,0.045571008204090366,0.06028923469442606,-0.024439769330624268,0.7558730581846904,FALSE
950,0.05633864870857595,0.0669739126951573,-0.03021446382467968,0.8412028869361494,FALSE
951,0.06444105914882428,0.05998983630683676,-0.034559793234441055,1.0741996164020242,FALSE
952,-0.015354002106129753,0.06099370694379564,0.008234364008256653,-0.25173092234381045,FALSE
953,0.06531437968898292,0.06526165910101488,-0.035028155761282355,1.000807834013022,FALSE
954,0.0275437426991812,0.01649457136910704,-0.014771731954125013,1.6698671388799067,FALSE
955,0.020655027198659342,0.009378511545802251,-0.011077308142761135,2.202377967738854,TRUE
956,0.021116882475516786,0.011778805718568739,-0.011325001509121952,1.7927863808999756,FALSE
957,0.02801114040962637,0.03531590684083808,-0.015022397732195655,0.7931593130502674,FALSE
958,0.07997027991463558,0.06245851347474358,-0.04288812715457369,1.280374371173167,FALSE
959,0.013163843284537381,0.08714491545360283,-0.007059780023688478,0.1510569287492854,FALSE
960,0.05592843574051475,0.15473039429659946,-0.0299944662711705,0.3614573335430575,FALSE
961,0.091315655908402,0.1828993149458373,-0.048972661668601966,0.49926734791458166,FALSE
962,0.08385037283504532,0.15503579863114966,-0.04496902419181964,0.5408452342967334,FALSE
963,0.09319970546364584,0.29895405658036417,-0.04998307900085427,0.3117526034927447,FALSE
964,-0.0712291985675257,0.164864133976098,0.03820027801007281,-0.4320478739047785,FALSE
965,-0.00990781822907875,0.1803177725570728,0.005313571097746844,-0.05494643200488074,FALSE
966,0.026324149093827645,0.1473479274144535,-0.014117662896480818,0.17865299876111787,FALSE
967,0.042852630117176486,0.21352161595252894,-0.022981900917881194,0.2006945757037717,FALSE
968,0.0031601337737704976,0.16214369035731366,-0.001694782352388988,0.01948971166751267,FALSE
969,-0.06698216051687401,0.0982204372245947,0.03592258799646905,-0.681957466384618,FALSE
970,-0.03237287012421725,0.1319459723422457,0.017361596979877925,-0.24534943772476406,FALSE
971,0.07433523362483258,0.12784173520730974,-0.039866047176149735,0.5814629589021898,FALSE
972,0.01512423295837901,0.14718339934825292,-0.00811113862458348,0.10275773643869529,FALSE
973,0.0541712922067856,0.08820756408804029,-0.029052108743050597,0.61413431792218,FALSE
974,0.0029210640602733958,0.11805013823984332,-0.0015665690676259978,0.024744266324692045,FALSE
975,0.014981720836857348,0.1447470299570313,-0.008034709256130434,0.10350278580019728,FALSE
976,0.03368095490784809,0.16846990915517318,-0.01806312392950481,0.19992267507442799,FALSE
977,0.02912792826030681,0.03211494481296933,-0.015621331978715656,0.9069898276313949,FALSE
978,0.02432156871635175,0.07569213504487309,-0.013043677386387313,0.3213222708268571,FALSE
979,0.03374501364992479,0.04081436656652392,-0.018097478685777768,0.8267925362733073,FALSE
980,-0.02101331704615703,0.07745750558529353,0.011269459283836,-0.27128832625545746,FALSE
981,0.015857277768549064,0.07566592878515171,-0.008504271161597647,0.20956959126973423,FALSE
982,-0.00233063993370154,0.06868318416469768,0.0012499241209961737,-0.033933195760301696,FALSE
983,-0.085025342202141585,0.10143397955176402,0.045599161233637484,-0.8382333275088676,FALSE
984,-0.04412302316118395,0.08833004004736401,0.023663213756423686,-0.4995245460946747,FALSE
985,-0.021186415040393328,0.03160556813329573,0.011362291881082535,-0.6703380540745266,FALSE
986,0.015946012040317287,0.052494631986622464,-0.008551859424820264,0.3037646219594588,FALSE
987,-0.036544627279794066,0.06506902175358492,0.019598913787288983,-0.5616286566930088,FALSE
988,0.04706165271573996,0.06911662598850725,-0.025239203213138356,0.6809020556582926,FALSE
989,0.04372873903586391,0.07606241720926532,-0.023451758854430016,0.5749059869548456,FALSE
990,0.05460000997040123,0.06862799546982486,-0.029282030433696156,0.7955938330503677,FALSE
991,0.056845793946858736,0.0826592250539477,-0.030486446234751597,0.687712640782178,FALSE
992,0.037903106081749384,0.05292999656168253,-0.02032746709055671,0.7160987822392658,FALSE
993,0.0041389868020142205,0.06924044278254125,-0.0022197420397349517,0.0597770123309762,FALSE
994,0.006942332117300666,0.1898690193897468,-0.0037231784472168757,0.036563796134903105,FALSE
995,0.0321696476950542,0.04962975635303707,-0.01725260862330458,0.6481927387718395,FALSE
996,0.035673372941854145,0.041162544940617496,-0.01913165936640377,0.86664643775835,FALSE
997,0.020653570081247796,0.011588045831646175,-0.011076526689490091,1.7823169135942043,FALSE
998,0.029509826778944728,0.042051699043247785,-0.01582614446961815,0.7017511170855557,FALSE
999,0.02922317616065065,0.051643787248197376,-0.015672413506322078,0.5658604397118587,FALSE
1000,0.0225256950313306,0.04562477008568,-0.012080548846147652,0.4937163516447093,FALSE
1001,0.02183756677811417,0.040119621340068606,-0.011711505095718066,0.5443113880116404,FALSE
1002,0.009427999835793217,0.06278533891454507,-0.005056244097212398,0.15016244235975754,FALSE
1003,-0.003910773088140428,0.12161035807445573,0.002097350836534406,-0.032158223609094747,FALSE
1004,0.04609876439699516,0.10018355389027761,-0.0247228054126797,0.4601430335310639,FALSE
1005,-0.046845544618256935,0.12934144711605433,0.025123304262004525,-0.36218509737426846,FALSE
1006,0.05609469220418827,0.18233535236130055,-0.030083629749926746,0.30764572792793193,FALSE
1007,-0.03621763727116734,0.22357972323333747,0.01942354877564681,-0.16198981172084667,FALSE
1008,-0.03971958555008354,0.13455924937805358,0.021301646529402595,-0.29518287099304935,FALSE
1009,-0.10307901900368467,0.18492858683155167,0.05528136301033094,-0.5573990520869422,FALSE
1010,-0.06403527833667849,0.21740545845546672,0.03434217264980922,-0.29454310297271336,FALSE
1011,0.005011780816218687,0.15698008127531773,-0.002687822190272243,0.03192622131102628,FALSE
1012,-0.015097801569881981,0.19143384908465158,0.00809696344910651,-0.07886693832920723,FALSE
1013,0.00270583188122764,0.13304960309732633,-0.0014511398722733757,0.020337015806415542,FALSE
1014,0.01874817228401443,0.09510823002798614,-0.01005466027743026,0.197124605078842,FALSE
1015,0.01764957022240001,0.09581593866982466,-0.009465479084603485,0.18420286298315414,FALSE
1016,0.03143355495835673,0.10066296452984218,-0.016857841480776906,0.31226534113286575,FALSE
1017,0.05758492904105027,0.11470094635906693,-0.0308828449961156,0.5020440621368794,FALSE
1018,-0.06346265587524919,0.17101692060348708,0.03403507475089527,-0.3710899228643646,FALSE
1019,0.022285514576254228,0.046617169931561495,-0.011951739869758492,0.4780537859542206,FALSE
1020,0.020472759335904794,0.04979989180896548,-0.01097955773745614,0.4111004781785305,FALSE
1021,-0.07635728781908128,0.10320473351771715,0.04095047651025922,-0.7398622642242764,FALSE
1022,0.011468106895205837,0.048038188443157444,-0.006150355197816649,0.23872896266219118,FALSE
1023,-0.012443459528784622,0.14032757493849699,0.006673437620613317,-0.08867437162110414,FALSE
1024,-0.06413776114297323,0.09354619442554205,0.03439713426345141,-0.6856266204823926,FALSE
1025,1.1684737371176518e-4,0.06920514518567178,-6.266534300964767e-5,0.001688420324793383,FALSE
1026,0.004600120946889207,0.03287324916961073,-0.002467048662418094,0.1399350859160503,FALSE
1027,0.016230471879832495,0.031513231471968245,-0.008704415471648169,0.5150367360538661,FALSE
1028,0.017657743167849793,0.018803828636480613,-0.009469862241997104,0.939050419423237,FALSE
1029,0.029553999953397792,0.029405885695332836,-0.015849834579553822,1.0050368915801255,FALSE
1030,0.015649665391860284,0.283247447935735,-0.008392928472541208,0.055250861061283005,FALSE
1031,0.028361502077364695,0.10460280192423407,-0.01521029698391879,0.27113520436964494,FALSE
1032,0.07902456382969958,0.07275566830046853,-0.042380938837286865,1.0861636718577248,FALSE
1033,-0.028490658945910043,0.09864468517152344,0.015279563919172392,-0.2888210236199798,FALSE
1034,-0.0200591055480443,0.08488302262149523,0.010757714869447309,-0.2363146943705167,FALSE
1035,-0.014122563503484972,0.1268922399177768,0.0075739424687840335,-0.11129572235966567,FALSE
1036,0.00980319264306588,0.07184704992455233,-0.005257460309572392,0.13644530503841648,FALSE
1037,0.03922189514618268,0.03306244363613711,-0.021034734754817132,1.1862975277276029,FALSE
1038,0.01723181751679726,0.018592155088429867,-0.009241437963624753,0.9268327116914402,FALSE
1039,0.02068940477255024,0.01179416459962128,-0.01109574486402649,1.7542068874648902,FALSE
1040,0.02281578003632955,0.02467436318218774,-0.012236121673869534,0.9246755374339353,FALSE
1041,0.02503223171431991,0.04646259822078248,-0.013424806539035569,0.5387609103427866,FALSE
1042,0.0274616159037859,0.04752001658111213,-0.014727687285937392,0.5778957559265903,FALSE
1043,0.02468374198812948,0.05268085831838772,-0.013237911211110346,0.46855238840164964,FALSE
1044,-0.0029554453901143446,0.12666764618182602,0.001585007803210467,-0.02333228317728371,FALSE
1045,-0.00632895590749637,0.0827512405023406,0.003394224279396554,-0.07648170431133727,FALSE
1046,0.01898656326889406,0.03340874859116076,-0.010182509559475231,0.5683111181817059,FALSE
1047,-0.034079007634156895,0.1683445748327999,0.01827659993532072,-0.20243603138386976,FALSE
1048,-0.04736574129192091,0.20878991314139855,0.025402286167648745,-0.22685837921606616,FALSE
1049,-0.06853881856512235,0.2518221704985255,0.036757424993172465,-0.2721715027292391,FALSE
1050,-0.08367391981930704,0.1628155034877218,0.044874392293771145,-0.5139186258489016,FALSE
1051,0.038929709857616054,0.11232659277624098,-0.020878035543283577,0.3465760769149793,FALSE
1052,0.005909630095685165,0.25823467172745324,-0.003169339500259217,0.022884727508327474,FALSE
1053,-0.03997221000729717,0.2990684811332208,0.021437129234413738,-0.1336557094075435,FALSE
1054,-0.003564964526707638,0.19551810669107242,0.0019118934194827062,-0.01823342393725429,FALSE
1055,0.051633529459926164,0.08652238336977813,-0.02769110448632386,0.5967649924673887,FALSE
1056,0.06142291547710988,0.19176594975753936,-0.03294116029103467,0.32030146934203063,FALSE
1057,0.0405787402807831,0.15263913491711575,-0.021762411920933412,0.26584755149993267,FALSE
1058,0.021516867454448422,0.07933102067507804,-0.011539513783615066,0.2712289249696743,FALSE
1059,0.03540561965563819,0.22933240052246312,-0.018988063057905877,0.15438559739041413,FALSE
1060,0.02586923395676355,0.0736875921609972,-0.013873691532822072,0.3510663491384391,FALSE
1061,0.026736470901748206,0.04660762357187743,-0.014338791422547967,0.5736501639161179,FALSE
1062,-0.001914703168120873,0.09596170981501202,0.0010268568901508177,-0.019952782956992928,FALSE
1063,0.030102730369667704,0.05091040282786724,-0.016144119154919666,0.5912883948580766,FALSE
1064,0.0013235238105755531,0.07577812610714983,-7.098069125262846e-4,0.01746577645248311,FALSE
1065,0.019154236099519332,0.08751716401080438,-0.010272432636997283,0.21886262330386594,FALSE
1066,-0.019253380391784307,0.08511087892312288,0.0103256038028085,-0.22621526925100943,FALSE
1067,-0.042351061399594124,0.06903756807730523,0.022712909200465783,-0.6134494968329601,FALSE
1068,-0.04338905123359913,0.052847709234889906,0.023269584005574405,-0.8210204730114168,FALSE
1069,-0.014936684041773951,0.030897749667615035,0.008010555985737569,-0.4834230389739221,FALSE
1070,0.019102257367850164,0.02205436528195673,-0.010244556400281088,0.8661440546411115,FALSE
1071,0.02989883496388476,0.02801178399436222,-0.016034769880429355,1.0673663258970703,FALSE
1072,0.042754370590233806,0.052329901711524164,-0.02292920425244293,0.8170160690521301,FALSE
1073,0.018410814128716195,0.06690763498831372,-0.00987373482016654,0.2751676117670559,FALSE
1074,0.005304868125453426,0.27728426491354347,-0.002845005156234963,0.01913151518751874,FALSE
1075,0.023290730692721775,0.04723399605581272,-0.012490838103088509,0.49309253159950595,FALSE
1076,-0.0035597358185570902,0.11519371084069975,0.0019090892589839032,-0.0309021715905985,FALSE
1077,0.03754761292640951,0.06737508034728501,-0.020136815817795483,0.5572922916435907,FALSE
1078,0.04280485629191867,0.05456145419090623,-0.022956279775945655,0.7845255762822569,FALSE
1079,0.030332388626864694,0.042843959734052965,-0.01626728506789729,0.7079735116723139,FALSE
1080,3.7374181687470717e-4,0.0780698525080947,-2.0043804501139817e-4,0.004787274535147298,FALSE
1081,0.019386916900639733,0.01075137469602356,-0.010397219542776932,1.8032035389679113,FALSE
1082,0.021994568301228243,0.029014401582636153,-0.01179570514220991,0.7580569338500859,FALSE
1083,0.0268121784725858,0.033368579648211466,-0.014379393455304543,0.8035157251298503,FALSE
1084,0.02298655038298614,0.036015335385734384,-0.01232770595179699,0.6382434076149427,FALSE
1085,0.0284819334901095,0.05094651118118799,-0.015274884450021418,0.5590556218622181,FALSE
1086,0.02466102487285979,0.048575972943635456,-0.013225728003432299,0.5076794838772435,FALSE
1087,0.013643005495987098,0.05210211474658278,-0.007316755113362526,0.26185128113023287,FALSE
1088,-0.007626129160459598,0.08902033504029178,0.00408989936611608,-0.08566727093318523,FALSE
1089,0.01582665384108362,0.042372006768290484,-0.008487847524009877,0.373516740135321,FALSE
1090,-0.03953659446008071,0.16416746903808982,0.021203508256727132,-0.24083087040165982,FALSE
1091,-0.07648769525962011,0.23031210487705883,0.0410204141283056,-0.33210453831963993,FALSE
1092,0.015647357989951774,0.22512587621831084,-0.008391691010992311,0.0695049287660655,FALSE
1093,-0.08465527692400586,0.2201769605014658,0.045400694919387745,-0.38448744469538754,FALSE
1094,-0.03443326988983815,0.19613492930296741,0.018466591075578603,-0.17555909093912317,FALSE
1095,0.007199072003242384,0.2433909763129954,-0.003860868260053256,0.029578220656728608,FALSE
1096,-0.07708756369867643,0.2135379338421905,0.04134212406751959,-0.3610017307540586,FALSE
1097,0.014032312735205584,0.1157840503978799,-0.007525540907230215,0.12119383185322154,FALSE
1098,-0.03587349993564216,0.14551374039828627,0.019238987638429392,-0.24652998292431114,FALSE
1099,0.034699997790835296,0.13142978677015693,-0.018609637469136926,0.2640192808919206,FALSE
1100,-0.020389095897946144,0.09987109812897788,0.010934688966592896,-0.20415411745663176,FALSE
1101,0.028297563625569958,0.14712327816398718,-0.01517600673942338,0.19233913204427655,FALSE
1102,0.0056277908091084475,0.22667870996932304,-0.003018188858136175,0.02482716974112862,FALSE
1103,-0.006278956528708051,0.1975085304461186,0.003367409571264831,-0.03179081184253449,FALSE
1104,-0.029621984028458937,0.23009215427628107,0.015886294495147727,-0.12873965269102833,FALSE
1105,0.012494085639875313,0.04446175199487306,-0.006700588445796332,0.2810074969901326,FALSE
1106,-0.003239357637675187,0.08417909425602746,0.0017372701760210662,-0.038481735474877,FALSE
1107,-0.01108326557659958,0.09520344248187576,0.005943964480861083,-0.11641664721010003,FALSE
1108,0.022130688645765242,0.0675537246329678,-0.011868706595388002,0.3276013094171413,FALSE
1109,-0.04269870916718907,0.11069140625081385,0.02289935298530099,-0.3857454757638435,FALSE
1110,-0.18657736513754902,0.13247230460414894,0.10006159499161724,-1.4084254493426058,FALSE
1111,-0.015795511836749727,0.0603111452827204,0.008471146041369752,-0.26190037948550215,FALSE
1112,-0.019697544949658443,0.08316503997229974,0.010563809621970259,-0.23684886048535803,FALSE
1113,0.014812373201639603,0.03345434451813869,-0.00794388797952245,0.44276381483452615,FALSE
1114,0.016146652781114126,0.020062254654214406,-0.008659463219790949,0.804827426399069,FALSE
1115,0.024989609711510704,0.02822897540540904,-0.013401948323733395,0.8852467846467559,FALSE
1116,0.009812501039022177,0.10599896369216191,-0.005262452410010267,0.09257166954498973,FALSE
1117,0.019590389380457495,0.1669912843926445,-0.010506342001722877,0.11731384336439296,FALSE
1118,0.06637228677694205,0.07206130657000853,-0.03559551220613347,0.921053057960592,FALSE
1119,-0.015388321605569964,0.12758416874090495,0.00825276958414615,-0.12061309610301432,FALSE
1120,0.07187262991152833,0.13134620904361458,-0.03854535077118206,0.5471998806426339,FALSE
1121,-0.004424881511506764,0.06509617361204113,0.0023730676085165626,-0.06797452547484717,FALSE
1122,0.019765701780616717,0.020938980877360288,-0.010600362186694447,0.9439667525551758,FALSE
1123,0.0024818179338198893,0.08493651396134634,-0.001331001007296572,0.029219682066882767,FALSE
1124,0.04389233700347826,0.03990758193982449,-0.023539496579554446,1.0998495741902448,FALSE
1125,0.05504616516624438,0.053346530225809846,-0.02952130383364449,1.031860271572306,FALSE
1126,0.020837624558655763,0.025054520521789532,-0.011175235257709032,0.8316912127906659,FALSE
1127,0.01985069089242068,0.030880630915683834,-0.010645941917535623,0.6428201206970418,FALSE
1128,0.020416759012862412,0.03166435983716605,-0.010949524717965618,0.6447867292392957,FALSE
1129,0.0437588155093645,0.03278559199334358,-0.023467888892004365,1.334696519076087,FALSE
1130,0.037084828446992436,0.03173686004998776,-0.019888624119334637,1.1685096883743777,FALSE
1131,-0.020392821991899963,0.11280828406151856,0.010936687273857193,-0.18077415290510931,FALSE
1132,0.016257860941079838,0.0506462095020734,-0.008719104247811943,0.32100844467766654,FALSE
1133,0.016594669471909684,0.043327692901128055,-0.008899734941019408,0.3830037641232828,FALSE
1134,-0.11829196208152948,0.20743443987925445,0.0634400769452373,-0.5702619205874688,FALSE
1135,0.07028294633975464,0.14490121145476761,-0.03769280215894081,0.4850404329552081,FALSE
1136,-0.09646792682163707,0.11835842287418037,0.05173582881391537,-0.8150491065953646,FALSE
1137,-0.14287081506521682,0.16147583679770577,0.07662173609665206,-0.8847813883398726,FALSE
1138,-0.03266432878983469,0.1919338535940608,0.017517906502923817,-0.17018534343044867,FALSE
1139,0.047254028540160004,0.1275213479328742,-0.025342374526631316,0.3705577874304935,FALSE
1140,-0.010204184202816132,0.1459587792557172,0.005472512414189726,-0.06991141098089469,FALSE
1141,-0.014078871362899975,0.1313777825542131,0.0075505103377090255,-0.10716325918417997,FALSE
1142,0.010016687117985944,0.16638226614174811,-0.005371957572767477,0.06020285304596286,FALSE
1143,0.04207830051945297,0.09002089357859087,-0.02256662731521073,0.4674281585831781,FALSE
1144,0.03269761888480554,0.1299960900383614,-0.017535760008346352,0.2515277103731088,FALSE
1145,0.04112729945372281,0.09727061347038356,-0.02205660465835986,0.42281320109330894,FALSE
1146,0.048876505404563744,0.09255905443736821,-0.02621251020878949,0.5280575271826802,FALSE
1147,0.004126175379514958,0.07713144718986806,-0.0022128712632694214,0.05349537095236779,FALSE
1148,-0.05760504782690304,0.10506892378235175,0.030893634717581754,-0.5482596161947065,FALSE
1149,-0.038922183636000716,0.09660202752759915,0.02087399922441641,-0.40291269895842163,FALSE
1150,0.010911871481609025,0.0818590631659623,-0.0058520456861870535,0.13330071295204213,FALSE
1151,-0.032749661479994446,0.17988695855222675,0.01756367049512092,-0.18205689697336344,FALSE
1152,0.00939517492478396,0.048006646697271706,-0.005038640070332596,0.195705711003512,FALSE
1153,-0.07455313502817046,0.12561535535847784,0.039982907878694365,-0.5935033564599858,FALSE
1154,-0.17074201794522295,0.10748294990130708,0.09156908521615739,-1.58854979419528,FALSE
1155,7.381259616657429e-4,0.11135692808284414,-3.9585756275712074e-4,0.006628469143083878,FALSE
1156,-0.03244159204560849,0.05801408544315386,0.01739845260306794,-0.5592019903062501,FALSE
1157,0.02264374847783375,0.021418224157484133,-0.012143861006991248,1.057218764326051,FALSE
1158,0.021741748766867085,0.024720700177917342,-0.011660117817163458,0.8794956700412834,FALSE
1159,-0.0032227021866729766,0.09875092734465156,0.0017283378438951555,-0.03263465238584943,FALSE
1160,0.031339919402947204,0.3680197084293297,-0.016807624655090166,0.08515826376990178,FALSE
1161,0.08951052036515574,0.07022975932944277,-0.04800456598614809,1.2745383327496296,FALSE
1162,-0.01274121237319635,0.19600605577922178,0.006833122716944073,-0.06500417715434188,FALSE
1163,0.012337545758778929,0.14331123542395735,-0.006616635978299781,0.08608917313622196,FALSE
1164,0.08244771606943496,0.10923701832152799,-0.04421677821016327,0.7547598546379081,FALSE
1165,-0.008570155534861361,0.08799927807574745,0.004596181490248102,-0.09738893002604405,FALSE
1166,0.06497551165328595,0.059555614897512196,-0.034846420553913994,1.091005638428899,FALSE
1167,-0.0033362819036991506,0.051587648252922565,0.0017892507399260163,-0.06467210692261285,FALSE
1168,0.01814524091439146,0.018934160513967364,-0.009731307686024124,0.9583335316612567,FALSE
1169,0.04313386207415686,0.07634565150543492,-0.02313272584864021,0.5649812559538671,FALSE
1170,0.021561587125345037,0.024359734510209306,-0.011563496980044689,0.8851322708918872,FALSE
1171,0.02536599488836901,0.030753734586378315,-0.01360380400488678,0.8248102297014788,FALSE
1172,0.01851390145937729,0.030675861966967928,-0.009929020640725601,0.6035332105521025,FALSE
1173,0.022324022607173716,0.03219473892039967,-0.011972391758539052,0.6934059214572001,FALSE
1174,0.018510688414845797,0.06273338876884235,-0.009927297482290156,0.29506916138474987,FALSE
1175,0.03156028860215649,0.04347454450088755,-0.01692580883859844,0.7259486893879284,FALSE
1176,0.018086676055671057,0.0471158013027929,-0.009699899303931786,0.38387707638538937,FALSE
1177,0.0174093691842426,0.04246088826534393,-0.009336659069490967,0.4100095380824127,FALSE
1178,0.01746166646256818,0.035798932807526815,-0.009364706143042037,0.48777058680634244,FALSE
1179,-0.013454160202202598,0.06755357893796204,0.007215477226364782,-0.19916280401010658,FALSE
1180,-0.006883449816873078,0.12456677469800885,0.0036915998208748406,-0.055259115711720416,FALSE
1181,-0.019207439282075994,0.151449701302771,0.010300965547735545,-0.1268238835524502,FALSE
1182,-0.11869116546495746,0.24142761278026645,0.0636541700494164,-0.4916221640851966,FALSE
1183,-0.07312709350333096,0.17272389198714388,0.03921812063135318,-0.4233756700478584,FALSE
1184,0.003651620013171908,0.1680210455334372,-0.0019583668284302333,0.02173311088250081,FALSE
1185,0.0068462698569598775,0.14837051906658458,-0.003671660177671623,0.04614306062977013,FALSE
1186,-0.012117445381751857,0.15502219436985218,0.0064985959643498094,-0.07816587444790027,FALSE
1187,-0.06720191648394384,0.17422244548495527,0.03604044330307456,-0.3857247916414247,FALSE
1188,-0.03364117488390418,0.1174928590534133,0.018041789869814893,-0.2863252724883527,FALSE
1189,0.0618826500734812,0.07861915304202872,-0.0331877163346996,0.7871192664769561,FALSE
1190,0.07680029674847427,0.14285846736643298,-0.04118806256491227,0.5375970928729129,FALSE
1191,0.0010664066692624157,0.24745806564798845,-5.719147773226887e-4,0.00430944397172889,FALSE
1192,0.05060766437266413,0.10070050254573248,-0.027140932192905642,0.5025562245797233,FALSE
1193,-0.04784609234065096,0.0885921542963386,0.025659898831737932,-0.54007143996755,FALSE
1194,0.010092154124811261,0.12570843971113324,-0.005412430590845621,0.0802822320283517,FALSE
1195,-0.02898421217246649,0.10726934625918601,0.015544256922131723,-0.27020032454038034,FALSE
1196,0.013983893987226248,0.09892767048789687,-0.007499573892706573,0.1413547283410164,FALSE
1197,-0.015225453638608749,0.05316516625451214,0.008165423358974801,-0.286380250664909,FALSE
1198,0.007198296595923573,0.0713834028449626,-0.0038604524084678766,0.10083991949161533,FALSE
1199,-0.12448314155595601,0.0782958999725724,0.06676041160980807,-1.5899062607309364,FALSE
1200,-0.0500933058159717,0.10583975211916626,0.026865081274214147,-0.47329386939201296,FALSE
1201,-0.01611009035436103,0.061980765587301326,0.008639854760131429,-0.2599208028766537,FALSE
1202,0.014829178546452508,0.034431671558474854,-0.007952900699822813,0.4306842472422029,FALSE
1203,0.017042732342229645,0.02020644332880888,-0.009140031428364939,0.8434305862195627,FALSE
1204,0.02959356178211187,0.054796644617555755,-0.015871051620961807,0.5400615674309132,FALSE
1205,-0.0022962972897929436,0.10444441525909563,0.0012315061327091705,-0.021985831258631787,FALSE
1206,0.05386325993917811,0.1008050714828826,-0.0288869107835716,0.534330854061489,FALSE
1207,-0.07442687472384713,0.1606809814428927,0.0399151943732249,-0.4631965404710889,FALSE
1208,0.011057392513923696,0.09656204251195283,-0.005930088735983035,0.11451075625865069,FALSE
1209,0.005022049567983943,0.14236798980458168,-0.002693329330323487,0.03527513154380665,FALSE
1210,0.09310664180179888,0.0905050936679306,-0.04993316888215738,1.0287447703597052,FALSE
1211,-0.05367996299878392,0.12288940438040354,0.0287886084830787,-0.43681522641787623,FALSE
1212,-0.0028449184320915835,0.10850497545266753,0.0015257321043539863,-0.026219244050542226,FALSE
1213,0.02714355706865807,0.06624232747599443,-0.014557112070017692,0.4097615241326572,FALSE
1214,-0.09684696889002112,0.1678710551955215,0.051939109388187965,-0.5769128500277921,FALSE
1215,0.07454881131228755,0.05341550824935394,-0.03998058906629601,1.395639838607905,FALSE
1216,0.02317469204635533,0.026514152649553882,-0.012428606481221972,0.8740498839492522,FALSE
1217,0.022193219448863804,0.03138497144820787,-0.011902241916725273,0.7071288717113384,FALSE
1218,0.02284496985803128,0.030991394011403592,-0.012251776199351994,0.7371391506179182,FALSE
1219,0.018676888059609657,0.06468370659158487,-0.010016430489018232,0.2887417719818712,FALSE
1220,0.029755960851501784,0.03703594863400059,-0.015958146375978467,0.8034345534269517,FALSE
1221,0.017068077134597223,0.04706152504180869,-0.009153623861440417,0.36267581892924683,FALSE
1222,0.016688297655358866,0.042464639306355904,-0.008949947813117726,0.39299280361156963,FALSE
1223,-0.07495090601635057,0.24037476240888758,0.04019623278811921,-0.3118085495550316,FALSE
1224,0.004128268226654236,0.10013519881966883,-0.0022139936589184086,0.041226943924970276,FALSE
1225,0.07298540555374813,0.13961718525828515,-0.039142133266991494,0.5227537385081114,FALSE
1226,0.02998419047315963,0.11976032953336095,-0.016080546110536737,0.2503683030097801,FALSE
1227,-0.03316573210833454,0.2156397596264129,0.017786809516674693,-0.15380156315232785,FALSE
1228,0.01057661384323887,0.22911452900666776,-0.005672246737886388,0.04616299930473229,FALSE
1229,-0.03589495341703622,0.16379878961096098,0.01925049315821648,-0.21914052907405748,FALSE
1230,-0.038997469155199596,0.10755958770132079,0.02091437491053063,-0.36256618297469284,FALSE
1231,0.05311110131409413,0.1664424123760843,-0.02848352749183565,0.31909595971300364,FALSE
1232,-0.11365942600470545,0.12470726510366323,0.060955644021868004,-0.9114098197103895,FALSE
1233,0.023201105042740738,0.12375004374038771,-0.012442771792994294,0.1874836108455346,FALSE
1234,0.05692121944997079,0.0866059606737053,-0.030526896994354045,0.657243670149055,FALSE
1235,0.06155621760472596,0.11233869916761002,-0.0330126503321509,0.5479520241985686,FALSE
1236,0.03654018646095588,0.165371155371597,-0.019596532172479007,0.22095864529003448,FALSE
1237,-0.04414100942828314,0.10954393237345925,0.023672859806321344,-0.40295257319955224,FALSE
1238,-0.10725994491370913,0.1806255340699082,0.05752359702832347,-0.5938249288286999,FALSE
1239,0.006165940429598778,0.11145983395352245,-0.0033067989439882184,0.0553198422327626,FALSE
1240,0.011501386984152005,0.02948248369970097,-0.006168203336999885,0.3901091611311112,FALSE
1241,-0.032101956961601584,0.08309217651928974,0.017216306027057565,-0.3863415101919873,FALSE
1242,-0.006683732615082786,0.06292342476800065,0.0035844913206359904,-0.10622010228664096,FALSE
1243,-0.042461078914270534,0.07167585061375271,0.022771911684434938,-0.5924042554177008,FALSE
1244,-0.19536522202299278,0.1905145847901351,0.104774529895952,-1.0254607133527387,FALSE
1245,0.010623352294206684,0.06505812711515938,-0.005697312607735226,0.16329016473840832,FALSE
1246,-0.051164093226094456,0.0447061239067651,0.027439345446477685,-1.144453796370213,FALSE
1247,0.020922372667070935,0.021557307092742204,-0.011220685738233788,0.9705466725069276,FALSE
1248,0.012502519590996486,0.02306060717320648,-0.006705111580747047,0.5421591676702614,FALSE
1249,-0.0035639422003981747,0.07340368788255541,0.0019113451450387437,-0.04855263138958928,FALSE
1250,0.013539088273114123,0.17441997013189472,-0.0072610242209249385,0.07762349840374352,FALSE
1251,-0.07921339107637776,0.22181647572073032,0.04248220704560659,-0.35711229663619937,FALSE
1252,-0.02558156493807235,0.11005700227995038,0.013719414400552066,-0.23243923065431946,FALSE
1253,0.06409338388268764,0.09326624739531127,-0.034373334702115226,0.6872087778017514,FALSE
1254,-0.05290566031350556,0.10908294208366312,0.028373349313574797,-0.48500397315034477,FALSE
1255,0.03569264480525234,0.12957866739849122,-0.01914199488265818,0.275451550180612,FALSE
1256,0.027315730758609262,0.09924986706949691,-0.01464944896211287,0.275221837219008,FALSE
1257,0.03509583195107614,0.035205517627885916,-0.018821923656138585,0.9968844180060318,FALSE
1258,0.042936411567231096,0.05010921772130661,-0.023026832978728953,0.8568565529406457,FALSE
1259,0.028479928857043674,0.12279679817585956,-0.015273809363652868,0.23192729191731076,FALSE
1260,0.019512930957022213,0.07908949038348703,-0.010464800985272376,0.24671964457487877,FALSE
1261,0.06990333481252288,0.06624317590834239,-0.037489216183417946,1.055253372954897,FALSE
1262,0.04941112850770496,0.06569544523253726,-0.02649922902047514,0.7521241135181911,FALSE
1263,0.016378752637021203,0.04062208133196365,-0.00878393856417297,0.40319826311148455,FALSE
1264,0.01920981201969819,0.05962174201180195,-0.010302238048881644,0.3221947459350595,FALSE
1265,-0.016320676039269982,0.1145775366399807,0.00875279203684159,-0.142442196942599,FALSE
1266,0.01761120286073138,0.056050680365617646,-0.00944490263685832,0.31420141104182503,FALSE
1267,0.019349659930262667,0.045554251736659106,-0.010377238598798352,0.4247607894455067,FALSE
1268,0.01898580697250156,0.04063887111419355,-0.010182103957095413,0.4671834244399217,FALSE
1269,0.09586991814941781,0.12970801936017587,-0.05141511626919182,0.7391209781964542,FALSE
1270,-0.03499581430247062,0.09971918997353638,0.01876828410860075,-0.3509436279191383,FALSE
1271,0.07586982519638254,0.13747111917270088,-0.04068904990317816,0.551896468530743,FALSE
1272,-0.018837179878680478,0.15709972647493872,0.010102395123948678,-0.11990587317595026,FALSE
1273,-0.045200691464610164,0.13688836021965126,0.02424116815744784,-0.33020113172574406,FALSE
1274,-0.12678295359669475,0.13491815960417583,0.06799380270635182,-0.9397026609957605,FALSE
1275,1.3634304925340353e-4,0.1274745639333025,-7.312088990140082e-5,0.0010695706268486723,FALSE
1276,-0.0906560625341165,0.15999087290508918,0.048618921197306035,-0.5666327140292313,FALSE
1277,-0.008318012211036523,0.09102111425835728,0.004460956817470666,-0.0913855238843419,FALSE
1278,-0.07321484045863859,0.20356829844833457,0.039265179395942686,-0.3596573779744022,FALSE
1279,-0.034273585344934764,0.10504555243721805,0.018380952122285615,-0.32627355037633654,FALSE
1280,0.053478502840523974,0.11617507657287122,-0.028680565233845906,0.4603268137893535,FALSE
1281,0.03835699112656394,0.0932534308618894,-0.020570886014891418,0.411319892169668,FALSE
1282,-0.016612357701376344,0.12152526393031544,0.00890922115308863,-0.13669879960846773,FALSE
1283,-0.061819704868857656,0.1491193526613556,0.03315395876948229,-0.4145652711438995,FALSE
1284,-0.016041410172324255,0.2847028314314442,0.008603021521791676,-0.05634439984902992,FALSE
1285,-0.021543473781395896,0.21283533448361136,0.011553782778727468,-0.10122132132648667,FALSE
1286,0.009412782822964701,0.034892131331719936,-0.005048083200666847,0.26976806700276507,FALSE
1287,-0.006008312540112978,0.0649770003748665,0.0032222629766939874,-0.09246829655800838,FALSE
1288,3.580394829964174e-4,0.05530815973208832,-1.9201687038609324e-4,0.0064735381674377495,FALSE
1289,-0.012255396466659388,0.1778249977333379,0.0065725792451003726,-0.06891829958033958,FALSE
1290,-0.09119950197836633,0.08140348244283616,0.04891036822000843,-1.1203390720097168,FALSE
1291,-0.10640716614378898,0.07755098735042686,0.057066251069823666,-1.3720929904215242,FALSE
1292,-0.017230073536186885,0.052370945068831457,0.009240502665383296,-0.3290006226456539,FALSE
1293,0.008794949352791714,0.048389422667794335,-0.004716738600430164,0.18175355000970508,FALSE
1294,0.018567219364757886,0.01655970210447218,-0.009957615077409073,1.1212290684711985,FALSE
1295,0.01571020017913258,0.08064890704655087,-0.00842539332894262,0.19479743439132524,FALSE
1296,0.06178875475553734,0.0773377119027872,-0.0331373601981512,0.7989472824487651,FALSE
1297,0.03682314418457364,0.0893644678806829,-0.019748282633310726,0.41205576509154557,FALSE
1298,-0.08446886144366367,0.1809330301124974,0.04530072014334556,-0.46685152728135976,FALSE
1299,-0.06298112527394191,0.17620956521147113,0.033776829491784885,-0.3574217165700258,FALSE
1300,0.04110001284213456,0.10005340764509346,-0.022041970826032858,0.4107807401015599,FALSE
1301,-0.01592141633437502,0.16040810474563633,0.008538668727413247,-0.0992556851140537,FALSE
1302,0.04681853751547359,0.11057855339179734,-0.025108820330480397,0.42339618379332644,FALSE
1303,-0.08722512519652381,0.1393835210550269,0.04677890667002013,-0.625792235239117,FALSE
1304,0.04816036199349753,0.04837885393577226,-0.025828441906071236,0.9954837305041414,FALSE
1305,0.028971320996395558,0.03326553710055629,-0.015537343373759848,0.8709109643659136,FALSE
1306,-0.07212533144688264,0.15253171751676808,0.0386808748132637,-0.47285464702745367,FALSE
1307,0.04181669292779244,0.05252961179495011,-0.02242632694777779,0.7960594319833229,FALSE
1308,0.05025580931920616,0.0609841376936016,-0.02695223203718788,0.824080018507484,FALSE
1309,0.018887727308929233,0.030354189113626934,-0.010129503752531193,0.622244502668989,FALSE
1310,0.021059829524780794,0.02913392547209237,-0.011294403964530126,0.7228627513636698,FALSE
1311,0.01893573819419484,0.06244757647637558,-0.010155252029944665,0.3032261500389592,FALSE
1312,0.019365425108409624,0.0638023946751919,-0.010385693476856837,0.3035219164891224,FALSE
1313,0.021034665005231885,0.0440098391729556,-0.011280908211916163,0.4779536894594665,FALSE
1314,0.052432282575696064,0.15490245631290345,-0.02811947644189059,0.33848580470397893,FALSE
1315,0.025346453490452336,0.0295727182268485,-0.013593323937047541,0.8570890675663619,FALSE
1316,0.014162370065519946,0.10499740837236049,-0.007595290760874105,0.13488304411566834,FALSE
1317,0.058435570415431376,0.11491379497483058,-0.031339044667622835,0.5085165834809515,FALSE
1318,-0.041517016417219665,0.20674127251173388,0.022265610187696374,-0.20081629523134192,FALSE
1319,-0.014451248375523291,0.2926347241305209,0.0077502164370734,-0.04938323166692189,FALSE
1320,-0.10383430063447856,0.07601977364018556,0.05568642117260797,-1.3658854224684207,FALSE
1321,-0.03025777345803639,0.10252728953029963,0.01622726889124036,-0.2951192174947177,FALSE
1322,-0.04058147590498897,0.0862766202217396,0.021763879038453993,-0.4703646920879665,FALSE
1323,-0.01082850538564749,0.13629855590911566,0.005807336380082395,-0.07944695608417139,FALSE
1324,-0.08572921505064889,0.14646633418035876,0.04597664882352284,-0.5853168615873314,FALSE
1325,-0.02385060564071263,0.09935350578122641,0.012791099500019014,-0.24005801761269485,FALSE
1326,0.0838348721434183,0.14725242117410528,-0.0449607111581002,0.5693276312536508,FALSE
1327,0.04716021786972361,0.14151714441851448,-0.025292063786611065,0.33324738188791286,FALSE
1328,-0.0025877329093777096,0.22503272176856173,0.0013878032961487088,-0.011499362799509229,FALSE
1329,-0.00680039047185744,0.13467688674323097,0.0036470550255557695,-0.05049411696620791,FALSE
1330,0.025168365621757206,0.1322551909005823,-0.01349781526600829,0.19030153334908834,FALSE
1331,-0.09930221295512677,0.24814737190527802,0.053255858807749426,-0.40017434878589836,FALSE
1332,-0.028667964704354863,0.15241524395036143,0.015374653143838566,-0.18809119062717533,FALSE
1333,-0.0012891082873249698,0.08425618634018417,6.913498389879929e-4,-0.015299865129430353,FALSE
1334,0.026025484715440948,0.0646908744103798,-0.013957488943726575,0.4023053475880224,FALSE
1335,-0.009532346512920106,0.1212095195368162,0.0051122053063209875,-0.07864354672262149,FALSE
1336,-0.06737257353584705,0.07438292866789452,0.03613196682093222,-0.9057531713580766,FALSE
1337,-0.017383729341497532,0.05698838992759908,0.0093229084006544,-0.3050398399320054,FALSE
1338,-0.028261024314229076,0.04177874875288754,0.01515641067657852,-0.6764449668272033,FALSE
1339,0.016120410516023257,0.024998571599598226,-0.008645389471352872,0.644853264987442,FALSE
1340,0.010263275530106834,0.023788344374598914,-0.005504203141811054,0.43144135499677366,FALSE
1341,0.03442072957641165,0.06484187393225843,-0.01845986569513267,0.5308410674924611,FALSE
1342,-0.012632841895967662,0.37329704322954566,0.006775003540518192,-0.03384125892526705,FALSE
1343,0.04273964404790245,0.4949173401563659,-0.022921306395630017,0.08635713599042447,FALSE
1344,0.046112939130151236,0.09624281523871367,-0.02473040733377625,0.4791312371295048,FALSE
1345,0.024807500840092048,0.09246720407669387,-0.013304283185613129,0.26828431861653657,FALSE
1346,0.0328246956760877,0.06880466116906057,-0.01760391139644606,0.4770708134937811,FALSE
1347,-0.05236611391267886,0.1082450404584841,0.02808399013327495,-0.483773794077551,FALSE
1348,-0.04100075704128838,0.1155271418619748,0.02198873985807746,-0.3549015095541248,FALSE
1349,0.01897762029301297,0.08638776341981293,-0.010177713434125438,0.21967949558768732,FALSE
1350,8.643993368901541e-4,0.04459153614603625,-4.635780781616269e-4,0.01938482975915578,FALSE
1351,-0.02571749809931201,0.08562790196787637,0.013792315467173227,-0.3003401637583042,FALSE
1352,0.06585547360274137,0.0844124647218901,-0.03531834487404537,0.7801629038994703,FALSE
1353,0.04413492625119796,0.03992984406501044,-0.023669597393427312,1.1053117607807623,FALSE
1354,0.0396628195507719,0.09876179255991303,-0.0212712028770966,0.4016008470756621,FALSE
1355,0.021000367888367785,0.03240179466517283,-0.011262514639820717,0.648123602577486,FALSE
1356,0.016871150653607028,0.06809979839146173,-0.009048012027071128,0.2477415653512759,FALSE
1357,0.019714292762402937,0.046406373381407434,-0.010572791487774824,0.4248186472227413,FALSE
1358,0.01941756546923919,0.041278176164743094,-0.01041365639542522,0.47040754397051837,FALSE
1359,0.030208927299600393,0.05247868542454448,-0.01620107265613587,0.5756418449741038,FALSE
1360,0.010095398424902273,0.136258057438904,-0.005414170511663448,0.07409028584917918,FALSE
1361,-0.022084905678139574,0.15458492405116792,0.011844153152044559,-0.14286584421925536,FALSE
1362,-0.02733519740565774,0.15763697972946797,0.014659888940999769,-0.17340599555110492,FALSE
1363,-0.022610770995290606,0.22442295222700845,0.012126175155871834,-0.10075070651605787,FALSE
1364,0.00909033756291301,0.12227379635527616,-0.0048751555414383385,0.07434411815022343,FALSE
1365,-0.002897632943029426,0.10879273583239456,0.0015540029400995493,-0.02663443400755637,FALSE
1366,0.030798254978841963,0.13080493273651544,-0.01651712957715706,0.2354517856056688,FALSE
1367,-0.0413464979115409,0.10451876132630222,0.022174160972293286,-0.39558924528831,FALSE
1368,-0.023252277618009357,0.10595678196136926,0.012470215687367182,-0.21945058341321555,FALSE
1369,0.039904286656792354,0.14839926142200466,-0.021400701885449538,0.2688981486458756,FALSE
1370,0.06258367269126414,0.09389294525526751,-0.03356367534349387,0.6665428645476761,FALSE
1371,0.007788416149359278,0.12078200155585433,-0.004176934012273278,0.06448325122147945,FALSE
1372,0.01619838382544308,0.09415628980390929,-0.008687206621582054,0.17203719325791164,FALSE
1373,-0.015391243682829321,0.1395744139302581,0.00825433669659328,-0.11027267283042254,FALSE
1374,-0.06590587007165537,0.1505867246729743,0.0353453725419394,-0.4376605588227091,FALSE
1375,-0.02700234629705877,0.09577511226894789,0.01448138061660261,-0.2819348957924787,FALSE
1376,0.015811647302356697,0.05983797832642013,-0.008479799504898812,0.2642410011933076,FALSE
1377,-0.008794224184229444,0.0499171816316625,0.004716349691931402,-0.17617629635266233,FALSE
1378,0.00707623943724674,0.062175727254742075,-0.003794993053479425,0.11381032035627767,FALSE
1379,-0.05476466886022365,0.04208037529028374,0.029370337132276842,-1.3014301436819335,FALSE
1380,-0.05678848072279858,0.07125943464421773,0.0304557091053611,-0.7969257826185493,FALSE
1381,-0.043084596805752974,0.054831657646925915,0.023106304844513856,-0.7857613403407379,FALSE
1382,0.007964942304225576,0.02153489442884227,-0.004271605134896524,0.3698621477130583,FALSE
1383,0.01507279699646468,0.03774509291101046,-0.008083553475735004,0.3993312993559451,FALSE
1384,-0.024486652526238474,0.19614291771897605,0.013132211969949367,-0.12484087017264497,FALSE
1385,-0.0038752128720451083,0.25777819392188583,0.002078279863278239,-0.015033129114169404,FALSE
1386,-0.07701500193189127,0.42499304419343004,0.04130320913207402,-0.18121473512126213,FALSE
1387,-0.08574392360012564,0.1681054307180653,0.045984537030752975,-0.5100604021765922,FALSE
1388,0.018841005371250524,0.1615364872126915,-0.010104446738772938,0.11663622068519412,FALSE
1389,-0.0443058981027246,0.1744226869459005,0.02376128973858297,-0.25401453720562545,FALSE
1390,-0.030777205822738418,0.1319146030408877,0.01650584089735715,-0.23331159032634805,FALSE
1391,-0.08739884011926519,0.07776311692092851,0.04687207012653337,-1.1239112265540299,FALSE
1392,-0.05013643842173622,0.11514602691699126,0.026888213326302896,-0.43541613865565304,FALSE
1393,-0.02467350725702132,0.11305651430806414,0.013232422316365596,-0.21824047387299822,FALSE
1394,0.005131547381561835,0.09955297474448906,-0.002752053098164357,0.05154589699335832,FALSE
1395,0.05573952901789277,0.05080622490079138,-0.029893155439836488,1.0971003873390432,FALSE
1396,-0.014955406716518727,0.1561630201316509,0.008020596971663652,-0.09576791422137453,FALSE
1397,0.009040022705762488,0.19392188029309693,-0.004848171642000457,0.04661682679695164,FALSE
1398,0.016876115750914224,0.06897958262685273,-0.00905067481285696,0.24465378171691923,FALSE
1399,0.024465843070715046,0.028766928032384485,-0.013121051841768512,0.8504850793651837,FALSE
1400,0.018609356781235223,0.05314669970442654,-0.009980213408661313,0.3501507503707755,FALSE
1401,0.019034090984246865,0.0479504052431886,-0.010207998712465484,0.3969537043057769,FALSE
1402,0.018052770651262425,0.04322815996578779,-0.009681715807549668,0.41761598609679407,FALSE
1403,0.029470609919170793,0.04146619366559806,-0.015805112435337627,0.710714133948126,FALSE
1404,0.028942081126682194,0.06280111977694423,-0.01552166200748742,0.4608529470410416,FALSE
1405,-0.01821383342242082,0.196899285713625,0.009768093904721303,-0.09250329860978496,FALSE
1406,0.06072236110661421,0.20418994591166756,-0.03256545240364722,0.2973817385351709,FALSE
1407,-0.050140750405649685,0.10632808198569392,0.026890525846836353,-0.4715663959065485,FALSE
1408,0.056732758315912846,0.07217481116793598,-0.030425825132534876,0.7860465084405605,FALSE
1409,0.03335800484466216,0.1206130695041244,-0.017889925543938565,0.2765703997237337,FALSE
1410,-0.001074051913122481,0.1219336860834212,5.760149279179876e-4,-0.008808492120771826,FALSE
1411,-0.03133990091997363,0.13405931091729267,0.016807614742656178,-0.2337763837926084,FALSE
1412,0.015345084380443444,0.14867839565221733,-0.008229581424607174,0.10320991367392787,FALSE
1413,0.02442281383725868,0.0572871704897303,-0.013097975228333992,0.4263225715020588,FALSE
1414,0.013049044337326472,0.12499623584636822,-0.0069982132535027506,0.10439549838416684,FALSE
1415,0.036961062816914914,0.08148975417913858,-0.019822248509723205,0.4535669936574305,FALSE
1416,-0.04186614083661776,0.1383554404511613,0.02245284590211297,-0.30259844282304366,FALSE
1417,-0.028824743538435983,0.15341157836552965,0.015458733762018149,-0.1878915779730526,FALSE
1418,-0.05567982320865836,0.1479107344792605,0.029861135165041332,-0.37644207098752236,FALSE
1419,-0.05065285845921985,0.1512287297243566,0.027165169818844998,-0.33494203483388646,FALSE
1420,-0.004827344160836065,0.07463887237721183,0.002588908659689908,-0.06467600604199257,FALSE
1421,-0.01561488593025937,0.062099052518997416,0.008374276218565107,-0.2514512749688483,FALSE
1422,-0.04411345849447238,0.09482406028216447,0.02365808421776814,-0.46521376919745455,FALSE
1423,-0.07854029527121353,0.05441980257253976,0.04212122520948061,-1.443230066234106,FALSE
1424,-0.048499719906470264,0.040898596855816274,0.02601043983502711,-1.18585290535641,FALSE
1425,-0.02378228593287079,0.029571337273999763,0.012754459584287673,-0.804234374404876,FALSE
1426,0.01491020737513763,0.026423208537524612,-0.007996356527557105,0.5642845135163306,FALSE
1427,0.010567550589278388,0.023576794137438153,-0.005667386107303298,0.4482183000655684,FALSE
1428,0.019611401216271394,0.05077419675689942,-0.01051761066662063,0.3862473947183913,FALSE
1429,-0.020104233304411537,0.2674543047551487,0.010781916922451808,-0.07516885294785862,FALSE
1430,8.115863845241092e-4,0.14664957398921996,-4.3525444819682985e-4,0.005534188490610739,FALSE
1431,0.03194165951352558,0.11400965355299318,-0.01713033837328699,0.2801662711717537,FALSE
1432,0.08039661316275795,0.1530780824903908,-0.04311677002759118,0.5252000276904744,FALSE
1433,-0.02613593023410825,0.12245292181145376,0.014016720966589473,-0.21343655869927636,FALSE
1434,-0.010816376055717272,0.06081454219214591,0.005800831410424889,-0.1778583816604672,FALSE
1435,-0.03330836425239927,0.1310156519608585,0.017863303253316698,-0.2542319467474794,FALSE
1436,0.0010855815025126204,0.0966461735644103,-5.82198256228607e-4,0.011232534744783553,FALSE
1437,-0.02223525363622513,0.2627539114961214,0.011924784886117354,-0.08462387299818887,FALSE
1438,-0.002667516269047294,0.13218308858309347,0.00143059117782151,-0.02018046557726202,FALSE
1439,0.029866547396509,0.039266023875786066,-0.016017454031383917,0.7606206192658742,FALSE
1440,0.039170435034053555,0.036755491539636066,-0.02100713665418852,1.0657029301815562,FALSE
1441,-0.10744923058157158,0.09706027118141183,0.05762511108830286,-1.107036167050699,FALSE
1442,0.03657933521984705,0.057513755863392024,-0.019617527684199866,0.6360101973992294,FALSE
1443,0.014999713349328262,0.07172638465227305,-0.008044358655426104,0.20912406811031028,FALSE
1444,0.0171135480042174,0.05748323107617349,-0.009178009926365797,0.29771374510141063,FALSE
1445,0.023516579012148032,0.03478223427122682,-0.01261196074329359,0.6761089247105048,FALSE
1446,0.018426871434027336,0.050611784758680035,-0.009882346366264403,0.36408262466711544,FALSE
1447,0.026551693384567844,0.04381817585322325,-0.014239695087502034,0.6059515912644892,FALSE
1448,0.04052444847427668,0.06840345030720417,-0.02173329518027195,0.5924328128519665,FALSE
1449,0.018267916266101598,0.06577797458372672,-0.009797098578446819,0.277720869055476,FALSE
1450,0.04969683906042603,0.2359199179268208,-0.026652455825828144,0.21065130700766574,FALSE
1451,-0.04711013184472102,0.13794477884095416,0.02526520261004308,-0.3415144251239655,FALSE
1452,-0.014424354487394991,0.11084008512840982,0.007735793222662263,-0.13013662404430826,FALSE
1453,0.022064143363656863,0.05391878047736002,-0.011833018305642767,0.409210727103173,FALSE
1454,0.006203203334678907,0.10979991725656764,-0.003326783070752953,0.05649551921049253,FALSE
1455,-0.027743662105034244,0.11508842916977653,0.014878948896569691,-0.24106386980143119,FALSE
1456,0.10524377761997601,0.2572201496653616,-0.05644232484382167,0.40915837175624115,FALSE
1457,0.008066704393225885,0.018959671321810295,-0.004326180227258575,0.4254664680788182,FALSE
1458,0.03626075107907471,0.11735880188202265,-0.01944667074642924,0.308973425917611,FALSE
1459,-0.09808189255703674,0.12768380014909791,0.0526013999705605,-0.7681623858508702,FALSE
1460,0.024399528127286383,0.0875711090794874,-0.013085487082847413,0.27862531814161656,FALSE
1461,-0.0032843996300431035,0.1854205185026615,0.0017614262337219096,-0.01771324800818071,FALSE
1462,-0.05411820004042768,0.2006144953308921,0.029023635370391394,-0.26976216225634897,FALSE
1463,-0.038639707736512076,0.14759942973169185,0.02072250716626301,-0.26178764922569037,FALSE
1464,-0.1233735683953511,0.15699088507040188,0.06616534660753319,-0.7858645318167661,FALSE
1465,0.0063842762050130425,0.06777347945388616,-0.0034238926006361007,0.09420021306943487,FALSE
1466,-0.04427094646819438,0.1205425708537984,0.023742545148122705,-0.3672639977281467,FALSE
1467,-0.05089027555284599,0.04016826815118815,0.02729249680220652,-1.26692730095561,FALSE
1468,-0.044488749019025414,0.044612980757125865,0.023859352835986287,-0.9972153454893146,FALSE
1469,-0.04348758227943521,0.05838461816418052,0.02332242628681941,-0.7448465648459995,FALSE
1470,0.006853862227432645,0.023230638633283198,-0.003675731972225653,0.2950354631065941,FALSE
1471,0.00990515200820699,0.025649081805758818,-0.005312141201291657,0.3861795943893419,FALSE
1472,0.03430120323482007,0.06195297193688224,-0.018395763619436886,0.5536651779960802,FALSE
1473,0.020172431562310134,0.14657874941682167,-0.010818491704478302,0.13762180154059292,FALSE
1474,-0.006215235360798682,0.1047249820386371,0.0033332358562965683,-0.059348163540440056,FALSE
1475,-0.009852583690011137,0.27024241894533746,0.0052839487688343435,-0.03645831667901123,FALSE
1476,0.07508607023694756,0.1642835974888797,-0.04026872147123875,0.45705153396114373,FALSE
1477,-0.09653116686152673,0.10997469775944856,0.05176974449952936,-0.8777579645881153,FALSE
1478,-0.041138491414489796,0.11888679787477946,0.022062606916161083,-0.34603078011925226,FALSE
1479,-0.057448494750902454,0.10686486710948626,0.030809675173647185,-0.5375807438383351,FALSE
1480,0.02532027803092613,0.10965917426796017,-0.013579286016488959,0.23089976921633742,FALSE
1481,0.06152498582439634,0.12262888314241337,-0.032995900702570136,0.5017169222111005,FALSE
1482,0.01545708922366119,0.0634413646253382,-0.008289649714514105,0.24364370651459313,FALSE
1483,0.017032164236638756,0.11399319947982404,-0.009134363744609813,0.1494138625318024,FALSE
1484,-0.07527744793039032,0.1338084409428656,0.04037135748626437,-0.562576227627768,FALSE
1485,-0.10363646971720719,0.1529783272176253,0.055580324288314234,-0.6774585106410209,FALSE
1486,0.01460771007491184,0.0723879201130386,-0.00783412697565548,0.20179762109618454,FALSE
1487,0.01685343652788199,0.07065662427035214,-0.009038511926817152,0.23852592310943127,FALSE
1488,0.013863559649746551,0.05900518385094353,-0.007435038488148784,0.23495494370067732,FALSE
1489,-0.0014559553860279055,0.07003102319949266,7.808300757982384e-4,-0.020790148701389434,FALSE
1490,0.016674779685570934,0.05068723147250622,-0.008942698114757843,0.32897396841679294,FALSE
1491,0.01685985378866003,0.05099016309523682,-0.00904195350907154,0.3306491441725742,FALSE
1492,0.019722663261643614,0.04833335171489393,-0.010577280593429633,0.40805494677841825,FALSE
1493,0.023369319305588922,0.0423378390347535,-0.012532985241064587,0.551972416126528,FALSE
1494,0.0176014797780982,0.05266567383703647,-0.0094396881396132,0.33421161253082043,FALSE
1495,0.008069412093622315,0.11680132646024488,-0.004327632369217094,0.06908664771344752,FALSE
1496,-0.0016872010632388978,0.09897998826663267,9.048473234402024e-4,-0.017045880614714858,FALSE
1497,0.029945741394904284,0.10285655888011477,-0.01605992583811864,0.2911408054182307,FALSE
1498,-0.05275196738950579,0.09744372853973934,0.028290923671520064,-0.5413582606087632,FALSE
1499,-0.03346285505378177,0.13636314811852734,0.017946156797670646,-0.24539514902292908,FALSE
1500,0.03247768868148785,0.1264181145289307,-0.017417811258697246,0.2569069219431789,FALSE
1501,-0.0496220912468208,0.21227156632869235,0.026612368511667813,-0.23376701884784404,FALSE
1502,0.0060242544752776754,0.04236092032616674,-0.0032308126496870464,0.14221254941801717,FALSE
1503,-0.0197473801074623,0.09056539054623015,0.010590536258252407,-0.21804554685138824,FALSE
1504,-0.008838359191303727,0.10274830544682285,0.0047400193326703165,-0.08601951295321361,FALSE
1505,6.316215472783987e-4,0.12846114706709222,-3.387391573739746e-4,0.004916829420404581,FALSE
1506,0.018445316384383535,0.06265757707250469,-0.009892238408371556,0.294382854336027,FALSE
1507,-0.0483220104819589,0.10858132013600176,0.02591513412391612,-0.445030603988181,FALSE
1508,-0.01700863398397406,0.14399227702862427,0.009121744450675368,-0.11812184885855308,FALSE
1509,-0.0048456734451388555,0.09134832235280618,0.002598738669997107,-0.05304611316695953,FALSE
1510,-0.014091594976171674,0.05914279732650936,0.007557334022013303,-0.23826392414914488,FALSE
1511,-0.06907599172629908,0.10334102426408423,0.037045511403088295,-0.6684275893161064,FALSE
1512,-0.07041626938119713,0.038932793578833357,0.03776430341615941,-1.8086621305150945,FALSE
1513,-0.05106809143377397,0.045638442588100556,0.027387859605981654,-1.1189709494400912,FALSE
1514,-0.03705633763243961,0.03282352036351803,0.019873344471963345,-1.128956834064215,FALSE
1515,0.016367539262951765,0.029706297350266364,-0.008777924822399962,0.5509787729504769,FALSE
1516,0.010046474034737558,0.02898709620154163,-0.005387932320818248,0.3465843548069245,FALSE
1517,0.008984011575438166,0.021222162209364952,-0.004818132826555704,0.42333158548160027,FALSE
1518,-0.020721804795157953,0.18075421519769858,0.011113121022905688,-0.11464078318999993,FALSE
1519,-0.013686327765079345,0.07140938526145672,0.007339988882050548,-0.19166006982091405,FALSE
1520,0.06980070845662216,0.0770307397296001,-0.037434177584003525,0.9061409601107633,FALSE
1521,0.05389929779940319,0.09789117985044946,-0.02890623791776898,0.5506042309608112,FALSE
1522,0.07855644924128917,0.1227198905051153,-0.0421298885969715,0.6401280910368374,FALSE
1523,-0.018771157052196816,0.26849475164873887,0.010066987027586401,-0.06991256602570163,FALSE
1524,-0.028380626151264472,0.10251546345111467,0.01522055324054316,-0.27684239231672597,FALSE
1525,-0.019542951578831586,0.15392969643650348,0.010480901069538607,-0.12696024244349186,FALSE
1526,0.026311766148976692,0.12953940813657677,-0.014111021912931896,0.20311785060215432,FALSE
1527,0.032801354820802306,0.08470776549418824,-0.01759139367648253,0.3872296079283639,FALSE
1528,0.014402602484959113,0.09029196759081512,-0.007724127605793943,0.15951144790895228,FALSE
1529,-0.0017205533962265137,0.0741791254513656,9.227342071625235e-4,-0.023194576449335036,FALSE
1530,-0.1271024749890197,0.10879186391017973,0.06816516229290405,-1.1683086438702577,FALSE
1531,0.01735718110081031,0.06916532454692659,-0.009308670557251335,0.2509520661474521,FALSE
1532,0.01625853565972501,0.06906620179571896,-0.008719466099978505,0.23540509304122162,FALSE
1533,0.015812056158227707,0.057438702203624334,-0.00848001877464005,0.27528574900896663,FALSE
1534,0.015965744347420284,0.05099328289094944,-0.008562441877413774,0.3130950478627445,FALSE
1535,0.018694521799485973,0.048030014808404395,-0.010025887478275158,0.38922581794030103,FALSE
1536,0.020442291173851775,0.04765599391588795,-0.01096321763698768,0.4289553001440298,FALSE
1537,0.019569863292183094,0.0485122980527986,-0.010495333843631669,0.40340004653838774,FALSE
1538,0.018181521526445303,0.05275334766600061,-0.009750765008227724,0.34465152129413096,FALSE
1539,-0.07020139944846052,0.1688522640146866,0.037649068493801514,-0.4157563409535005,FALSE
1540,-0.031246605704128145,0.2236926798725844,0.016757580441358673,-0.13968541895034853,FALSE
1541,0.0405984116230151,0.09000098562696578,-0.02177296167801626,0.4510885224222605,FALSE
1542,0.0429962968690302,0.12705205100516892,-0.02305894951553477,0.33841481919312705,FALSE
1543,-0.046933058557163815,0.16346390972708882,0.025170238059705898,-0.2871157225807269,FALSE
1544,-0.05724165877287243,0.16391519317983844,0.030698748867832554,-0.3492150889885487,FALSE
1545,-0.045022086619318155,0.2129868391711494,0.024145382231432783,-0.21138435968402652,FALSE
1546,0.017351037372213524,0.04465381394678469,-0.009305375670531624,0.38856786998958887,FALSE
1547,0.015514964981971814,0.05678288822836725,-0.008320688531487649,0.2732331071215384,FALSE
1548,0.06293052336440756,0.12953975160358217,-0.03374969164591652,0.485800864872643,FALSE
1549,0.04811561762393077,0.09225549534985464,-0.025804445463724415,0.5215474421492723,FALSE
1550,-6.42635101253334e-4,0.05624404537538443,3.44645735465298e-4,-0.011425833560944166,FALSE
1551,-0.004045001302344585,0.16279938897543958,0.0021693375386525465,-0.02484653860067513,FALSE
1552,-0.02888985597300132,0.14492161767700504,0.015493653614442863,-0.1993481471990588,FALSE
1553,-0.07360876084780554,0.12916448460281063,0.039476439225937104,-0.5698839048067847,FALSE
1554,-0.0073430202907894945,0.0864751602191976,0.003938067845531683,-0.08491479255055875,FALSE
1555,-0.052652872624730604,0.06706127053700098,0.02823777906734252,-0.785145766000354,FALSE
1556,-0.05464065546129854,0.038053665784777764,0.029303828644027852,-1.4358841476753577,FALSE
1557,-0.049828072735034784,0.045572173803232245,0.026722836553888494,-1.093388104552096,FALSE
1558,-0.0058624089119455255,0.04511466955443566,0.0031440147404262274,-0.129944627098995,FALSE
1559,0.0054681113604453805,0.027437138373421432,-0.0029325526379610787,0.1992959792680997,FALSE
1560,0.009242046558115726,0.023588043217816483,-0.004956517200840958,0.3918106505390425,FALSE
1561,0.05824799952068388,0.0655338748687627,-0.031238450241880985,0.8888227597914906,FALSE
1562,0.10698703345625753,0.215765451593143,-0.057377234388332476,0.4958487684951392,FALSE
1563,-0.022456012513240944,0.10984777520847594,0.01204317805415505,-0.2044284690392912,FALSE
1564,0.042589937066227615,0.07070847418262162,-0.022841018417735583,0.6023314398812917,FALSE
1565,0.024149663491225166,0.16164421726366282,-0.01295148447219926,0.14940010784198926,FALSE
1566,-0.07794233732936705,0.23157248158360852,0.04180053987149787,-0.3365785813424736,FALSE
1567,-0.0364477278371202,0.26961245715576315,0.019546946536167186,-0.13518562243607038,FALSE
1568,-0.07989225659472397,0.11937294594398462,0.04284628318367647,-0.6692660213999675,FALSE
1569,0.04586397144209637,0.12282553036734606,-0.024596885757084564,0.3734074772966712,FALSE
1570,0.030008097042902165,0.03341548433882648,-0.016093367223630778,0.8980296900271121,FALSE
1571,0.04153966818641776,0.09461091738276253,-0.022277758350222263,0.4390578733991433,FALSE
1572,0.04579201816340603,0.05272468237583173,-0.02455829715430671,0.868511977691808,FALSE
1573,0.023194429493644763,0.03140046715963642,-0.012439191690501714,0.7386651088892058,FALSE
1574,0.02144712584184684,0.02963678285202518,-0.011502111299186919,0.723665788858769,FALSE
1575,-0.009793570882388471,0.07572784974847133,0.005252300151375821,-0.1293258809660863,FALSE
1576,0.020162378620416057,0.03465315238880288,-0.010813100303439177,0.5818338947694387,FALSE
1577,0.019901442211623138,0.05237116065638728,-0.010673159891932371,0.380007659982917,FALSE
1578,0.01761795069283288,0.050163532703401036,-0.009448521504786452,0.3512103263739717,FALSE
1579,0.017181712902292645,0.05099579003930317,-0.00921456681749148,0.33692414391561454,FALSE
1580,0.01953179630667408,0.0485538224352942,-0.010474918487868945,0.40227103299031397,FALSE
1581,0.0196843417207273,0.05455933852346743,-0.010556728719391771,0.3607877634414599,FALSE
1582,0.019950908696029578,0.05563976330755288,-0.01069968880836705,0.3585728534779967,FALSE
1583,-0.1293406556983983,0.13201262147680004,0.0693655004555466,-0.9797597703271781,FALSE
1584,-0.0076335887221108895,0.11329446141961594,0.004093899935189485,-0.06737830452132941,FALSE
1585,0.04318557424296238,0.0975839753702477,-0.02316045912747251,0.4425478064314358,FALSE
1586,0.11596936076851666,0.4324688770208648,-0.06219446394315447,0.26815654705002423,FALSE
1587,-0.023202833263493178,0.12355547888345907,0.012443698639210925,-0.18779283179646553,FALSE
1588,0.007532609948598692,0.10449995572988965,-0.004039744935570539,0.07208242238943048,FALSE
1589,0.01595651627960561,0.10245973116903866,-0.008557492857024585,0.1557345124523161,FALSE
1590,-0.0060202625006518405,0.056951988369516086,0.0032286717503987937,-0.10570767892406412,FALSE
1591,-0.004659726537127817,0.09808070670427867,0.0024990151896830443,-0.047509104427410714,FALSE
1592,0.040676076655841165,0.11531451694518799,-0.021814613499253652,0.3527402944000153,FALSE
1593,0.04571445098311985,0.10714903476421318,-0.024516697811467265,0.42664360984414645,FALSE
1594,0.018562435462297227,0.14049350712242742,-0.00995504946656906,0.13212308413741666,FALSE
1595,-0.07866389337333542,0.10149347632025182,0.042187510973711095,-0.7750635432480399,FALSE
1596,-0.034084780033071325,0.11711213615290501,0.018279695677625152,-0.291043961392432,FALSE
1597,-0.041087360402806965,0.09669995657073582,0.022035185312373574,-0.42489533459874557,FALSE
1598,-0.021601279363656134,0.14585052611077085,0.011584783960227241,-0.14810559783137398,FALSE
1599,-0.06492324740180684,0.11534706358777612,0.03481839119268795,-0.5628513234964316,FALSE
1600,-0.08564727433732373,0.08365246080687301,0.045932703951303104,-1.0238464417090625,FALSE
1601,-0.034093899027600995,0.0343018210762911,0.018284586201921527,-0.99393845451448,FALSE
1602,-0.01831713225427803,0.03023751840958397,0.009823493153546492,-0.6057749847775967,FALSE
1603,0.01722210142768595,0.034334151466802715,-0.009236227217011186,0.5016026519349923,FALSE
1604,0.009122729846005373,0.03200712477262376,-0.004892527549609064,0.2850218478170897,FALSE
1605,0.004903098904711742,0.040231648287247124,-0.0026295359913857627,0.1218716884206297,FALSE
1606,-0.014441149200386435,0.09369558024938836,0.007744800241107997,-0.15412839284359633,FALSE
1607,0.10185698559541387,0.16831110391334658,-0.05462598548436753,0.6051709199641041,FALSE
1608,-0.004952060048878159,0.14603043900395274,0.0026557938934324253,-0.03391114950181117,FALSE
1609,-0.004776669770990813,0.15468133628795375,0.0025617319425709543,-0.030880711827434668,FALSE
1610,0.021536706546880228,0.14007527090388266,-0.011550153505268597,0.15375095409708942,FALSE
1611,0.05655422649482227,0.2829022792773958,-0.030330078369459352,0.19990728473194389,FALSE
1612,-0.07730116102704937,0.2230085540285615,0.04145667649110638,-0.3466286814143871,FALSE
1613,-0.028626435264412463,0.1878337498239038,0.015352380870904056,-0.15240304413477376,FALSE
1614,0.022980604023435894,0.08559886125912984,-0.012324516914259918,0.26846857172395877,FALSE
1615,-0.022348453688619405,0.07967140643422131,0.011985494167692614,-0.28050783447723926,FALSE
1616,0.029665961320135586,0.02755127462133756,-0.015909879552988653,1.0767545867790913,FALSE
1617,0.018194284973965583,0.02560110259512783,-0.00975761005567241,0.710683647563998,FALSE
1618,0.020619605345237938,0.029183148845619154,-0.011058311373521243,0.70655861895908,FALSE
1619,0.016770850765772918,0.06768190294730622,-0.008994221114401938,0.2477892913092274,FALSE
1620,0.02298196704888382,0.027119605413781327,-0.012325247905933175,0.8474299938451578,FALSE
1621,0.019631834653626612,0.05317194766417337,-0.010528569135947375,0.3692141348219657,FALSE
1622,0.020148437284807152,0.05136229454600706,-0.010805623553639909,0.3922807083075206,FALSE
1623,0.019010314374021606,0.053580386223847545,-0.010195247296767875,0.35479987573438765,FALSE
1624,0.021388959833529085,0.05090015577139073,-0.011470916820894874,0.420214034895962,FALSE
1625,0.020793590902912197,0.051484325219984826,-0.011151619971772473,0.4038819740584011,FALSE
1626,0.02006283100808608,0.05552584685415427,-0.010759712836744055,0.36132417864393257,FALSE
1627,0.008714346884088587,0.11095281176155873,-0.004673511429906285,0.07854101888662368,FALSE
1628,-0.0015138439431870647,0.1916871234458702,8.118757568048201e-4,-0.007897473319925704,FALSE
1629,0.004837669374190694,0.08677109066886624,-0.0025944460801381568,0.055752086748017175,FALSE
1630,-0.08386697364309616,0.10691610603090673,0.044977927218885605,-0.7844185198706389,FALSE
1631,-0.06565057232978952,0.07764155731101156,0.035208456152161775,-0.8455597054398416,FALSE
1632,0.040359862827675806,0.15256479425855077,-0.02164502776209146,0.26454243932108057,FALSE
1633,-0.04465498680649905,0.18389358128365507,0.023948506298681112,-0.24283058981606825,FALSE
1634,0.03263154706516011,0.14596139323083698,-0.017500325636910962,0.22356286373310738,FALSE
1635,-0.08350320308665625,0.1251784689949814,0.04478283676907927,-0.6670732096108639,FALSE
1636,-0.014119313839013157,0.14960881265916054,0.007572199671044353,-0.09437488065077985,FALSE
1637,0.028916891767850752,0.09000680243743193,-0.015508152933545722,0.32127451464518225,FALSE
1638,0.05000016178526463,0.12241746209174988,-0.02681512805363122,0.40843978408725984,FALSE
1639,-0.036992570883623475,0.15295782840274946,0.019839146311917143,-0.2418481699819852,FALSE
1640,-0.05086205910427701,0.16686390799685244,0.02727736429753893,-0.304811625922344,FALSE
1641,0.0015149553153677774,0.08327919737258695,-8.124717866230644e-4,0.018191281414372228,FALSE
1642,-0.033708313690920845,0.16005585652076548,0.01807779646745855,-0.21060343822250305,FALSE
1643,-0.044954087171489375,0.0723603054186038,0.024108914071410904,-0.6212534194187038,FALSE
1644,-0.06004905152005136,0.0552322393170064,0.032204355916380635,-1.0872101559272074,FALSE
1645,-0.040596795109813205,0.03933430581620143,0.021772094740651234,-1.0320963918750987,FALSE
1646,-0.0015932955354653782,0.025551430472915016,8.544857113517222e-4,-0.06235641237989789,FALSE
1647,0.005299341321507833,0.029026225263947342,-0.0028420411267151215,0.1825708053086047,FALSE
1648,0.008622315819313785,0.024608958331322536,-0.004624155093871876,0.3503730512778029,FALSE
1649,0.01315613820934087,0.040607812611557215,-0.007055647785498038,0.32398046984674467,FALSE
1650,2.5545517817388533e-5,0.09788417425140149,-1.3700082299963022e-5,2.6097699666729096e-4,FALSE
1651,-0.051748049604607584,0.18047746835645717,0.027752521734482796,-0.2867285876506264,FALSE
1652,-0.02180328647474911,0.19186696140550114,0.01169312054071604,-0.11363752422528318,FALSE
1653,0.009692237345277098,0.08688502205638292,-0.005197954891745688,0.11155245306823361,FALSE
1654,0.018939409994282674,0.11058577951052058,-0.010157221219363799,0.17126442548140536,FALSE
1655,0.10432164795297441,0.14577316045365954,-0.0559477859419498,0.7156437277501277,FALSE
1656,-0.05579749310628752,0.14344564205114682,0.029924241628307088,-0.3889800506200978,FALSE
1657,-0.045551595341142094,0.05787441472500294,0.024429358196194722,-0.7870765615097074,FALSE
1658,0.0032344400754689517,0.09874266497605044,-0.00173463288334913,0.032756256641983984,FALSE
1659,0.023826471443670862,0.08440400769013426,-0.012778156310216431,0.2822907595945337,FALSE
1660,0.03246443572605919,0.06932651215531527,-0.01741070368775708,0.46828312454732574,FALSE
1661,0.016902752491717802,0.021889880390605146,-0.009064960118945507,0.7721719895268246,FALSE
1662,0.019688208976106097,0.026218219407585914,-0.01055880273164485,0.7509361589372298,FALSE
1663,0.02048477413845564,0.029575031341481196,-0.010986001285985517,0.6926374448071746,FALSE
1664,0.018355394698582692,0.06655737084038621,-0.009844013334022725,0.2757830495228165,FALSE
1665,0.01849022975086961,0.05406698680098997,-0.009916325483905754,0.3419874279091701,FALSE
1666,0.020070203237682323,0.05211330634716696,-0.010763666569564222,0.3851262689797344,FALSE
1667,0.021516676172447104,0.05075559311046181,-0.011539411198919805,0.423927194104881,FALSE
1668,0.020186155747846,0.05190080791022993,-0.010825851996514086,0.3889372162136844,FALSE
1669,0.0200766267718463,0.051653763846829986,-0.010767111516240668,0.38867693807134657,FALSE
1670,0.018485829164340144,0.06038457205186966,-0.009913965445716169,0.3061349701784924,FALSE
1671,-0.030443232387574855,0.1292163190636247,0.016326730668296627,-0.2355989754868728,FALSE
1672,0.011955565141625234,0.10485090844096781,-0.00641177945789548,0.11402443068346275,FALSE
1673,0.15079865430601722,0.14199074581579635,-0.08087344282799538,1.0620315671955642,FALSE
1674,0.12302587793117217,0.13474522077806614,-0.06597887992448473,0.913025910832144,FALSE
1675,0.020125515044989172,0.06593022206578981,-0.01079333033749723,0.305254774129329,FALSE
1676,-0.03263603976620829,0.11521441192816614,0.017502735076192998,-0.28326351903402675,FALSE
1677,0.008226513546237525,0.11629135346545445,-0.004411886007982916,0.07074054348057181,FALSE
1678,0.023205296814523567,0.06366968570828517,-0.012445019843662827,0.364463819106051,FALSE
1679,-0.010393984862408256,0.07311042898496109,0.005574302664659003,-0.14216829263231806,FALSE
1680,-0.026585068890981337,0.1488020158379989,0.01425759439915179,-0.178660677016127,FALSE
1681,0.046539680934486134,0.05776131043871581,-0.02495926931582788,0.8057241184627257,FALSE
1682,0.03133560208422899,0.0785948218435058,-0.016805309273496515,0.3986980484111653,FALSE
1683,0.03889043147565636,0.08881360538866138,-0.02085697051460403,0.43788821887667,FALSE
1684,-0.011970476413839373,0.08554686435165834,0.006419776385497073,-0.1399288741271944,FALSE
1685,-0.021701693873641577,0.1745446333129279,0.011638636344850841,-0.12433320613607321,FALSE
1686,-0.015275603335177038,0.11495822767081175,0.008192318682656049,-0.1328796002224342,FALSE
1687,-0.09864270470101179,0.13054472299712513,0.052902163986471226,-0.7556238386072802,FALSE
1688,-0.10921671608227179,0.12986855016365662,0.05857301502184934,-0.8409789432825733,FALSE
1689,-0.003934002560382811,0.026786568347660085,0.0021098088216799926,-0.14686474614156622,FALSE
1690,-0.017312618829074526,0.024705305323294246,0.009284771774121639,-0.7007652244131842,FALSE
1691,0.01897107520533949,0.03668197473087208,-0.010174203298201472,0.5171770425263709,FALSE
1692,0.009899318062264004,0.034440477112957946,-0.005309012451264988,0.28743266331056333,FALSE
1693,0.009541813496805945,0.06041813283147307,-0.00511728245759643,0.15792963220861758,FALSE
1694,-0.007628089972255448,0.10524323861968445,0.004090950951101357,-0.07248057046040683,FALSE
1695,-0.030672719919437656,0.2134095597340093,0.01644980502113655,-0.1437270193409691,FALSE
1696,-0.021742558100650868,0.14148426314799062,0.011660551863540017,-0.15367474528180175,FALSE
1697,0.0033775864347211078,0.11284828666292278,-0.0018114023940207712,0.029930329778155518,FALSE
1698,-0.10650713744934351,0.09641665000770491,0.05711986576354499,-1.1046550304416534,FALSE
1699,0.0604962391183248,0.16115988950035673,-0.032444182994604845,0.3753802469453225,FALSE
1700,-0.030560486181114867,0.13761993716551546,0.01638961397459577,-0.2220643811540168,FALSE
1701,-0.03600215690066311,0.11228097855207889,0.019307986475010055,-0.3206434194369294,FALSE
1702,0.03166209300855839,0.05657848925100206,-0.01698040662581791,0.5596136169011905,FALSE
1703,0.03610697604764839,0.08145821525951519,-0.01936420107009385,0.4432576374600929,FALSE
1704,0.016954732837489564,0.019019389050452088,-0.009092837221306256,0.8914446616825766,FALSE
1705,0.020576457491889966,0.02736085003142201,-0.011035171144140902,0.7520401401367045,FALSE
1706,0.02066673486149534,0.031192099535102664,-0.011083586972007814,0.6625631223777549,FALSE
1707,0.018447888653922148,0.06604030177298789,-0.009893617918649195,0.27934288848855304,FALSE
1708,0.02220701792270826,0.029235734732188292,-0.011909642049642299,0.759584738544591,FALSE
1709,0.020023460688797956,0.05300394068943676,-0.010738598501999352,0.3777730566510211,FALSE
1710,0.020656254090072757,0.05148590836535789,-0.01107796612563927,0.40120209093894993,FALSE
1711,0.02054895721148813,0.05160756571069452,-0.011020422721052733,0.39817722321341376,FALSE
1712,0.01932557801012323,0.05977222070817599,-0.010364323445141656,0.32332039501218945,FALSE
1713,-0.03913512490687235,0.15857094125968657,0.020988199803823507,-0.24679884344497902,FALSE
1714,-0.040694365758216514,0.11929699237828913,0.021824421959959983,-0.34111811997049546,FALSE
1715,6.811520610840638e-5,0.11188205421797946,-3.653024128283295e-5,6.088126159687569e-4,FALSE
1716,-0.05961075045332007,0.13745070111218227,0.03196929469236062,-0.4336882240030769,FALSE
1717,-0.04408460035566967,0.0895328189878441,0.023642607574098314,-0.4923848132342962,FALSE
1718,0.04498413791409994,0.12527708447401686,-0.024125030309487688,0.35907714569642535,FALSE
1719,0.009249336025911686,0.07411322992882514,-0.004960426548439291,0.12480006653055484,FALSE
1720,0.11166375596475192,0.13705887338891973,-0.05988536453149403,0.8147138029355725,FALSE
1721,-0.07009743936565699,0.1372422601017927,0.037593314615547775,-0.5107569586340656,FALSE
1722,-0.039172858208854036,0.20986344579322225,0.02100843620483498,-0.18665879644162006,FALSE
1723,0.011233676884428424,0.07748722216745028,-0.006024630189453514,0.14497457219659252,FALSE
1724,-0.032890530858324066,0.11989300070186429,0.01763921885904356,-0.2743323685768141,FALSE
1725,0.01566892915534975,0.057823861990453626,-0.008403259644807877,0.2709768703781251,FALSE
1726,-0.02735654764433642,0.09631547668234082,0.014671339091633344,-0.2840306520473482,FALSE
1727,-0.01706251606235992,0.06073035600534223,0.009150641453807434,-0.2809553110615553,FALSE
1728,-0.016941079954845083,0.09848866147676993,0.00908551516907,-0.17201045989279584,FALSE
1729,-0.08594634889677102,0.07619302031685798,0.04609309788449885,-1.1280081632064543,FALSE
1730,-0.09432377917494589,0.08934004959058967,0.050585920660440944,-1.055783823796771,FALSE
1731,-0.03097147895084227,0.04616139731646289,0.01661002973638246,-0.6709389392724616,FALSE
1732,-0.002920668711608417,0.026768729442747895,0.0015663570418105062,-0.10910748370986566,FALSE
1733,0.003604884309326586,0.02797717712771679,-0.001933302431865456,0.128850894887292,FALSE
1734,0.008661630227081604,0.025755557427103656,-0.00464523944322207,0.3363014080202592,FALSE
1735,0.01722512019021506,0.03812298044459597,-0.009237846181848326,0.4518303655520397,FALSE
1736,-0.012813729218063409,0.08721279531645698,0.006872013560727874,-0.14692487692394224,FALSE
1737,-0.09894698827928322,0.1637615419497274,0.053065351520763776,-0.6042138288466936,FALSE
1738,0.07625859460086569,0.08306609754153395,-0.040897547255833167,0.9180471559138259,FALSE
1739,0.05826822025641074,0.09324384079148078,-0.0312492946391488,0.6249015459017259,FALSE
1740,0.020580765997252698,0.06235352581498437,-0.011037481799124733,0.33006579384652646,FALSE
1741,-0.007645834403136779,0.11153348493362435,0.004100467304035678,-0.06855191880435689,FALSE
1742,-0.1428294383311697,0.09780540871977485,0.07659954572001529,-1.4603429421822114,FALSE
1743,0.02677781925691755,0.05964609361449214,-0.014360966579569154,0.4489450630244019,FALSE
1744,-0.021433129222991006,0.09372135397968899,0.011494604900936671,-0.22868992297780855,FALSE
1745,-0.03236600418464996,0.07527138604992159,0.01735791477081836,-0.4299908090331183,FALSE
1746,0.021821799888620295,0.06177807475414198,-0.011703049299862815,0.35322887570492356,FALSE
1747,0.033748261631761686,0.04355481456127178,-0.018099220581118954,0.7748457196226953,FALSE
1748,0.018619756159848833,0.030762443483664834,-0.009985790603999196,0.6052755909892564,FALSE
1749,0.018988358012365137,0.06543730083537368,-0.010183472081880798,0.2901763637857834,FALSE
1750,0.02135033790035238,0.06325371034352577,-0.011450203846239713,0.3375349490867876,FALSE
1751,0.01905403697563355,0.05361825323286117,-0.010218695764116789,0.3553647466448207,FALSE
1752,0.020971850513715577,0.051295355740235,-0.011247220748246196,0.40884501551990793,FALSE
1753,0.021086382473243973,0.05126032548102912,-0.011308644332717324,0.41135873163832737,FALSE
1754,0.020720352663720337,0.051829030655704385,-0.01111234224361658,0.3997827549846299,FALSE
1755,-0.014794765624731334,0.052509262024633664,0.00793444502148689,-0.2817553523755612,FALSE
1756,-0.034261101027762655,0.11837997224281957,0.01837425677267715,-0.2894163630777569,FALSE
1757,0.054242298431147765,0.13138185483995096,-0.02909018943981021,0.4128598922372164,FALSE
1758,0.14902782607832776,0.1960340135986747,-0.07992374618720428,0.7602141247968371,FALSE
1759,0.09035382571027423,0.12876030300961167,-0.04845683133910398,0.7017211329762832,FALSE
1760,-5.835215934258442e-4,0.1983566588922024,3.1294311240377383e-4,-0.0029417797047235055,FALSE
1761,-0.009256456962347562,0.11259491829900113,0.004964245512530044,-0.08221025515349284,FALSE
1762,-0.021796563547162147,0.12272229101520074,0.01168951502909962,-0.17760883835245841,FALSE
1763,0.014197652043392284,0.04121415496252574,-0.0076142125147415285,0.34448485129202816,FALSE
1764,-0.014495219604962514,0.18435291887287225,0.007773798243731391,-0.07862755682733864,FALSE
1765,-0.08773082305730422,0.200118333970794,0.047050112850342336,-0.4383947303404393,FALSE
1766,0.01344428632404428,0.06387673902874036,-0.00721018185735501,0.21047233356723533,FALSE
1767,-0.07840148698855604,0.12558454165561267,0.0420467822128689,-0.6242924961541402,FALSE
1768,-0.021056673618246525,0.1389554373357485,0.011292711449249771,-0.15153544202353686,FALSE
1769,-0.030457663041269418,0.0635326136589531,0.016334469839789294,-0.4794020155501234,FALSE
1770,9.202181781714475e-4,0.12386235503984638,-4.935137688338181e-4,0.007429361228239317,FALSE
1771,-0.14077250524802437,0.14751398505720406,0.0754964108089889,-0.9542993851968311,FALSE
1772,-0.07842841167630996,0.08121929169922773,0.04206122194514469,-0.9656377202444341,FALSE
1773,-0.003428563283264315,0.026489285587905285,0.0018387413199891973,-0.1294320781844626,FALSE
1774,-0.017386470576925106,0.025018093673719898,0.009324378527477813,-0.6949558509003673,FALSE
1775,0.019882970297161216,0.03848208151199674,-0.010663253388953053,0.51668125828803535,FALSE
1776,0.009482574752052239,0.035338864653360696,-0.005085512669867961,0.268332750501945,FALSE
1777,0.011659996010313634,0.051539633384366026,-0.006253265488703547,0.2262335846154964,FALSE
1778,0.0386834755089789,0.06044760086245328,-0.0207459798587787,0.6399505515033095,FALSE
1779,-0.006041805073108567,0.31977297171013125,0.0032402250497963565,-0.018894045487325803,FALSE
1780,-0.016030170510079943,0.15332823142461485,0.008596993681648776,-0.10454806894424602,FALSE
1781,0.06095639266895746,0.15511327835848457,-0.03269096372378609,0.3929798487533752,FALSE
1782,0.08474489541696387,0.126349756606107,-0.0454487573911646,0.670716728653103,FALSE
1783,0.018605533562509085,0.021549606224732554,-0.009978163013301419,0.8633816028227677,FALSE
1784,0.03042195168705039,0.035956468667643245,-0.01631531781103258,0.8460772933029074,FALSE
1785,0.03433933821084344,0.035575638397154656,-0.018416215438568605,0.9652486858419919,FALSE
1786,-0.017628335304973482,0.05656363570000023,0.009454090780852666,-0.311654919044983,FALSE
1787,-0.056986895544087805,0.09830129326654993,0.030562119137861773,-0.5797166410574516,FALSE
1788,0.03527614584676809,0.10268076967854688,-0.018918626147294396,0.3435516305263764,FALSE
1789,0.03437390369182855,0.04699879651516515,-0.01843475293456375,0.7313783807365597,FALSE
1790,0.017353676483565752,0.03051457133998088,-0.0093067910281291015,0.5687013030665967,FALSE
1791,0.020631309202905488,0.06396304840173099,-0.011064588162052942,0.3225504368291984,FALSE
1792,0.02016832628852451,0.05279032735774885,-0.010816290042757096,0.38204586517996075,FALSE
1793,0.021067177145988412,0.05108943286866529,-0.011298344499851152,0.41235879834770206,FALSE
1794,0.02012856142339862,0.051842607379724154,-0.010794964112753798,0.388262906531028,FALSE
1795,0.020782141713632622,0.051577722709353145,-0.01114547976210754,0.40292864093171704,FALSE
1796,0.008964944891475606,0.05375479445177422,-0.004807907348202056,0.1667747962373561,FALSE
1797,-0.010087344506882213,0.12241108759157941,0.005409851188778677,-0.0824054806255648,FALSE
1798,0.11891808600990943,0.16783927133447119,-0.06377586772505632,0.7085236075228705,FALSE
1799,0.10523705456095839,0.15585599242882797,-0.056438719261718874,0.67521981619677,FALSE
1800,0.06488833185269477,0.13339042387937594,-0.03479966595486725,0.4864541993762075,FALSE
1801,0.025244176251952844,0.11632321996514058,-0.013538472569583689,0.21701751601716276,FALSE
1802,0.03651718503895189,0.15396550830399497,-0.019584196490864587,0.23717769935101998,FALSE
1803,0.02549456596285167,0.04372978820611524,-0.013672756778300838,0.5830022739347837,FALSE
1804,0.006286580919909594,0.023270623915764562,-0.003371498538562145,0.27015093977135624,FALSE
1805,-0.12444520470605933,0.18621889286335366,0.0667400660458817,-0.6682737867922804,FALSE
1806,-0.013174190955696368,0.14102822060376521,0.007065329488275748,-0.09341528170245268,FALSE
1807,-0.0429901499667703,0.13860326764683326,0.02305565292677691,-0.3101669296593421,FALSE
1808,0.03190581865092773,0.0425181114083842,-0.017111116889079767,0.750405358894567,FALSE
1809,-0.007971738113689522,0.07794979244389359,0.0042752497331237545,-0.10226759897311323,FALSE
1810,-0.03465764810365746,0.1255998491166639,0.018586925296932722,-0.27593702020665306,FALSE
1811,-0.07445679867180532,0.1486108204762802,0.03993124261122492,-0.501018690517824,FALSE
1812,-0.1319228711113753,0.08988913363751606,0.07075034471381947,-1.4676175614659175,FALSE
1813,-0.07299487684339284,0.08352273650336782,0.03914721272744898,-0.8739521703823668,FALSE
1814,-0.0028161952480952952,0.02745876872551972,0.0015103278370582859,-0.10256087140127193,FALSE
1815,0.003541453861422712,0.028842705911029297,-0.0018992846302762054,0.12278507683526597,FALSE
1816,0.008671279093017228,0.027093036921965293,-0.004650414137991004,0.3200556334084169,FALSE
1817,0.015397489047120742,0.05637370335394623,-0.00825768609061995,0.2731324736721044,FALSE
1818,0.026022678709631555,0.05564790995132009,-0.013955984080493908,0.46763083703225844,FALSE
1819,0.013993260867275523,0.024968306007098318,-0.007504597358211806,0.5604409391368936,FALSE
1820,-0.09291087137179095,0.14750380859567025,0.0498281770388845,-0.6298879483612073,FALSE
1821,0.046697347262406735,0.09371240775000526,-0.025043825897686434,0.498304849737511,FALSE
1822,-0.06409839171575611,0.20370655357937326,0.034376020407125125,-0.31466042986575044,FALSE
1823,0.01385000337643828,0.033206161229691854,-0.007427768247579314,0.41709137291226733,FALSE
1824,0.009936718866019406,0.023849127009168084,-0.005329070533203143,0.41664916548935027,FALSE
1825,0.010645336920997851,0.02300787668188841,-0.005709102981237381,0.4626822834711107,FALSE
1826,0.010512583126737566,0.09378677098041131,-0.005637907011752657,0.1120902555535606,FALSE
1827,-0.09235658156048482,0.05800788123223267,0.04953091095537,-1.5921385094335414,FALSE
1828,0.030289138275527545,0.054184781013884555,-0.016244089868760716,0.5589971521296011,FALSE
1829,4.840698423720407e-4,0.06891559988559207,-2.5960705619022134e-4,0.007024096767287133,FALSE
1830,0.014244596409740407,0.028833457579586705,-0.007639388817178863,0.49403011659015145,FALSE
1831,0.021116218395215818,0.06357326230403466,-0.01132464536230817,0.3321556520763239,FALSE
1832,0.021288728645363176,0.06364987446144754,-0.011417162751914471,0.3344661529263136,FALSE
1833,0.020493782854965878,0.051971399210484756,-0.010990832668089007,0.3943280951887754,FALSE
1834,0.020280454058177282,0.05218877386370515,-0.01087642425821264,0.3885980174805638,FALSE
1835,0.020202632521991937,0.05224659737914852,-0.010834688504094433,0.38667843525547474,FALSE
1836,0.0215178708396426,0.04913262344201696,-0.01154005189992326,0.43795485223858555,FALSE
1837,-0.0021515728837366616,0.12187023969771311,0.0011538903142333868,-0.017654620923643227,FALSE
1838,-0.0156735062268923,0.1586819293508582,0.008405714332055714,-0.0987731009511294,FALSE
1839,0.030358931891822927,0.15018226433233753,-0.016281520242812788,0.2021472510538382,FALSE
1840,-0.014802544722407806,0.1512513067940113,0.00793861695799446,-0.09786721871148754,FALSE
1841,0.03958991792027185,0.16932693160027906,-0.021232105672460082,0.23380756708997497,FALSE
1842,0.05372303251333013,0.10148197121702655,-0.028811706699294965,0.5293849919257041,FALSE
1843,0.007697095956113428,0.04531857770654517,-0.004127958917226856,0.1698441642620609,FALSE
1844,-0.025292016021051817,0.21033342177730202,0.013564129077255693,-0.12024725223093949,FALSE
1845,0.04208774049516116,0.1075496205687899,-0.0225716899819782,0.39133323086194793,FALSE
1846,-0.05853778983806836,0.13341258969442177,0.03139386502839188,-0.4387726073839637,FALSE
1847,-0.0500579091336577,0.14440205067109846,0.026846098004259945,-0.34665649761216727,FALSE
1848,-0.03848071375891225,0.12313375457831739,0.02063723856478517,-0.3125114952491534,FALSE
1849,-0.07324200272873795,0.12446800710465279,0.03927974654382652,-0.5884403906873517,FALSE
1850,-0.006946845131952346,0.12250229846859989,0.0037255987807012438,-0.05670787584228862,FALSE
1851,-0.13959038116858932,0.06697432619142928,0.07486243668903568,-2.084237186195876,TRUE
1852,-0.07184908467565394,0.03523395160919151,0.038532723441739886,-2.0392002995460383,TRUE
1853,-0.0028302329653673345,0.026872025578749615,0.0015178562764230827,-0.1053226507645736,FALSE
1854,-0.017947827544880047,0.02524438244569263,0.009625434732938852,-0.710963224530867,FALSE
1855,0.019382014350840623,0.038779946943031836,-0.010394590301271335,0.49979476195037126,FALSE
1856,0.008077237529997396,0.04791354622892642,-0.004331829157206992,0.16857941366738155,FALSE
1857,0.018236611075579116,0.02168514832277423,-0.009780309578919,0.8409723929084967,FALSE
1858,0.023918133651074033,0.0620137341237716,-0.012827314827737846,0.38569091168315156,FALSE
1859,-0.005986035835881571,0.17082094478042065,0.003210315961819446,-0.035042751013795385,FALSE
1860,-0.09850011574510677,0.09990644939594077,0.05282569341167494,-0.9859234948360486,FALSE
1861,0.034953153006585684,0.070759116981625,-0.018745404820389614,0.4939738439028635,FALSE
1862,0.027512682305501853,0.04619574482580567,-0.014755074239346312,0.5955674577657818,FALSE
1863,0.05101106687703831,0.10102164671121092,-0.02735727728911565,0.5049518448542311,FALSE
1864,0.053213939160693564,0.09711110781988785,-0.028538679513886434,0.547969643795945,FALSE
1865,-0.05864269576272602,0.0935826342641558,0.03145012616241303,-0.6266407889010179,FALSE
1866,0.002883117040546446,0.07689486417516872,-0.001546218049611258,0.037494273141293576,FALSE
1867,0.016410563002325542,0.025941903868651913,-0.008800998489353453,0.6325889990732715,FALSE
1868,-0.1578700786788426,0.11316789901778086,0.08466585355844954,-1.3950075953432532,FALSE
1869,0.01424911097439526,0.030682112718972754,-0.007641809981931213,0.4644110105750346,FALSE
1870,0.020409185020091355,0.06519297396783462,-0.01094546277938819,0.3130580456440135,FALSE
1871,0.020351584597845574,0.06596911426781313,-0.010914571625373584,0.30850171059178944,FALSE
1872,0.020852131470184925,0.05228562336774878,-0.011183015326341366,0.3988119511079043,FALSE
1873,0.02204725563772124,0.05155864074052218,-0.011823961404278263,0.4276151450283161,FALSE
1874,0.021448498002198255,0.04943549420105598,-0.011502847189916461,0.43386838442367787,FALSE
1875,0.023699697617917685,0.04840980689266346,-0.012710167402780095,0.48956397761440756,FALSE
1876,0.03398517497913689,0.09803447551745571,-0.018226277404950125,0.3466655459699542,FALSE
1877,0.17834773235493975,0.1902283163156399,-0.0956480361345924,0.9375456599164391,FALSE
1878,-0.042351705713548196,0.09398288860270032,0.022713254746571404,-0.450632092109705,FALSE
1879,-0.019879630480839103,0.10420187474897444,0.010661462242701614,-0.19077996944613282,FALSE
1880,0.004763440789010535,0.11853803174595051,-0.002554637228610951,0.040184915498002294,FALSE
1881,0.03820469579331438,0.09187780031427416,-0.020489209901910103,0.4158207495459476,FALSE
1882,0.013566441474595953,0.01724774884205842,-0.007275693765466857,0.786563023315504,FALSE
1883,-0.038680571304312274,0.11720014686079644,0.02074442233141781,-0.33003859073875413,FALSE
1884,0.03553582440894282,0.095486022327852485,-0.019057891974621186,0.37215734347934304,FALSE
1885,0.010523032980602679,0.116404129106025,-0.005643511277009601,0.09040085657973462,FALSE
1886,-0.023890632860651937,0.14088489535840956,0.012812566131125391,-0.16957554463077423,FALSE
1887,-0.06961613296079004,0.08394140240419141,0.03733518959317347,-0.8293420286877876,FALSE
1888,-0.04667937993351521,0.15177083494623064,0.025034190004365187,-0.3075648885377271,FALSE
1889,-0.07367144425913147,0.1752343815502423,0.039510056391192726,-0.4204166077877176,FALSE
1890,-0.11905629582456706,0.0796909462460893,0.06384998976278551,-1.4939751807804584,FALSE
1891,-0.03994497047149155,0.05960815341827793,0.02142252064886783,-0.6701259505757988,FALSE
1892,-0.002669865265127098,0.02763035448409173,0.0014318509463588187,-0.09662797727275926,FALSE
1893,0.002812925067018579,0.028960852101206008,-0.0015085740362464543,0.09712853258559478,FALSE
1894,0.008626934076965461,0.05758467587695515,-0.004626631869264048,0.14981301788342408,FALSE
1895,0.010273127484806757,0.07421668889052976,-0.005509486753251985,0.13842071963032068,FALSE
1896,0.01736041633528116,0.08607117750849737,-0.009310405616169583,0.2016983714852426,FALSE
1897,-0.049716313800713105,0.13303986479459223,0.026662900145125585,-0.37369486114160544,FALSE
1898,0.01830760807148014,0.061112119473188585,-0.009818385326447285,0.2995740980561498,FALSE
1899,-0.0012079286788974674,0.07703071624571495,6.478131479533521e-4,-0.015681130044856124,FALSE
1900,0.03224528475160709,0.10280493437844465,-0.017293172839192045,0.3136550297567043,FALSE
1901,-0.02257064552570996,0.11920203582345845,0.012104655833401676,-0.1893478191860558,FALSE
1902,0.02625925311643024,0.06824503988739081,-0.01408285913021401,0.3847789254685745,FALSE
1903,0.030457480917131612,0.08064197006089194,-0.016334372166463797,0.3776877089452735,FALSE
1904,-0.07600417127792675,0.19052103239754561,0.040761099817648104,-0.39892798354847603,FALSE
1905,0.024573664237693804,0.0993064912128625,-0.013178876422653757,0.24745274893481428,FALSE
1906,0.029201361053778352,0.08943241452549217,-0.015660714046492396,0.32651875954276827,FALSE
1907,-0.022456161931337048,0.14152216655989708,0.012043258187203374,-0.15867593379326075,FALSE
1908,0.021450525668080967,0.06440073662759306,-0.011503934628803726,0.33307888684755044,FALSE
1909,0.02008975757230673,0.053214752763396433,-0.010774153575370501,0.3775223322304974,FALSE
1910,0.020393359656251886,0.052172139975934166,-0.010936975623693111,0.39088601053471994,FALSE
1911,0.021097873317386374,0.04962763570542377,-0.011314806881919586,0.42512348246081366,FALSE
1912,0.022418229663855715,0.046256802296088306,-0.01202291508083014,0.4846471989213034,FALSE
1913,-0.0432478661665757,0.10242575377214068,0.023193866337544587,-0.42223624990630937,FALSE
1914,0.1542088016791723,0.20792347677356954,-0.08270230768018587,0.7416613269078173,FALSE
1915,0.016391265964424244,0.16959737136850964,-0.008790649471992242,0.09664811330600451,FALSE
1916,0.09352415643459887,0.12400359325923622,-0.0501570823244954,0.7542052127399369,FALSE
1917,0.06256056454854286,0.1412409210785751,-0.033551282427470644,0.44293512156961357,FALSE
1918,0.026046362005577195,0.07594617772739104,-0.013968685451666301,0.3429581683369328,FALSE
1919,-0.135012294349408,0.18524017168667212,0.07240720494750226,-0.7288499741717851,FALSE
1920,0.02802878692364819,0.1439695589630798,-0.015031861572237362,0.19468550939185703,FALSE
1921,0.005760474491729051,0.07071732643459276,-0.0030893472266906425,0.08145775274828833,FALSE
1922,0.0019953593823063597,0.11350052347635786,-0.0010701128844212667,0.01758017779294201,FALSE
1923,-0.05404421875493878,0.2058579973265187,0.028983959145892822,-0.26253154823622094,FALSE
1924,-0.07840621514667127,0.13561846280071857,0.04204931792797043,-0.5781382086735748,FALSE
1925,-0.017004707539960213,0.09758755985344213,0.009119638695508435,-0.17425077095377767,FALSE
1926,-0.11581996495395185,0.10178947873549637,0.06211434284443809,-1.1378382755541385,FALSE
1927,-0.06142508482971174,0.05731366731338829,0.032942323716626414,-1.0717353767268534,FALSE
1928,-0.005392594869727012,0.02945756258063858,0.0028920530816302294,-0.18306317282582557,FALSE
1929,0.015293305934727698,0.029198742289438046,-0.008201812601413188,0.523765913720869,FALSE
1930,0.02419125340856932,0.05244082364045826,-0.01297378917921427,0.4613057486363676,FALSE
1931,-0.06754758710621814,0.19867217010541868,0.03622582674324165,-0.3399952145807653,FALSE
1932,0.05891969273466909,0.07670948012705163,-0.03159867986719945,0.7680888025454241,FALSE
1933,0.087642346243209407,0.1004962275217697,-0.04700266266188257,0.8720958826461833,FALSE
1934,-0.03676910297913436,0.19791369471465262,0.01971930029020851,-0.18578352060046782,FALSE
1935,-0.01859744659742515,0.0985786665198353,0.009973825967249004,-0.18865589537755723,FALSE
1936,-0.014876586313778256,0.08675263230493355,0.007978325524587106,-0.17148282327027714,FALSE
1937,-0.02597728688443497,0.11719005104549383,0.01393164040715817,-0.22166802260671803,FALSE
1938,0.041396641389142445,0.07799613309014186,-0.022201052960737534,0.5307524841173783,FALSE
1939,0.02688101396772493,0.08939912143983898,-0.014416309988189342,0.30068543778491685,FALSE
1940,0.005188998840284557,0.03609057068295731,-0.002782864362918538,0.14377713463907363,FALSE
1941,0.011503437004597978,0.08507679959532727,-0.006169302764657888,0.1352123852720688,FALSE
1942,0.025922852650676932,0.026546093215050786,-0.013902447282644058,0.9765223244217158,FALSE
1943,0.005186999783345846,0.04663307868410494,-0.002781792267031564,0.11123005235152647,FALSE
1944,0.020684150573868985,0.052264985194003744,-0.01109292703293502,0.3957554086563108,FALSE
1945,0.020793808712064963,0.05224876229983653,-0.01115173678300096,0.3979770581499501,FALSE
1946,0.022396926690838537,0.0509280701056262,-0.012011490278809859,0.43977568057039473,FALSE
1947,0.02379428095801598,0.050224720944936026,-0.012760892526178064,0.4737563596242354,FALSE
1948,0.22715955554521916,0.3459557016679234,-0.12182585721844914,0.6566145736290409,FALSE
1949,0.037302267082002044,0.06997769846796284,-0.020005236638842676,0.5330593588910294,FALSE
1950,0.10248793714902076,0.3160130570189993,-0.05496436532358222,0.3243155144151496,FALSE
1951,0.02833828098652483,0.09012966889244722,-0.015197843493726295,0.31441678788747385,FALSE
1952,0.06872230982182073,0.11598366191817996,-0.03685583150565976,0.5925171587555195,FALSE
1953,0.05102296516292367,0.07989827889444302,-0.027363658349661115,0.6385990520563309,FALSE
1954,0.014632612586884865,0.019929347149693397,-0.007847482213390142,0.7342243816105125,FALSE
1955,0.040750545265798625,0.10164211352192144,-0.021854551076267128,0.40092186057317514,FALSE
1956,0.018465175161278893,0.04905603000936964,-0.009902888686819145,0.3764098961483852,FALSE
1957,0.021490061503901113,0.057062153863546884,-0.01152513773020123,0.3766079625260982,FALSE
1958,-0.02177590048736434,0.09738941095301351,0.011678433413067303,-0.22359618231873626,FALSE
1959,-0.0771544588496555,0.19271534731050796,0.04137799999222908,-0.40035451211543743,FALSE
1960,-0.04650458536895331,0.16172210022449027,0.024940447535052073,-0.2875586286871071,FALSE
1961,-0.0505605919364214,0.12756334504815417,0.027115687206478074,-0.39635674274091176,FALSE
1962,-0.0764459642023989,0.05693180989386579,0.04099803372785797,-1.3427636385513135,FALSE
1963,-0.017258060396630127,0.029565030272742206,0.00925551204174947,-0.5837322078625226,FALSE
1964,-0.004226838194870001,0.025664516026370262,0.002266856814267779,-0.16469580764846412,FALSE
1965,0.025039962960403818,0.03659122713396641,-0.013428952812694532,0.6843160211251854,FALSE
1966,0.023631024851652586,0.15861550259249244,-0.012673338141524817,0.1489830720542135,FALSE
1967,-0.005996774006811912,0.29491222922304383,0.003216074851756553,-0.020334097445231805,FALSE
1968,-0.016052697696103974,0.16805449548074336,0.00860907503011554,-0.0955207871719408,FALSE
1969,0.025341075116893475,0.1794484668438144,-0.013590439510866671,0.14121644816809412,FALSE
1970,0.04831685066626411,0.10699597083165782,-0.025912366910498225,0.45157635648059546,FALSE
1971,0.045923813466649935,0.06879453149650616,-0.024628979084267866,0.6675503483729989,FALSE
1972,0.055931137786987876,0.08431528658971582,-0.029995915380925282,0.6633570263379732,FALSE
1973,0.03761287222416224,0.07602382296729418,-0.02017181443306887,0.49475112873952004,FALSE
1974,-0.014340582171870767,0.0587461627764299,0.0076908660606706935,-0.2441109596629601,FALSE
1975,-0.007152045339080458,0.09119146196615291,0.0038356478212304207,-0.07842889218877802,FALSE
1976,-0.05331096754337096,0.17749298344198136,0.028590715915638595,-0.3003553521359179,FALSE
1977,0.015806364715078083,0.07671160124687201,-0.008476966448979136,0.20604920843993726,FALSE
1978,0.0030646439498843822,0.05797230626340258,-0.0016435710809870722,0.05286393016623984,FALSE
1979,-0.048943457935835245,0.11281882068042107,0.0262484169065972,-0.4338235202305128,FALSE
1980,0.02103995523971742,0.0518491658647331,-0.011283745369039224,0.4057915858204467,FALSE
1981,0.021710211357222425,0.05079131524411564,-0.011643204278328658,0.42743944024441527,FALSE
1982,0.024197322160440897,0.04482393786569463,-0.012977043855854336,0.5398303520976451,FALSE
1983,0.08624525933961279,0.25439197252446777,-0.04625340380182354,0.3390250819778427,FALSE
1984,0.06653183203850596,0.1365359344599241,-0.03568107646165648,0.48728440832573877,FALSE
1985,0.024051487056444106,0.09980332146829753,-0.012898832369155885,0.2409888438841592,FALSE
1986,0.030881772747006306,0.12460364143911584,-0.01656192022518933,0.24784005018100405,FALSE
1987,-0.0030029222711287534,0.09729407113788924,0.001610469693703061,-0.030864391180351433,FALSE
1988,0.022096063968314362,0.11071501748321648,-0.01185013735227938,0.1995760328689281,FALSE
1989,-0.06838926472188565,0.25145917573610305,0.03667721914354886,-0.2719696528141714,FALSE
1990,-0.08774191986180256,0.24191750656311392,0.04705606407575811,-0.36269355247720175,FALSE
1991,-0.05194365933186752,0.12891296086222473,0.027857427392739227,-0.4029358955410397,FALSE
1992,0.022648378011893504,0.05255788513854905,-0.012146343829930384,0.43092255238561433,FALSE
1993,0.012324615779677148,0.06895905270815636,-0.0066097016198304204,0.17872368160039143,FALSE
1994,-0.08799295444416666,0.13292391349201468,0.04719069412957459,-0.6619798660190123,FALSE
1995,0.014972756125393942,0.07373928490470348,-0.008029901473969897,0.20304992304636385,FALSE
1996,-0.14217453027032864,0.07153422892489288,0.07624831798618856,-1.9875034987740527,TRUE
1997,-0.06843170592927825,0.030051019227320702,0.03669998039811981,-2.2771841917116733,TRUE
1998,-0.004562331464087864,0.026344486562012742,0.0024467821315866446,-0.173179744966694,FALSE
1999,0.01543671694707691,0.030189053430329075,-0.00827872404575932,0.5113349109372404,FALSE
2000,0.051410354098519885,0.06254975218154706,-0.027571415355712118,0.8219113954169521,FALSE
2001,-0.005325387980824285,0.10731708778005951,0.002856009971614855,-0.049622926702394085,FALSE
2002,-0.003711610148714737,0.11283089998820105,0.001990539587659379,-0.032895334071631685,FALSE
2003,-0.002254104553808208,0.12028584891120472,0.0012088781335594324,-0.018739565578260106,FALSE
2004,-0.02674399595453165,0.09088291174598619,0.014342827114569625,-0.29426869629001284,FALSE
2005,0.05614740281827676,0.06157391790664388,-0.030111898495788783,0.9118699073754799,FALSE
2006,0.062213118737830315,0.10994578597641967,-0.033364946952278235,0.5658526898991227,FALSE
2007,-0.11463359825115177,0.08422830536627687,0.06147809340207081,-1.3609866392616334,FALSE
2008,-0.029910410652257614,0.12982564663304677,0.016040977931662474,-0.2303890751016217,FALSE
2009,0.010836561736779196,0.0997588357245409,-0.005811657007846951,0.10862758830407418,FALSE
2010,-0.04659705232933224,0.156924599355157,0.02499003764225892,-0.2969391193019536,FALSE
2011,-0.07257357290047217,0.09699803132654004,0.03892126707496417,-0.7481963490182199,FALSE
2012,0.019306071691185436,0.06673464899259125,-0.010353862190187755,0.2892960700719166,FALSE
2013,-0.05988905226573056,0.12647325440886678,0.03211854818416721,-0.4735313608054974,FALSE
2014,0.02090142675482489,0.05213592956957734,-0.011209452428199913,0.4009025431671101,FALSE
2015,0.021046081771201493,0.05185949945442227,-0.011287031032933185,0.4058288643857477,FALSE
2016,0.022704532623390568,0.050703806668069326,-0.012176459594446559,0.44778753540192723,FALSE
2017,0.021182121081296943,0.051407944660251954,-0.01135998902727336,0.4120398358908661,FALSE
2018,0.02036567684399593,0.04201184794100329,-0.01092212930862085,0.48476031981728573,FALSE
2019,-0.0018810121091115347,0.09217656460207047,0.0010087883473833402,-0.020406619808754335,FALSE
2020,0.09916393271309558,0.14619511143066818,-0.053181698999761634,0.6782985541901875,FALSE
2021,0.066553985431515,0.10838213914561774,-0.03569295734462064,0.6140678340191812,FALSE
2022,0.05576939675695415,0.13739021737666682,-0.029909173532958726,0.40591970681622597,FALSE
2023,0.04985767044378562,0.14816868452672108,-0.026738709829532206,0.3364926307002083,FALSE
2024,0.014882903389930568,0.024389969525840587,-0.007981713377743987,0.610205903462179,FALSE
2025,0.02311399083846785,0.22030587639129778,-0.012396052373307214,0.10491772265490448,FALSE
2026,-0.008560879288011398,0.16069446567714019,0.004591206631402502,-0.053274263378874025,FALSE
2027,0.013980647652319425,0.07527579178342389,-0.0074978328806153465,0.18572568047564575,FALSE
2028,-0.018541695533419444,0.09847761448532548,0.009943926625585678,-0.18828335383959177,FALSE
2029,-0.08210503770416483,0.09810836747751839,0.04403299951989839,-0.8368810919515022,FALSE
2030,-0.06484120185813948,0.07734243551020352,0.03477439009986912,-0.8383651410820286,FALSE
2031,-0.01757908480900742,0.12222307609766261,0.009427677699196916,-0.14382787089207943,FALSE
2032,-0.05997393431759099,0.04745841173964194,0.03216407049867226,-1.2637155800031727,FALSE
2033,-0.016703735352363844,0.031029207377371384,0.008958227062769346,-0.5383229790312126,FALSE
2034,0.002368103158133759,0.07883262097969512,-0.0012700156791948503,0.03003963497222438,FALSE
2035,0.026417034867137177,0.07853554895809207,-0.014167477613408188,0.3363704108216492,FALSE
2036,0.028224312935979396,0.2089005966679129,-0.015136722334108385,0.135108819152141,FALSE
2037,-0.021402097653198664,0.10315409569549329,0.011477962644432372,-0.20747695483053613,FALSE
2038,0.03558264909609669,0.06824561699947376,-0.019083004093007814,0.5213909795316388,FALSE
2039,-0.0433409397138269,0.064124244780561307,0.02324378175779193,-0.6758900609612376,FALSE
2040,-0.030540518578024884,0.14034576856651834,0.01637890533257014,-0.2176091156146962,FALSE
2041,0.025084593228856894,0.06702279704199751,-0.01345288806251986,0.37426956701222874,FALSE
2042,-0.013460258089606877,0.11844859682465984,0.007218747528415096,-0.1136379699755513,FALSE
2043,-0.031194176247248014,0.11016529466462711,0.016729462480339647,-0.28315792502721937,FALSE
2044,-0.10655934551457637,0.1788725341623189,0.05714786499204076,-0.5957278238026106,FALSE
2045,0.014175924184278467,0.08126947710762472,-0.007602559845956766,0.17443109871994586,FALSE
2046,-0.04376376045548645,0.09947329009504424,0.023470540870692915,-0.43995489054067954,FALSE
2047,-0.034070487586918434,0.13444710934089651,0.018272030626951208,-0.2534118268064152,FALSE
2048,0.015455672064069781,0.053254526917246206,-0.008288889690654997,0.29022269014025437,FALSE
2049,-0.053613391773602484,0.08825656029300853,0.028752906280041957,-0.6074720292248871,FALSE
2050,0.01961719605141205,0.05551108679843374,-0.010520718441491715,0.3533923974978915,FALSE
2051,0.02113665158089536,0.05360907252398577,-0.011335603696661041,0.3942737784064143,FALSE
2052,0.020518380721886564,0.054015013241181416,-0.011004024524430535,0.37986440233329816,FALSE
2053,0.021627503609274887,0.05272689397785765,-0.011598848044807543,0.41017973898400367,FALSE
2054,0.02183621116145795,0.05251654323731224,-0.011710778077385919,0.4157968102124368,FALSE
2055,0.02321633956575989,0.046092054682599415,-0.012450942080269542,0.5036950451793263,FALSE
2056,0.009859136544907224,0.03888356126798349,-0.005287463070326209,0.25355539007753347,FALSE
2057,0.05285338239831266,0.07471584550113819,-0.028345312624487768,0.7073918797788016,FALSE
2058,0.09766711545686442,0.1394575289766091,-0.052378954669231245,0.7003359099618487,FALSE
2059,0.0456693375982255,0.08309915963028223,-0.02449250346589554,0.5495764072875545,FALSE
2060,0.0517019897573472,0.0820345324175914,-0.02772781980036262,0.6302466563003202,FALSE
2061,0.03075632626114002,0.11926012535557136,-0.016494643171230398,0.25789278830154444,FALSE
2062,0.03542369400136015,0.2293870212752091,-0.018997756344441657,0.1544276297954114,FALSE
2063,0.022636404002334628,0.17242055536396214,-0.012139922158716286,0.13128599403099878,FALSE
2064,-0.0436158469609073,0.11110711901391339,0.023391214741408886,-0.39255672676964565,FALSE
2065,0.0010147755746439408,0.08118264454522554,-5.442249786438458e-4,0.012499907835333274,FALSE
2066,-0.06092875357714047,0.105676841133596,0.03267614085602135,-0.5765572941389753,FALSE
2067,-0.08633339520687625,0.14680114587078982,0.04630067114021611,-0.5880975566966244,FALSE
2068,-0.010476303804280735,0.0741289630711165,0.005618450381161002,-0.14132537904557183,FALSE
2069,-0.08354317663840533,0.08222622762950195,0.04480427461789091,-1.0160161671874008,FALSE
2070,-0.0037934062506114327,0.02581027531000156,0.0020344069046506243,-0.14697271551929073,FALSE
2071,-0.0315867562619382,0.033494304348025736,0.01694000346639534,-0.9430485832377058,FALSE
2072,0.022021954292327943,0.04671465097383539,-0.011810392271850968,0.47141429579902705,FALSE
2073,0.01710520786907041,0.04073392562245135,-0.009173537104999506,0.4199253474269251,FALSE
2074,0.06773246624753652,0.08763329200447104,-0.03632497757939672,0.772907929147302,FALSE
2075,0.04300645018061768,0.08921081513416189,-0.023064394744923347,0.4820766418952833,FALSE
2076,-0.005597641640035068,0.08053973206320336,0.0030020198338661075,-0.06950161735877557,FALSE
2077,0.04274190459613049,0.08462484212436841,-0.022922518729511385,0.5050751472400397,FALSE
2078,0.06874136511791092,0.13246053187516174,-0.03686605087668805,0.5189573387995803,FALSE
2079,0.01977590043366972,0.14372206920253053,-0.010605831732748426,0.13759821677631068,FALSE
2080,0.038524460260992384,0.07955459377132183,-0.020660699849974908,0.48425186321396113,FALSE
2081,-0.036012156576302884,0.10623506663888961,0.019313349309313013,-0.33898558842829274,FALSE
2082,-0.05625907434896634,0.1220284523488114,0.030171788029911623,-0.46103243355207824,FALSE
2083,-0.10928428651486713,0.20415153206557946,0.05860925310064726,-0.5353096565533577,FALSE
2084,0.06549168727099515,0.07986729005091864,-0.03512324596392924,0.8200063784465648,FALSE
2085,-0.007955741958039863,0.06042741727830542,0.004266670981639837,-0.13165781885727101,FALSE
2086,0.022592847215881364,0.10937287017878625,-0.012116562618173897,0.2065671969561555,FALSE
2087,-0.02541600941186139,0.1053725605001844,0.013630626835135797,-0.24120140282457037,FALSE
2088,-0.021562798970186096,0.08983173733654176,0.011564146893433644,-0.24003542188440766,FALSE
2089,0.018861049432788757,0.05314974368031986,-0.0101151963855275,0.3548662350327114,FALSE
2090,0.020168116198006198,0.05185258346105371,-0.01081617737103864,0.3889510387299101,FALSE
2091,0.02006399901671048,0.051931638901285944,-0.010760339240733817,0.38635405007820095,FALSE
2092,0.01996468966333269,0.051848416826458785,-0.010707079552511498,0.3850588096094865,FALSE
2093,0.02085490552233955,0.05104734106102619,-0.011184503052802596,0.40854048592673775,FALSE
2094,0.018771113610700694,0.03649819658352142,-0.01006696372987616,0.514302496227325,FALSE
2095,-0.013444807462677217,0.08587011119413089,0.007210461344434191,-0.15657144582335364,FALSE
2096,0.06914381274287144,0.10646587542656799,-0.03708188387028002,0.649445772796576,FALSE
2097,0.030800154666414465,0.08662727345480047,-0.01651814838117088,0.35554800974412604,FALSE
2098,0.09735273919207456,0.15490624456000734,-0.05221035441882472,0.6284623287369296,FALSE
2099,0.024835351756393502,0.1312511516711218,-0.013319219655023804,0.18922006733033364,FALSE
2100,0.05102495351091992,0.09536101924046057,-0.027364724702333403,0.5350713941328201,FALSE
2101,0.01679027935584356,0.17351788566187093,-0.009004640683300199,0.09676396926920994,FALSE
2102,0.017829559449174207,0.0875807567725191,-0.009562007455550607,0.20357850407121314,FALSE
2103,0.02785470484973282,0.07571993931383383,-0.014938501212246328,0.367864859667734,FALSE
2104,0.011365265678359332,0.05672084426495163,-0.006095201368299581,0.2003719413143863,FALSE
2105,-0.07765315603620326,0.15418643010808217,0.04164545170517944,-0.5036315840620323,FALSE
2106,-0.017143322915019236,0.0842012386145701,0.00919397823561579,-0.20359941489094405,FALSE
2107,-0.027890714550307776,0.06455028525627816,0.014957813244400089,-0.43207732451647257,FALSE
2108,-0.04327771993337058,0.04022223345982677,0.023209876937328764,-1.0759651120964124,FALSE
2109,-0.01711306811566802,0.03338022951854391,0.009177752561740492,-0.5126707743624441,FALSE
2110,-0.004309698994983718,0.02781239114205674,0.0023112951297919993,-0.15495607597962946,FALSE
2111,0.010487480324647396,0.06036182260049132,-0.005624444358262779,0.1737435993949267,FALSE
2112,8.059878101613842e-4,0.037357510549860196,-4.3225192814301495e-4,0.021574987152467005,FALSE
2113,0.08938958823093589,0.15158528162015575,-0.04793970998270493,0.5896983353234083,FALSE
2114,0.07440126714404646,0.08603502963755985,-0.03990146100703206,0.8647787704319625,FALSE
2115,0.017780195023284682,0.1797516510148809,-0.009535533273182826,0.09891533637047224,FALSE
2116,-0.002619206975965019,0.15508111709387565,0.0014046828640495459,-0.016889270757441913,FALSE
2117,-0.026312833643214607,0.0977236335861567,0.014111594410973186,-0.2692576266110312,FALSE
2118,0.022727457757209274,0.08763650164420414,-0.012188754362644216,0.2593378025229783,FALSE
2119,0.0462347461254673,0.14785800080578584,-0.024795732525947745,0.31269695162588784,FALSE
2120,0.009087204015395357,0.07954877780618903,-0.00487347501731706,0.1142343636948795,FALSE
2121,0.06309019973260496,0.15144017034513302,-0.03383532621403534,0.4166014841955211,FALSE
2122,-0.08933703054472428,0.10310868612401168,0.047911523252189545,-0.8664355439198997,FALSE
2123,-0.07863834101336238,0.08360248580607747,0.042173807221957405,-0.9406220431742925,FALSE
2124,0.08794871128842813,0.13244007524375886,-0.047166966488617734,0.6640641899859736,FALSE
2125,0.0018793037773593175,0.09190857377836921,-0.001007872167653952,0.020447534980698547,FALSE
2126,0.015604341766654739,0.03762746182603544,-0.008368621374916983,0.4147062015184261,FALSE
2127,0.019824173936398758,0.057556512802391394,-0.010631720852124393,0.3444297260409267,FALSE
2128,0.05472682128558721,0.15847832348172633,-0.02935003944674626,0.34532685658993356,FALSE
2129,0.021116407139809747,0.051155820096084915,-0.011324746586189753,0.41278601535753384,FALSE
2130,0.02044970118634477,0.05140529498174403,-0.010967191632806576,0.3978131278812277,FALSE
2131,0.020840123193036655,0.051138768048961745,-0.01117657527739078,0.4075210254006063,FALSE
2132,0.019077328679366547,0.0392840449404856,-0.01023118712406218,0.4856253654191733,FALSE
2133,-0.018705647369091867,0.12436481236279895,0.010031854130441864,-0.15040948491542339,FALSE
2134,0.09747946001110869,0.12034376293609818,-0.05227831489871386,0.8100084095165755,FALSE
2135,0.09845389197690844,0.12892518716547532,-0.052800903566620386,0.7636513402966248,FALSE
2136,0.035041066720169246,0.10535996531482479,-0.018792553017580215,0.3325842659065374,FALSE
2137,0.035823702219836044,0.1096948490460834,-0.01921228108232155,0.32657597445424547,FALSE
2138,0.02813621380056176,0.10354315524434672,-0.015089474695035058,0.2717341743562325,FALSE
2139,0.010521708514830919,0.04645930632379756,-0.005642800964922514,0.2264714940317878,FALSE
2140,-0.01675038608435027,0.13400795793742123,0.008983245888856031,-0.12499545804714322,FALSE
2141,0.04003650301912637,0.08414400583962954,-0.021471609629748412,0.47580932972732637,FALSE
2142,0.013972048970656107,0.042899888742224813,-0.007493221400538852,0.3256896318452202,FALSE
2143,-0.011790501516949123,0.08131085392526083,0.006323255699678544,-0.14500526003314018,FALSE
2144,-0.0362542598032118,0.08958625231387274,0.019443189469823718,-0.4046855278217471,FALSE
2145,-0.03542342767565771,0.07254778932265211,0.01899761351374752,-0.4882771481583547,FALSE
2146,-0.024135220929945744,0.0446373283061012,0.012943738914659,-0.5406959118260412,FALSE
2147,-0.0470062500069054,0.032470834629319385,0.02520949069464097,-1.4476452651593172,FALSE
2148,-0.011815820128750758,0.045197252533964546,0.0063368340920948885,-0.261427840550075,FALSE
2149,-0.024360166770851982,0.04203338304357069,0.013064377554888562,-0.5795433297767367,FALSE
2150,0.04106019945979046,0.12742160540138514,-0.02202061887620537,0.3222389117642063,FALSE
2151,0.007950963775098064,0.043905232437393714,-0.004264108438182512,0.18109376340133654,FALSE
2152,0.017422296844233243,0.04132724716450528,-0.009343592184219108,0.42156925611045115,FALSE
2153,0.038470963851425094,0.09248365948537995,-0.02063200968134871,0.41597579578375876,FALSE
2154,0.05071650739654354,0.14175783681114196,-0.027199304796490516,0.3577686323198556,FALSE
2155,-0.05561583212167368,0.1343634974259675,0.029826816692250093,-0.41392069414029103,FALSE
2156,0.03972463102091005,0.11089021386546821,-0.0213043524195732,0.3582338750748907,FALSE
2157,-0.058145645556786606,0.11417220207314746,0.031183557726522943,-0.509280231973927,FALSE
2158,0.054750248114690724,0.11034345332243914,-0.02936260327453944,0.49618030310056344,FALSE
2159,0.024259522720082142,0.0574285238796497,-0.013010402067352744,0.4224298498586121,FALSE
2160,0.059527654395003606,0.05196480269492331,-0.031924730207668006,1.1455379662361183,FALSE
2161,-0.13723413163384635,0.19078794331066984,0.07359877811785358,-0.7193019079323106,FALSE
2162,-0.06405086582430723,0.12040045670762083,0.034350532232296054,-0.5319819174760081,FALSE
2163,-0.08744180811078665,0.1391097892169197,0.04689511389586763,-0.6285812709732095,FALSE
2164,0.08768210193352208,0.11418551726896708,-0.04702398367142596,0.7678916208522707,FALSE
2165,0.08704615937710745,0.13027873823751962,-0.04668292715328411,0.6681532271091538,FALSE
2166,0.045291922822921084,0.04525613409955923,-0.024290095610245303,1.0007908038119897,FALSE
2167,0.01931436055633675,0.033791409152621,-0.010358307515413029,0.5715760615102566,FALSE
2168,0.020433012087692264,0.05177190293907718,-0.010958241255418026,0.3946737695104023,FALSE
2169,0.02087321093950565,0.051467253156582814,-0.011194320263144679,0.40556294846358837,FALSE
2170,0.0204897608885151,0.051568301862022596,-0.010988675684160272,0.39733247263673727,FALSE
2171,0.02067870399391411,0.051147195728968156,-0.011090006027607647,0.4042979033198949,FALSE
2172,0.019111509287460225,0.05279743681335407,-0.010249518212407839,0.36197797546539884,FALSE
2173,0.03527643910782698,0.04985959827366814,-0.018918783423442446,0.7075155101371361,FALSE
2174,0.08618752915657943,0.10490694776207275,-0.0462224430569914,0.8215616886695755,FALSE
2175,0.06818438781219247,0.23344774302780252,-0.036567343487701,0.2920755922839315,FALSE
2176,0.009174482355707609,0.12288064400053442,-0.004920282463297588,0.07466173725186294,FALSE
2177,0.10139569418165313,0.1566017083349582,-0.05437859451825109,0.6474750196516124,FALSE
2178,0.02773498424010137,0.06962122114341268,-0.014874294950440346,0.3983696893648289,FALSE
2179,0.0230431868659037,0.11393332316662823,-0.012358080144353887,0.202251511897032,FALSE
2180,0.007931009914978868,0.15606779813100363,-0.004253407166523464,0.05081772159251944,FALSE
2181,0.003485827722096857,0.08569870274354509,-0.0018694522858218414,0.04067538493001766,FALSE
2182,-0.02048260169537657,0.12227392991340176,0.010984836202968293,-0.16751405397604371,FALSE
2183,-0.006064525719813834,0.10154370189791163,0.00325241015138622,-0.059723307368790716,FALSE
2184,0.022733659802161528,0.055205892551873297,-0.01219208052447352,0.41179770403676064,FALSE
2185,0.001827569880307285,0.03723259877351443,-9.80127235945102e-4,0.04908520867491352,FALSE
2186,9.445692963361288e-6,0.0519975305850101,-5.065732936137454e-6,1.816565682464217e-4,FALSE
2187,-0.06648846944817445,0.053481898531847406,0.03565782106865455,-1.2431957591891,FALSE
2188,-0.04123898238106838,0.030530288348847887,0.022116500304518717,-1.3507564000005459,FALSE
2189,-0.022114403859715515,0.06255006550116853,0.01185997305118219,-0.35354725342857374,FALSE
2190,-0.03659843712485737,0.11160070585230923,0.019627772051630517,-0.3279409108154855,FALSE
2191,0.014822915907552433,0.04578434403598566,-0.007949542041409258,0.32375512240389187,FALSE
2192,0.028894734199171015,0.04037751295407083,-0.01549626981116592,0.7156145112760808,FALSE
2193,0.0830382633454358,0.0827926982953359,-0.04453348920193355,1.0029660230328998,FALSE
2194,0.03362131428932539,0.11337139985476845,-0.018031138616542177,0.2965590469236079,FALSE
2195,0.07016464997247902,0.08736231602268302,-0.03762935971948635,0.803145488430747,FALSE
2196,0.053840644845264914,0.06063144741374879,-0.02887478229003129,0.8879986729964822,FALSE
2197,-0.027277211211389103,0.14505095803288803,0.01462879089713075,-0.18805260979527225,FALSE
2198,-0.029448673654212883,0.13084895575314642,0.015793347998326584,-0.22505853015571164,FALSE
2199,-0.018108111858016824,0.07515090504503856,0.009711395342430673,-0.2409566704108817,FALSE
2200,0.0029036645276653106,0.0987605222775632,-0.0015572376839204226,0.029401064926577212,FALSE
2201,-0.11579276215064825,0.08454976549237411,0.062099753958563354,-1.3695219788763586,FALSE
2202,-0.04147246109495911,0.10242228349624698,0.02224171513157598,-0.40491638810687886,FALSE
2203,-0.12319478259809873,0.12243377851849253,0.06606946363683236,-1.006215638272499,FALSE
2204,0.034035170837479846,0.09261859053258009,-0.018253090225064092,0.3674766657727038,FALSE
2205,-0.01247129354619224,0.08754142036523814,0.006688365027133274,-0.14246163123878752,FALSE
2206,0.021788534602788786,0.044313805922430095,-0.011685209099602195,0.49168727779620014,FALSE
2207,0.02005410666400165,0.05204878071877194,-0.01075503396380735,0.3852944562209298,FALSE
2208,0.018996336716074667,0.05302122554455709,-0.010187751067268724,0.3582779636074395,FALSE
2209,0.020182228705849244,0.051702129857581186,-0.010823745920648426,0.3903558472628354,FALSE
2210,0.020464795813575163,0.051357340413737865,-0.010975286893854793,0.39847849691416104,FALSE
2211,-0.010808196890680397,0.0577610535381939,0.005796444917461575,-0.18711910930664705,FALSE
2212,0.02048896653349774,0.05114672613330075,-0.010988249670908513,0.40059194561345984,FALSE
2213,0.05904933855424783,0.22297150443477515,-0.031668209027296015,0.2648290807560177,FALSE
2214,0.05051954885479092,0.11014079539560577,-0.027093675767907863,0.4586815327902242,FALSE
2215,0.01941454296640193,0.11850972052101504,-0.010412035424657733,0.16382236732183666,FALSE
2216,0.06784194518273981,0.19120818600160713,-0.0363836912227497,0.3548066984023874,FALSE
2217,0.03080364320857148,0.09109948849086862,-0.016520019289210392,0.33813190083563527,FALSE
2218,0.01800596952193652,0.02077223675039476,-0.009656616323245628,0.8668286298823514,FALSE
2219,0.029238117770203957,0.07806447639914188,-0.015680426703863718,0.37453806287907615,FALSE
2220,0.02710438512549565,0.13238232151695445,-0.014536104124553015,0.20474323772924877,FALSE
2221,0.020638028893218394,0.07131896735441973,-0.011068191937516613,0.28937644022042097,FALSE
2222,-7.656055396312213e-4,0.0535976686225054,4.1059488311157624e-4,-0.01428430674892727,FALSE
2223,0.004437152631408419,0.021706505619899952,-0.002379648620252835,0.20441579631041834,FALSE
2224,-0.01735306908923806,0.05269246794948181,0.009306465282049597,-0.32932731687335426,FALSE
2225,-0.008523717614653155,0.065787685110796107,0.004571276795293807,-0.12956403011137974,FALSE
2226,-0.06685124868315147,0.029004119402531947,0.03585237987194174,-2.3048880662557063,TRUE
2227,-0.01893821222856972,0.04526262888234548,0.010156578856622875,-0.41840725331701845,FALSE
2228,-0.06340246057481973,0.11825660599215841,0.034002791961568,-0.5361430766838001,FALSE
2229,0.05441480992887082,0.1429517738497972,-0.02918270749849239,0.3806515194840866,FALSE
2230,0.007785946617069849,0.04391696654200478,-0.004175609600067214,0.17728789645848853,FALSE
2231,0.02484235226248215,0.022624491502088423,-0.013322974032219893,1.0980291981452488,FALSE
2232,0.06606927189767478,0.2167462961964902,-0.0354330050761645,0.3048230722142538,FALSE
2233,-0.014062728297982921,0.17012911678474749,0.007541852798663692,-0.08265915067187184,FALSE
2234,0.07459883051400944,0.06405921446100239,-0.04000741440548337,1.1645292740738071,FALSE
2235,0.07058818081134467,0.10595967587957406,-0.03785649965810533,0.666179659624195,FALSE
2236,-0.04030189080705303,0.11212397240814999,0.02161393731956042,-0.3594404474035884,FALSE
2237,-0.005767912460271242,0.09428503387954071,0.0030933362153618056,-0.061175270591092665,FALSE
2238,0.049761605185039165,0.1251332121531789,-0.02668718995193952,0.39766904668062586,FALSE
2239,-0.07164110497208902,0.12017562711900137,0.03842118375497644,-0.5961367266354927,FALSE
2240,-0.0631180798332456,0.07955844800332168,0.03385027833503122,-0.7933548405897805,FALSE
2241,-0.029302762843327286,0.1179240606459631,0.015715095909961153,-0.24848841434744479,FALSE
2242,-0.10687117157272681,0.12087217177552294,0.05731509756452071,-0.8841668847582386,FALSE
2243,0.0320918859136805,0.04996683622395047,-0.017210904915741204,0.6422637160745027,FALSE
2244,0.020813120824146592,0.07035386403530637,-0.01116209388465753,0.2958347932915488,FALSE
2245,0.018850795272278786,0.11729388284471148,-0.010109697070778516,0.1607142232407453,FALSE
2246,0.019102274450268335,0.030899864899738155,-0.010244565561596058,0.6181992870276338,FALSE
2247,0.020337073511725413,0.048067567500144695,-0.010906789317904649,0.4230934613378177,FALSE
2248,0.02115882577588955,0.05127627077137381,-0.011347495735747015,0.4126436158009752,FALSE
2249,0.02024974524466955,0.052181419733376755,-0.010859955096170297,0.38806428319000347,FALSE
2250,0.020298603439609143,0.051843347856151197,-0.010886157786461601,0.3915372806542377,FALSE
2251,0.019843496814267152,0.041852636535207946,-0.010642083727481296,0.47412776008923807,FALSE
2252,0.13586531920813072,0.1545358334665072,-0.07286468288363009,0.8791832687632091,FALSE
2253,0.037107908546387514,0.1620745204659347,-0.019901001995698865,0.22895584352006126,FALSE
2254,0.016149848158639676,0.09161701946681099,-0.008661176903396519,0.17627563363911974,FALSE
2255,-0.0033483943265608263,0.0768814238326199,0.001795746642308702,-0.04355270960968001,FALSE
2256,0.1454437456351734,0.08849247661791147,-0.07800160088594602,1.6435718740606997,FALSE
2257,0.024397091668354194,0.17247847107969125,-0.013084180407910146,0.14145006919200867,FALSE
2258,0.041993481860727676,0.17110110649424312,-0.022521138998496396,0.245430802413546,FALSE
2259,0.020517785156079313,0.06312640135937955,-0.011003705121996311,0.32502700477524854,FALSE
2260,0.03036547331444787,0.11017922040329192,-0.0162850284131682,0.27560072764447163,FALSE
2261,0.05549014160209955,0.06883459162842465,-0.029759408762812134,0.8061374417914812,FALSE
2262,0.007159903436119313,0.03476163933296367,-0.00383986212516127,0.20597139759544483,FALSE
2263,0.008998192194950258,0.02419244192098989,-0.004825737904509845,0.37194228777472976,FALSE
2264,-0.0010300072735579847,0.04129234809287633,5.523937513491937e-4,-0.024944265006224712,FALSE
2265,-0.01443293561986963,0.053395321422048905,0.007740395291094378,-0.2703033755670911,FALSE
2266,-0.0585619878068001,0.042730509777599984,0.03140684241900446,-1.370495884827923,FALSE
2267,-0.029014051717534847,0.03681137704409738,0.01556025989479222,-0.788181645114175,FALSE
2268,-0.01837359278322728,0.05976366523741039,0.00985377298184489,-0.30743751592608015,FALSE
2269,-0.0023877923888960036,0.13164517878243193,0.0012805750299112449,-0.018138092188262157,FALSE
2270,0.0085025002700422209,0.035160499703599114,-0.004559897915858504,0.24181966529821203,FALSE
2271,0.029294607353353853,0.03670702466223402,-0.015710722113953912,0.7980654281547798,FALSE
2272,0.03236865654613534,0.07116986089936207,-0.017359337234473186,0.45480848405628227,FALSE
2273,0.03675498247292863,0.06848177215408216,-0.019711727451070207,0.5367119062022943,FALSE
2274,0.02203794653065799,0.06535621675742981,-0.011818968922473142,0.33719740254323516,FALSE
2275,0.03532784647394263,0.06993116778031322,-0.018946353236340474,0.5051802736216855,FALSE
2276,-0.002130977151334824,0.08653193166486245,0.0011428448059391245,-0.0246264830835868,FALSE
2277,0.026527785248717704,0.06793803211864756,-0.014226873134503193,0.3904703215776011,FALSE
2278,0.03730428103354999,0.11692284894204666,-0.020006316722720883,0.3190503940939724,FALSE
2279,-0.07806611168561849,0.07259294732130946,0.04186692016096358,-1.075395263124995,FALSE
2280,0.015186703592998124,0.0542513586226703,-0.00814464167751554,0.2799322261885618,FALSE
2281,0.0036030273517730737,0.07160610312579477,-0.0019323065439961038,0.05031732205065562,FALSE
2282,0.026847659825827278,0.08496631522843728,-0.014398422134347073,0.31598004166293026,FALSE
2283,0.07213292413355837,0.06987444114277126,-0.038684946777397644,1.032322018664485,FALSE
2284,0.0240694005476319,0.057501418944940826,-0.012908439389272166,0.4185879407720183,FALSE
2285,0.019650656750609626,0.04722112657882693,-0.010538663442101921,0.4161412099689424,FALSE
2286,0.019069824108069323,0.04281334670881909,-0.010227162416278496,0.4454177394205239,FALSE
2287,0.02281071616054774,0.0504262227957565,-0.012233405913106196,0.45235821554469713,FALSE
2288,0.019644683649433014,0.052809018374359536,-0.01053546006300855,0.37199486478186716,FALSE
2289,0.17193183613589225,0.20543266590650727,-0.09220718569431904,0.8369254975941299,FALSE
2290,5.289830670075886e-4,0.0694494258175014,-2.8369405564986414e-4,0.007616809797645351,FALSE
2291,0.004570863435421387,0.119870876487782,-0.002451357834858184,0.03813155930237382,FALSE
2292,0.03566030800551362,0.10580108632686712,-0.01912465263025583,0.3370504901560547,FALSE
2293,0.019290881747117173,0.10519995582982114,-0.01034571581064068,0.183373477630765,FALSE
2294,-0.03296193059722351,0.07581236906181568,0.017677510597974466,-0.4347830176675669,FALSE
2295,0.04080741726360359,0.09351563474766622,-0.02188505157565262,0.43636999709957036,FALSE
2296,0.011181782918348872,0.13623147001129163,-0.005996799412593026,0.08207929428803831,FALSE
2297,-0.001487069905685208,0.06192234783783097,7.975168183836129e-4,-0.024015076262607318,FALSE
2298,0.020563355496690992,0.10836995977520554,-0.011028144533296574,0.18975143609304704,FALSE
2299,0.002742819698557552,0.08229158143905643,-0.001470976469250512,0.03333050174262153,FALSE
2300,0.006063721312319489,0.0228469986931803,-0.003251978746982754,0.2654055963214755,FALSE
2301,-0.010759727014162343,0.08836137697267023,0.005770450482660399,-0.12176957153452099,FALSE
2302,0.01399747175982667,0.058516936213198166,-0.007506855663364178,0.2392037701500445,FALSE
2303,-0.027922867680000556,0.0637801948269909,0.014975056994405135,-0.437798406789814,FALSE
2304,-0.06803573034333,0.033669709044886365,0.03648761836439449,-2.02068067332061,TRUE
2305,-0.011571952114077882,0.03545348097871148,0.00620604747444908,-0.32639819263520037,FALSE
2306,-0.03697712718768509,0.03416156333412668,0.019830863845032583,-1.082419057524388,FALSE
2307,0.04338723100511027,0.07736197621755145,-0.023268607815532756,0.5608340573294044,FALSE
2308,0.008807126294400783,0.04402729687597121,-0.004723269104270353,0.20003786103905577,FALSE
2309,0.015463973338889983,0.0308687158468013,-0.008293341671195942,0.5009593990121362,FALSE
2310,0.03551970524631254,0.03022847959735716,-0.01904924725439199,1.1750410777992943,FALSE
2311,-0.02165112009720418,0.05575098319809056,0.011611513586785603,-0.3883540496546027,FALSE
2312,-0.0035193462819102096,0.08347423668914139,0.0018874283171280688,-0.04216086808935167,FALSE
2313,-0.00866213862882844,0.054990596037337976,0.004645512099498717,-0.1575203626261288,FALSE
2314,0.028865043483165813,0.10701557660166083,-0.015480346655654889,0.26972749575147215,FALSE
2315,2.8957675039723024e-4,0.0553084104546817,-1.5530025035928065e-4,0.005235672983849392,FALSE
2316,0.021754410687075277,0.08710350732230668,-0.011666908415426834,0.24975355592258802,FALSE
2317,-0.0840516220371747,0.24540017158207958,0.04507695430510541,-0.34250840777860564,FALSE
2318,0.03626730732653814,0.09028351134357795,-0.019450186867357774,0.40170466109278,FALSE
2319,0.051031842005603054,0.15506478779694274,-0.02736841900772022,0.3291001311814854,FALSE
2320,-0.04571312233063357,0.11344359822024506,0.024515985254041722,-0.40295903028290614,FALSE
2321,0.02874959618550927,0.032285165908048474,-0.015418432174589785,0.890489343229368,FALSE
2322,0.01856153735078783,0.03907775104253276,-0.009954567808624946,0.4749899074433735,FALSE
2323,0.030196615009379674,0.04861504588463787,-0.01619446956472349,0.6211372314866346,FALSE
2324,0.0194014134042715,0.039605808713704185,-0.010404994029645299,0.4898628265494382,FALSE
2325,0.018689228868693432,0.04794027427573761,-0.010023048875120422,0.38984401218063075,FALSE
2326,0.018526603705028916,0.04569570415392733,-0.009935832865557591,0.40543425357056545,FALSE
2327,0.021020055321067037,0.0477311341235382,-0.011273073026234443,0.4403845772166804,FALSE
2328,0.0221322877677934,0.05119067289250582,-0.011869564205852196,0.4323500066949405,FALSE
2329,0.020749221805432025,0.051651872544902,-0.011127824788155577,0.40171286699033637,FALSE
2330,0.019898935600030046,0.05238559908358688,-0.010671815594065135,0.37985507368693344,FALSE
2331,0.017920120732393227,0.04952940117385359,-0.00961057554652296,0.3618077406082834,FALSE
2332,0.06225448779048964,0.06720172195827771,-0.033387133209380394,0.9263823303388035,FALSE
2333,0.0487848648781496,0.08968423563550237,-0.02616336331880039,0.543962542942582,FALSE
2334,0.03628647051620864,0.07404514778320721,-0.01946046410180228,0.49005872231425396,FALSE
2335,0.03346691551914679,0.1160133631058021,-0.01794833442859888,0.2884746603598205,FALSE
2336,0.04241546813346954,0.1056847290135015,-0.02274745058502775,0.40133961197034296,FALSE
2337,0.08392370470131522,0.09534664131034848,-0.0450083521322548,0.8801957105982141,FALSE
2338,0.005100656497418356,0.11674612078286538,-0.0027354862914897153,0.043690158295751874,FALSE
2339,0.07670161691089199,0.16425494203658944,-0.041135140486530906,0.46696687454192964,FALSE
2340,0.041249907895873295,0.08301538318560878,-0.02212235966713046,0.4968947478522778,FALSE
2341,0.003576893797534684,0.07198847548910117,-0.00191829109727798,0.049687033559645453,FALSE
2342,0.017065334517300867,0.03196477387136068,-0.009152152993519633,0.5338794069364843,FALSE
2343,0.008759908032428503,0.027275365866505502,-0.00469794591138361,0.3211655555896972,FALSE
2344,-0.03927474215384313,0.06465996647549288,0.02106307664866444,-0.6074043074044719,FALSE
2345,-0.04831360698088529,0.07033184562933854,0.025910627319351055,-0.6869378522427333,FALSE
2346,-0.11685913546734562,0.18161468368210515,0.06267165084887787,-0.6434454147545339,FALSE
2347,-0.028076193044207103,0.07491257241218639,0.015057285513839244,-0.37478612921907634,FALSE
2348,-0.011322859219072553,0.03617963417906543,0.006072458749166472,-0.3129622362413018,FALSE
2349,0.011239726549161659,0.0652854446556567,-0.006027874629645527,0.17216282447710626,FALSE
2350,0.007134103530699996,0.025769466263691615,-0.0038260256145803296,0.27684327869652964,FALSE
2351,0.029010242893861057,0.03785518794640494,-0.015558217219510787,0.7663478764108507,FALSE
2352,0.02067603900904052,0.03603308951321562,-0.011088576794019298,0.5738070004088132,FALSE
2353,0.05035287680917274,0.11345354322957832,-0.027004289412211523,0.44381934116664334,FALSE
2354,0.019791539331426966,0.06568511750177569,-0.010614218886529631,0.3013093389212851,FALSE
2355,0.045869013910620655,0.11936315451936787,-0.024599590037118015,0.38428118036355974,FALSE
2356,0.034253342072566396,0.07904882528967866,-0.01837009563859835,0.43331879945139207,FALSE
2357,0.004372042813842227,0.05778999963524396,-0.0023447301713269246,0.07565396853153605,FALSE
2358,-0.07938071284778773,0.10826880186481118,0.04257194184978159,-0.7331817797975239,FALSE
2359,-0.12048384247059041,0.10896166447454649,0.06461558420786047,-1.1057452458312576,FALSE
2360,0.031395210873459777,0.13240488459163383,-0.01683727751638361,0.23711520137863196,FALSE
2361,0.026249531832863146,0.05293708109776886,-0.014077645597809519,0.49586284865958513,FALSE
2362,0.03832949447456889,0.03763428947631884,-0.020556139537720806,1.0184726484257796,FALSE
2363,0.03164507363033268,0.06564029227171005,-0.01697127911922152,0.48209830479336874,FALSE
2364,0.006713708553617292,0.020557559412494167,-0.003600567441225013,0.3265810118265758,FALSE
2365,0.017062159298030295,0.036876822251138516,-0.009150450120802853,0.4626797607948317,FALSE
2366,0.01929009706501774,0.04380328118122459,-0.010345294984982793,0.44038018488181335,FALSE
2367,0.019652047457458452,0.04767132734001974,-0.010539409279333339,0.41224040852247673,FALSE
2368,0.020673768370016506,0.05147482888189664,-0.011087359048435714,0.40162869540470364,FALSE
2369,0.02014634000317256,0.05207911716777491,-0.010804498779767423,0.3868410429898483,FALSE
2370,0.02173994112124607,0.05102906176622854,-0.011659148375324224,0.42603058666529797,FALSE
2371,0.025084265854210523,0.03829361170580909,-0.01345271249122668,0.6550509272126263,FALSE
2372,0.014611612888773337,0.07423453634357687,-0.007836220057952193,0.19683039200442998,FALSE
2373,0.025427447491599357,0.09043634331556444,-0.013636761086744392,0.2811640382547754,FALSE
2374,0.04524572488452054,0.05785073394563946,-0.024265319617732626,0.7821115100637539,FALSE
2375,0.09907442788651692,0.09970903599737693,-0.05313369748735789,0.9936354001970623,FALSE
2376,0.07823437433307041,0.14725727994508023,-0.041957159557736816,0.5312767855161253,FALSE
2377,0.05323245478888342,0.14518478217441902,-0.02854860946057414,0.3666531298365151,FALSE
2378,0.05077590283009247,0.0815246622983009,-0.02723115861654925,0.6228287416181143,FALSE
2379,0.05148696520823519,0.05856314365593864,-0.027612501957114916,0.8791701058727934,FALSE
2380,0.04416571204228287,0.0817121660059645,-0.023686107838607858,0.54050350395875,FALSE
2381,-0.057853707385525435,0.10469989174502779,0.031026991044204363,-0.5525670220024168,FALSE
2382,0.004192970773369243,0.027064227386843775,-0.002248693688150519,0.154926675475964,FALSE
2383,-0.009353354809043207,0.07536732070049645,0.0050162119077274015,-0.12410358656920645,FALSE
2384,-0.03181409741035743,0.2721285098703642,0.01706192671202207,-0.11690835857482532,FALSE
2385,-0.08784687067565186,0.11385764749607831,0.0471123492838898,-0.7715500241534293,FALSE
2386,-0.10197442830042619,0.06319178999274393,0.05468897010404526,-1.6137290668951698,FALSE
2387,-0.013687886764932277,0.05480371369427097,0.007340824974959036,-0.2497620296553584,FALSE
2388,-0.028180464267282723,0.040466585093078815,0.015113206256877829,-0.6963884944198703,FALSE
2389,0.026758791873207215,0.051909335163095524,-0.014350762177973226,0.5154909379812505,FALSE
2390,0.008299969401580906,0.04400923503688756,-0.004451280443860567,0.18859608431330507,FALSE
2391,0.014753606932621864,0.03211927327676025,-0.007912371580921332,0.4593381302713585,FALSE
2392,0.025567835302833897,0.026487924673862448,-0.013712051185836285,0.9652638180470036,FALSE
2393,0.033884648384384174,0.05642905434489755,-0.01817236490917328,0.6004823007892229,FALSE
2394,0.00757268687965217,0.11589800653899043,-0.004061238226788494,0.0653392332257636,FALSE
2395,0.0180283649271885,0.10378297384668672,-0.009668626997575524,0.17371216355604613,FALSE
2396,0.06771678477264205,0.11565034978199039,-0.03631656759146166,0.5855303066553044,FALSE
2397,0.03108344731914827,0.05528282251204036,-0.016670078464764104,0.5622623069286745,FALSE
2398,0.04634337928193106,0.033294061825215396,-0.024853992577464304,1.391941287465043,FALSE
2399,-0.06694665750986871,0.11297936798185174,0.0359035477044951,-0.592556488018437,FALSE
2400,-0.03423180302184446,0.08083912761604939,0.018358544227910067,-0.4234558688514132,FALSE
2401,-0.08349521886092298,0.09638686598302953,0.04477855482222546,-0.8662509980936994,FALSE
2402,0.02909875973000052,0.09327163045671917,-0.01560568887182615,0.31197867548271513,FALSE
2403,0.03899474773709505,0.06380574936386325,-0.02091291541175392,0.6111478687401788,FALSE
2404,0.017298183761712726,0.047934950205496055,-0.009277030235575587,0.3608678779795494,FALSE
2405,0.016361444368397586,0.04841010053872773,-0.008774656125417628,0.3379758394698757,FALSE
2406,0.015913606823628277,0.03167397962324387,-0.008534480480350977,0.5024189259738652,FALSE
2407,0.021112345471728817,0.0468324032094681,-0.011322568310243981,0.45080636535561214,FALSE
2408,0.019233324482421522,0.05260518162446725,-0.010314847802055846,0.3656165398253447,FALSE
2409,0.019744634668605196,0.051961864175627155,-0.010589063877126265,0.37998318539669457,FALSE
2410,0.04908964314373048,0.05573808352641048,-0.026326816154305488,0.8807199680712066,FALSE
2411,0.03486355458724205,0.06440769878366286,-0.018697353114108726,0.5412948334692756,FALSE
2412,0.060268297607237745,0.14010101818833703,-0.0323219377739836,0.4301774418671205,FALSE
2413,0.0402744017055751,0.12316145263676473,-0.021599194891738373,0.32700492600030323,FALSE
2414,0.09914471356609501,0.12697992573335226,-0.053171391755354805,0.7807904516678568,FALSE
2415,0.11140115698941792,0.227344402630828,-0.05974453248417837,0.49001055535251553,FALSE
2416,0.03617282405106856,0.07264001496356319,-0.01939951540870281,0.4979737968007459,FALSE
2417,0.048785254212884606,0.16088161149187954,-0.026163572119340273,0.3032369812838867,FALSE
2418,0.04201485870123309,0.12166351519040443,-0.022532603415711616,0.3453365508589776,FALSE
2419,0.02184247270027984,0.05636287424812333,-0.011714136145826635,0.3875329814466854,FALSE
2420,0.014041033287528319,0.06310141450971961,-0.007530217746641991,0.22251534924570598,FALSE
2421,0.012438608688992043,0.05818633559469718,-0.00667083611122692,0.21377198893627591,FALSE
2422,-0.012118576942395381,0.0842050978601461,0.00649920282125733,-0.1439173785240745,FALSE
2423,-0.04053025342077498,0.06107385409697681,0.02173640837787249,-0.6636269156424704,FALSE
2424,-0.12122754460675349,0.1373177556258508,0.0650144322776051,-0.8828249781263666,FALSE
2425,-0.03270441178696708,0.05368151254026725,0.0175394030473849,-0.6092304452568292,FALSE
2426,-0.010151888328994671,0.0360906282897342,0.005444466093875372,-0.28128876692020144,FALSE
2427,-0.0022616357222576557,0.04900618437669531,0.001212917105417818,-0.04615000639252313,FALSE
2428,0.008153405207532643,0.032932754134804294,-0.004372677945565458,0.2475773867608566,FALSE
2429,0.03015687843569526,0.041691912268331716,-0.016173158807443615,0.7233268227565033,FALSE
2430,0.04634241973140166,0.0410544269188008,-0.024853477969723026,1.1288044483743416,FALSE
2431,0.028858779762734727,0.07401895432828463,-0.015476987417215359,0.3898836456773209,FALSE
2432,-0.01949405118914359,0.12901039725195562,0.01045467575016889,-0.15110449703578513,FALSE
2433,0.008237411682227962,0.07367223149068332,-0.004417730687313845,0.11181162176782544,FALSE
2434,0.06461426246985935,0.08214185216609847,-0.03465268231853675,0.7866180365546579,FALSE
2435,0.044138564738139915,0.06598544760711883,-0.0236715487169788,0.6689136216964607,FALSE
2436,-0.02382841646121323,0.08072051103983201,0.012779199424730523,-0.29519655109040327,FALSE
2437,-0.06411490790512535,0.11985310166986211,0.03438487805312228,-0.5349457545264971,FALSE
2438,0.029792136396399486,0.13266813011447284,-0.015977547350579466,0.22456136504444066,FALSE
2439,0.02358507850795943,0.05112135899500043,-0.012648697079461469,0.4613546856269217,FALSE
2440,-0.003756387874956621,0.09063719474236488,0.0020145539192186106,-0.041444220395766965,FALSE
2441,0.03646322526842415,0.0866357692659033,-0.019555257821372674,0.4208795694594791,FALSE
2442,0.015520867824632315,0.039296727492191014,-0.008323854230880813,0.39496591230698785,FALSE
2443,0.01557202637936121,0.04106899394960004,-0.00835129060602667,0.37916746630003245,FALSE
2444,0.025635455717524482,0.04017907831201081,-0.01374831607007316,0.6380299597330789,FALSE
2445,0.028200901839153265,0.03868649010294735,-0.015124166943548555,0.7289599486567215,FALSE
2446,0.021582633903252543,0.05062475202720769,-0.011574784384416097,0.426325720897422,FALSE
2447,0.02143945977313992,0.05066450754174007,-0.011497999980209056,0.4231652652594516,FALSE
2448,0.02261846026320686,0.050227309244866535,-0.01213029891660482,0.45032195837802264,FALSE
2449,0.021708002824749762,0.03689958055987682,-0.011642019840539848,0.5882994466434182,FALSE
2450,-0.002728379103273419,0.10006301347341685,0.001463231966075148,-0.027266609395071348,FALSE
2451,0.034209123924354795,0.12145093109774797,-0.01834638140919884,0.2816703306854197,FALSE
2452,0.01805054991575078,0.0767405301499622,-0.009680524825260975,0.23521534032247848,FALSE
2453,0.04757271784651301,0.13221433317474512,-0.0255132878647897,0.3598151327786608,FALSE
2454,0.002110027941396903,0.14100611103334118,-0.0011316097273503726,0.014964088619520772,FALSE
2455,0.03677789428848349,0.08846069340103224,-0.01972401507667197,0.41575408098772976,FALSE
2456,0.007833385297844933,0.07805503439501112,-0.004201051003739913,0.10035720768762614,FALSE
2457,0.042754171163673235,0.054212978178698835,-0.022929097299813815,0.788633508064164,FALSE
2458,0.015264799374879819,0.04120327434215972,-0.0081865245098271585,0.37047539591436496,FALSE
2459,0.011824098125546741,0.10596103284153129,-0.006341273588612223,0.11158911732419714,FALSE
2460,0.008692711545719479,0.05152337217194054,-0.004661908380073309,0.16871394823907704,FALSE
2461,-0.009559258079994104,0.086363679761834,0.0051266380019653005,-0.11068609056904208,FALSE
2462,-0.03602042293460645,0.14311256560566638,0.019317782564097254,-0.25169294381778773,FALSE
2463,-0.04648428981515054,0.12081809067898021,0.024929563012788366,-0.3847461051065743,FALSE
2464,-0.10348768965701802,0.08215960550114661,0.05550053341917798,-1.259593312623364,FALSE
2465,-0.008195838675549188,0.029894977303987363,0.004395435049502643,-0.2741543702211152,FALSE
2466,-0.027785958511928555,0.04213864617427585,0.014901632494513841,-0.6593937165663118,FALSE
2467,0.02022808811019115,0.04624867614728122,-0.010848340357065908,0.43737658664593543,FALSE
2468,0.007899557436355972,0.05054111912050729,-0.004236539176265768,0.15629961452813756,FALSE
2469,0.036912971461478795,0.029805494906872187,-0.01979645707609084,1.2384619539723816,FALSE
2470,0.021369284436265186,0.16900707807693874,-0.011460364889095066,0.12644017445551622,FALSE
2471,-0.056024053332034654,0.13850587939935963,0.03004574606445992,-0.4044886294718091,FALSE
2472,0.006701226875901953,0.1369385421606563,-0.0035938735071593913,0.04893601735616605,FALSE
2473,-0.07240907553055291,0.12541443270802333,0.03883304699964092,-0.5773583946205625,FALSE
2474,0.037011144960233125,0.07019373905833516,-0.01984910760454065,0.5272713130365468,FALSE
2475,0.03578724972367962,0.0676306115871914,-0.019192731578531803,0.5291575646560823,FALSE
2476,-0.09434488060493168,0.15716985667046748,0.05059723737476707,-0.600273376864759,FALSE
2477,0.004790136025866161,0.07654084843628182,-0.002568953906180515,0.0625827401149573,FALSE
2478,-0.10896980569878442,0.09940133487552018,0.05844059677929605,-1.096260989203483,FALSE
2479,0.017101415080824776,0.09951928213531477,-0.009171503029531436,0.17184021743215808,FALSE
2480,0.04361802237272737,0.07541009840062629,-0.023392381416564363,0.5784108932069119,FALSE
2481,0.00830970413486662,0.04598966306723433,-0.004456501189360261,0.18068634516235302,FALSE
2482,0.01493095316832457,0.03833188919305351,-0.008007482513574334,0.3895178005218264,FALSE
2483,0.05303048066492016,0.060912595668368645,-0.02844029057111025,0.8705995875407818,FALSE
2484,0.017885168316643614,0.04644545714425069,-0.009591830537094094,0.38507895962990973,FALSE
2485,0.019448309368619153,0.052626845015226846,-0.010430144374049813,0.3695511171720831,FALSE
2486,0.020846973844271022,0.05125676670913835,-0.011180249287304772,0.40671652120722446,FALSE
2487,0.01616918969148344,0.03740072102330611,-0.008671549783432118,0.43232294054993414,FALSE
2488,0.010883019660591612,0.031139666635065788,-0.005836572430750701,0.34949056417760266,FALSE
2489,0.062162412289901214,0.18171508676130105,-0.03333775304238244,0.34208723886287484,FALSE
2490,-0.002542021078780396,0.15156899897790493,0.0013632880036523133,-0.016771378685102756,FALSE
2491,0.1317689567251097,0.20543041974034834,-0.0706678003013687,0.6414286496209164,FALSE
2492,0.09286115735839681,0.08402755177559226,-0.049801515372449326,1.1051274896880963,FALSE
2493,0.06483014831991886,0.0952748318401869,-0.03476846207819382,0.6804540828648676,FALSE
2494,0.044078321712505114,0.06776244368428783,-0.023639240332584504,0.6504830598770985,FALSE
2495,-0.030714986336486446,0.18632763040869002,0.01647247253550178,-0.16484397010317986,FALSE
2496,-0.03541972916966407,0.10736489515874664,0.01899563000192905,-0.329900468093351,FALSE
2497,0.009243776974757388,0.0889000059653081,-0.004957445224714792,0.10397948655216777,FALSE
2498,0.004363537160827471,0.07365683744422556,-0.0023401685825914726,0.05924144060803084,FALSE
2499,0.0017132768357883822,0.05212798204040088,-9.188317817908523e-4,0.032866740064108696,FALSE
2500,-0.060192242812567666,0.0937662805130692,0.03228114952479894,-0.641939111621027,FALSE
2501,-0.06825006416904068,0.05092759484465788,0.036602565772111684,-1.3401391598645243,FALSE
2502,-0.02675432438122766,0.037148588610774254,0.014348366258335509,-0.7201976005480883,FALSE
2503,-0.0054666858751180394,0.03935260781311876,0.0029317881490029153,-0.13891546657031562,FALSE
2504,0.010188899606401987,0.06687463686118028,-0.005464315272511393,0.15235820461428912,FALSE
2505,0.011997414848280704,0.05295467490420217,-0.0064342234901326725,0.2265600699085523,FALSE
2506,0.01981098420070314,0.046010078486486125,-0.01062464718597926,0.4305792307335866,FALSE
2507,0.11071508447285976,0.1591289997014513,-0.05937659122701615,0.6957568053628003,FALSE
2508,-0.0716619517510968,0.13651575077519035,0.038432363899772774,-0.5249354110728757,FALSE
2509,0.08884651976235484,0.07949282759993108,-0.04764846191456004,1.1176671209822693,FALSE
2510,-0.0038708152008569644,0.06109744427255927,0.002075921388588611,-0.06335478098869458,FALSE
2511,0.027136966115058017,0.0378184980442588,-0.014553577336159428,0.7175580078114092,FALSE
2512,-0.0027839736438667216,0.051014845294024794,0.001493047364103151,-0.054571833508878634,FALSE
2513,-0.022214209550258976,0.13320510514544698,0.011913498925436314,-0.166766953308608,FALSE
2514,0.029364557775745842,0.0798997833874394,-0.015748236583245083,0.36751736401280505,FALSE
2515,0.037407982321907174,0.1417577360302428,-0.02006193180929934,0.26388670819295884,FALSE
2516,0.06384503369441863,0.04380928340498826,-0.03424014429106861,1.4573402879981605,FALSE
2517,0.04184092088381638,0.04534547430728495,-0.022439320420599932,0.9227143727790813,FALSE
2518,0.020917005485578677,0.03184976462394095,-0.01121780731436748,0.6567397195097544,FALSE
2519,0.035051311560738894,0.06652679258276423,-0.018798047334037508,0.5268751160238558,FALSE
2520,0.036476172949200907,0.10035718299307753,-0.01956220167326494,0.36346349968508956,FALSE
2521,0.017071820968274545,0.03646819720458871,-0.009155631682533078,0.4681290076529047,FALSE
2522,0.02199212520106699,0.04587572016620884,-0.011794394905576013,0.47938484935798265,FALSE
2523,0.022002230695372483,0.050600867062090035,-0.011799814490516774,0.434819242689548,FALSE
2524,0.018944551813295987,0.045776484576565746,-0.010159978781146554,0.41384898793635694,FALSE
2525,0.024369597403116245,0.03488430325127645,-0.013069435210759336,0.6985834639602423,FALSE
2526,0.05815355198601757,0.11265748589082059,-0.031187797951048334,0.5161978498470643,FALSE
2527,0.10414508317233032,0.13520429408437243,-0.05585309410429003,0.7702794047897619,FALSE
2528,0.009542747149600872,0.13914190589779923,-0.005117783176361325,0.06858284057579384,FALSE
2529,0.009754734642677333,0.09717057779497361,-0.0052314722439492775,0.10038773941696084,FALSE
2530,0.06309898402578414,0.10562289185646692,-0.033840037237721055,0.5973987543489211,FALSE
2531,0.04504685139640705,0.10757504702020854,-0.024158663601835353,0.4187481450781496,FALSE
2532,0.036357564317422035,0.10135522257368497,-0.019498591766099527,0.3587142664601243,FALSE
2533,-0.05860377172570638,0.17398008816738858,0.03142925116921744,-0.3368418325511073,FALSE
2534,0.009099916403676979,0.13658659136455775,-0.00488029268164989,0.06662379017416695,FALSE
2535,0.019664979532502656,0.05656243495782217,-0.010546344761858352,0.34766854622094256,FALSE
2536,-0.02540017588557012,0.0933114129302177,0.01362213530191108,-0.27220867295799567,FALSE
2537,-0.022760306672073252,0.07789398445905238,0.012206371262811128,-0.29219594850791053,FALSE
2538,-0.06632781612836382,0.1528707201783775,0.03557166256057882,-0.43388175349059044,FALSE
2539,-0.08279579326760032,0.08336725410041503,0.04440345229896799,-0.9931452602226003,FALSE
2540,-0.009726328140426834,0.04942353976743065,0.005216237813335348,-0.196795457917329,FALSE
2541,-0.03472927789430905,0.044988223607263844,0.018625340412808278,-0.7719637520584749,FALSE
2542,0.0439325356672661,0.0838833832370488,-0.02356105515613836,0.5237334734474849,FALSE
2543,0.004553357858849424,0.05258666029926668,-0.002441969579687214,0.08658769796249868,FALSE
2544,0.06032686660690517,0.06889167460244076,-0.03235334837686925,0.8756771693392376,FALSE
2545,0.10574304432085818,0.15146841879267062,-0.056710081987779846,0.6981194176562895,FALSE
2546,0.07257267113551127,0.11543060627559112,-0.038920783457671,0.6287125527370416,FALSE
2547,0.07909697010083276,0.11680240882723328,-0.04241977038028588,0.6771861205176684,FALSE
2548,-0.01721976920252013,0.07122216898676767,0.009234976442728896,-0.24177541132901162,FALSE
2549,0.017320696203400113,0.016147146414349747,-0.009289103676642433,1.072678463360402,FALSE
2550,0.03921465960884765,0.05324038465502055,-0.021030854330169532,0.7365585328307676,FALSE
2551,-0.05686172578680458,0.10266579101070246,0.030494990493670448,-0.5538527023171428,FALSE
2552,0.01607438092692518,0.027173396025606273,-0.008620703764710124,0.5915484730645308,FALSE
2553,0.03188635782515694,0.03616779406841646,-0.017100680032148898,0.8816229644760588,FALSE
2554,0.03293399306842787,0.09041941280045518,-0.017662527678211637,0.3642358653789231,FALSE
2555,0.038046317420787755,0.10001407464976388,-0.020404271449941357,0.380409632884381,FALSE
2556,0.03953228769639026,0.09375074835551675,-0.021201198535803583,0.42167436942986264,FALSE
2557,0.012126210566696162,0.04056445701976351,-0.006503296740273391,0.2989368392331277,FALSE
2558,0.0538748528506429,0.041582811213870495,-0.028893128071563145,1.2956039112784234,FALSE
2559,0.011212993045435667,0.05048433877719927,-0.006013537429521786,0.22210834720291314,FALSE
2560,0.018161467362465728,0.04721210839821888,-0.009740009943525528,0.3846781679242033,FALSE
2561,0.019555243161760105,0.05278170509742904,-0.010487493055613084,0.37049282749890977,FALSE
2562,0.020658511732683536,0.05156983138337875,-0.011079176901235704,0.4005929664401015,FALSE
2563,0.01452176961594666,0.04184373606069023,-0.007788037036546157,0.3470476344388622,FALSE
2564,0.007657350723865535,0.03286891305903893,-0.00410664351635224,0.23296635060950904,FALSE
2565,0.02815964776972901,0.2796494724682732,-0.015102042352050317,0.10069623061035374,FALSE
2566,0.05895143964510729,0.18248211235430734,-0.03161570576148282,0.3230532509983617,FALSE
2567,0.05766763071146447,0.20185819656831666,-0.030927197970250567,0.2856838696265054,FALSE
2568,0.1491699189707625,0.18139713055086074,-0.07999995072275183,0.8223389119649704,FALSE
2569,0.040519923348601765,0.08886887357986448,-0.02173086835163582,0.45595180535496954,FALSE
2570,0.036775340959579204,0.12799695348674436,-0.01972264572427216,0.28731418957864285,FALSE
2571,-0.09543716863382497,0.18519634285815278,0.051183032346631616,-0.5153296612715675,FALSE
2572,0.030691460129940267,0.09963833347727764,-0.016459855411504038,0.30802863776258765,FALSE
2573,0.028867433107513225,0.11235321500153171,-0.015481628213165665,0.2569346422985731,FALSE
2574,-0.014888161402557876,0.09002115257979902,0.007984533254257875,-0.16538514533415136,FALSE
2575,-0.008450923724580617,0.1272391946919064,0.004532237371937535,-0.06641761404607643,FALSE
2576,-0.012961736480678106,0.042175863328740515,0.006951389977886792,-0.3073259314136055,FALSE
2577,-0.08390313625581054,0.054118174489362895,0.04499732125794601,-1.5503689296153547,FALSE
2578,-0.03404280641592606,0.035960708713481566,0.01825718519208996,-0.9466667269314275,FALSE
2579,-0.009919755315159245,0.03908654534027675,0.005319972966868996,-0.25378951321485627,FALSE
2580,-0.003988653483429755,0.054448172183593394,0.002139118156838681,-0.07325596660950241,FALSE
2581,0.007381826303541038,0.027840132885965596,-0.003958879542214836,0.26515054126276344,FALSE
2582,0.02051301700532013,0.049043749846923924,-0.011001147958806808,0.4182595553836251,FALSE
2583,0.04623051107081022,0.10200677569579161,-0.024793461262638008,0.45321019859191086,FALSE
2584,0.0282219899668095,0.10302240649419502,-0.015135476523824352,0.2739403099499498,FALSE
2585,0.05343365376114227,0.07191519205316155,-0.02865651263553887,0.743009261821101,FALSE
2586,0.047628737658535016,0.060170966735610884,-0.025543331336236087,0.7915567962837297,FALSE
2587,0.0436895091789502,0.03644191144639299,-0.0234307198497727,1.1988808337679713,FALSE
2588,0.020015368661295375,0.017681380104502965,-0.010734258740967636,1.1320026232679656,FALSE
2589,0.016228613630090413,0.026042416075918565,-0.00870341889077702,0.6231608304997869,FALSE
2590,0.01639730696876856,0.03957550164622524,-0.008793889267610525,0.4143297314421422,FALSE
2591,0.020914263577933672,0.025943620224058137,-0.011216336827033303,0.8061428357843203,FALSE
2592,0.020826018495882323,0.024460330635051774,-0.011169010916659798,0.8514201548052067,FALSE
2593,0.024872769503676985,0.11840569097036875,-0.013339286823790061,0.21006396989737125,FALSE
2594,0.012126960499949402,0.03450227909856874,-0.0065036989300963684,0.351482882197555,FALSE
2595,0.012710154202985359,0.027790063712271856,-0.006816466194613287,0.4573632624445068,FALSE
2596,0.028800695709826938,0.0322911627044521,-0.015445836891677354,0.8919064319060919,FALSE
2597,0.01494687298516553,0.03450040916018161,-0.008016020324492107,0.43323755714805706,FALSE
2598,0.02113546109994686,0.04632993728483155,-0.011334965240745308,0.45619446816878434,FALSE
2599,0.021156486206265902,0.05127437549375803,-0.011346241022625927,0.4126132400938052,FALSE
2600,0.019673428340147462,0.0472595388471584,-0.010550875864374958,0.4162848140303082,FALSE
2601,0.008828388888113907,0.047034028636040816,-0.0047346722508365266,0.18770216254341793,FALSE
2602,0.16909361392451705,0.1578910175252238,-0.09068504477866474,1.0709514485046852,FALSE
2603,-0.0027993479746695657,0.16232616980187892,0.0015012926304082423,-0.017245204381315743,FALSE
2604,0.045259623488127745,0.18234582687649067,-0.0242727734503241,0.24820761880546738,FALSE
2605,0.020961345378037042,0.11768505274527755,-0.011241586835307064,0.17811391412133412,FALSE
2606,0.06160729577603872,0.13289592182721163,-0.033040043597604304,0.46357551781114226,FALSE
2607,-0.017015275882220827,0.16662051989653603,0.00912530650618973,-0.1021199303230272,FALSE
2608,0.002629750531482807,0.0537149784815497,-0.0014103373815801947,0.04895749017913295,FALSE
2609,0.02445258663048817,0.1357927781996281,-0.013113942401928185,0.18007280618812127,FALSE
2610,0.017526368296215747,0.13606338049107788,-0.009399405789855493,0.12881032525400915,FALSE
2611,-2.0680990954381282e-4,0.05899613292129577,1.1091232526394673e-4,-0.003505482466447574,FALSE
2612,-0.03496289303250791,0.10366656084069586,0.01875062840433464,-0.3372629780420255,FALSE
2613,-0.010168656762212052,0.06467693263973505,0.005453459018456576,-0.15722231013727475,FALSE
2614,-0.04382054757015867,0.08934486779676645,0.023500995847184222,-0.4904651901196793,FALSE
2615,-0.09206155375711123,0.0855000303759904,0.04937268730079823,-1.0767429362570542,FALSE
2616,-0.013538247936561379,0.034019874382485715,0.007260573547737784,-0.39795114421501826,FALSE
2617,-0.03514474581408654,0.05834154870732357,0.01884815620126223,-0.6023965183096835,FALSE
2618,0.030392828768173393,0.15060343683306046,-0.01629969916559027,0.2018070065815494,FALSE
2619,0.004442927669432235,0.04949947930771919,-0.0023827457779138092,0.08975705869171402,FALSE
2620,0.05495079932477945,0.06736866175228276,-0.029470159054117432,0.8156730131709565,FALSE
2621,0.049800061045500194,0.055323317167394095,-0.026707813861660126,0.9001640464691958,FALSE
2622,0.03873159155618251,0.047666164801676854,-0.020771784534626362,0.8125594269505813,FALSE
2623,0.0297323525232629,0.027398231633065897,-0.015945485210049112,1.0851923920294198,FALSE
2624,0.042056797028386696,0.06303153257708809,-0.022555094975195138,0.6672342446528788,FALSE
2625,0.01458450375649977,0.022761534230684305,-0.007821681407928209,0.6407522273625446,FALSE
2626,0.021722050236908354,0.026090498220104244,-0.011649553479280308,0.8325655590651102,FALSE
2627,0.0567942922970965,0.07139283235801976,-0.030458825857456046,0.795518127258004,FALSE
2628,0.018991519944248365,0.02806869311793643,-0.010185167828560774,0.6766086281413801,FALSE
2629,0.023802635126043394,0.028484644712146238,-0.012765372873389714,0.8356304025057272,FALSE
2630,0.02458506583741802,0.03219490905923375,-0.013184991110000852,0.763632094508645,FALSE
2631,0.011788441091049942,0.027195973184514263,-0.006322150691567393,0.4334627413797581,FALSE
2632,0.04250523715492346,0.0397107970546508,-0.02279559378536126,1.0703697812065291,FALSE
2633,0.012504602155669313,0.0373886775291476,-0.006706228461900785,0.3344489022357351,FALSE
2634,0.019402349045014526,0.030608766310131624,-0.0104054958145484,0.6338820992792601,FALSE
2635,0.019475302273471707,0.04564194740932789,-0.010444620691211931,0.4266974434463223,FALSE
2636,0.019862549668705244,0.0522323321028267,-0.010652301789049553,0.3802730774035327,FALSE
2637,0.021087910141269036,0.05108238386266259,-0.011309463622340653,0.41282157461493735,FALSE
2638,0.015079188621153799,0.047050224615258644,-0.008086981309333734,0.320491320593261,FALSE
2639,-0.013276594222581187,0.07902850957898655,0.007120248444866722,-0.16799752764300385,FALSE
2640,-0.034406986478422726,0.21625130247507593,0.018452495260332692,-0.15910649362395543,FALSE
2641,-0.008719541596907503,0.18838572694530425,0.004676297358680662,-0.04628557448749356,FALSE
2642,-0.03503091481456243,0.14623062514180352,0.018787108542220227,-0.23955935892766694,FALSE
2643,-0.023731954579268737,0.09344633134432268,0.012727466837789213,-0.25396347013157056,FALSE
2644,0.05018915122416416,0.10112302025978599,-0.026916483245773185,0.4963177632079002,FALSE
2645,0.0594269623048146,0.08156209743376268,-0.03187072895655202,0.728610030573034,FALSE
2646,-0.043382021841427844,0.11994498408344414,0.023265814136748345,-0.36168266787419423,FALSE
2647,-0.0678109527937564,0.17724834848487597,0.036367069978945586,-0.38257593581777427,FALSE
2648,0.0063366616434010785,0.0954712446252373,-0.003398356871925347,0.06637246291566641,FALSE
2649,-0.017685134000571083,0.09505172632855978,0.009484551968203818,-0.18605799898299488,FALSE
2650,0.0037306868194331593,0.05382243861005718,-0.0020007704219184436,0.06931471177777607,FALSE
2651,-0.007449980787467807,0.04828323234621074,0.00399543084822409,-0.1542974739977714,FALSE
2652,-0.059051557378585175,0.045351215301472715,0.03166939898462035,-1.3020942655238517,FALSE
2653,-0.038514248935478695,0.037311043305980854,0.0206552235076698,-1.032247976011568,FALSE
2654,-0.011881549870121966,0.04363583094596907,0.006372085006669337,-0.27228884181978763,FALSE
2655,-0.002734388730494645,0.05457992333779949,0.0014664549341164086,-0.050098801230835294,FALSE
2656,0.0068240997554556366,0.057196081936548425,-0.0036597703339276886,0.11931061576955714,FALSE
2657,0.04597479470333954,0.10202998023432293,-0.024656320363602827,0.45060083906468895,FALSE
2658,0.032671110094882556,0.059088269119925235,-0.017521543322420726,0.5529204118092111,FALSE
2659,0.02097499273956247,0.022985314870015133,-0.011248905926562613,0.9125388474414518,FALSE
2660,0.05318962818664259,0.060495513805475416,-0.02852564151842784,0.8792326048783543,FALSE
2661,0.03690065171624654,0.07357591820251667,-0.01978984998654961,0.5015316508137625,FALSE
2662,0.019764226070435702,0.026541729079636367,-0.010599570762105784,0.7446472688774232,FALSE
2663,0.046060651865578506,0.03823615893748006,-0.024702365630609097,1.204635955742633,FALSE
2664,0.033629637033062106,0.1532443839154941,-0.018035602110880778,0.21945102439517136,FALSE
2665,0.018241504157314133,0.03562658396845871,-0.009782933742694006,0.5120194564110858,FALSE
2666,0.018860198198709096,0.03086561217761483,-0.010114739867987662,0.6110424147811779,FALSE
2667,0.01472388205227322,0.03560825249971363,-0.007896430103044699,0.4134963391531677,FALSE
2668,0.02154879367121379,0.046466467368966285,-0.011556635840029764,0.4637493420815901,FALSE
2669,0.02212003035530582,0.050454347176543915,-0.011862990545413411,0.4384167389562293,FALSE
2670,0.021028972870209554,0.05196965777447129,-0.011277855515203342,0.40463943329139024,FALSE
2671,0.00989592725084236,0.05240984375377251,-0.0053071939562995595,0.18881810251781264,FALSE
2672,0.00738007617958139,0.10944848659492276,-0.003957940949290092,0.06742967773410717,FALSE
2673,0.05055189841296525,0.18223595017339053,-0.027111024862669766,0.27739805655726574,FALSE
2674,-0.004114775443734723,0.14695285930219296,0.0022067574682968568,-0.02800064907395319,FALSE
2675,0.0993709714840631,0.17193003764172146,-0.0532927340635961,0.5779733015073173,FALSE
2676,-0.02465604667476528,0.3057016552292386,0.01322305819168341,-0.08065395215566067,FALSE
2677,0.03541201266132823,0.10723842907310215,-0.018991491632136544,0.3302175625604196,FALSE
2678,-0.03179149942953968,0.11079305511478779,0.01704980739624898,-0.28694487571086397,FALSE
2679,-0.016739265082846802,0.12571021027542825,0.00897728168656643,-0.13315756171413162,FALSE
2680,-0.022132536299863847,0.0856646333065335,0.011869697493806805,-0.2583625872846156,FALSE
2681,-0.019009812504040782,0.08268729624868792,0.010194978143482735,-0.2299000374479221,FALSE
2682,0.0016226963935771588,0.08321204728104671,-8.702534158351581e-4,0.019500738734339034,FALSE
2683,-0.004117217361049447,0.06350852591302418,0.002208067070569184,-0.0648293642760349,FALSE
2684,-0.04346382742740259,0.0808355357454812,0.02330968654005848,-0.5376821842840606,FALSE
2685,-0.0567948861537009,0.06244746453925025,0.030459144343243368,-0.9094826599085297,FALSE
2686,-0.011276445861965323,0.05665799698238953,0.006047567227423516,-0.19902655340022476,FALSE
2687,-0.032250676486555024,0.03261217799405913,0.017296064431096908,-0.9889151375424861,FALSE
2688,0.018163940220125,0.06272363623120768,-0.009741336139130185,0.2895868497350871,FALSE
2689,0.009001753634173985,0.043590130348238214,-0.004827647907306428,0.20650898637511897,FALSE
2690,0.044211261651686345,0.04104096411316863,-0.023710536131744044,1.0772471506706265,FALSE
2691,0.03418020862533987,0.14919486384082845,-0.01833087411046,0.22909775675525743,FALSE
2692,0.023077636028970845,0.02884251791944436,-0.012376555258953578,0.8001255678656584,FALSE
2693,0.039998533630873835,0.037965140671445054,-0.02145124661547493,1.053559473861193,FALSE
2694,-0.005673411315600373,0.06454927554289006,0.003042655173439439,-0.08789271866933114,FALSE
2695,0.021499160406010392,0.030172976829029946,-0.011530017478915957,0.7125303057710128,FALSE
2696,0.017236278984389803,0.031200722650610906,-0.00924383065237874,0.5524320438793529,FALSE
2697,0.0267575706522383,0.11448331542939748,-0.01435010723615916,0.233724630981183,FALSE
2698,0.018852512729828467,0.033107490067159476,-0.010110618144680618,0.5694334632914066,FALSE
2699,0.02067473943328526,0.026989171699749244,-0.011087879830468612,0.7660383083737745,FALSE
2700,0.015337909967767106,0.030554927924453613,-0.008225733781164502,0.5019782735436245,FALSE
2701,0.018372104759513362,0.04850653211659779,-0.009852974953498364,0.37875527187454533,FALSE
2702,0.021332730253927623,0.05084640202645139,-0.011440760850922405,0.41955240496328294,FALSE
2703,0.016505037992659396,0.05553014896959647,-0.00885166550468328,0.29722661110987,FALSE
2704,0.005155041876313667,0.04763712021157169,-0.0027646532151006068,0.10821480923738626,FALSE
2705,0.01128059028475019,0.1936123784624576,-0.006049789884785344,0.05826378651165402,FALSE
2706,0.03268422887409474,0.16106135966785104,-0.017528578934545198,0.20293029278715777,FALSE
2707,-0.01021429742671274,0.27636903839840204,0.0054779361445165846,-0.036958906416963526,FALSE
2708,0.0851560538383378,0.29982470140316103,-0.04566926199206611,0.2840194735117312,FALSE
2709,-0.03015561285975901,0.20587019949019617,0.01617248007802394,-0.14647876639957821,FALSE
2710,-0.003182623399034532,0.09309234239989267,0.0017068435569891495,-0.03418781090890459,FALSE
2711,-0.03447085318780792,0.18188257775134015,0.01848674702931462,-0.18952256787857147,FALSE
2712,0.060653448543280274,0.12035756577705595,-0.03252849453902591,0.5039437957363773,FALSE
2713,0.032616084486744745,0.12063274514635679,-0.017492033043338406,0.27037504988528216,FALSE
2714,-0.04505520644197043,0.13130840728060103,0.024163144419670265,-0.34312507001695014,FALSE
2715,0.0076490896548179295,0.05886547074546217,-0.004102213098200339,0.12994187522755152,FALSE
2716,-0.00709101827708879,0.05558401487974151,0.003802918957490509,-0.12757297745458876,FALSE
2717,-0.08097118820613157,0.05743863989335863,0.04342491509781423,-1.4096989127260637,FALSE
2718,-0.04261796078658826,0.0422790563756704,0.0228560475621059,-1.008015893446309,FALSE
2719,-0.012632110626807755,0.03865986016737787,0.00677461136026388,-0.32675003406936887,FALSE
2720,-0.005293240137312075,0.04794721892319141,0.002838769056592815,-0.11039722962434027,FALSE
2721,0.009220425623940619,0.03145563870679797,-0.0049449218759891195,0.29312473066865324,FALSE
2722,0.028269364751817728,0.10330969030097212,-0.015160883660144524,0.27363710673665353,FALSE
2723,0.054621942153657,0.042029528702215414,-0.02929379268168697,1.299608723682353,FALSE
2724,0.026643965443458515,0.03410118538067494,-0.014289180668879787,0.7813208000258426,FALSE
2725,0.023827890686675565,0.03029815565247795,-0.01277891745141181,0.7864469032367252,FALSE
2726,0.0182440548447619,0.03379809905151859,-0.009784301678478501,0.5397952949055627,FALSE
2727,0.04438978935562079,0.044966216137093534,-0.023806280686785336,0.9871808919897701,FALSE
2728,0.0197539814160475,0.030757485989287153,-0.010594076545497754,0.6422495461081513,FALSE
2729,0.022201068599141543,0.03155706813254469,-0.011906451422500748,0.7035212683856921,FALSE
2730,0.03297819724469045,0.043007961562365034,-0.017686234414443353,0.7667928459447999,FALSE
2731,0.017920282787281933,0.059121250295550605,-0.009610662456693593,0.30311068689679915,FALSE
2732,0.016080518582968373,0.03894596121131555,-0.008623995394714326,0.4128930980986101,FALSE
2733,0.01506597929817072,0.03277071409386607,-0.008079897138510162,0.4597391211865819,FALSE
2734,0.019438497777637346,0.046004678536153504,-0.01042488240970424,0.4225330639439486,FALSE
2735,0.021407843013599555,0.05104776994841049,-0.011481043885959665,0.4193688193477323,FALSE
2736,0.021733717398864837,0.049933857980767805,-0.01165581058787186,0.43525011440605393,FALSE
2737,0.022967937028639047,0.049375310631404455,-0.012317723594490456,0.46517048166235986,FALSE
2738,0.01082790354503522,0.054618769025501154,-0.005807013612465058,0.1982451039857698,FALSE
2739,0.15738430791403768,0.1305824695700816,-0.08440533429615402,1.205248364747551,FALSE
2740,0.07703349180916962,0.17947054682676014,-0.04131312526852662,0.42922637263443975,FALSE
2741,0.0383864210945236,0.1533161683296332,-0.02058666933101031,0.2503742528445658,FALSE
2742,0.06886617084568818,0.213252721348369,-0.03693298429155473,0.32293220180383353,FALSE
2743,-0.05634594177052091,0.08523179288209813,0.030218375099823083,-0.6610906548506463,FALSE
2744,0.014420186809536996,0.08981014685485468,-0.007733558093585514,0.16056300222782136,FALSE
2745,0.06677434013519569,0.08345354604122694,-0.03581113375416496,0.8001378407840027,FALSE
2746,-0.04033160964945477,0.20150263640568197,0.021629875559281142,-0.2001542529113902,FALSE
2747,0.03189812414899494,0.12982702491344186,-0.01710699032133939,0.24569710482283658,FALSE
2748,-5.553663933295477e-4,0.08312311550975252,2.978434553426581e-4,-0.006681250936322144,FALSE
2749,-0.042742849101527286,0.09131364084090103,0.022923025268535624,-0.4680883240215956,FALSE
2750,-0.016203312666640293,0.0677126277990155,0.008689849963186166,-0.23929528646761333,FALSE
2751,-0.036776353170487316,0.06416698034149675,0.019723188573818023,-0.5731351697518493,FALSE
2752,-0.07738514986933258,0.036504932861069206,0.04150171977657759,-2.11985460057811,TRUE
2753,-0.018671331204610557,0.045282419985363545,0.01001345034309358,-0.41233068397505296,FALSE
2754,-0.0368982371356603,0.031248222804248552,0.019788555044987347,-1.1808107413597795,FALSE
2755,0.015147265323713634,0.04792983972733048,-0.008123490901131673,0.31602995983056426,FALSE
2756,0.009676083991055476,0.04314364480659857,-0.005189291834537819,0.22427599787710972,FALSE
2757,0.028897195197602397,0.027917494578295413,-0.015497589646656866,1.0350927127991154,FALSE
2758,0.03775161870489048,0.03584980280338551,-0.020246224285254882,1.053049549866014,FALSE
2759,0.006753733943865926,0.04663296255007908,-0.0036220330910667698,0.14482746912365047,FALSE
2760,-0.005329941420550498,0.11997527782317988,0.002858451985100077,-0.04442533092864173,FALSE
2761,0.018178934511941604,0.028686223391891964,-0.009749377590213134,0.6337165497037788,FALSE
2762,0.01999860070014414,0.028669516070837196,-0.010725266069555896,0.6975562702464599,FALSE
2763,0.04243203770043361,0.0803056457825843,-0.02275633685747309,0.5283817505846613,FALSE
2764,-0.005458278416312672,0.10823248728578715,0.0029272792219030433,-0.05043105405034373,FALSE
2765,0.022394411858931713,0.0411596681333269,-0.01201014157238158,0.5440863076541427,FALSE
2766,0.02148854731060928,0.04441200811759416,-0.01152432566708846,0.48384543328263574,FALSE
2767,0.024130224106002796,0.0489786446019389,-0.012941059113852212,0.4926682700616742,FALSE
2768,0.022107774114560656,0.04993974799068691,-0.011856417513381052,0.44268894025423317,FALSE
2769,0.02262202980149437,0.04937749277762544,-0.012132213262935999,0.45814456200467824,FALSE
2770,0.02243514320206188,0.049077953346366415,-0.01203198582533665,0.4571328197760494,FALSE
2771,0.0223722177031536,0.04933485539078063,-0.011998238828310704,0.453476908484754,FALSE
2772,0.010161019596694848,0.04831127933838036,-0.005449363200283224,0.21032396028110437,FALSE
2773,0.12526219174404987,0.13693454219396647,-0.06717821686899222,0.9147596343267221,FALSE
2774,0.018460075639292195,0.27581815377065805,-0.009900153808966692,0.06692842870176592,FALSE
2775,0.03624032655212207,0.15609982591026114,-0.019435717055758753,0.2321612233760975,FALSE
2776,-0.0032862894114976493,0.1296510722494803,0.0017624397250764908,-0.025347182668678792,FALSE
2777,0.036575168040780176,0.099328836892160835,-0.01961529282262521,0.36822305772581476,FALSE
2778,0.031166788142250813,0.2096267545292933,-0.016714774217013614,0.14867753027152628,FALSE
2779,-0.015730126016522676,0.1926745247025234,0.00843607957198891,-0.08164092290254221,FALSE
2780,0.01946597269400633,0.17630433487783131,-0.010439617230040645,0.1104111972487524,FALSE
2781,0.015341960686842949,0.09794412602552419,-0.008227906185149804,0.1566399263478531,FALSE
2782,-0.022333075725033603,0.0769056206906586,0.011977246953123024,-0.29039588426007346,FALSE
2783,0.015603172507081719,0.048083008064690826,-0.008367994300042442,0.3245049162916186,FALSE
2784,0.002810730459118429,0.03619869984258781,-0.0015073970662173818,0.07764727659670255,FALSE
2785,-0.06258892704695693,0.04349578560097539,0.03356649325879076,-1.4389653200229444,FALSE
2786,-0.024407622707904395,0.0490835469709505,0.013089828213117043,-0.49726688909319755,FALSE
2787,-0.010533918783938978,0.039048908679498034,0.005649349342327932,-0.26976218133004143,FALSE
2788,-0.0024004003872393743,0.05018529406118201,0.0012873367098339905,-0.047830752656604796,FALSE
2789,0.008657032595403949,0.03317131458932593,-0.004642773729556797,0.2609794849128368,FALSE
2790,0.028645207461185474,0.051110015564989224,-0.015362448415534774,0.5604617244688862,FALSE
2791,0.0530824057766697,0.038386347104453815,-0.02846813805141927,1.382845979905985,FALSE
2792,0.02308265117827956,0.030142940745839578,-0.012379244887669158,0.7657730336568273,FALSE
2793,0.0244831672122506,0.02893516619203661,-0.013130342793179633,0.8461388142636185,FALSE
2794,0.04821256453297247,0.04652341725280112,-0.025856438171098478,1.0363074636369205,FALSE
2795,0.01769502441917738,0.0323374941001344,-0.009489856207869499,0.547198381061439,FALSE
2796,0.01960837143124133,0.02908510387646038,-0.010515985790407129,0.6741723018947541,FALSE
2797,0.022832535586279963,0.029947760627023663,-0.012245107689144023,0.7624121172411401,FALSE
2798,0.01977868652284798,0.10052609319372297,-0.010607325914675371,0.1967517675707604,FALSE
2799,0.025155378942895632,0.10734269416395098,-0.013490850499410933,0.23434644657301318,FALSE
2800,0.013983979782629061,0.0325432161641531,-0.0074996199048519485,0.4297049102980992,FALSE
2801,0.021359504573547683,0.045032564578725974,-0.011455119940643837,0.4743124175441302,FALSE
2802,0.022139162778039977,0.045631124531307375,-0.011873251279524552,0.48517679556308907,FALSE
2803,0.021841044775237274,0.05051459710535311,-0.011713370348447182,0.43237095862975305,FALSE
2804,0.021835229572986118,0.05019455249465786,-0.01171025165067792,0.4350119383036638,FALSE
2805,0.021740174420828873,0.05010099737466803,-0.011659273494083132,0.4339269787036435,FALSE
2806,0.021733728034822146,0.04999940071453091,-0.011655816291944548,0.43467977064184793,FALSE
2807,0.014881406313023425,0.052415455420625943,-0.007980910494162458,0.2839125634529441,FALSE
2808,0.02392907708644992,0.05449262017058564,-0.0128331838011666,0.43912509641748704,FALSE
2809,0.029957296314014642,0.20718895840914392,-0.01606612275077913,0.14458925101045603,FALSE
2810,0.01800848907997832,0.11339062764703431,-0.009657967564304001,0.15881814444167006,FALSE
2811,0.0730878228099977,0.14937863539725582,-0.03919705972609033,0.4892789562284378,FALSE
2812,0.08733741475488593,0.168988450530895,-0.046839127652894094,0.5168247562511299,FALSE
2813,0.02148721544512423,0.16269541248689273,-0.011523611386529022,0.1320701986410054,FALSE
2814,-4.871106513167371e-4,0.08543383832699661,2.6123784453824407e-4,-0.0057016126262796375,FALSE
2815,0.030413024029496884,0.08082468914690658,-0.01631052990091452,0.376283835428285,FALSE
2816,0.006476851646156796,0.09021685387827563,-0.0034735408861667036,0.07179203627401634,FALSE
2817,-8.384094295729892e-4,0.06880856926946666,4.4963966940597417e-4,-0.012184665928594272,FALSE
2818,-0.015908430116113134,0.08668801543083568,0.008531704207835882,-0.1835136037784338,FALSE
2819,0.001614845175015417,0.066608860483345,-8.660428008372643e-4,0.0242436991610027,FALSE
2820,-0.03141186303400502,0.05781326011386236,0.016846208083834732,-0.5433331898623226,FALSE
2821,-0.0770945338711051,0.03624099058961868,0.04134586217674878,-2.1272744650966855,TRUE
2822,-0.0195345478008666,0.06993549747409604,0.01047639411647647,-0.27932235426082663,FALSE
2823,-0.03781491596061773,0.03331875655915438,0.020280170655769824,-1.1349437933999977,FALSE
2824,0.01986669985137023,0.04899414198101553,-0.010654527535439844,0.40549133116910724,FALSE
2825,0.00877695208409682,0.04300388623304452,-0.004707086650367646,0.2040967189926324,FALSE
2826,0.015056353444910157,0.03506721238675202,-0.008074734785457867,0.4293570095864897,FALSE
2827,0.025450187459491593,0.027650289855174922,-0.013648956550302783,0.9204311272248177,FALSE
2828,0.026465189121606322,0.029265259849596808,-0.014193302779843906,0.9043210023631804,FALSE
2829,0.018624063808293942,0.030294446957896466,-0.009988100799417397,0.6147682390168026,FALSE
2830,0.018533539939283545,0.02865399502610789,-0.009939552773716021,0.6468047447623564,FALSE
2831,0.04666949152600548,0.04032375941740789,-0.025028886843252256,1.1573695558221717,FALSE
2832,0.0460891685407412,0.034079394398757096,-0.024717659147046815,1.3524057382434622,FALSE
2833,0.04588856924997139,0.04401126638997056,-0.024610077581759853,1.0426550520806788,FALSE
2834,0.022490730584572464,0.047314127632081406,-0.01206179738447898,0.47534915489644564,FALSE
2835,0.023053266320345937,0.04975906419496143,-0.01236348576409448,0.4632978271058461,FALSE
2836,0.021891654772556345,0.05059112016104728,-0.011740512531801172,0.43271733661694767,FALSE
2837,0.021520139061692325,0.0503876737435357,-0.011541268349281538,0.4270913392673376,FALSE
2838,0.021549471674401514,0.049973333297393854,-0.011556999453699209,0.4312194174873129,FALSE
2839,0.022482580117681138,0.04936998965719233,-0.012057426282354823,0.45538960558412483,FALSE
2840,0.014304062332227797,0.0418609238042421,-0.007671280440513502,0.34170441147259756,FALSE
2841,0.18422132423306675,0.3636161620626279,-0.09879804830901621,0.5066367875070887,FALSE
2842,0.12507162906359198,0.16203113253294182,-0.06707601794610339,0.7718987524706972,FALSE
2843,0.04519460637266929,0.2151561577416299,-0.024237904717615118,0.2100549054558838,FALSE
2844,0.07136681143796635,0.2358819548643031,-0.0382740799061255,0.30255307778427504,FALSE
2845,0.05006629627818626,0.10312650763177218,-0.02685059603679639,0.4854842603315442,FALSE
2846,0.0056688444681752695,0.10796648248001134,-0.003040205969394231,0.05250559560671791,FALSE
2847,0.07780203622626436,0.2000624139171372,-0.04172529627404869,0.3888888207581499,FALSE
2848,0.09459402539174937,0.15769637614164472,-0.05073085392967149,0.5998490752050251,FALSE
2849,0.034787391483027716,0.1712064800945612,-0.018656506778426042,0.20318968922095623,FALSE
2850,0.042802201230238666,0.1059626370566403,-0.02295485586417422,0.4039367310890873,FALSE
2851,-0.02182130894114541,0.10254437267565081,0.011702786004326629,-0.21279869749816985,FALSE
2852,0.007897795000481085,0.04545036840690075,-0.004235593980450715,0.17376745837954438,FALSE
2853,-0.06088312917009169,0.03889993369754194,0.032651672448846224,-1.5651216694474432,FALSE
2854,-0.021346296707156452,0.05224558406570588,0.011448036550991678,-0.40857609478172546,FALSE
2855,-0.0071009620182026795,0.033400269064808946,0.0038082517940610434,-0.21260194055395698,FALSE
2856,-0.005945270180798813,0.053271057442872194,0.0031884533073358668,-0.11160413301677956,FALSE
2857,0.008033999480567326,0.024675198232889946,-0.004308640555593341,0.3255900684055574,FALSE
2858,0.028041256229387707,0.04989461827070251,-0.015038548871202135,0.562009635533241,FALSE
2859,0.053955445280105006,0.045452141955686746,-0.028936349858033776,1.1870825654973203,FALSE
2860,0.020498140453274194,0.08010122369551947,-0.010993169651660093,0.2559029626212911,FALSE
2861,0.02007930672167753,0.030499544273748486,-0.010768548775548155,0.6583477622306689,FALSE
2862,0.01709696278449934,0.031576295797208456,-0.009169115259335572,0.5414492850681625,FALSE
2863,0.01866119055416185,0.027651248254581158,-0.010008011903884182,0.6748769669401862,FALSE
2864,0.01299675564802019,0.03538853759591393,-0.006970170786249821,0.3672589072886933,FALSE
2865,0.04701094577235419,0.054639584910938246,-0.02521200903752874,0.8603825568766924,FALSE
2866,0.012982355590108324,0.05390016505392305,-0.006962448023300678,0.2408592919357567,FALSE
2867,0.023178352746532817,0.04940833617066068,-0.012430569717750023,0.46911826106575977,FALSE
2868,0.021285662663549212,0.05114058951510601,-0.011415518463335873,0.41621856269884827,FALSE
2869,0.021425437636942195,0.05045466118890039,-0.011490479896987281,0.42464733945444894,FALSE
2870,0.02140980705836213,0.050374068597111,-0.011482097204787666,0.4250164351344454,FALSE
2871,0.021215907975497474,0.05046259974589151,-0.011378108966533011,0.420428358474036,FALSE
2872,0.022084110523142,0.04964573794993192,-0.011843726709762751,0.4448339663198074,FALSE
2873,0.01598686333151927,0.050867967667454064,-0.008573768006025299,0.3142815422867357,FALSE
2874,0.15872702201991734,0.2450044800469356,-0.0851254329798985,0.6478535494106473,FALSE
2875,0.11383923528914179,0.09489445004554581,-0.061052075889590746,1.1996406031596494,FALSE
2876,0.0692787582230288,0.12047447765596095,-0.03715425524272115,0.5750492516835657,FALSE
2877,0.03786361022334112,0.16353118254527968,-0.020306285429078214,0.2315375553091055,FALSE
2878,0.048842521213738097,0.11253003069256935,-0.026194284459186867,0.4340398817376604,FALSE
2879,0.004832554528684533,0.19956715999560662,-0.0025917029842695612,0.02421517913463778,FALSE
2880,0.02891799832900882,0.10740409096859693,-0.01550874638320855,0.2692448496907249,FALSE
2881,0.01679092065021738,0.19395497305122686,-0.009004984610002435,0.08657123035346255,FALSE
2882,0.01973190437753649,0.11999749210066156,-0.010582236611513937,0.16443597305337104,FALSE
2883,0.011686058747294985,0.0653334711374207,-0.006267242956068243,0.17886786885568712,FALSE
2884,-0.025853309434774468,0.10086808839058112,0.013865151198529475,-0.25630811337144965,FALSE
2885,0.011950516630540631,0.05336135941552008,-0.006409071937231943,0.22395450118658033,FALSE
2886,-0.023659175106171968,0.06088508961971809,0.01268843514626895,-0.3885873413990963,FALSE
2887,-0.04727797548788266,0.05577010145740165,0.025355217294469434,-0.8477297737031113,FALSE
2888,-0.01102059964446573,0.055058026047645134,0.005910356689710603,-0.20016336282977018,FALSE
2889,-0.021095877726043245,0.025419007732556058,0.011313736644634385,-0.8299253042448289,FALSE
2890,0.018934176108298124,0.04310937833653165,-0.010154414281988346,0.43921246000091285,FALSE
2891,0.013423043588779654,0.03460413477572027,-0.007198789360891165,0.3879028814266968,FALSE
2892,0.04457921214490678,0.05052853600766992,-0.023907868285097403,0.882258139007628,FALSE
2893,0.11004165931452194,0.18193703727973895,-0.05901543275851121,0.6048337433643397,FALSE
2894,0.04777854516144477,0.044930092327463395,-0.025623673223751812,1.0633974400324182,FALSE
2895,0.017717511746991287,0.03013668490625449,-0.00950191618034526,0.5879051329668394,FALSE
2896,0.01785070092974867,0.02876268825066381,-0.009573345649040506,0.6206200468531204,FALSE
2897,0.030265935159028288,0.07478573511015423,-0.01623164601822193,0.4047019811257943,FALSE
2898,0.030895407424665476,0.03829236930198929,-0.01656923251407693,0.8068293497592602,FALSE
2899,0.02137046462739585,0.05107176179688323,-0.011460997826572996,0.41843993384030914,FALSE
2900,0.02135704485532659,0.05083966814834364,-0.011453800791730724,0.420086236460267,FALSE
2901,0.021403004930344284,0.05060554443565481,-0.011478449217914763,0.42293794423174924,FALSE
2902,0.021277117957726247,0.0504170767505354,-0.011410935930547131,0.42202204747026106,FALSE
2903,0.022560248784123386,0.04932183885904851,-0.012099080052303573,0.45740891471211875,FALSE
2904,0.01483108085681965,0.0475335411343031,-0.007953920910443564,0.31201295975225873,FALSE
2905,0.012411276180629267,0.1604851464186211,-0.006656177664421839,0.07733598066611594,FALSE
2906,0.024202099329259305,0.12393209912204153,-0.012979605855436449,0.19528515615172792,FALSE
2907,0.08662004428033707,0.13666485564034675,-0.04645440127501683,0.633813600976466,FALSE
2908,0.03866343338397229,0.2526693991683373,-0.020735231250587644,0.15301984930202545,FALSE
2909,-0.03743437864922229,0.14323382377013857,0.0200760881814355,-0.2613515276202982,FALSE
2910,0.0020799582315816335,0.17672271263952602,-0.0011154833171460438,0.011769614672134833,FALSE
2911,0.03367914311887077,0.13093277802246842,-0.018062152265580167,0.2572246890926834,FALSE
2912,0.03521299075198503,0.039298796527976965,-0.018884756017811213,0.8960322926661829,FALSE
2913,0.03102665824045382,0.054031769108500174,-0.01663962243496605,0.5742299160730749,FALSE
2914,0.06044140656635719,0.14194786915856256,-0.03241477625170602,0.42580002732440636,FALSE
2915,-0.006127458036862645,0.05050946714705551,0.003286160804986563,-0.12131306036198898,FALSE
2916,-0.0028264824145079613,0.06420618799409131,0.0015158448529001415,-0.04402196272371868,FALSE
2917,-0.05366030898854543,0.04380240260293845,0.028778068021158277,-1.2250540107346912,FALSE
2918,-0.00873164834111905,0.04940781418866582,0.004682790215598594,-0.1767260601284016,FALSE
2919,-0.0056025709983019084,0.03871449162747559,0.003004663452775087,-0.144715086335417,FALSE
2920,-0.00445576708286048,0.0524610315559599,0.0023896315659376667,-0.08493479732870936,FALSE
2921,0.025023258540909307,0.02782351271258286,-0.013419994218725764,0.8993565549900113,FALSE
2922,-4.4909341223586997e-4,0.07397430206091274,2.408491678260139e-4,-0.0060709381464129596,FALSE
2923,0.023269163981675257,0.02656186363875633,-0.012479271858145308,0.8760365725138086,FALSE
2924,0.016062940797286658,0.031612817075537716,-0.008614568413738168,0.5081148180785289,FALSE
2925,0.018766363125933116,0.027875508254603675,-0.010064416040972541,0.6732204828169842,FALSE
2926,0.017587226920425924,0.028058406156779216,-0.009432044320274101,0.6268077674175608,FALSE
2927,0.0013791281279779434,0.08924990120477522,-7.396275538650747e-4,0.015452433104812834,FALSE
2928,0.014119295381903658,0.05365829483715095,-0.007572189772481287,0.263133508523793,FALSE
2929,0.02231863242105434,0.05019495311515319,-0.011969500997272224,0.44463897336157965,FALSE
2930,0.0218741016913635,0.05061686754908359,-0.011731098799862796,0.4321504421456347,FALSE
2931,0.021520579887796487,0.05056803858517288,-0.011541504764685217,0.4255767178224422,FALSE
2932,0.021836212753598067,0.05006760566392312,-0.01171077893125198,0.43613455175333943,FALSE
2933,0.021360917427165657,0.05029327483748824,-0.011455877655205837,0.424727113042227,FALSE
2934,0.02181331251551675,0.04994319820083214,-0.01169849751465884,0.4367624281448861,FALSE
2935,0.018453805419713223,0.0481789061838768,-0.009896791085028785,0.38302665795864077,FALSE
2936,0.13794209696259938,0.12072363823713712,-0.07397846050827413,1.1426270693701268,FALSE
2937,0.07482429962995996,0.1173207584528745,-0.04012833367855128,0.6377754509660406,FALSE
2938,-0.050167439943530574,0.16952675778769744,0.02690483946804106,-0.2959263811696116,FALSE
2939,0.08115028890466147,0.2153372779417737,-0.043520966950330225,0.37685202339468676,FALSE
2940,0.03328011372048346,0.1320099146621596,-0.017848152469722055,0.2521031379018317,FALSE
2941,0.011017933618911843,0.1965954356844536,-0.005908926898004553,0.05604368982704272,FALSE
2942,0.036098707314169184,0.09969748181928839,-0.019359766541500952,0.362082438346855,FALSE
2943,0.03269704049015655,0.04542543142289702,-0.01753544981481848,0.7197959263337975,FALSE
2944,0.04344103579807933,0.06017367251882805,-0.02329746337043197,0.7219276135171381,FALSE
2945,7.362047772516626e-4,0.15125117971526433,-3.9482722996941e-4,0.0048674316368149595,FALSE
2946,-0.04599669468928421,0.09782734638110424,0.02466806534414911,-0.47018238141813345,FALSE
2947,5.905253014036443e-4,0.0386486743301958,-3.166992067756584e-4,0.015279315827458359,FALSE
2948,-0.06374404852415261,0.07769856785599338,0.034185985860865305,-0.8204018463029576,FALSE
2949,-0.056549067086047206,0.04615536515904078,0.030327311374272845,-1.225189463699228,FALSE
2950,-0.010662548672229207,0.05101373357734974,0.005718333657635554,-0.20901329748903955,FALSE
2951,-0.03972236657822605,0.03413499139127384,0.021303137997091888,-1.1636846812968744,FALSE
2952,0.026485888966586057,0.0697259934345691,-0.014204404123799667,0.37985674584099577,FALSE
2953,0.0507024074440662,0.057237552369818985,-0.027191742980333722,0.8858241721531278,FALSE
2954,0.002534916923165145,0.08606592123267061,-0.0013594780391295179,0.02945320153272107,FALSE
2955,0.03795566200001003,0.03530204222541654,-0.020355652872918534,1.0751690159353713,FALSE
2956,0.0218025977956648,0.02970887319833143,-0.011692751201554441,0.73387494874391,FALSE
2957,0.015187798504629422,0.03162197409435482,-0.00814522887952754,0.48029254781221137,FALSE
2958,-0.011277198343604564,0.07802081271355836,0.00604797078394801,-0.14454089814479498,FALSE
2959,0.03404444968498053,0.03520923270078767,-0.01825806647864082,0.9669182505138465,FALSE
2960,0.023705953373345027,0.04692747076623969,-0.012713522369581539,0.5051615394196662,FALSE
2961,0.02246259487764596,0.05013823500283205,-0.012046708181620921,0.44801327522552725,FALSE
2962,0.021823583457598033,0.05020300259103619,-0.011704005829378378,0.4347067372718193,FALSE
2963,0.02164321269037786,0.0500397125355952,-0.011607272837975018,0.4325207239146748,FALSE
2964,0.021557172080065103,0.050385339458920285,-0.011561129187615288,0.42784612174025144,FALSE
2965,0.020681908390333306,0.05089427618384224,-0.011091724548053327,0.4063700270660168,FALSE
2966,0.022441794108200835,0.050714276272694044,-0.012035552711791032,0.44251433240474164,FALSE
2967,0.014879898523429436,0.04132907104266343,-0.007980101865358127,0.3600346716738231,FALSE
2968,0.022680264682140093,0.15955715972868967,-0.012163444677514405,0.1421450765400031,FALSE
2969,0.13576760818784758,0.20799766787754131,-0.07281228038276627,0.6527362040798496,FALSE
2970,0.06079697296552794,0.13929517573624087,-0.03260546680519424,0.43646143984662206,FALSE
2971,0.021017308850296807,0.11304177318605493,-0.01127160009169244,0.185925151896764,FALSE
2972,0.002135450273035962,0.23926015800620024,-0.0011452437448011752,0.008925223032664818,FALSE
2973,-0.08811298751772319,0.2019608150711989,0.04725506796604161,-0.43628754165336475,FALSE
2974,0.004353350745856633,0.09889000894496934,-0.002334705599831066,0.044022149378904404,FALSE
2975,0.034226183420755216,0.07030572825342266,-0.018355530431205455,0.48681927164432726,FALSE
2976,-0.024842282464249996,0.11983970582725316,0.013322936599370352,-0.20729592327320723,FALSE
2977,0.03136584424588344,0.06438423154866352,-0.0168215281697646,0.48716655447190055,FALSE
2978,-0.0010472839410694994,0.05796203535442187,5.616592424020207e-4,-0.01806844660760525,FALSE
2979,0.019409011936219436,0.05155625124377803,-0.01040906912860355,0.3764628239637919,FALSE
2980,-0.05445484363169294,0.042368720516363534,0.029204177606374167,-1.2852605169103828,FALSE
2981,-0.02940154231298816,0.04643043172318476,0.01576807142110853,-0.6332386157483578,FALSE
2982,-0.016959553287804543,0.051989805373215625,0.00909542243279072,-0.3262092090181559,FALSE
2983,-0.006623382181691769,0.05442737977961881,0.0035521253333733412,-0.12169210071310467,FALSE
2984,0.006627677568775542,0.027003383797736105,-0.0035544289530133324,0.24543877976252698,FALSE
2985,0.05159925408264415,0.05810486842948554,-0.02767272257318424,0.8880366736440265,FALSE
2986,0.030572391700027138,0.044642855822938164,-0.016395998914219535,0.6848215943281699,FALSE
2987,0.01497746180463555,0.033814630833156,-0.008032425133632939,0.44292844356442934,FALSE
2988,0.04246070342101031,0.05766452698660165,-0.022771710307089413,0.7363400974549926,FALSE
2989,0.01455122242217395,0.03561434839959096,-0.007803832600846837,0.4085775277680238,FALSE
2990,0.02270680310548979,0.0498252732792166,-0.01217767725587125,0.4557286214616987,FALSE
2991,0.021874102091840274,0.049821945062781786,-0.011731099014638821,0.4390455263092642,FALSE
2992,0.021963437430190493,0.049861660106062376,-0.011779009630365699,0.4404874884524772,FALSE
2993,0.02135308381047338,0.04979515630747678,-0.011451676480105073,0.42881849147378215,FALSE
2994,0.020936122777023225,0.050151586717943106,-0.01122805993355551,0.41745683730346966,FALSE
2995,0.01823483994835565,0.04719328052380125,-0.009779359721926527,0.3863863614897289,FALSE
2996,0.12791248245571193,0.1961518882990383,-0.06859956996616384,0.6521093605823782,FALSE
2997,0.23054541866370523,0.21306764571397285,-0.12364169840480763,1.0820292207724254,FALSE
2998,0.01482645153111794,0.22348126773403792,-0.00795143819924702,0.06634315117973423,FALSE
2999,0.13147444591230656,0.2729840923467047,-0.07050985390926677,0.48161944083293634,FALSE
3000,0.05771077669224467,0.13248616028496837,-0.030950337195371266,0.43559853020204425,FALSE
3001,-0.03257816035264928,0.21960366737874562,0.01747169429890673,-0.1483498009915401,FALSE
3002,0.030234983184659746,0.11805300361861831,-0.016215046448809143,0.25611362911473895,FALSE
3003,0.02197351285179364,0.06751880830449682,-0.011784413087291359,0.3254428418330094,FALSE
3004,0.05276844742870529,0.06311031026574279,-0.028299761930151334,0.8361303756313297,FALSE
3005,0.015193624250047845,0.04946593949033172,-0.008148353231606113,0.30715325346276884,FALSE
3006,-0.03498673730204575,0.10328912836666279,0.018763416105777458,-0.3387262324244566,FALSE
3007,0.02702795022993379,0.06915299053018893,-0.014495112026946217,0.39084282577966983,FALSE
3008,-0.04402238082906846,0.08002558152572416,0.023609239190603613,-0.5501038541646524,FALSE
3009,-0.05782529313688431,0.044047110259272375,0.03101175245919474,-1.3128056028309254,FALSE
3010,-0.01829999323409005,0.06547380731587106,0.009814301482866942,-0.27950097885409014,FALSE
3011,-0.03686440024570438,0.03790991445855981,0.019770408292962793,-0.9724210875232043,FALSE
3012,0.018924799312138245,0.0430529590106006,-0.010149385498464808,0.439570235055819,FALSE
3013,0.008144409446658488,0.04435927226082226,-0.004367853511580299,0.18360106087338957,FALSE
3014,0.020471143011923362,0.028387831132044263,-0.010978690901570201,0.7211238828603387,FALSE
3015,0.004729137809476931,0.057693018195832495,-0.00253624051236101,0.08197071252927697,FALSE
3016,0.0225807069188588,0.04081067989666877,-0.01211005176685571,0.5533038649694729,FALSE
3017,0.026470493750880338,0.0468225862386056,-0.014196147656903918,0.5653360029279033,FALSE
3018,0.02049144323185939,0.051610876782416215,-0.010989577926285028,0.3970373012310616,FALSE
3019,0.021935758611452312,0.04999230220432102,-0.01176416545702032,0.4387827254244019,FALSE
3020,0.021962315593506403,0.050237421288143236,-0.011778407988425653,0.4371704404877531,FALSE
3021,0.02024929640241769,0.051143612204918504,-0.010859714381699985,0.3959301177492955,FALSE
3022,0.02344027522727874,0.04966038091274936,-0.012571038960459484,0.47201158743550625,FALSE
3023,0.03439367843668625,0.10970761809453905,-0.01844535814656015,0.3135031006419988,FALSE
3024,0.0597782745878075,0.11714595850876729,-0.03205913802402117,0.5102888341071848,FALSE
3025,0.08643122509584968,0.16235027831835103,-0.046353137390456683,0.5323749733669538,FALSE
3026,-0.06489064044635279,0.20780473137362615,0.03480090405555239,-0.31226738687523686,FALSE
3027,-5.829860227513925e-4,0.11880666802410868,3.126558854088119e-4,-0.00490701433216771,FALSE
3028,0.06779253154925516,0.08559591119640657,-0.03635719065030802,0.7920066578145286,FALSE
3029,0.0030103871633753204,0.11537919040174943,-0.001614473121579113,0.02609124880225954,FALSE
3030,-0.018390460696326185,0.23362775822942158,0.0098628192575687,-0.07871693344875065,FALSE
3031,0.12352745496609562,0.13708546481077052,-0.06624787610249702,0.9010981225223983,FALSE
3032,0.037509791911930115,0.05190091196514628,-0.020116532376499054,0.7227193221020773,FALSE
3033,0.005445906190591301,0.04909065521246547,-0.002920643987032168,0.11093569981947267,FALSE
3034,0.02863296418209304,0.06764938278043323,-0.015355882334847476,0.42325536472410774,FALSE
3035,-0.019616553549462342,0.05463969483545436,0.010520373867165533,-0.35901652834147313,FALSE
3036,-0.05385460084331153,0.04343806834293787,0.02888226690330801,-1.2398019271514675,FALSE
3037,-0.031129721257429965,0.047372805053159314,0.016694895216075797,-0.6571221869276646,FALSE
3038,-0.008735461465024285,0.05114657917072759,0.004684835197097701,-0.17079268265166397,FALSE
3039,3.8602372476347925e-4,0.045828456477918125,-2.0702484235406968e-4,0.008423232079602768,FALSE
3040,0.00794915178559348,0.026552919165323822,-0.004263136666714934,0.29937016476796624,FALSE
3041,0.023238784581662342,0.026920295584869778,-0.012462979360832252,0.8632440349103527,FALSE
3042,-0.00210629933133417,0.12031434069466951,0.0011296100706947873,-0.017506635694239308,FALSE
3043,0.02162921316450007,0.04953424397152505,-0.011599764880686494,0.43665172677176034,FALSE
3044,0.02927851295894321,0.039211939136309465,-0.01570209067694136,0.7466734266103126,FALSE
3045,0.02533716896827631,0.04938589419915124,-0.01358834464013774,0.513044653319485,FALSE
3046,0.021442995032133712,0.05033030102092705,-0.011499895942526707,0.426045435794589,FALSE
3047,0.02191981400348626,0.04681086868718045,-0.011755614350601686,0.4682633460611079,FALSE
3048,0.021337132667337368,0.04656250699834706,-0.011443121868869394,0.4582470756588519,FALSE
3049,0.017114125781452726,0.051878992216591265,-0.00917831978877421,0.3298854709822121,FALSE
3050,-0.02203191579887482,0.08111718105857398,0.011815734636037883,-0.27160603353518625,FALSE
3051,-0.00497336329004827,0.08882199608620363,0.0026672188392633457,-0.05599247381494912,FALSE
3052,0.19208401244358156,0.22487254904086554,-0.10301481448901818,0.8541905771196403,FALSE
3053,-0.018077696389500734,0.17069658204178592,0.009695083501549582,-0.10590543860494746,FALSE
3054,0.06996146910943309,0.10564421537780147,-0.03752039365485593,0.6622366294192172,FALSE
3055,0.11758431736272155,0.16370073129602458,-0.06306056649819505,0.718288283942303,FALSE
3056,0.0075568403241935015,0.20559518777720942,-0.00405273970601054,0.03675592024256119,FALSE
3057,0.004197298407135257,0.12420053469156861,-0.002251014601712825,0.033794527677022894,FALSE
3058,0.061131061000013504,0.08604607731471611,-0.03278463849396578,0.7104456461905266,FALSE
3059,0.045638657204418724,0.06707036631490738,-0.024476049545362286,0.6804593401225372,FALSE
3060,0.018327267722675226,0.20446051064959966,-0.009828928813617386,0.08963720018328689,FALSE
3061,0.004322438988124182,0.08335695931413115,-0.002318127598633422,0.05185456647758764,FALSE
3062,-0.010848294219758444,0.06390097399825483,0.0058179491481569505,-0.16976727490968632,FALSE
3063,-0.0296765552394311,0.07143164408889996,0.015915561080654887,-0.41545390166992746,FALSE
3064,-0.08663554113545818,0.0921278840450018,0.04646271225121499,-0.940383490118358,FALSE
3065,-0.012825995609841047,0.0478012390208322,0.006878592036767332,-0.2683193129000561,FALSE
3066,-0.02564662376018052,0.02948844674104366,0.01375430550057173,-0.869717689283516,FALSE
3067,0.018697977065780403,0.04255819816267791,-0.010027740540442085,0.4393507684302737,FALSE
3068,0.021426361045184954,0.029888465987692694,-0.011490975121590388,0.7168772413414519,FALSE
3069,0.025116161174557727,0.023535345382077487,-0.013469817977866803,1.0671677329062719,FALSE
3070,0.025051763940177843,0.025751146128646575,-0.013435281687892132,0.9728407355162063,FALSE
3071,0.005159322560569126,0.08741222142749278,-0.002766948949601632,0.05902289721407792,FALSE
3072,0.026442705629983403,0.03706535991092882,-0.014181244864720539,0.7134074967443309,FALSE
3073,0.0471692416048061,0.03675299209496209,-0.025296903223187256,1.2834122860781128,FALSE
3074,0.03921387813809406,0.08718589918856298,-0.02103043522675907,0.4497731686322749,FALSE
3075,0.022127493510391432,0.04816383054863378,-0.01186699304164861,0.45942138028344803,FALSE
3076,0.01991758437246758,0.04779861502180944,-0.010681816946122817,0.41669793912186853,FALSE
3077,0.019976061810396614,0.04856904197732354,-0.010713178444372558,0.41129206995112777,FALSE
3078,0.019651717759796468,0.04796224190497037,-0.010539232462204966,0.40973309376849504,FALSE
3079,0.015337292030300433,0.04856111135758318,-0.008225402380790857,0.3158348645969652,FALSE
3080,-0.013112474648909474,0.20927660745530516,0.007032230981983006,-0.06265618889922937,FALSE
3081,-0.0018647244757690475,0.15820990879523936,0.0010000532761720686,-0.011786394986058915,FALSE
3082,0.04052148958496284,0.0927009636787114,-0.021731708325489603,0.4371204783307827,FALSE
3083,0.08741986501484345,0.18387269744936252,-0.046883345795393536,0.4754368986125217,FALSE
3084,0.05667341186015542,0.08890645879859249,-0.030393997579306168,0.6374498841365689,FALSE
3085,-0.032435472596060534,0.14746404219793158,0.01739517073722217,-0.21995513016335513,FALSE
3086,0.013138575320193108,0.15253271103612578,-0.0070462287935453395,0.08613611618744109,FALSE
3087,-0.07972602455513768,0.13212518263122167,0.04275713280357837,-0.6034127860217475,FALSE
3088,0.08314942519994765,0.0789508980855325,-0.0445931053963014,1.0531789658664379,FALSE
3089,0.02166360080708158,0.07229855103981818,-0.011618207001798938,0.299640871020367,FALSE
3090,-0.009074571570426295,0.05118278581867952,0.004866700226648768,-0.1772973359162968,FALSE
3091,0.0028388217886809847,0.06260828656018494,-0.0015224624694585105,0.045342588731477965,FALSE
3092,-0.02245610304717404,0.042008916818814204,0.012043226607578129,-0.5345556312253402,FALSE
3093,-0.11211292942207207,0.10060709538919521,0.06012625662756484,-1.114364041505889,FALSE
3094,-0.02961587154115211,0.0471295252042201,0.015883016363157622,-0.6283931657028498,FALSE
3095,-0.009932762281913001,0.04534721565713951,0.005326948613879685,-0.21903797483427578,FALSE
3096,0.020929455288366948,0.02375312298655569,-0.011224484153883394,0.8811243599510287,FALSE
3097,0.020377991138918892,0.02562231062904581,-0.010928733475156702,0.7953221484957768,FALSE
3098,0.04094954392634454,0.06224067893369361,-0.021961274222243275,0.6579225135055002,FALSE
3099,0.02386701339040002,0.13217798528510913,-0.012799898989725247,0.18056723545088582,FALSE
3100,0.03176466536029108,0.09827536449639362,-0.01703541626275242,0.32322103838604166,FALSE
3101,0.02330414374359815,0.052216754964786574,-0.012498031533349486,0.4462962847713109,FALSE
3102,0.02011882203363291,0.053678687882137074,-0.010789740869980037,0.37480092802953835,FALSE
3103,0.020629580360137793,0.05385088981472046,-0.011063660982249016,0.3830870841896205,FALSE
3104,0.019173317895128817,0.05032530177910988,-0.010282666219739656,0.3809876387683719,FALSE
3105,0.01625349945408573,0.05342379572921277,-0.008716765178735457,0.3042370769847437,FALSE
3106,-0.029427294460473926,0.15362676375665069,0.015781882319070274,-0.19155057192435315,FALSE
3107,0.009079596612698235,0.20642932233877118,-0.004869395160968694,0.043984045046651404,FALSE
3108,0.1705084274221036,0.20782866916596446,-0.09144381042571849,0.8204278461983593,FALSE
3109,0.17106689096099753,0.18069067024550614,-0.09174331488278484,0.9467389253057024,FALSE
3110,0.07025009317808768,0.1300159871627354,-0.037675182981209955,0.5403188847088372,FALSE
3111,0.008021147693646946,0.11773842499202783,-0.004301748131655435,0.0681268472394638,FALSE
3112,0.09329540288265625,0.10781456941589754,-0.050034401605692766,0.8653320547315528,FALSE
3113,0.010482698807373892,0.08777035400827735,-0.005621880026600607,0.11943325198831148,FALSE
3114,0.00675296971044584,0.09494999687266817,-0.0036216232320525035,0.07112132630717038,FALSE
3115,0.040090148730912246,0.08829554952841777,-0.021500379869277726,0.45404495407788703,FALSE
3116,-0.0014509921490918323,0.057984341319570004,7.781682877309738e-4,-0.02502386189221253,FALSE
3117,8.481049988439634e-4,0.07989691671595105,-4.548394112122226e-4,0.010614990336349777,FALSE
3118,0.004902947415283693,0.05703268891714858,-0.002629454747480406,0.0859673199418356,FALSE
3119,-0.016795766498140016,0.06395671866273955,0.009007583442244857,-0.26261144801234204,FALSE
3120,-0.042891546094897086,0.04033397730252859,0.023002771588868057,-1.0634097840930792,FALSE
3121,-0.006525449038754587,0.027924169179879322,0.0034996037079467407,-0.23368462627194225,FALSE
3122,-0.016154014369787098,0.026904880903902834,0.008663411245875177,-0.6004120377817316,FALSE
3123,0.023777189565054157,0.02482638954697561,-0.01275172639801923,0.9577385193309645,FALSE
3124,0.023284712121309906,0.02576527329088527,-0.01248761033827042,0.9037246319272348,FALSE
3125,0.021193097921232754,0.05610190399612619,-0.011365875915595184,0.37776076053846813,FALSE
3126,0.0023356383545328294,0.14005319619427578,-0.0012526047782154964,0.016676794375281034,FALSE
3127,0.008378845674400746,0.045901501943623205,-0.004493581854106813,0.1825396843155971,FALSE
3128,0.02298628939075522,0.046177529047885066,-0.01232756598144803,0.49778084416164736,FALSE
3129,0.02176343409202431,0.051508488053928686,-0.011671747674952179,0.422521314724639,FALSE
3130,0.022865573737493476,0.051459472113989616,-0.012262826076921453,0.44434139718423793,FALSE
3131,0.021578815577794674,0.05137102083386063,-0.011572736613320018,0.4200581422662958,FALSE
3132,0.02308773157566922,0.055492442831562815,-0.012381969508984429,0.4160518153029921,FALSE
3133,0.024912789237089523,0.11530412587822209,-0.013360749439865949,0.21606155935305427,FALSE
3134,-0.010007049174753301,0.1016183573047395,0.005366788735853171,-0.09847678549598607,FALSE
3135,0.16108990202384477,0.2455214956737368,-0.08639264747717941,0.6561132318854491,FALSE
3136,0.09132249683112001,0.15745790782090624,-0.048976330461104604,0.5799803775812319,FALSE
3137,0.08790686221109995,0.23938977021292013,-0.04714452279388929,0.3672122753320372,FALSE
3138,0.06004612908667046,0.1273270805401257,-0.032202788612945225,0.4715896165368183,FALSE
3139,0.08380248456991343,0.10095979786384325,-0.04494334167568514,0.8300579670626067,FALSE
3140,0.020920635949467362,0.1379276497809185,-0.011219754335148878,0.15167833268164344,FALSE
3141,-0.009851361002014346,0.07904829410384055,0.005283293040252017,-0.12462458695279699,FALSE
3142,0.024898327029484652,0.029315810668215102,-0.013352993345985126,0.8493139525041349,FALSE
3143,0.02263532480289934,0.06282589451686278,-0.01213934338316798,0.36028655026668827,FALSE
3144,-8.332536739630002e-4,0.06129283894004816,4.468746334149141e-4,-0.013594633375980894,FALSE
3145,-0.014437490620578454,0.05465880196848952,0.007742838141735864,-0.26413843883555266,FALSE
3146,-0.0645236846926203,0.05645493053913919,0.03460410538180783,-1.142923816864626,FALSE
3147,-0.027014847754246566,0.04211098027768797,0.014488085158415643,-0.6415155281616676,FALSE
3148,0.016737386708528635,0.024854335634742656,-0.008976274312868508,0.6734191955278926,FALSE
3149,0.05157102128987529,0.16352110478294887,-0.027657581303108754,0.31537838102505805,FALSE
3150,0.025358224025589467,0.058458440582807164,-0.013599636484761236,0.4337820813004617,FALSE
3151,0.028898885037950663,0.05063061411740853,-0.015498495909431045,0.5707788764113418,FALSE
3152,0.01952185498480349,0.05350688478348369,-0.01046958694874059,0.36484753436495004,FALSE
3153,0.01889983599189951,0.053579728146728574,-0.010135997649207033,0.35274228977314215,FALSE
3154,0.014654858711577849,0.05713496829885793,-0.007859412828432975,0.2564954378712902,FALSE
3155,-0.007909031657614057,0.07411708417325509,0.004241620208949924,-0.10670996769281982,FALSE
3156,-0.017927364817560743,0.1407658215849542,0.009614460555380185,-0.12735594916228524,FALSE
3157,0.13975837313918146,0.1192981419247821,-0.0749525309215855,1.171505028362467,FALSE
3158,0.08277957459316927,0.1824000513038278,-0.04439475421047787,0.4538352593732636,FALSE
3159,0.05496459033818302,0.11798690905565377,-0.02947755518599385,0.4658532948961018,FALSE
3160,0.08967154748793071,0.22407118277478885,-0.048090924965062266,0.4001922352418627,FALSE
3161,0.11037569482903604,0.2136516747613799,-0.05919457628077869,0.51661516321981,FALSE
3162,0.051755467102922274,0.11159990263614822,-0.027756499744954047,0.46375907039687875,FALSE
3163,-0.09890219699889666,0.2579020267629991,0.05304132992010556,-0.38348747483781326,FALSE
3164,0.03660347430678012,0.05718692079951408,-0.019630473496455195,0.6400672355678073,FALSE
3165,0.01534591164491521,0.05444868810856458,-0.008230025087226504,0.28184171516340634,FALSE
3166,-0.04756367178764678,0.11649701689154844,0.025508436455949857,-0.40828231534826026,FALSE
3167,-0.014144051659596283,0.053506556378728226,0.007585466584650616,-0.26434240244283996,FALSE
3168,-0.027530910206503018,0.09205636561957138,0.01476484987770513,-0.2990657954092627,FALSE
3169,-0.0747761258730911,0.035938980238763685,0.040102498052962496,-2.080641280757259,TRUE
3170,0.01751664794146375,0.05516735252671756,-0.009394192755575305,0.3175183716307654,FALSE
3171,0.02342463369232161,0.04207406989495919,-0.012562650392345802,0.5567475110157591,FALSE
3172,0.0039598910445640696,0.06728065180287283,-0.0021236928371241074,0.05885631215592631,FALSE
3173,0.019426026683514314,0.07680057319547627,-0.01041819415162791,0.25294116795287863,FALSE
3174,0.020101820146318075,0.0754944994602341,-0.010780622743773591,0.26626867242038593,FALSE
3175,0.01807849546044762,0.07625185344883027,-0.009695512043958238,0.23708925937884792,FALSE
3176,0.048401743329707696,0.13264838749683885,-0.025957894916004087,0.3648875364644833,FALSE
3177,0.011469843543084403,0.16941461712678135,-0.00615128656350798,0.06770279765470857,FALSE
3178,0.0035269696754941424,0.15455638262356167,-0.0018915167494022345,0.022819954864526353,FALSE
3179,0.19894174757544977,0.19918593886605468,-0.10669262350309074,0.9987740535702717,FALSE
3180,0.0733644509743715,0.09691554137637691,-0.03934541563907281,0.7569936661598635,FALSE
3181,0.06128846803520992,0.12722421410900997,-0.03286905601692224,0.48173587445150895,FALSE
3182,0.07385552911936964,0.1681935940836517,-0.039608781253748594,0.43911023794780984,FALSE
3183,0.1087080878045448,0.2901188736306338,-0.058300237256498855,0.37470188148788625,FALSE
3184,0.0025307990591520836,0.1365079106075725,-0.001357269625258941,0.018539578020701847,FALSE
3185,-0.01933445329507745,0.10699450722227365,0.010369083267791469,-0.1807051015704149,FALSE
3186,0.03360836196924604,0.054898820211186174,-0.018024192276588098,0.6121873264299769,FALSE
3187,-0.009983613955540082,0.04883104350843356,0.0053542204084372266,-0.2044521934866254,FALSE
3188,0.0012735078641775866,0.0739280149853926,-6.829833191718271e-4,0.017226322990401114,FALSE
3189,-0.015642316080241178,0.041203425809773486,0.008388987030651105,-0.3796362989926631,FALSE
3190,-0.12488843972260695,0.07983194834046833,0.06697777335126247,-1.564391729361046,FALSE
3191,-0.019867579186216577,0.03501476152068609,0.01065499912344406,-0.567405811816801,FALSE
3192,-0.008281976912038604,0.039830876074031345,0.004441631056861531,-0.2079285651825828,FALSE
3193,-0.007351513163178088,0.17251181727143378,0.00394262258000677,-0.042614548263734654,FALSE
3194,-0.0017802374132540313,0.08098047296916831,9.547427947791269e-4,-0.021983539339561785,FALSE
3195,-0.05881303824753924,0.19885889256504483,0.03154148097768057,-0.29575261879879,FALSE
3196,0.01759223450275595,0.07892840403222633,-0.009434729890812761,0.22288851166397677,FALSE
3197,0.017345587867538412,0.07854428502672389,-0.009302453096674374,0.22083831893863126,FALSE
3198,-0.0018098679632616778,0.09962990080068825,9.706336832159864e-4,-0.018165911525721154,FALSE
3199,-0.013332578365624978,0.16221514102202614,0.00715027278701064,-0.08219071463751114,FALSE
3200,-0.03991140109964205,0.24423810511727323,0.021404517367024662,-0.16341185205510098,FALSE
3201,0.05182629050765701,0.37135484256488827,-0.027794482395396506,0.13956002337198875,FALSE
3202,-0.033535948448667204,0.1447106323216105,0.017985356845705392,-0.23174488225672055,FALSE
3203,3.250319739167698e-4,0.10328554902556662,-1.743149160103578e-4,0.003146925944464056,FALSE
3204,0.07246945749858592,0.1440484631731907,-0.038865429898958116,0.5030908064007269,FALSE
3205,0.04129550292252229,0.13344087099232588,-0.02214681231757292,0.30946667700405806,FALSE
3206,0.07602182193337804,0.23908097370991302,-0.04077056587874186,0.3179752062814438,FALSE
3207,-0.008209428316988511,0.11346061554088396,0.0044027231854283505,-0.07235487202191634,FALSE
3208,-0.051032282333655955,0.11948460994541796,0.027368655156018596,-0.42710339312291457,FALSE
3209,-0.014004890403367672,0.06402645922211334,0.007510834288021245,-0.21873598155386811,FALSE
3210,-0.033977788961495906,0.0993558513041419,0.01822231627759018,-0.3419807541831153,FALSE
3211,-0.011987113870255705,0.2333216313637281,0.006428699067111718,-0.05137592172741514,FALSE
3212,-0.029791800088161804,0.09484513330549278,0.015977366988193888,-0.31410995008255704,FALSE
3213,-0.059517512799655926,0.03235811883957087,0.031919291261708505,-1.8393378519542283,FALSE
3214,-0.012330314907391404,0.04086154737286616,0.0066127580667296945,-0.3017583938972235,FALSE
3215,-0.022838049542984427,0.024889258811108938,0.012248064828677838,-0.9175865668121469,FALSE
3216,0.033480222091897244,0.06374389797089898,-0.017955470754552998,0.5252302284240914,FALSE
3217,-0.027473279897908594,0.2081624975288885,0.014733942695617067,-0.13197996864971268,FALSE
3218,-0.037768011561520785,0.08487710358280985,0.0202550157878023,-0.44497290750116897,FALSE
3219,0.024263501417222264,0.07651763515301845,-0.013012535845914445,0.3170968544532328,FALSE
3220,0.012877650923790144,0.07079616075250482,-0.006906294824293187,0.18189758861089828,FALSE
3221,0.021455195695241878,0.052231950068604274,-0.01150643916822645,0.4107676559473935,FALSE
3222,0.0016612582137330984,0.1719636698154183,-8.909341518276435e-4,0.009660518500891807,FALSE
3223,-0.03071986425800882,0.15329966723468333,0.01647508856884223,-0.20039093895083546,FALSE
3224,0.11522089721952235,0.10914538674839856,-0.06179306232377666,1.0556643817216849,FALSE
3225,0.029647060062994484,0.18210612166908352,-0.015899742793175957,0.16280100740857037,FALSE
3226,0.05980927209954027,0.156872402711776,-0.03207576201515999,0.38126063645132496,FALSE
3227,0.07210920858863595,0.2605069290451509,-0.03867222811107237,0.2768034188301304,FALSE
3228,-0.006717636695272932,0.09387312896742565,0.0036026741068386397,-0.07156080519702265,FALSE
3229,-0.0795482114973113,0.1858113277348827,0.042661771513834955,-0.42811281996117806,FALSE
3230,-0.03190215071120197,0.1082176704259329,0.017109149769976,-0.2947961325136514,FALSE
3231,0.051937459862659525,0.04706864813236235,-0.027854102612283698,1.1034406536726002,FALSE
3232,0.0013473145099749352,0.05799392361404579,-7.225658842596098e-4,0.023231994423095446,FALSE
3233,-0.015787215788655565,0.10284721487525256,0.008466696863926298,-0.15350163645952397,FALSE
3234,-0.005793951129236175,0.052579621052118865,0.0031073007750294216,-0.11019385483004901,FALSE
3235,-0.053933578419631284,0.039883601910632484,0.028924622642704914,-1.352274514736174,FALSE
3236,-0.025002062843289242,0.03933155368271167,0.013408626948589538,-0.6356744268223249,FALSE
3237,-0.008250431583074942,0.03931947351555768,0.004424713270889409,-0.20983067282959583,FALSE
3238,-0.08697455894745257,0.22520785740534685,0.04664452778373533,-0.3861968225687122,FALSE
3239,-0.025064681173842068,0.13922165642565262,0.013442209210972807,-0.18003435541098556,FALSE
3240,0.08357057893340017,0.10781773106859767,-0.0448189704913244,0.7751097904316818,FALSE
3241,0.02189384882747698,0.07735994086789694,-0.011741689205266874,0.2830127399510792,FALSE
3242,0.019814140519062263,0.07457919671800385,-0.010626339922121624,0.2656791892514312,FALSE
3243,0.015879664939261004,0.0761231527427104,-0.008516277419736916,0.20860492986848406,FALSE
3244,-0.021569417818378712,0.18171013888485463,0.011567696587184933,-0.11870233521777636,FALSE
3245,-0.04282992704556184,0.158945021332877,0.022969725241826944,-0.2694637849389667,FALSE
3246,0.07913299486108681,0.11003567594178194,-0.04243909048895798,0.7191576203244734,FALSE
3247,0.08624396502338459,0.10433452735929849,-0.04625270965896156,0.8266100130629322,FALSE
3248,-0.07503331421399148,0.30354105270513254,0.04024042837256352,-0.24719329904571669,FALSE
3249,0.07349394256590443,0.16315436925772112,-0.03941486208654105,0.45045647812111167,FALSE
3250,0.0316564169585293,0.15652475800735874,-0.016977362555500246,0.20224542980632512,FALSE
3251,0.08646578224565517,0.20980558131929677,-0.046371670418433326,0.4121233653649352,FALSE
3252,-0.02908065386839115,0.1775643911415372,0.015595978683293927,-0.16377525742315563,FALSE
3253,0.013453844542677632,0.16019639963456503,-0.007215307937900883,0.08398343891228591,FALSE
3254,5.224987666873984e-4,0.10403506165856595,-2.8021652003366247e-4,0.005022333416807057,FALSE
3255,-0.00740022598691267,0.08816832599221469,0.003968747307600787,-0.08393293060328846,FALSE
3256,3.5860206487953135e-4,0.039797669597564644,-1.9231858351456555e-4,0.00901062973047737,FALSE
3257,-0.02950103115699375,0.0982741534713487,0.015821427370302756,-0.30019115011348957,FALSE
3258,-0.0743989578670697,0.0362648128684833,0.039900222539882506,-2.051546719319423,TRUE
3259,-0.01100330116526683,0.03876353490508835,0.00590107950103182,-0.28385701129187957,FALSE
3260,-0.0222056977495525,0.02497692793540787,0.011908934039688717,-0.8890483972639882,FALSE
3261,-0.05228831676075141,0.17420304959646776,0.028042267456454387,-0.30015729851959855,FALSE
3262,0.013845400826184349,0.07935032023241652,-0.007425299896077524,0.17448449843215844,FALSE
3263,0.04214551994207806,0.04446530822240801,-0.02260267714707176,0.9478292544667236,FALSE
3264,0.026610686406113093,0.039213682609916464,-0.0142713330936709,0.6786071757357395,FALSE
3265,0.025551619646033644,0.03263452784998001,-0.013703354715704049,0.7829627492542164,FALSE
3266,0.047225574466578754,0.2507438744665379,-0.02532711458347342,0.1883418869834887,FALSE
3267,-0.02343331591556465,0.247102402965353,0.012567306675840488,-0.09483240808002305,FALSE
3268,-0.05605261311847258,0.36959208986331904,0.030061062701510145,-0.15166074885207018,FALSE
3269,0.04082144411173681,0.23029163855716814,-0.021892574185889295,0.17725977533310747,FALSE
3270,-0.03807700250069835,0.2952520695928869,0.02042072788363596,-0.12896438813520067,FALSE
3271,-0.01672011515952481,0.09227404436755791,0.008967011566875582,-0.18120063203172374,FALSE
3272,0.10038700879277059,0.19042904268637667,-0.05383763571126012,0.527162282478629,FALSE
3273,0.1362172876955546,0.20737845001529503,-0.073053443874077445,0.6568536300927508,FALSE
3274,-0.0739092650423583,0.14578967374931356,0.03963759987362045,-0.5069581619988109,FALSE
3275,-0.003751236744670248,0.13709687020123354,0.002011791363792425,-0.02736194297626275,FALSE
3276,-0.08712288907327499,0.0914134766820966,0.046724077352699164,-0.9530639489432972,FALSE
3277,-0.0060910265202063045,0.09132860190876084,0.0032666225525200343,-0.06669352637513674,FALSE
3278,0.002475919232298999,0.05243205747929575,-0.0013278375287999998,0.04722147768617862,FALSE
3279,-0.01508131955607816,0.05198674325260035,0.008088124131493313,-0.2900993332626929,FALSE
3280,-0.0559262928398889,0.04166737520087745,0.029993317031795332,-1.3422082041469983,FALSE
3281,-0.024175809942325356,0.03931746669547792,0.012965506835515016,-0.6148872746449334,FALSE
3282,-0.010737589473704312,0.04551931203980803,0.005758578101432436,-0.2358908558265108,FALSE
3283,0.07424026014758515,0.08256513143909361,-0.03981511282187653,0.8991720700202661,FALSE
3284,0.08029938650164878,0.09860532663405902,-0.04306462728895232,0.8143514071978416,FALSE
3285,0.05326644434601579,0.05882940553427417,-0.02856683808813149,0.9054391058733819,FALSE
3286,0.034166586486377534,0.04350099884401523,-0.01832356854608587,0.7854207350247567,FALSE
3287,0.03353824323808282,0.04164017745735159,-0.017986587543163936,0.8054298825319158,FALSE
3288,0.02416516043308259,0.03800494376162528,-0.012959795494914168,0.6358425520808918,FALSE
3289,0.06241327533232347,0.1759647438789896,-0.033472291099186466,0.35469193405722726,FALSE
3290,-0.0021168675220408347,0.18570408718165152,0.0011352778000975736,-0.011399143412337302,FALSE
3291,0.025377413195358665,0.18046976841537105,-0.013609927652354128,0.14061863888997603,FALSE
3292,-0.022124802996206266,0.10641762661994118,0.011865550116669383,-0.20790543539579734,FALSE
3293,-0.03515899667358915,0.11766534004974818,0.018855798948981286,-0.29880504028394544,FALSE
3294,0.022523961743101333,0.18845184936249468,-0.012079619282239015,0.11952104380666273,FALSE
3295,-0.03203698037693503,0.1180434981887772,0.01718145903104575,-0.27139978794682057,FALSE
3296,0.08595815883364402,0.19704612913994107,-0.04609943156339603,0.4362336840050129,FALSE
3297,-0.06449106956522051,0.1503468227334427,0.034586613862051016,-0.42894866943453747,FALSE
3298,-0.0316947569026025,0.11237502718344501,0.016997924299166342,-0.2820444870804155,FALSE
3299,0.017023459017706518,0.054789498475741986,-0.009129695128508022,0.3107066042089004,FALSE
3300,0.006717706337839807,0.062287496788018315,-0.0036027114562047625,0.10784999693762026,FALSE
3301,-0.011174477862509385,0.09788043674550348,0.0059928817051140785,-0.11416456887665787,FALSE
3302,-0.025433878827866373,0.09741437061188275,0.013640210217695141,-0.2610895976446817,FALSE
3303,-0.0672888329314869,0.045621318353217026,0.03608705666566413,-1.474942753966731,FALSE
3304,-0.0181677343501227,0.060016679412048204,0.009743370934180996,-0.302711421693143,FALSE
3305,0.08496928601789921,0.08126894056022088,-0.04556909825573928,1.0455320991287729,FALSE
3306,0.04578933881257966,0.052088170648191545,-0.024556860216246024,0.8790736599648548,FALSE
3307,-0.03965306244375996,0.16232150923301059,0.021265970132549057,-0.2442871719904875,FALSE
3308,0.027259843126836155,0.04698236971513297,-0.014619476379043114,0.5802143078801704,FALSE
3309,0.007491947077164586,0.12014270233792618,-0.004017937404042607,0.06235873616436508,FALSE
3310,-0.07203267300159039,0.11028404762320768,0.03863118201253971,-0.6531558693574115,FALSE
3311,-0.0849769823742788,0.11788472364139845,0.045573225818021,-0.7208481281491235,FALSE
3312,-0.08943194760498997,0.18806726290845424,0.04796242734998886,-0.47553171254756277,FALSE
3313,-0.01956418099123021,0.17129987425051482,0.010492286420938414,-0.11421013049092422,FALSE
3314,-0.1380245875044179,0.3792272909722554,0.07402270025396888,-0.36396269675252857,FALSE
3315,-0.10022740210866897,0.2892726453610807,0.053752038514779416,-0.3464807465066787,FALSE
3316,0.07573610423936825,0.13532023955208178,-0.04061733524350982,0.5596805362602029,FALSE
3317,-0.08383385900250934,0.13894940162976532,0.04496016780979411,-0.6033409141687927,FALSE
3318,-0.04695905716986542,0.15134619161516824,0.025184181137166414,-0.3102757768049387,FALSE
3319,0.016189710744191958,0.06666343873176318,-0.008682555240945185,0.24285742008202216,FALSE
3320,0.01786536956114013,0.06046293548317057,-0.009581212448168532,0.29547638430675977,FALSE
3321,0.0026788807329488937,0.04069242015813685,-0.0014366859491962713,0.0658324258556842,FALSE
3322,-0.0018535046534580253,0.04490910449276546,9.940360762017734e-4,-0.041272358342318134,FALSE
3323,-0.05705526185392176,0.0420740105395979,0.03059878404627997,-1.3560690108261553,FALSE
3324,-0.04055912601214691,0.058509118590854566,0.02175189277246712,-0.6932103403534542,FALSE
3325,-0.006738002882407951,0.033071659821193936,0.0036135965098167576,-0.2037394832565951,FALSE
3326,0.0356365626584807,0.06310103358595882,-0.019111917981034086,0.5647540243526298,FALSE
3327,0.03906084056331375,0.07784189578323755,-0.0209483610490319,0.5017971385497152,FALSE
3328,-0.010265783526535066,0.17637534669590635,0.005505548182366522,-0.05820418623604233,FALSE
3329,-0.10389443995949138,0.2760456423168369,0.05571867394227307,-0.37636689022695913,FALSE
3330,-0.09253903899457554,0.1151379451703428,0.04962876302793912,-0.8037232109507172,FALSE
3331,0.023818652905426386,0.11754354536057193,-0.012773963221699674,0.20263684264721835,FALSE
3332,-0.1644949178707381,0.38826632159529706,0.0882187602875983,-0.4236651718718902,FALSE
3333,-0.12462831568914648,0.4388163066625972,0.06683826861731729,-0.2840102197591584,FALSE
3334,0.023816931847411543,0.16906311445990815,-0.012773040216865131,0.1408759795032613,FALSE
3335,0.0628868865203612,0.16132889519009855,-0.033726289170420844,0.3898054743774185,FALSE
3336,0.002062377298316139,0.1424496873084914,-0.0011060546481181065,0.014477934892547856,FALSE
3337,-0.11124767346391126,0.11758607310857153,0.0596622191427084,-0.9460956601654025,FALSE
3338,-0.04754812223314541,0.13343535853329255,0.025500097217030553,-0.35633825063903135,FALSE
3339,-0.04036907580840288,0.10629136348593156,0.02164996869126311,-0.3797963868790339,FALSE
3340,-0.004119273733539582,0.08537723195648245,0.002209169904833716,-0.04824791855092249,FALSE
3341,0.01885228750708162,0.049374864193972856,-0.010110497357535504,0.3818195313513976,FALSE
3342,-0.027601129196631942,0.07004358307092287,0.01480250838009539,-0.3940565000606026,FALSE
3343,-0.07690217266765817,0.03654208960325702,0.041242698704495775,-2.1044820781350126,TRUE
3344,-0.01315065243730787,0.053698409119455615,0.007052705761426801,-0.24489836203626414,FALSE
3345,-0.13703013711719095,0.28885176796341766,0.07348937569012053,-0.4743960477837389,FALSE
3346,-0.2734629853081606,0.5272262489443114,0.14665842483589056,-0.518682417379119,FALSE
3347,-0.1880809730996029,0.43733383022060246,0.10086798118328784,-0.4300627120584977,FALSE
3348,-0.06510484074776943,0.2067405056879835,0.03491577985408043,-0.3149109098437963,FALSE
3349,-0.12854925158880112,0.4150040313402964,0.06894106977805882,-0.3097542237689563,FALSE
3350,0.07471632332083432,0.16157126344154538,-0.04007042589480456,0.4624357186379608,FALSE
3351,0.023145389987423815,0.19082124477275167,-0.012412891762820497,0.12129356987995533,FALSE
3352,0.031000043747478508,0.10680917829014916,-0.016625349060406174,0.290237639159308,FALSE
3353,0.059637654727736356,0.14086281029632072,-0.031983723476946585,0.4233740232945932,FALSE
3354,-0.010591442304806443,0.19176076833793354,0.005680199254069846,-0.05523258170378991,FALSE
3355,-0.0052173132852750895,0.06437907546195754,0.002798049423147931,-0.08104051274172258,FALSE
3356,-9.780826904962005e-4,0.05484516920018428,5.245465545758526e-4,-0.01783352489854137,FALSE
3357,0.002738930513057915,0.07109380398192104,-0.001468890695855518,0.03852558675513294,FALSE
3358,0.006877287995972245,0.02620703801633576,-0.003688295231237531,0.26242141487662174,FALSE
3359,-0.05900133714646112,0.042706328383534484,0.0316424658326623,-1.3815595809732315,FALSE
3360,-0.04175548256115266,0.05792835673362054,0.02239349977760373,-0.7208124814097921,FALSE
3361,-0.011980856964667549,0.10462875718465216,0.00642534348347808,-0.11450826032008916,FALSE
3362,-0.15419632960111532,0.30802097371514514,0.08269561889442494,-0.5006033444453514,FALSE
3363,-0.017746021927083033,0.21885206819013212,0.009517206213471064,-0.08108683675616819,FALSE
3364,-0.06420370295259141,0.23742446710308945,0.03443249891040183,-0.27041738257209286,FALSE
3365,0.004634572060947331,0.14647522426584636,-0.0024855248233358594,0.03164065516319523,FALSE
3366,-0.05840942246535868,0.2520730744079955,0.031325021500406884,-0.23171622991680382,FALSE
3367,-0.07901136315069558,0.1465618640056653,0.04237385930223641,-0.5390990602278464,FALSE
3368,0.0985179723389442,0.13673629591633565,-0.052835269917695236,0.7204961321990472,FALSE
3369,-0.024923387552909848,0.1032802224284146,0.013366433325392066,-0.2413181049274434,FALSE
3370,-0.005915357684218814,0.2059172799301942,0.0031724112107194336,-0.028726863943735637,FALSE
3371,-0.032152435564958864,0.13164317435998185,0.017243377743721346,-0.24423929095660632,FALSE
3372,0.012421013535206447,0.05572826941082356,-0.00666139981572231,0.22288532672062547,FALSE
3373,0.010331958384845378,0.05993949608336552,-0.0055410378135229725,0.17237312723609494,FALSE
3374,0.01462946074959753,0.04051844358096817,-0.00784579188045028,0.36105682885778717,FALSE
3375,-0.03915300541722303,0.0636095280928754,0.020997789136289607,-0.615521079798867,FALSE
3376,-0.0742905782113363,0.03606613777245634,0.03984209844101698,-2.059842910822348,TRUE
3377,-0.008809175423514188,0.03588539005328415,0.0047243680539059635,-0.24548083246229038,FALSE
3378,-0.08310473313573655,0.2981256265559264,0.044569137005360006,-0.2787574288590942,FALSE
3379,-0.13088631777913395,0.3148889411325617,0.0701944403057929,-0.415658667809593,FALSE
3380,-0.09260917859280132,0.28749439712885666,0.049666378952386174,-0.3221251597167417,FALSE
3381,-0.1212632833617589,0.29450908224918226,0.06503359900142618,-0.41174717749165646,FALSE
3382,-0.17475851034239845,0.34468818588771283,0.0937231334054262,-0.5070046421588947,FALSE
3383,0.03141270803807295,0.12054362535213148,-0.016846661260214137,0.2605920300331958,FALSE
3384,0.02489465167011614,0.18791703818720878,-0.013351022247720824,0.13247682014504356,FALSE
3385,0.034801604740895095,0.14764400490349666,-0.018664129360357076,0.2357129553864526,FALSE
3386,0.02116665643275961,0.053711767587019336,-0.01135169532349268,0.39407856757771287,FALSE
3387,-0.05343619857524523,0.2337997203404668,0.028657877421443694,-0.228555442655918,FALSE
3388,0.03356604236470261,0.04990911256517069,-0.01800149623772557,0.6725433621139326,FALSE
3389,0.03346818560586047,0.079725668339184,-0.017949015577152214,0.4197918475073021,FALSE
3390,0.009340550188507263,0.06450524090734872,-0.005009344779160416,0.14480296572992332,FALSE
3391,0.005242610154537992,0.038345101652246485,-0.0028116161550227987,0.13672176963001606,FALSE
3392,-0.057098191210352804,0.0409389600637064,0.030621807095583334,-1.3947152326659134,FALSE
3393,-0.03214851581626198,0.0464633700571994,0.01724127557925843,-0.6919109779743717,FALSE
3394,-0.035749009030983055,0.19603640146337464,0.019172223063460954,-0.18235903517981084,FALSE
3395,-0.041753005874265586,0.0843784039697329,0.02239217152838104,-0.4948304768746594,FALSE
3396,-0.0696316426333149,0.216841676644751,0.03734350744335584,-0.32111743328470727,FALSE
3397,-0.042827771586287935,0.09256581705784804,0.02296856926723845,-0.46267372716564653,FALSE
3398,-0.09472599281400564,0.2648211560524896,0.05080162816720111,-0.3576979808789529,FALSE
3399,-0.005055348554032798,0.11308350274170394,0.002711187604038499,-0.04470456283601164,FALSE
3400,0.010616771665976247,0.06342301560329015,-0.0056937834113812156,0.16739619781537932,FALSE
3401,0.05614192539132366,0.06111765829776767,-0.03010896094719079,0.9185876382533827,FALSE
3402,-0.07928239763438406,0.11746450910017049,0.04251921531964831,-0.6749476777430213,FALSE
3403,-0.0037328035786331525,0.1213628249181471,0.0020019056416253375,-0.03075738869090048,FALSE
3404,0.006124328322119134,0.08862700342975086,-0.0032844823363852214,0.06910228356048967,FALSE
3405,0.01733262908798547,0.036307847525426123,-0.009295503292499271,0.47737969252645873,FALSE
3406,-0.03344757749210636,0.0744836467435455,0.017937963428728505,-0.44905934328470315,FALSE
3407,-0.08068092282228824,0.03866733913284226,0.04326924553276916,-2.0865393024616368,TRUE
3408,-0.008032183583799594,0.05001501511688118,0.00430766668865731,-0.16059544448860025,FALSE
3409,0.034070076540372626,0.08920754148190548,-0.018271810182349267,0.3819192410686856,FALSE
3410,0.03478792019584595,0.06930205202809958,-0.01865679032754705,0.5019753265277146,FALSE
3411,0.02845681500510415,0.08226937887757879,-0.015261413385771179,0.3458980168970207,FALSE
3412,-0.0021010629317757294,0.06617779736952968,0.0011268017852875802,-0.03174875887820232,FALSE
3413,0.005892327784312599,0.0319763459686198,-0.003160060256382533,0.1842714545963155,FALSE
3414,-0.05600768515276642,0.04127390255894582,0.03003696779640216,-1.356975756600151,FALSE
3415,-0.03718925085249648,0.19216574131553954,0.019944625941634427,-0.19352695541829737,FALSE
3416,-0.04006312222443325,0.1105297603179249,0.0214858855315356,-0.3624645716157959,FALSE
3417,-0.02153241396982794,0.10490486679747532,0.01154785139265081,-0.205256577956459,FALSE
3418,-0.016378547086051146,0.0873276002199842,0.008783828327017993,-0.18755292765165268,FALSE
3419,-0.029030304620221235,0.09396303438567993,0.015568976339923947,-0.3089545246172412,FALSE
3420,-0.06125085377776716,0.032744305223540895,0.032848883459595295,-1.870580345486519,FALSE
3421,0.029082692151620317,0.06565302401797471,-0.015597071816272866,0.44297566771117747,FALSE
3422,0.030594131787922904,0.0761528626612158,-0.016407658141310157,0.4017463128605973,FALSE
3423,0.002795189702380763,0.085530607290295907,-0.0014990625455460174,0.03268057822732072,FALSE
3424,0.005334027085010316,0.03512588464550549,-0.002860643130323661,0.15185459779424595,FALSE
3425,-0.05328636122368304,0.04104064469916883,0.02857751952607102,-1.2983802183000848,FALSE
3426,-0.0649477834192207,0.09983526724344265,0.034831549879087896,-0.6505495023201491,FALSE
3427,-0.05937287671972329,0.15792698587852308,0.03184172281260577,-0.37595143343894827,FALSE
3428,0.006117692400396511,0.08829596414995358,-0.0032809234860856915,0.06928620644548143,FALSE
3429,0.002154256099132887,0.06705083567508091,-0.0011553293248660777,0.032128698731990674,FALSE
3430,-0.03089480066405323,0.09285412511273433,0.01656890710785954,-0.3327240510482847,FALSE
3431,-0.08549394274752134,0.10276368764340328,0.0458504720930768,-0.8319470107397363,FALSE
3432,-0.006015650674223143,0.12335803928326072,0.0032261984240768153,-0.048765777319220466,FALSE
3433,-0.012106314798370672,0.11760550564847069,0.006492626623291276,-0.10294003441094936,FALSE
3434,0.006172095804468595,0.030691858507581906,-0.0033101000766137707,0.201098796377674,FALSE
3435,-0.006960019035175559,0.06812171812698084,0.003732663955878351,-0.10217033901291045,FALSE
3436,-0.06304673608568938,0.09461678633227733,0.033812016624303914,-0.6663377454427638,FALSE
3437,0.0019246016712402554,0.08629086022613668,-0.0010321654655475424,0.022303656102124612,FALSE
3438,-0.016949243839213757,0.07663208242082209,0.00908989346699834,-0.22117686618690127,FALSE
3439,-0.020705892567927202,0.05644046807657205,0.011104587282302137,-0.3668625238868641,FALSE
3440,0.017294665818071205,0.0340544249933499,-0.009275143559495658,0.5078537024615298,FALSE
3441,0.005701669533610552,0.07290406577912575,-0.0030578100790928384,0.07820784029912199,FALSE
3442,-0.0017730616521157005,0.06024938320902684,9.508944281551749e-4,-0.029428710431180848,FALSE
3443,-0.015187955934762269,0.10631851080345081,0.008145313309437786,-0.14285335469794136,FALSE
3444,0.005383463837531514,0.0564786326256823,-0.002887156101523732,0.09531859372748896,FALSE
3445,-0.0034752804037845326,0.0920385926457471,0.0018637957503013756,-0.03775894767492534,FALSE
3446,0.00948752830665831,0.043122973334445376,-0.00508816926529365,0.22001099583455552,FALSE
3447,0.01714454570998468,0.06689835153514112,-0.009194634021565493,0.2562775511886687,FALSE
3448,7.475077688696379e-4,0.041638458468955836,-4.008890337077021e-4,0.017952340128704652,FALSE
