hex_id,cate,se,adj_cate,t_stat,sig_95
1,0.006200441711425345,0.01711663006106779,0.01891534553313431,0.362246639046573,FALSE
2,0.006318972522300326,0.016509620456050034,0.019276940940102096,0.38274486921864437,FALSE
3,0.006538932527187708,0.016849618002533234,0.01994796079474376,0.38807601016264115,FALSE
4,0.0075684892401278545,0.015433345918907592,0.023088772671958246,0.49039847094048483,FALSE
5,0.003212690485924173,0.022301372284291663,0.00980077766399959,0.1440579729789581,FALSE
6,0.005058430904356196,0.0248319022224857,0.015431476153557349,0.20370694355326927,FALSE
7,0.006281937444742833,0.0169036756722592,0.01916396007173016,0.3716314467067176,FALSE
8,0.007506273066954348,0.01386328804570613,0.022898973224096706,0.5414496937672202,FALSE
9,0.007725170179068555,0.016141257537192033,0.023566750570380903,0.47859778962503574,FALSE
10,0.0014416770476202076,0.025012952818113002,0.004398044651024778,0.05763721932806848,FALSE
11,0.006142098074423419,0.028850303833491325,0.018737359817775093,0.21289543811643566,FALSE
12,0.003043484015779795,0.024673017479700913,0.009284588818400856,0.1233527280675638,FALSE
13,0.00724228203408485,0.015969168075975114,0.022093630340996255,0.45351655137129737,FALSE
14,0.005489898718064243,0.016717958144570173,0.016747731214495194,0.32838332711386214,FALSE
15,0.006949171956957556,0.014895626526953473,0.021199455595688973,0.46652431466263644,FALSE
16,7.714082721324313e-4,0.03623432571214369,0.002353292667458814,0.021289433623264558,FALSE
17,-0.00815350089842422,0.038992045555549186,-0.024873435470609714,-0.20910677504232264,FALSE
18,0.003277672848117846,0.025712840701678976,0.009999015772131092,0.12747221849757825,FALSE
19,0.0018415203753649758,0.03588876515646634,0.005617824636936774,0.05131189015103729,FALSE
20,0.007726414548463324,0.017007039806506436,0.023570546699458215,0.4543068421294225,FALSE
21,0.004503430940484104,0.01646767625841867,0.01373836837573995,0.27347094209371786,FALSE
22,-0.0024011186013321714,0.02851679426923448,-0.007324960079302737,-0.08420015863854069,FALSE
23,-0.09008190558019656,0.1366254628131192,-0.2748079007327531,-0.6593346783638242,FALSE
24,-0.011973294622259819,0.04330498834382802,-0.036526269496693776,-0.2764876537362305,FALSE
25,-0.006264040470950948,0.025824186219162944,-0.019109362760921293,-0.24256487378884725,FALSE
26,0.007020389207065516,0.021485310909493897,0.02141671413248474,0.3267529726071293,FALSE
27,0.007711097857946149,0.015099652047462489,0.02352382091651559,0.5106805000345691,FALSE
28,-0.032706409021561286,0.094011211519151,-0.09977563802444622,-0.3478990270740067,FALSE
29,-0.08942063762157808,0.1386545411503275,-0.27279060704475494,-0.6449167613243143,FALSE
30,-0.05290201122601062,0.0941060547259995,-0.1613852477467628,-0.5621531088519315,FALSE
31,-0.010138573872762627,0.10537596843919549,-0.030929188103346925,-0.09621333993825008,FALSE
32,0.008327239353527999,0.01558856625658961,0.025403449792754752,0.5341889187536989,FALSE
33,0.007114119760348181,0.017582149726420235,0.02170265276151604,0.4046217255025408,FALSE
34,0.005391492084647304,0.01973332427023441,0.01644752752571542,0.2732176297725867,FALSE
35,-0.06774599588151084,0.09227611959025121,-0.2066689729900706,-0.7341660679093843,FALSE
36,-0.06787530826371722,0.10415439438800364,-0.20706345914202315,-0.6516797362467791,FALSE
37,-0.09862741476426913,0.09256565300708082,-0.30087721425850633,-1.0654860799904324,FALSE
38,-0.014409181329176911,0.08510794777430716,-0.04395729471801042,-0.16930476772143285,FALSE
39,0.009245528405471359,0.014673943648201996,0.028204823553723477,0.6300643253870079,FALSE
40,0.006119855680077676,0.015137664586888174,0.018669506172161635,0.40428004233747694,FALSE
41,0.004417043977532337,0.021188976128696736,0.0134748324326829,0.20845952870512838,FALSE
42,-0.001366496215926778,0.026071845000761845,-0.004168694634504305,-0.0524127163185746,FALSE
43,-0.060831217760180245,0.10052547853436146,-0.18557444077167826,-0.6051323370660405,FALSE
44,-0.09561891926088179,0.13719913015147825,-0.2916993629650102,-0.6969353169754884,FALSE
45,-0.10085260670001824,0.15327629824342437,-0.30766548456264936,-0.6579791386914243,FALSE
46,-0.009874197555080833,0.06335346546807458,-0.03012266985312064,-0.15585883869378372,FALSE
47,0.007423527624583556,0.025555835630666778,0.022646546267021773,0.2904826800370945,FALSE
48,0.006389325566883153,0.016393003883500342,0.019491563092769063,0.38975929074927185,FALSE
49,0.005863299981861978,0.0137198070815137,0.017886845854381,0.4273602352442905,FALSE
50,0.007447374610333118,0.01779648048567495,0.022719294951126894,0.4184745751457872,FALSE
51,0.008078025474477071,0.015670528729397618,0.024643186757749555,0.5154915710867398,FALSE
52,-0.05767051413128467,0.11335237410469175,-0.17593225654499228,-0.5087720004701485,FALSE
53,-0.014711697666447067,0.0720036374750536,-0.044880164622317253,-0.20431881197035476,FALSE
54,-0.09679944427744476,0.13823179534520902,-0.29530072551917325,-0.7002690230254593,FALSE
55,-0.08470292367677172,0.12097645425893237,-0.25839853732687273,-0.700160408863344,FALSE
56,-0.016024511444354836,0.06554301464844534,-0.04888509320410316,-0.24448847112550282,FALSE
57,0.007494998718479966,0.016838678202016406,0.022864579191061777,0.44510611988430604,FALSE
58,0.007880534145932783,0.016530202642876832,0.0240407108547297,0.47673548329600485,FALSE
59,0.0069643850401048535,0.016414686001340432,0.02124586530934295,0.42427768886569855,FALSE
60,0.008291712848812844,0.011754163858263314,0.025295071044345037,0.7054277061982315,FALSE
61,0.002258979597571176,0.012934148832436453,0.006891344460447633,0.174652358406923,FALSE
62,0.0030477109268688997,0.02474906788102779,0.009297483622917916,0.12314447321893777,FALSE
63,0.008710250102083782,0.019257953992715456,0.026571879557764452,0.45229363957243507,FALSE
64,-0.007450626135168235,0.02619977496908161,-0.022729214198598,-0.28437748583568867,FALSE
65,-4.443050309107665e-4,0.01822553852363084,-0.0013554168513996293,-0.024378156526606343,FALSE
66,-0.01813156921993112,0.04978456709685136,-0.05531297814169752,-0.36420060025143525,FALSE
67,-0.0010283676526994937,0.026124323021445656,-0.0031371844767229683,-0.03936437517846104,FALSE
68,0.008504806520024548,0.0303544129703004,0.02594514415356662,0.280183528119812,FALSE
69,-0.021315385257947052,0.08250897542364966,-0.06502567012008274,-0.25834020054789575,FALSE
70,-0.05446635341298802,0.0849546507443098,-0.16615750017262013,-0.6411226805806878,FALSE
71,-0.0434166265954056,0.1653845871870015,-0.13244870803670222,-0.26251918231240085,FALSE
72,0.007276603222542242,0.02996813303745601,0.022198332097579685,0.24281136277149787,FALSE
73,0.007056547183766395,0.01678381399320543,0.021527019277651393,0.4204376422798232,FALSE
74,0.0021991559543073783,0.037713945181862,0.006708843771617583,0.058311479843934005,FALSE
75,0.00683064008638293,0.015135675209200831,0.020837856955953932,0.4512940448293083,FALSE
76,0.008228988686940508,0.011877759051444448,0.025103721903378954,0.6928065008979775,FALSE
77,-0.06609406638488988,0.0666031085165545,-0.20162952278971072,-0.9923570814785905,FALSE
78,-0.008447735981204973,0.03649606648704342,-0.025771042208612403,-0.23146976631588584,FALSE
79,0.005840501193768054,0.015128039897430492,0.01781729484904881,0.3860712447459943,FALSE
80,0.003184361867026449,0.016258180580402685,0.009714357108841472,0.1958621293002995,FALSE
81,3.925988958850794e-5,0.0397161919007064,1.1976797972166071e-4,9.885109248807323e-4,FALSE
82,0.0030412234888448934,0.020038360488224882,0.00927769275356376,0.15177007573209414,FALSE
83,0.013453053132639529,0.018887717404186176,0.041040487165711105,0.7122646344580454,FALSE
84,0.010201129750433953,0.018022969156479066,0.03112002386898298,0.5660071690666326,FALSE
85,0.009014731169474256,0.030051477815991632,0.027500743155881305,0.2999763014874811,FALSE
86,0.00323927501521162,0.028407150544567977,0.009881877621181865,0.11403026889759751,FALSE
87,-0.0011190805584928248,0.03227373118901001,-0.0034139173350020407,-0.034674656981523694,FALSE
88,-0.010618625647134389,0.0874704970156997,-0.03239365557335056,-0.12139665383664733,FALSE
89,-0.11327348407044963,0.12020073071525104,-0.3455571700620022,-0.9423693466455567,FALSE
90,-0.0989326739028821,0.12178573438790846,-0.3018084514755858,-0.8123502674604282,FALSE
91,-0.04545705734478528,0.11906916901967479,-0.13867333758040556,-0.3817701737489579,FALSE
92,0.010807790208611853,0.02350579661246278,0.03297072946735666,0.4597925518883099,FALSE
93,0.007626278863348585,0.014067462389696578,0.023265068288032743,0.5421218590876984,FALSE
94,0.006292473642980531,0.024539989453704968,0.019196102270551966,0.2564171290640271,FALSE
95,0.007688892650666514,0.030453722870641582,0.02345608071543359,0.2524779214458166,FALSE
96,0.008349515050813659,0.011317407094620608,0.025471405033810134,0.7377586562899511,FALSE
97,-0.07024796315317686,0.0461410873478894,-0.2143015865454808,-1.5224600717258596,FALSE
98,-0.06529667016075999,0.046065223032831226,-0.19919695011050295,-1.4174829917619693,FALSE
99,-0.010476708013745756,0.0424738955862103,-0.03196071527688036,-0.24666228207113536,FALSE
100,0.0075199548853244836,0.01716045290647751,0.02294071159275451,0.43821424331323716,FALSE
101,-0.007986420936755695,0.033985935722552735,-0.024363733847127072,-0.2349919390760215,FALSE
102,0.0029899939476149815,0.016929317508656148,0.009121409617786168,0.17661633117142286,FALSE
103,0.00686429917754644,0.0202233237660191,0.02094053888884202,0.33942487678906685,FALSE
104,0.006754766929983284,0.03163719666621452,0.02060639490263855,0.21350712584458295,FALSE
105,0.011552615299201438,0.017981638403449,0.035242926289123316,0.6424673347332781,FALSE
106,0.01674516434545227,0.047464915804010264,0.05108354926064435,0.35279035181681473,FALSE
107,-0.032438408745544774,0.07585715605228247,-0.0989580643644138,-0.42762489966256434,FALSE
108,-0.018271075386445908,0.07154854180350356,-0.05573856190918424,-0.25536614619798187,FALSE
109,-0.10275670047484459,0.18458034689001346,-0.31347419841798063,-0.5567044498842262,FALSE
110,-0.09712599044514733,0.16148377809305264,-0.29629690190177405,-0.6014597354118127,FALSE
111,-0.036373826564528956,0.22672131613675486,-0.11096362644012397,-0.16043408350094798,FALSE
112,-0.037960982469411104,0.06539956944734712,-0.1158054754168639,-0.5804469783241204,FALSE
113,0.011508833286733846,0.017279153910745575,0.03510936291855981,0.6660530571220112,FALSE
114,0.007846328131738283,0.024245437967053002,0.023936360453917446,0.3236208041447062,FALSE
115,-0.011804876478855872,0.060894792121212196,-0.036012485556000576,-0.1938569139928756,FALSE
116,0.008331873872554766,0.013334350430907634,0.02541758806432493,0.6248428759785967,FALSE
117,0.008526881776952738,0.012392428187005278,0.0260124879222791,0.6880719136136727,FALSE
118,-0.024261122474621703,0.06840848227892596,-0.07401206816984453,-0.3546507928022784,FALSE
119,-0.04453088354509254,0.09891773227429995,-0.13584791025437448,-0.4501809991115437,FALSE
120,-0.07241537709787602,0.11833742990617423,-0.22091359671917113,-0.6119397485249742,FALSE
121,-0.018565621428185,0.051308957571475126,-0.056637117272529666,-0.3618397704206416,FALSE
122,-0.04887210041089339,0.0403622786580352,-0.1490914210996715,-1.2108360091598567,FALSE
123,-0.005749711141901538,0.027619765892392997,-0.017540326645499392,-0.2081737826563228,FALSE
124,0.004708272427343186,0.014787514442482646,0.014363267001320262,0.3183951194540794,FALSE
125,0.01414610281188608,0.019385022801179926,0.04315473559585446,0.7297439346331352,FALSE
126,-0.07997386442443238,0.0873072062764536,-0.24397185710506938,-0.9160053085560821,FALSE
127,0.015399193546158712,0.026064218808525646,0.046977470382548736,0.5908173829910303,FALSE
128,-0.007460548808297008,0.04504836804147713,-0.022759484750210033,-0.1656119662631929,FALSE
129,-0.02563040014939538,0.06937314126985104,-0.07818924804743697,-0.36945710804267884,FALSE
130,-0.014897068128762202,0.047321189210905196,-0.04544566406727883,-0.31480756035879937,FALSE
131,-0.04528958951606646,0.07039511250453451,-0.13816245271230607,-0.6433626981297761,FALSE
132,-0.13189037495994446,0.1695447563033279,-0.40235069225229547,-0.7779089004910478,FALSE
133,-0.08996636356412734,0.17826750593389265,-0.2744554230772472,-0.5046705684965928,FALSE
134,-0.05483210863227322,0.16600398636210614,-0.16727328944624212,-0.33030597537981643,FALSE
135,-0.028302013737834687,0.061819968138415136,-0.08633939226429627,-0.4578134636767585,FALSE
136,0.011297032337969082,0.015510090684480239,0.0344632334464048,0.7283666206589725,FALSE
137,0.016019601407827842,0.04566340241186396,0.04887011442649168,0.3508192679848521,FALSE
138,8.469091793428534e-4,0.06115014825124128,0.0025836191207046664,0.013849666821137462,FALSE
139,0.008304822799502384,0.013444935688580689,0.02533506484781198,0.6176915228055717,FALSE
140,-0.09447759514389238,0.12014659116289446,-0.28821758843298395,-0.7863526899052832,FALSE
141,-0.09872234245164777,0.27853400135670137,-0.30116680491849424,-0.35443551584648414,FALSE
142,-0.080334791062495,0.049508619102688396,-0.24507291609228427,-1.6226425321188709,FALSE
143,-0.08804419410161272,0.04121236181542034,-0.2685915667184806,-2.13635400213024,TRUE
144,-0.08482818868365527,0.052083302472609165,-0.2587806763741678,-1.6287021877744174,FALSE
145,-0.07541251893815148,0.03328368016360053,-0.23005681201884245,-2.265750619146485,TRUE
146,-0.012315715293777075,0.0666550437254361,-0.0375708733524968,-0.18476794261072998,FALSE
147,-0.0015257480681123868,0.03020445412828825,-0.004654515476160109,-0.0505140090144332,FALSE
148,-0.11375794411417102,0.08442955587641279,-0.3470350855961652,-1.3473711064012803,FALSE
149,0.017029677638119203,0.028436767579025052,0.05195149826976868,0.5988612310029318,FALSE
150,0.011472362919146217,0.018288102569849505,0.0349981047797454,0.6273129142473213,FALSE
151,0.013828258827119718,0.028901394632980044,0.04218510648275343,0.4784633753050787,FALSE
152,-0.07844691305588337,0.057361079069851606,-0.23931367078663737,-1.3675982796689448,FALSE
153,-0.010556431803668399,0.058171387589084994,-0.032203924245496104,-0.18147120502329497,FALSE
154,-0.012387318862232391,0.0915580713265175,-0.0377893104093668,-0.13529466799334725,FALSE
155,-0.09444026256624487,0.11770371051235032,-0.2881036999974965,-0.8023558658869596,FALSE
156,-0.06599484655510703,0.14276437845398496,-0.20132683832763068,-0.46226409745746294,FALSE
157,-0.04408394931434864,0.1581628476110504,-0.1344844726480619,-0.2787250607851892,FALSE
158,-0.06450995635140651,0.23910652414399403,-0.19679696568484684,-0.26979588525387754,FALSE
159,0.010572638008789322,0.03274959612628596,0.03225336362157769,0.32283262266869167,FALSE
160,0.010644825905001452,0.0170918482041872,0.03247358325490581,0.6228013365104458,FALSE
161,-0.028445167393153708,0.07561576920335115,-0.0867761032246946,-0.3761803614885805,FALSE
162,-0.009691449487867489,0.06420451860130018,-0.029565170404253435,-0.15094653303219738,FALSE
163,0.008455105867621696,0.012544332013798967,0.025793525114605278,0.6740180233049431,FALSE
164,-0.06620219404700406,0.3097623819896845,-0.20195938188455728,-0.2137192825732102,FALSE
165,-0.15426273858549341,0.19755880055029046,-0.4706008279789813,-0.7808446809547438,FALSE
166,-0.06741852754223983,0.14835991382867783,-0.20566998338952985,-0.45442549676924854,FALSE
167,-0.19845528490260672,0.1690807872576015,-0.6054165915135249,-1.1737305469263752,FALSE
168,-0.10427491209741924,0.052066494188610424,-0.31810572287542427,-2.0027258167159148,TRUE
169,-0.0646402488018636,0.043541744404067835,-0.19719444167695452,-1.4845580875676783,FALSE
170,-0.005933910050446021,0.03429998680531309,-0.018102252095991884,-0.17300035956651896,FALSE
171,-0.08886204553790865,0.07398426195051186,-0.27108654098520124,-1.201093897474419,FALSE
172,0.013899170625698141,0.023756544171869922,0.042401433195415734,0.5850670251170674,FALSE
173,0.015869234453647192,0.027854027491695497,0.04841139825311794,0.5697285413528979,FALSE
174,0.014914858821666174,0.03726120790603772,0.045499937152845046,0.4002784574047425,FALSE
175,9.054651753903131e-4,0.045651125472626355,0.0027622526680910727,0.019834454594843547,FALSE
176,-0.0682204062165222,0.0698158800452331,-0.20811623043218064,-0.9771474079009358,FALSE
177,-0.08328988827202641,0.07264049108360354,-0.25408786815598783,-1.1466041463867065,FALSE
178,-0.07427619031436557,0.06998432137160804,-0.22659027696239717,-1.061326149323764,FALSE
179,-0.06607853897151765,0.06051187681520465,-0.20158215416617695,-1.0919928855175465,FALSE
180,-0.09983825428034922,0.05295526009336453,-0.3045710555842984,-1.8853321483895287,FALSE
181,-0.0748415048320599,0.1540780077895022,-0.2283148507806433,-0.48573775002534186,FALSE
182,-0.025012081955567488,0.08541022896121649,-0.0763029788379181,-0.2928464454406872,FALSE
183,-0.10281303393161355,0.11407286895902631,-0.3136460517873781,-0.9012926112040088,FALSE
184,0.008589257763486777,0.0130630779649775,0.02620277490394484,0.6575217407807588,FALSE
185,-0.023943103330451538,0.08364287022791825,-0.07304190470761153,-0.28625396600103553,FALSE
186,-0.03202679285180705,0.06356547104764886,-0.097702370460763,-0.50383946384664835,FALSE
187,0.0014899315675165389,0.06061152060950496,0.0045452520533123784,0.024581656301209693,FALSE
188,0.008729385030384392,0.017400465072531155,0.0266302534281116,0.5016753859162555,FALSE
189,0.005575779712691427,0.04113846377101778,0.017009723627891986,0.13553689665532886,FALSE
190,-0.07985715770159674,0.4366739097055478,-0.24361582634287254,-0.18287595371897752,FALSE
191,0.0012924140778184559,0.14092575412896197,0.003942696341903604,0.009170886370675443,FALSE
192,-0.07450265124968385,0.07698702058778034,-0.2272811288469345,-0.9677300235919141,FALSE
193,-0.1849338844767813,0.1539447677123548,-0.5641676010303028,-1.2013002275097102,FALSE
194,-0.07732742867481564,0.14296733349541987,-0.23589852153237956,-0.5408748053435082,FALSE
195,-0.04083796450892121,0.06531531765514621,-0.12458212583995856,-0.625243296289834,FALSE
196,-0.010126279374032132,0.036796138824631015,-0.030891681954193794,-0.27519950998917553,FALSE
197,-0.09886926900982547,0.0835561800414853,-0.3016150256655427,-1.1832669822954722,FALSE
198,0.012770545033891032,0.006205182083129743,0.03895839735375436,2.0580451730193032,TRUE
199,-0.007276349450614496,0.05265410074766804,-0.02219755792955693,-0.13819150545338585,FALSE
200,0.0187056390475242,0.02682050106529275,0.057064261300937766,0.6974380904363624,FALSE
201,0.01248508172020412,0.01439911737172085,0.038087550167904403,0.8670727099373605,FALSE
202,-0.06498587705110281,0.11242402386664573,-0.19824883071319452,-0.5780426177254362,FALSE
203,-0.08703156925726027,0.12585999534100006,-0.2655024079588606,-0.6914950935876042,FALSE
204,-0.09886530669839055,0.12120310745410938,-0.30160293806059624,-0.8156994385298537,FALSE
205,-0.08819151340092257,0.08198045484337288,-0.2690409855792386,-1.0757626750109668,FALSE
206,-0.08649523333166992,0.1022797857110612,-0.2638662375331825,-0.8456728055338091,FALSE
207,-0.07297475359808443,0.11591408214398657,-0.22262005575499444,-0.6295589996341979,FALSE
208,-0.06323823129187009,0.0796112172692901,-0.19291738418987825,-0.7943382033459264,FALSE
209,-0.03682915086291217,0.07621730314320442,-0.11235265916301536,-0.4832124641528448,FALSE
210,-0.08683766694138373,0.11210511544676101,-0.26491088085882813,-0.7746093172940279,FALSE
211,0.00708017615932794,0.018305965103943538,0.02159910289010065,0.38676880017665405,FALSE
212,-0.09025948377905962,0.17907141447639055,-0.275349628749397,-0.5040418318187785,FALSE
213,-0.08053684426490741,0.15736536711109667,-0.2456893086522957,-0.5117825207883897,FALSE
214,-0.09517777908000853,0.16034924048498478,-0.2903536009470573,-0.5935655123288286,FALSE
215,0.0038202863530673427,0.013097388437625071,0.011654336862909544,0.29168306118895787,FALSE
216,-0.012016371278144389,0.04444468927211613,-0.0366576810748346,-0.2703668644092257,FALSE
217,-0.1492338946808633,0.22297958727071032,-0.45525961125356695,-0.6692715530937124,FALSE
218,-0.0629168469809784,0.0622950634974816,-0.19193695479913936,-1.0099812641417716,FALSE
219,-0.1409857241615019,0.0953795452360054,-0.4300973723920282,-1.4781547113969709,FALSE
220,-0.11636528640048861,0.15235144606904208,-0.3549891608966348,-0.7637950895966856,FALSE
221,-0.05880741176746628,0.0690456336730824,-0.17940052745616827,-0.8517180397808773,FALSE
222,0.012060411131092968,0.08077533253340721,0.036792031025131816,0.1493080963313274,FALSE
223,-0.16394601120087546,0.1434447638385225,-0.5001410536493527,-1.1429208485116364,FALSE
224,0.016192335246902043,0.02522469846253597,0.04939706402192659,0.6419238378984429,FALSE
225,0.003140734080597215,0.004849469908527497,0.00958126422714659,0.6476448230092997,FALSE
226,0.014851880636681546,0.04249870227544665,0.045307813077581374,0.34946668583953733,FALSE
227,0.016591398696320012,0.03619766540825935,0.050614464876042535,0.45835549086362615,FALSE
228,0.01185892789208141,0.019915867187311063,0.03617737722103008,0.5954512440029252,FALSE
229,-0.01937926712163741,0.059719683275920137,-0.059119261311532514,-0.3245038496286101,FALSE
230,-0.06835479089815427,0.04949775452658577,-0.20852619036821984,-1.3809675115957065,FALSE
231,-0.06368081429323123,0.06014584483309722,-0.1942675477407123,-1.0587732946464288,FALSE
232,-0.09558242257108211,0.07720824774713736,-0.29158802452647536,-1.237982020834374,FALSE
233,-0.06190535165743396,0.12062801733125139,-0.18885124180634771,-0.5131921507707313,FALSE
234,-0.08360193498660412,0.08341456432172716,-0.2550398118566827,-1.0022462583890541,FALSE
235,-0.06900609248633081,0.17160844956787263,-0.21051308019962292,-0.402113606061328,FALSE
236,-0.04127731936803388,0.05016648654343214,-0.1259224414752889,-0.822806662617236,FALSE
237,-0.02560380773063984,0.04065696350334962,-0.07810812402228955,-0.6297520897872859,FALSE
238,-0.10978126127711596,0.10372728076231848,-0.33490363860586847,-1.0583644000913282,FALSE
239,-0.10769316056844898,0.09484204537696339,-0.32853358494668505,-1.1355001902416484,FALSE
240,-0.09820819609288732,0.09628911691668109,-0.29959832698044087,-1.0199303850492971,FALSE
241,-0.08814913863019534,0.1078409537893583,-0.2689117152034336,-0.8173994714695657,FALSE
242,-0.03148054647650368,0.0487469754313137,-0.09603596677277314,-0.6457948662037698,FALSE
243,0.0014615786042745183,0.027834270966063508,0.004458757232205869,0.05251003721478909,FALSE
244,-0.08572828412917226,0.09046654342744694,-0.26152654790351093,-0.9476241810645203,FALSE
245,0.07911942596244816,0.1460035728594284,0.24136526881710108,0.5419006152583951,FALSE
246,-0.08835981714265033,0.07020559244629068,-0.2695544205210483,-1.258586589241422,FALSE
247,-0.21742363246282956,0.17317088859212265,-0.6632822831840175,-1.255543782390223,FALSE
248,-0.07704842447527491,0.12738183385763735,-0.23504737880979193,-0.6048619504205337,FALSE
249,-0.0218284178366385,0.12478654765921006,-0.06659075031071209,-0.17492604969128195,FALSE
250,0.017282998606976383,0.07755009354559651,0.05272429057711228,0.22286238245237752,FALSE
251,-0.12545018423848925,0.0820517847205642,-0.38270395763802756,-1.528914753843841,FALSE
252,0.013020712529928726,0.008736302769822662,0.03972156953550272,1.4904145235105026,FALSE
253,0.004958243125115064,0.005226663047371501,0.015125838821453836,0.9486441119652002,FALSE
254,-0.00757735618784507,0.05839630822742705,-0.02311582258028757,-0.12975745244604703,FALSE
255,0.011376012786950182,0.01571737449570596,0.03470417474581041,0.7237858199572801,FALSE
256,0.009016659079658401,0.043810419134703384,0.027506624525142912,0.20581083810074915,FALSE
257,-0.06448172520322416,0.08591562491093539,-0.19671084247822396,-0.7505238455760437,FALSE
258,-0.0862233626088991,0.10139023464852194,-0.26303685651471775,-0.8504109188404572,FALSE
259,-0.04779574059390097,0.09271965199066692,-0.14580782957442956,-0.5154866262732742,FALSE
260,-0.06410974416924325,0.08789073703223703,-0.19557606045510514,-0.7294254927652813,FALSE
261,-0.08855850235713139,0.11700264672712819,-0.2701605385460446,-0.756893154422961,FALSE
262,-0.08692844395217485,0.1122585524180357,-0.2651878092786881,-0.7743592098752979,FALSE
263,-0.10153262081537281,0.14549818658466823,-0.30973996611702614,-0.6978273970190618,FALSE
264,0.006587074074684667,0.022541713159056675,0.02009482355836378,0.2922171011673153,FALSE
265,-0.09072533359077732,0.08633500924073245,-0.27677077107526527,-1.050852190654235,FALSE
266,-0.03934313650346013,0.12365958722550315,-0.12002193649348014,-0.3181567833613642,FALSE
267,-0.06402850968526713,0.05854668071207985,-0.19532824289546535,-1.0936317636886326,FALSE
268,-0.11259903531383357,0.06132550339515573,-0.3434996664405622,-1.8360882354000876,FALSE
269,-0.11682461329793102,0.08662416915625208,-0.3563904041277059,-1.3486376196832963,FALSE
270,-0.0720054097290105,0.07344365348621616,-0.21966293187942076,-0.9804170450551511,FALSE
271,-0.0024206952511655853,0.021984203059964125,-0.0073846814851661075,-0.11011066648915567,FALSE
272,-0.18629897235602982,0.171893504070876,-0.568331999329782,-1.0838046112505455,FALSE
273,-0.045582093070878536,0.18322114684785537,-0.1390547771734401,-0.2487818347121763,FALSE
274,-0.14823669038750514,0.09841007009003136,-0.45221749511831855,-1.506316276900214,FALSE
275,-0.12913724826386058,0.0800728799767454,-0.393951880493939,-1.6127463918041207,FALSE
276,-0.062472263293336376,0.05707134039095235,-0.1905806878650195,-1.0946345900654586,FALSE
277,0.11896450439318458,0.17527561684257834,0.3629184518626621,0.6787282026799604,FALSE
278,-0.1546760826063216,0.09396654050656562,-0.47186179378462917,-1.6460761646909208,FALSE
279,0.017652338006663323,0.03229261045223038,0.05385101391219431,0.5466370714370078,FALSE
280,0.0016855487174747869,0.005940751851353732,0.00514201050309331,0.2837264978658715,FALSE
281,0.002013766063845736,0.004905300352438669,0.006143285058281051,0.4105285954293487,FALSE
282,0.01316105725237045,0.030066303754554425,0.04014971143930376,0.4377344604714446,FALSE
283,-0.006159185792001787,0.044923940259103054,-0.018789488375289286,-0.137102528328506,FALSE
284,0.003962785054201283,0.018478959983250814,0.01208904979070057,0.21444848940595795,FALSE
285,-0.02933057283833387,0.05138735938034002,-0.08947716078026212,-0.57077408125305,FALSE
286,-0.08647497487289492,0.12009518396854145,-0.26380443617038735,-0.7200536442456074,FALSE
287,-0.04000271479904187,0.06184238627561665,-0.12203407561964837,-0.6468494702122164,FALSE
288,-0.11475421356345959,0.07923611676109667,-0.35007434985417346,-1.4482564044557216,FALSE
289,-0.07141435273803416,0.1173081328427454,-0.21785982691780312,-0.6087758027294404,FALSE
290,-0.06311336915058306,0.13237642515219206,-0.1925364741424377,-0.4767719711272015,FALSE
291,-0.11147890597665062,0.12298069404134604,-0.3400825496542574,-0.9064748483137645,FALSE
292,-0.00487215651821574,0.0279625915485417,-0.014863219158039325,-0.17423837521489785,FALSE
293,0.0033479655010119395,0.014561149650135408,0.010213453691204247,0.22992453078598818,FALSE
294,-0.022946608483607526,0.14755792964811018,-0.07000195284171305,-0.15550915181806638,FALSE
295,-0.12396683326077522,0.08864881540429252,-0.37817878062706206,-1.3984037202912531,FALSE
296,-0.06652856739163178,0.05677653064539884,-0.20295503104533602,-1.1717617585184952,FALSE
297,-0.02062192346904412,0.16193022797831252,-0.06291016448974127,-0.12735067273422251,FALSE
298,-0.029364474775982936,0.3123712534548314,-0.08958058355152906,-0.0940050483237857,FALSE
299,-0.06263596851576118,0.10515858163046388,-0.1910800943576308,-0.5956334475475265,FALSE
300,-0.10998831620475137,0.1012331643628814,-0.335535289653139,-1.0864850160218855,FALSE
301,0.04229753001551234,0.16356886956309383,0.12903474182609756,0.25859156530513777,FALSE
302,-0.11379152021864809,0.08287504960110834,-0.34713751436614626,-1.3730491959443278,FALSE
303,-0.11389165583788752,0.07455498198979703,-0.3474429925766095,-1.527619654625814,FALSE
304,-0.08718584957807908,0.10654756346319548,-0.26597306242398894,-0.8182810262779544,FALSE
305,0.031703527498327166,0.12125670795688623,0.09671620267715245,0.2614579270088679,FALSE
306,0.10977185759658163,0.22216728893414503,0.3348749513163384,0.4940954994914678,FALSE
307,-0.15732730820974142,0.09247101162648558,-0.4799497415001235,-1.701368952739776,FALSE
308,0.01073112088040862,0.025935682565418044,0.032736838576634286,0.41375895364779075,FALSE
309,0.003633618175322231,0.008806591743464565,0.01108487854906344,0.4126020918386236,FALSE
310,0.0016934398793037964,0.008887306291535677,0.005166083635234613,0.1905459116354118,FALSE
311,-0.055730125108822706,0.07179494147947779,-0.17001281877962515,-0.7762402748772053,FALSE
312,-0.027314473930438773,0.04292581222898234,-0.08332675904331166,-0.6363181617795175,FALSE
313,-0.01391022779551725,0.0439640451104043,-0.04243516469350588,-0.3164000892225754,FALSE
314,-0.06839371370908717,0.08477775140121531,-0.208644930040679,-0.8067413039231274,FALSE
315,-0.028502131727503537,0.086274995622192,-0.08694988117753086,-0.33036375744737917,FALSE
316,-0.05293384967736767,0.05282904192339505,-0.1614823755542138,-1.0019839041208545,FALSE
317,-0.0793140800750798,0.09603740652242282,-0.2419590893820277,-0.8258665341672001,FALSE
318,-0.03912773121820209,0.07186112224456871,-0.1193648114707884,-0.5444909569466037,FALSE
319,-0.0351984289140566,0.1286608053441076,-0.107377905658885,-0.2735753815617525,FALSE
320,-0.05366958457155306,0.0765140325492511,-0.16372684141519545,-0.7014345314633187,FALSE
321,0.008445726356341781,0.014320350663733532,0.025764911556886542,0.5897709179517991,FALSE
322,-0.015855399959495524,0.0381743901451842,-0.048369194124874504,-0.4153412772069058,FALSE
323,-0.1205399488598649,0.21543506167563012,-0.36772457340084397,-0.5595187149311652,FALSE
324,-0.03502919762637117,0.044092555933967596,-0.10686164110378263,-0.7944469737438313,FALSE
325,-0.09879273762296499,0.10086217321634959,-0.3013815555848663,-0.9794825401100008,FALSE
326,-0.15318422130431875,0.23962656903570864,-0.46731065479675715,-0.6392622567720843,FALSE
327,-0.08548291423091305,0.11428048466838288,-0.2607780114886857,-0.7480097278110596,FALSE
328,0.0029594004028264337,0.014218747754781986,0.009028079578138755,0.20813368756971876,FALSE
329,-0.08574240454143471,0.09598944210731164,-0.2615696242663646,-0.8932482850101241,FALSE
330,-0.03734493490449539,0.16195629364961542,-0.11392613308972702,-0.23058649999295086,FALSE
331,-0.15544682482082847,0.13661210795232154,-0.4742130545468272,-1.1378700405902555,FALSE
332,-0.09365204053977358,0.06449701615077125,-0.28569911453706737,-1.452036793777377,FALSE
333,0.0098537332964903,0.07018720167638488,0.030060240668179496,0.140392166394143,FALSE
334,0.05208239759857788,0.1334074736667934,0.1588848976607377,0.39040089859329796,FALSE
335,-0.16402776376176118,0.1690721956706708,-0.5003904516776452,-0.9701640362041818,FALSE
336,0.013841668095418007,0.04469507640895707,0.042226013397940014,0.3096911160586825,FALSE
337,-0.01626405460283981,0.025792448688483308,-0.04961585430528285,-0.630574273861091,FALSE
338,-0.0016492981869588783,0.008415397345127192,-0.0050314230091081085,-0.19598577694181954,FALSE
339,0.0018762647866087953,0.007639330626890347,0.005723817495931184,0.2456059147387033,FALSE
340,0.004233240472341871,0.019755785180370456,0.012914113217393365,0.21427852316130974,FALSE
341,-0.06112080754794234,0.08589292615705647,-0.18645787636438668,-0.7115930296306595,FALSE
342,-0.05708360791521195,0.06253386267796787,-0.17414181412343002,-0.912843145627782,FALSE
343,-0.06563138430525559,0.0721340507176639,-0.20021804408938762,-0.9098530257525663,FALSE
344,-0.03592688356082956,0.05027504470989128,-0.10960016207063997,-0.714606695392181,FALSE
345,-0.06508158653877506,0.0589577215424769,-0.1985408063682166,-1.1038687526600928,FALSE
346,-0.07636524916802248,0.09919642388628881,-0.23296325358165326,-0.7698387318434157,FALSE
347,-0.02376683148099203,0.03797145273829758,-0.07250416189903915,-0.6259131470369337,FALSE
348,-0.03676295394274908,0.0803706330713016,-0.11215071586987757,-0.4574177474766743,FALSE
349,-0.0723787009462797,0.12042152744268492,-0.22080171080643177,-0.6010445348380805,FALSE
350,0.0021440152181778135,0.018799256927909704,0.006540628969288228,0.11404787042379165,FALSE
351,-0.012510420979212374,0.025191753719963104,-0.038164851247730947,-0.4966077835739773,FALSE
352,-0.032197591326550236,0.05786645158406822,-0.0982234159469816,-0.556412056470642,FALSE
353,-0.12737573690334986,0.13921412123628324,-0.38857813494558474,-0.9149627621982362,FALSE
354,-0.08274853725627913,0.0599631876301783,-0.2524363984713839,-1.3799889653403519,FALSE
355,-0.0033124913233663726,0.14675032162696552,-0.010105234574099535,-0.022572293448096258,FALSE
356,0.06620742219112817,0.3255481097712542,0.20197533109546953,0.20337215976357134,FALSE
357,-0.06040040474879759,0.06369203180957528,-0.18426018328007776,-0.9483196411347199,FALSE
358,-0.07591194553865287,0.08459521358385307,-0.23158038520226823,-0.8973550904674635,FALSE
359,0.05435338337055451,0.2786718435927954,0.16581286869522308,0.19504440301467085,FALSE
360,-0.12664281058737178,0.10306875298891072,-0.38634223705922827,-1.228721672813849,FALSE
361,-0.1532900526711125,0.1118417923982221,-0.4676335087101258,-1.3705972462003326,FALSE
362,-0.07534467221094976,0.07667707994483389,-0.22984983575036982,-0.9826231289083681,FALSE
363,0.02607527369798821,0.14201324927534595,0.07954639924437171,0.1836115561825609,FALSE
364,0.13113509624828984,0.22358208323373216,0.4000466051453329,0.586518804868642,FALSE
365,-0.23416349351299082,0.16002901142872267,-0.7143496539742298,-1.4632565146931988,FALSE
366,0.01389136832192763,0.028305456027729693,0.042377631137652375,0.4907664553547142,FALSE
367,-0.018474145272545085,0.019479112233797023,-0.056358056010041964,-0.9484079690496222,FALSE
368,-0.0027697249189187864,0.0214390084943538,-0.008449447041255692,-0.12919090543054843,FALSE
369,0.0025740253029527087,0.005424108129536386,0.007852437016973229,0.4745527267305266,FALSE
370,-0.03659955910164454,0.05910699534722069,-0.11165225624044037,-0.6192085875223822,FALSE
371,-0.006840188674080897,0.033645725949135445,-0.02086698630577552,-0.2033003741521785,FALSE
372,-0.0606660544183312,0.033642633922258976,-0.18507058607456447,-1.8032492508915219,FALSE
373,-0.042201415839556417,0.0556706510599101,-0.1287415316108497,-0.758055008089294,FALSE
374,-0.051607999331259,0.07240741134456224,-0.1574376770328715,-0.7127447090419251,FALSE
375,-0.06541230956839013,0.10329173060242741,-0.19954972487307196,-0.6332773125872373,FALSE
376,-0.028196527162918372,0.03779778739970737,-0.08601759018849056,-0.7459835377331285,FALSE
377,-0.0715417570358274,0.08803304079746684,-0.21824849218188014,-0.8126693839920842,FALSE
378,-0.050702363039978486,0.08181971156673531,-0.1546749023509724,-0.6196839620807473,FALSE
379,-0.06911926312887183,0.09205031400772017,-0.21085832363670348,-0.7508856854423643,FALSE
380,-0.018037748015599056,0.03232445047343037,-0.055026762968509835,-0.5580217993319172,FALSE
381,-0.0746044607602802,0.06612839603604526,-0.22759171350543403,-1.1281758704628917,FALSE
382,-0.07621540813543307,0.11550955328609946,-0.2325061418082698,-0.65981908826761,FALSE
383,-0.06250105261727307,0.2180186259109269,-0.190668513867629,-0.2866775825053054,FALSE
384,-0.03919854389942615,0.13164842432971818,-0.11958083581160474,-0.2977517133152463,FALSE
385,-0.07665348769757412,0.18566168750864764,-0.23384256696546998,-0.4128664816428742,FALSE
386,-0.06483476276806809,0.06961001535279963,-0.19778783470490582,-0.9313999205354364,FALSE
387,4.923860840980021e-4,0.010789784251943733,0.0015020950683656434,0.0456344698467257,FALSE
388,-0.09743476556474501,0.10064520234208729,-0.29723886512811365,-0.9681014424668729,FALSE
389,-0.070424103685648,0.1309865771096274,-0.21483892875255978,-0.5376436673103345,FALSE
390,-0.15419682711414226,0.0973131764893399,-0.47039975548878965,-1.584542121395386,FALSE
391,-0.012115541750463548,0.11619408691948126,-0.036960214964822546,-0.10426986494466992,FALSE
392,-0.036922745772422286,0.16436453908870138,-0.11263818399107141,-0.22463936550508903,FALSE
393,0.03869633053811974,0.1689716131750559,0.1180487612106996,0.2290108368559519,FALSE
394,-0.09200621193805833,0.18143679741734273,-0.28067827600029116,-0.5070978613363899,FALSE
395,0.012064621060805017,0.10701455706848047,0.03680487402549853,0.11273813013200304,FALSE
396,-0.017355065012936034,0.044748659716099135,-0.052944139586828164,-0.3878342976760092,FALSE
397,-0.07112973214830158,0.02941333514253816,-0.21699155058343877,-2.41828176925888,TRUE
398,-0.005938898468353489,0.011473824016699104,-0.01811746998735752,-0.5176041099907027,FALSE
399,0.002221327817828745,0.005807115740119788,0.006776482252735365,0.3825182616013994,FALSE
400,-0.001411676280039246,0.0173018801107708,-0.004306522964108913,-0.08159091792344848,FALSE
401,-0.07339642510598679,0.03620250998098236,-0.22390642576614278,-2.0273849836528703,TRUE
402,-0.002197303173134836,0.019702033430951248,-0.006703191594287806,-0.11152672036800755,FALSE
403,-0.07307257418145595,0.046403906988816565,-0.22291847161322523,-1.5747073667539802,FALSE
404,-0.06820219897491589,0.03241412111686548,-0.20806068660446364,-2.104089101445031,TRUE
405,-0.07528720215717086,0.07308226506805483,-0.2296745150271651,-1.0301706178244854,FALSE
406,-0.06759326032514042,0.05793593568857977,-0.2062030310526408,-1.1666897154897298,FALSE
407,-0.05669863453561484,0.056448627350978116,-0.1729673970681548,-1.0044289329319254,FALSE
408,-0.058588485356386,0.08397394105981822,-0.1787326607291443,-0.6976984123521239,FALSE
409,-0.08227752131569392,0.14202829965334265,-0.2509994961211261,-0.579303712827048,FALSE
410,-0.05328936169203073,0.06256898825977947,-0.16256691644847643,-0.8516896816483469,FALSE
411,-0.03593674366222561,0.05480263839491978,-0.10963024173811821,-0.6557484222430604,FALSE
412,-0.08868371168422581,0.06728034802490467,-0.2705425077340781,-1.318122071119466,FALSE
413,-0.05125179260897251,0.05605197657662662,-0.15635101683237987,-0.9143619144082823,FALSE
414,-0.024116055112981906,0.10215850252972415,-0.07356951917112713,-0.23606508039764063,FALSE
415,-0.007120992721706812,0.26313570293662003,-0.02172361972564294,-0.02706205445416886,FALSE
416,-0.04369376673391544,0.04344229752764091,-0.13329416417111836,-1.0057885798078365,FALSE
417,-0.016867130591699933,0.019354696373669305,-0.051455624960816286,-0.8714748227539477,FALSE
418,-0.005652700801290503,0.02487377562337559,-0.01724438255016768,-0.22725543909700113,FALSE
419,-0.09381779156431598,0.10644053940083088,-0.28620476204535916,-0.8814103356900466,FALSE
420,-0.07452522865344419,0.059921358648977394,-0.22735000448729106,-1.2437172709987614,FALSE
421,-0.15477712660218051,0.07999540418455624,-0.47217004312954247,-1.934825233773386,FALSE
422,-0.07044056613909146,0.051617989877254106,-0.21488914985126512,-1.364651477258158,FALSE
423,0.009596605117555187,0.20699198446745404,0.029275833915044295,0.04636220645086907,FALSE
424,-0.010159950537005918,0.18302012449958524,-0.030994400713887645,-0.05551275065944424,FALSE
425,-0.26205024201867566,0.17111151085465026,-0.7994222194994669,-1.5314588756175078,FALSE
426,-0.011904470688227975,0.057257938915039164,-0.036316312117244,-0.20790952161048168,FALSE
427,-0.05500152763536978,0.03413682435852333,-0.16779012665439547,-1.6112080918164526,FALSE
428,-0.0643230117019116,0.023874909985008304,-0.19622666395388288,-2.6941677159118815,TRUE
429,-0.008735106093928162,0.006663931909596792,-0.026647706361109583,-1.3108036235107163,FALSE
430,-4.2434271098217745e-4,0.006068648017109402,-0.001294518903049199,-0.06992376387390135,FALSE
431,-0.0630580618564938,0.035877872202690377,-0.19236775123092753,-1.7575752960000026,FALSE
432,-0.05595370455115023,0.03876562840871736,-0.1706948802524292,-1.443384432240178,FALSE
433,-0.08356122473055026,0.06238562920793553,-0.2549156193239826,-1.339430663623429,FALSE
434,-0.07708109150536686,0.04001267836664496,-0.23514703431668785,-1.9264166922058026,FALSE
435,-0.0577607968926907,0.04583694386017443,-0.17620767718551436,-1.260136301165496,FALSE
436,-0.09068412410049304,0.054985763107501806,-0.27664505555623453,-1.6492291636145509,FALSE
437,-0.09361155710570444,0.03736789191231904,-0.2855756139576853,-2.505133479976793,TRUE
438,-0.09240931101904483,0.079268307253726,-0.2819079881330411,-1.165778786258882,FALSE
439,-0.08305770973299714,0.05966218017035909,-0.25337957389317356,-1.392133332972992,FALSE
440,-0.0731546211466233,0.05804646919681175,-0.22316876776442132,-1.2602768464449752,FALSE
441,-0.06570725571332241,0.03455084704243979,-0.20044950080916046,-1.9017552777392783,FALSE
442,-0.04829079821287294,0.04324849458743686,-0.14731807454688217,-1.1165891130670893,FALSE
443,-0.06053960979771089,0.06703588775778316,-0.18468484844470626,-0.9030925347994959,FALSE
444,-0.0609129823604693,0.08106838309428724,-0.18582387552791443,-0.7513777879302707,FALSE
445,0.022918640026413997,0.26681836626617683,0.06991663101200059,0.08589603612050627,FALSE
446,-0.050605037122778584,0.047895656376129456,-0.15437799554354717,-1.056568402056589,FALSE
447,-0.03420036580224036,0.03086562561807353,-0.10433316957353607,-1.1080405829264695,FALSE
448,4.443702361799316e-4,0.010392593626105933,0.0013556157695177636,0.04275835774658645,FALSE
449,-0.029710648560572026,0.028395038703949608,-0.090636636822371,-1.046332384693648,FALSE
450,-0.055441969437721526,0.034246370103823226,-0.16913375816751303,-1.6189152096891006,FALSE
451,-0.04299130247231351,0.02705400787664251,-0.13115119519386076,-1.5890918147263018,FALSE
452,-0.09192434945977468,0.041045621787396784,-0.28042854265305545,-2.2395652802121857,TRUE
453,0.02066659411942805,0.10393754781324736,0.06304643877898182,0.19883665291547306,FALSE
454,-0.029635262371533855,0.11528727669217272,-0.09040666033352575,-0.2570557933349631,FALSE
455,-0.1443107256777943,0.18878494858362938,-0.4402407711216662,-0.7644185977774941,FALSE
456,-0.01243205587267944,0.04113504013076069,-0.03792578713959169,-0.30222544655749045,FALSE
457,-0.029690449634485905,0.05140415268076331,-0.0905750170726662,-0.5775885426781249,FALSE
458,-0.083652123388462,0.018529904236839034,-0.2551929188460038,-4.514439055877818,TRUE
459,-0.07161507941871599,0.016760215491513346,-0.21847217273113761,-4.272921159932507,TRUE
460,-0.010202794101853953,0.00779544851074454,-0.03112510121405984,-1.3088142507504663,FALSE
461,-0.004664407521316736,0.006544267137737292,-0.014229450751948886,-0.7127471148632656,FALSE
462,-0.018210536889595882,0.015310903967860078,-0.055553880455947655,-1.189383522215447,FALSE
463,-0.08772397192018445,0.0488486701031335,-0.26761468257199655,-1.795831324270939,FALSE
464,-0.07448195229062066,0.031080958351600976,-0.22721798367420673,-2.3963853188839686,TRUE
465,-0.09602367462313348,0.037865626468132366,-0.29293412782366085,-2.535906139145666,TRUE
466,-0.10330606964332213,0.05053002506635128,-0.315150128638864,-2.0444492063415822,TRUE
467,-0.11505078668590758,0.049294983363722296,-0.3509790891208305,-2.333924850669024,TRUE
468,-0.058404503445894804,0.039317773001526425,-0.17817139726264408,-1.48544790274941,FALSE
469,-0.10801453057535355,0.0941769902969388,-0.3295139707010394,-1.1469312221040955,FALSE
470,-0.0941637062199485,0.08946702766478827,-0.287260024805786,-1.0524961952771872,FALSE
471,-0.09239270301058573,0.10036648347319643,-0.28185732299767785,-0.9205533542007561,FALSE
472,-0.09156927429634541,0.06536694087620501,-0.2793453344367565,-1.4008499261081166,FALSE
473,-0.031139839541149926,0.02293235817374694,-0.09499659091736008,-1.3578995803754252,FALSE
474,-0.032669552299675,0.018533215287796556,-0.09966320125588292,-1.7627568553194708,FALSE
475,-0.0949184309365458,0.13123017985426083,-0.2895624218705836,-0.7232972708104076,FALSE
476,-0.0416391694323764,0.2838448839621965,-0.12702631750812274,-0.1466969171722752,FALSE
477,-0.10135520790957349,0.08017025519147125,-0.3091987423508148,-1.2642495357848873,FALSE
478,-0.0603146885901257,0.03182728458244598,-0.18399869372263797,-1.8950623460787372,FALSE
479,-0.016067742343472063,0.018181063457682802,-0.0490169753235663,-0.8837625137204111,FALSE
480,-0.011624385451920582,0.0139509706314981,-0.035461871535418736,-0.8332313040409803,FALSE
481,-0.023525554154608084,0.027181618101803307,-0.07176811046750105,-0.8654949851218509,FALSE
482,-0.020030670897481073,0.03966147502792652,-0.06110646288121533,-0.505040997173631,FALSE
483,-0.03854057909151692,0.02456879527624443,-0.11757361886328438,-1.5686800536280998,FALSE
484,-0.0860913881237449,0.05969017639529028,-0.26263424923213513,-1.4423041331561175,FALSE
485,0.058975590265172226,0.18311208201622176,0.17991358032294863,0.3220737245505604,FALSE
486,-0.024261621629276964,0.12628076707420458,-0.07401359091341961,-0.19212443978124122,FALSE
487,-0.18563248698190155,0.09637016839967912,-0.5662987891600635,-1.9262442938983144,FALSE
488,-0.006197858399924961,0.0268442149846311,-0.01890746476722703,-0.23088246027955633,FALSE
489,-0.09732642746038082,0.036967115064327226,-0.2969083640487023,-2.632783956525175,TRUE
490,-0.1540536579469422,0.042636541859749265,-0.4699629972071514,-3.6131836970665647,TRUE
491,-0.10800027658179982,0.03954142831570175,-0.32947048682910823,-2.731319559817553,TRUE
492,-0.025304247911127693,0.028970497285514193,-0.0771942734036353,-0.8734488628809387,FALSE
493,-0.01238941065681042,0.022812523923550505,-0.037795691731709505,-0.5430968839015754,FALSE
494,-0.11450908889158075,0.04764379546691543,-0.349326561537941,-2.403441786477687,TRUE
495,-0.07387923603728673,0.04118908293675979,-0.22537931044400122,-1.7936606199928802,FALSE
496,-0.08111633339399654,0.03532739786171073,-0.24745712417569915,-2.2961310004072994,TRUE
497,-0.08939595132582259,0.0342314688375323,-0.2727152979239083,-2.6115137433952724,TRUE
498,-0.09603056924787354,0.035905466563845544,-0.2929551608750706,-2.6745389612781145,TRUE
499,-0.10215466063461515,0.04429247172954831,-0.31163758868392427,-2.3063662208416766,TRUE
500,-0.08141313665762753,0.03213832213969702,-0.2483625655213693,-2.533210548570195,TRUE
501,-0.09509243663381507,0.09688075347162872,-0.29009325145366277,-0.981541051511977,FALSE
502,-0.08124546381666023,0.10879764801417012,-0.24785105523371112,-0.7467575384173616,FALSE
503,-0.09270763188792956,0.062210119902430375,-0.2828180591533527,-1.4902339367506625,FALSE
504,-0.03375059981826632,0.023018336927466486,-0.10296109329383447,-1.4662484055480842,FALSE
505,-0.01786350091675025,0.027241180813015943,-0.05449519695494695,-0.6557535460509479,FALSE
506,-0.03371450993639405,0.02896913510711301,-0.10285099588180556,-1.1638079567006427,FALSE
507,-0.12997696521848554,0.07805450312732781,-0.39651355869139615,-1.665207771631808,FALSE
508,-0.05875006138270747,0.11101803256110986,-0.17922557180064258,-0.5291938618203175,FALSE
509,-0.08828726262733876,0.054693312177055156,-0.269333082463055,-1.6142241000422877,FALSE
510,-0.039563019992371655,0.026891122918191738,-0.12069272292505463,-1.4712297479257523,FALSE
511,-0.03296155066280164,0.023385302732433833,-0.10055398455660688,-1.4094985658272534,FALSE
512,-0.011675695864161693,0.03522958126857354,-0.035618401379929616,-0.3314173896973612,FALSE
513,-0.014584275083267843,0.04119346662801987,-0.04449144357602175,-0.35404340243963817,FALSE
514,-0.01660159399308569,0.03427597701960416,-0.05064556710554666,-0.4843507154760433,FALSE
515,-0.016804577781663332,0.03837491235117804,-0.051264798553444284,-0.43790530719342374,FALSE
516,-0.0778034594836389,0.05525705975342236,-0.2373507224645676,-1.4080274960489572,FALSE
517,-0.06493031596160148,0.12941700222657135,-0.1980793335620192,-0.5017139544611571,FALSE
518,-0.19050392417791623,0.17948491994316976,-0.5811598139215395,-1.0613923678838055,FALSE
519,-0.06899035543042827,0.06624590411350606,-0.2104650720311851,-1.041428241544109,FALSE
520,-0.02974485365120045,0.05047793937919678,-0.09074098440571117,-0.589264419606222,FALSE
521,-0.11132013255033946,0.05166075932333263,-0.3395981883200283,-2.1548295845520338,TRUE
522,-0.16771625123217876,0.08881584446286006,-0.5116427169588467,-1.8883595854601407,FALSE
523,-0.09090728111134427,0.024812613961863662,-0.27732582834063385,-3.6637526884941014,TRUE
524,-0.02166400453622614,0.03370283974959905,-0.06608918372363938,-0.6427946338404279,FALSE
525,-0.008136727292935535,0.010089666147569114,-0.02482226515752213,-0.8064416774479602,FALSE
526,-0.020003090630402814,0.01702452553218704,-0.06102232528167623,-1.174957304541875,FALSE
527,-0.09916545761795513,0.05502950543742807,-0.3025185919155773,-1.8020415925909483,FALSE
528,-0.08887459399011549,0.07640664373117013,-0.27112482185621745,-1.1631788762088897,FALSE
529,-0.08569668770731047,0.08503050386709723,-0.26143015844209155,-1.007834645332156,FALSE
530,-0.08370661987186112,0.08517537447062352,-0.2553591682620633,-0.9827561122226828,FALSE
531,-0.08877933561831976,0.055644765652499754,-0.27083422239551774,-1.5954660708384434,FALSE
532,-0.10200487454376815,0.05598892570708614,-0.31118064451828403,-1.8218759023422033,FALSE
533,-0.07592513570439434,0.07790234967747815,-0.23162062371336972,-0.9746193281554455,FALSE
534,-0.07761189837055864,0.08601716330216394,-0.2367663375427727,-0.9022838627905106,FALSE
535,-0.08087867881340416,0.03290845925413233,-0.24673212445492868,-2.457686584134084,TRUE
536,-0.08759530479139867,0.06949076697629164,-0.26722216485906414,-1.2605315584052166,FALSE
537,-0.019551684915317873,0.01539857031975721,-0.05964524676471677,-1.2697078046415768,FALSE
538,-0.0344673153080608,0.023579724914388988,-0.10514753770688834,-1.4617352591347623,FALSE
539,-0.08374838488982987,0.07262381639775314,-0.2554865784987599,-1.1531807200980546,FALSE
540,-0.035293083471300446,0.12064998864758644,-0.10766666309583567,-0.29252454862959054,FALSE
541,-0.08212012529998149,0.10913284100319429,-0.25051933677743715,-0.7524785806462956,FALSE
542,-0.07039771307191448,0.05732591716872958,-0.21475842036286213,-1.2280259357161294,FALSE
543,-0.06925371662176913,0.05111575942828653,-0.21126849349147414,-1.3548408044084617,FALSE
544,-0.13817085853411606,0.1164783273438169,-0.4215102170812647,-1.1862366303240934,FALSE
545,-0.03161011718101607,0.0270683610575723,-0.09643124097433645,-1.167788367895042,FALSE
546,-0.06989619029048155,0.09091445835203431,-0.21322845247588693,-0.7688127010539193,FALSE
547,-0.04149851584490907,0.20340961737337898,-0.12659723336682405,-0.20401452193253153,FALSE
548,-0.1801626392621987,0.09846080296714305,-0.5496122264203225,-1.8297904732944341,FALSE
549,-0.01512139207904354,0.03255367138270196,-0.046129996769433,-0.464506503775749,FALSE
550,-0.022122712842509728,0.03218032552330501,-0.06748853985278172,-0.6874608159724315,FALSE
551,-0.06619336455582435,0.03060382264949145,-0.20193244624282095,-2.162911650415158,TRUE
552,-0.1346874321591414,0.052773384430025556,-0.41088352037343723,-2.552184848741871,TRUE
553,-0.11452614267284993,0.027362440285645266,-0.34937858656782855,-4.1855237134288785,TRUE
554,-0.016030494862292393,0.011656417616575532,-0.04890334648717967,-1.375250560643682,FALSE
555,-0.011816860369695249,0.008698306617478333,-0.036049044150792374,-1.3585242380339306,FALSE
556,-0.06046574763153382,0.01931947054526968,-0.1844595212083433,-3.1297828524777405,TRUE
557,-0.07743504423345873,0.04757768779788879,-0.23622681838141285,-1.6275495472248407,FALSE
558,-0.07063960088083306,0.052348946798760294,-0.21549633415979644,-1.3493987023728606,FALSE
559,-0.1006734656793151,0.056608117618613236,-0.30711898893161804,-1.7784280755912787,FALSE
560,-0.09059449447858958,0.07078133075525525,-0.276371627412368,-1.2799207575207008,FALSE
561,-0.07704787965116065,0.06548349615185177,-0.23504571674491728,-1.1765999706627128,FALSE
562,-0.06079661928085554,0.06407491077994877,-0.18546889309914039,-0.9488365811331084,FALSE
563,-0.08968721482609314,0.04698739235850383,-0.2736038394190498,-1.9087506312714426,FALSE
564,-0.08786532822397822,0.043072894271630774,-0.26804591045123277,-2.039921619148059,TRUE
565,-0.08413117402361196,0.0472494303047021,-0.256654332195803,-1.780575416064636,FALSE
566,-0.1041380974682327,0.0800166860532387,-0.31768835003240853,-1.301454766558877,FALSE
567,-0.05367094839005105,0.04120522243544551,-0.16373100194106352,-1.3025278160829021,FALSE
568,-0.03855666881620972,0.027535582716736687,-0.11762270289894858,-1.4002488784366345,FALSE
569,-0.05494698347371509,0.02611264158180527,-0.16762373178891155,-2.1042292217575174,TRUE
570,-0.04684034737815799,0.12220516228382773,-0.14289326418750062,-0.3832927063209399,FALSE
571,-0.0807875957887805,0.07338105248525725,-0.24645426249554847,-1.1009326393214554,FALSE
572,-0.09360450465652433,0.06417891921564085,-0.2855540994399614,-1.4584930036296444,FALSE
573,-0.08498170249185695,0.04900540264744451,-0.25924899248153344,-1.7341292572011648,FALSE
574,-0.15233552747686835,0.19307631603703534,-0.4647215913485061,-0.7889912683420363,FALSE
575,-0.01898694758324279,0.01581234654088012,-0.057922433734803616,-1.200767231742315,FALSE
576,-0.015424985089292801,0.016059668196180484,-0.04705615122061146,-0.9604796874297421,FALSE
577,-0.020602004888659216,0.026984171590085374,-0.06284939997520424,-0.7634848014466704,FALSE
578,-0.07481175537127092,0.059614643487248965,-0.22822409574149652,-1.2549224652710116,FALSE
579,-0.1495686133622078,0.21391802118766345,-0.45628071907276635,-0.6991865974255439,FALSE
580,-0.04046437886894025,0.07975983801771876,-0.12344244873382018,-0.5073277463270554,FALSE
581,-0.06594105641244093,0.03350843196706359,-0.20116274370628603,-1.967894423626158,TRUE
582,-0.029499513480887172,0.02661355940810635,-0.08999253868029092,-1.1084392368764389,FALSE
583,-0.08632716563703093,0.06473972129323903,-0.26335352268720696,-1.333449757159309,FALSE
584,-0.08630217112032089,0.01913696726296242,-0.2632772732936947,-4.509709920826882,TRUE
585,-0.08682903897753086,0.03003085201462953,-0.2648845600053922,-2.8913278562736777,TRUE
586,-0.03599968804149487,0.012574546079467504,-0.10982226268415063,-2.8629015961281805,TRUE
587,-0.018625839597405082,0.015187227518364004,-0.056820821519933805,-1.2264147340179896,FALSE
588,-0.06550299609902802,0.07431339191826114,-0.1998263772701191,-0.8814426903171926,FALSE
589,-0.08372895874345263,0.07116824398263731,-0.255427316225489,-1.1764932511736514,FALSE
590,-0.09576574010725998,0.04844366372851575,-0.29214726122290263,-1.9768475944334631,TRUE
591,-0.08008321386464427,0.06491819502940463,-0.2443054434109694,-1.2336019790502595,FALSE
592,-0.0762598281983623,0.05616910738381405,-0.23264165164418388,-1.357682750364263,FALSE
593,-0.07858020659582594,0.04376162015659118,-0.2397203020369082,-1.7956420789414156,FALSE
594,-0.06920467459375439,0.08484538458139829,-0.21111888368160603,-0.8156563251517984,FALSE
595,-0.07345902920377807,0.047512138701509,-0.22409740863423913,-1.5461107668774547,FALSE
596,-0.06823215778289082,0.07833100786447737,-0.20815208028752374,-0.8710746822119428,FALSE
597,-0.06247124318007108,0.13264219428451168,-0.19057757586174712,-0.47097564630205835,FALSE
598,-0.037082445186442436,0.10803015264692947,-0.11312537018492982,-0.34326013874697997,FALSE
599,-0.054767119531839686,0.10042148333917292,-0.16707503078213395,-0.5453725409219867,FALSE
600,-0.08217204433223267,0.04896017320273942,-0.2506777233054433,-1.6783446413060277,FALSE
601,-0.08675468748304534,0.05576368317850739,-0.26465774000214837,-1.5557560501398622,FALSE
602,-0.06899807974832102,0.05084845079684358,-0.21048863618173264,-1.3569357309230763,FALSE
603,-0.11551062470387619,0.08229861515485493,-0.3523818915990991,-1.4035549017019155,FALSE
604,-0.10692232026605081,0.1222854219528464,-0.32618202495316717,-0.8743668587681723,FALSE
605,-0.04570157185095907,0.13938026269268292,-0.1394192644977764,-0.3278912736140099,FALSE
606,-0.0753283743442384,0.057916211579116646,-0.22980011674733006,-1.300644021602411,FALSE
607,-0.021102384090259274,0.02549638907305411,-0.06437587920625941,-0.8276616751413381,FALSE
608,-0.017960973977799857,0.019688427377362223,-0.054792552645998485,-0.9122604682206059,FALSE
609,-0.019983401254046587,0.01747438759126716,-0.06096225998722734,-1.1435823515802812,FALSE
610,-0.017672713866772192,0.012801385799898087,-0.053913173424763206,-1.38053130676781,FALSE
611,-0.07074206686863756,0.05581258803583472,-0.21580892149710573,-1.267493039799862,FALSE
612,-0.1760460481494528,0.06108183119851466,-0.5370539689702547,-2.8821344202551304,TRUE
613,-0.03336293460817331,0.044449616939371335,-0.10177846441973788,-0.7505786754850979,FALSE
614,-0.05800187145103004,0.027300741346175172,-0.17694311004376279,-2.124552982483609,TRUE
615,-0.027848935406953854,0.021543512229215703,-0.08495721119058423,-1.2926831572610156,FALSE
616,-0.07835075971776609,0.06447266006430726,-0.2390203411015439,-1.2152555771642792,FALSE
617,-0.08829538834437967,0.04887069474233617,-0.26935787113984394,-1.8067144084999123,FALSE
618,-0.06767964728465253,0.03040891289784855,-0.20646656698520469,-2.2256516539083813,TRUE
619,-0.04626419591252884,0.03291345859355503,-0.14113563068992002,-1.4056315528501793,FALSE
620,-0.018756217961362807,0.02012067549033288,-0.05721855960361917,-0.9321862961496677,FALSE
621,-0.05740380854250592,0.049125808651135264,-0.17511863251590543,-1.1685061298462587,FALSE
622,-0.04862885195484189,0.03448779057029844,-0.1483493564515776,-1.4100309457551046,FALSE
623,-0.029020520190653466,0.07394144678022435,-0.08853130026946476,-0.3924797451814942,FALSE
624,-0.030850850108593158,0.06669404536350622,-0.09411498679516293,-0.4625727820294162,FALSE
625,-0.048778826591115154,0.03742904588258631,-0.14880687580235025,-1.3032345719987823,FALSE
626,-0.025674929837478048,0.02679320493001136,-0.07832509231076007,-0.9582627350682963,FALSE
627,-0.025186820091322858,0.03740514169440129,-0.07683604283068786,-0.6733518160978591,FALSE
628,-0.03480752875620148,0.05666898396193569,-0.10618540810807961,-0.6142253896696215,FALSE
629,-6.744694162128786e-4,0.11314878203243361,-0.0020575666465325482,-0.005960907436189149,FALSE
630,0.007070199947268197,0.2967400363705197,0.02156866901022494,0.023826242099802483,FALSE
631,-0.031162481680223442,0.0549887325150391,-0.09506566404216596,-0.5667066734389756,FALSE
632,-0.015234947107733514,0.06121354880356626,-0.046476412832136715,-0.2488819453455039,FALSE
633,-0.01297652320579895,0.03891813934053437,-0.039586763601717354,-0.3334312334989644,FALSE
634,-0.02940941140345977,0.04737216517417874,-0.0897176692424165,-0.62081628093896,FALSE
635,-0.014179832178280942,0.054739319522966366,-0.043257631913514685,-0.25904290191864127,FALSE
636,-0.04294167707491001,0.2752602493628136,-0.13099980573117512,-0.15600391692703028,FALSE
637,-0.12331604972087425,0.15304226294355877,-0.37619347117695945,-0.8057646779984728,FALSE
638,-0.11701806005989392,0.19483088051419994,-0.35698054149454084,-0.6006135154296818,FALSE
639,-0.06604174967271542,0.0669639020649335,-0.20146992308149736,-0.986229112047206,FALSE
640,-0.04243610117151889,0.046968681892024376,-0.1294574732085989,-0.9034978087968198,FALSE
641,0.011625587952180116,0.03131040140036267,0.035465539936634545,0.37130114697429134,FALSE
642,0.0102683519859477,0.028387021481288875,0.03132509503510801,0.3617269953001592,FALSE
643,0.005669812446530902,0.03847032706838614,0.017296584102480667,0.14738144639248982,FALSE
644,-0.18719002454180567,0.15332051444695033,-0.5710502830854292,-1.2209065774206906,FALSE
645,-0.016403309085745166,0.09186554550865822,-0.050040670275464307,-0.1785577932936693,FALSE
646,-0.02273240067659759,0.03598134387599449,-0.06934848089986385,-0.6317829805062912,FALSE
647,0.021425629975076188,0.033990618471642815,0.06536198759789368,0.6303395153857186,FALSE
648,0.011670196167704849,0.036187595287146,0.035601623759293835,0.32249161833226747,FALSE
649,0.002579829716590278,0.10356850966817781,0.007870144221505053,0.024909402721500683,FALSE
650,0.01434238195218746,0.054086893347978164,0.043753513543061985,0.26517296639526067,FALSE
651,0.0678742313700098,0.10773600308446071,0.2070601739217878,0.6300050997510935,FALSE
652,0.027383480201821683,0.021661156088697307,0.08353727266926121,1.2641744554026948,FALSE
653,-0.010304890208999641,0.07053955245240302,-0.031436560176844715,-0.14608669676424338,FALSE
654,0.005679788094299808,0.05782320468710307,0.017327016260905444,0.09822679536761532,FALSE
655,0.002837368163674649,0.06990561765341478,0.008655802557054162,0.04058855724216676,FALSE
656,0.014065640768054877,0.07077055889953636,0.042909274476759525,0.1987498895977636,FALSE
657,-0.013900098691883758,0.17112771252486986,-0.042404264395739126,-0.08122646231167069,FALSE
658,-0.003419828228585815,0.10106670981315544,-0.010432681350502874,-0.033837336101156724,FALSE
659,-0.022912637853982225,0.05449966558083623,-0.06989832051562302,-0.4204179532073866,FALSE
660,-0.01346096249633846,0.05124676882087807,-0.04106461582529303,-0.2626694873854062,FALSE
661,0.01334839688367538,0.11916566208269323,0.04072121811948964,0.11201546360236272,FALSE
662,0.012852295095494628,0.10666828111211998,0.03920778775762473,0.12048844287633607,FALSE
663,-0.0022161083257636605,0.10800157599667515,-0.006760559436182376,-0.020519222106831884,FALSE
664,-0.0018901673573400897,0.09281776680555279,-0.005766229301641203,-0.020364283933913947,FALSE
665,0.004443247075027312,0.08416646850043932,0.013554768776934399,0.05279117865096264,FALSE
666,-0.0010107111412661568,0.07412265117227489,-0.0030833207311682133,-0.013635658267498761,FALSE
667,6.23830095360907e-4,0.08816528615266062,0.0019030840635073294,0.007075688432301213,FALSE
668,-0.011743661572633403,0.06872420522102855,-0.035825740617999986,-0.17088100960736935,FALSE
669,0.0035758387075501817,0.06056081538423203,0.010908613913656091,0.05904541880526278,FALSE
670,0.0423455205457373,0.2564833475948321,0.12918114388965551,0.16510046731232902,FALSE
671,-0.030786750399610353,0.10163275026006911,-0.09391944134849758,-0.30292155157495804,FALSE
672,-0.04497181185122298,0.062278999913005076,-0.13719302591773577,-0.7221023445148801,FALSE
673,-0.06111803954383329,0.03664825290808318,-0.18644943216692517,-1.6676931284315883,FALSE
674,-0.0664002632878292,0.038500013655686144,-0.20256362079269663,-1.7246815515875127,FALSE
675,-7.103190214511007e-4,0.03080159757471202,-0.002166931059886827,-0.023061109727447047,FALSE
676,-0.005979409212740181,0.06510271621833673,-0.018241053880818977,-0.09184577172919907,FALSE
677,-0.16999231254060412,0.07855073827576722,-0.5185861716524264,-2.1641084001504094,TRUE
678,-0.04594575841662153,0.036961008117896266,-0.14016419098511743,-1.2430872629357452,FALSE
679,-0.059510186947427685,0.04327991268935367,-0.1815444449349159,-1.3750070933499472,FALSE
680,-0.08760249929500323,0.02396147950470104,-0.26724411273438553,-3.6559720478786115,TRUE
681,0.004083492651457265,0.041801272763137186,0.012457285799816517,0.09768823726004651,FALSE
682,-0.05791895469717595,0.09087491564961792,-0.17669016047619474,-0.6373480985720119,FALSE
683,-0.05206342103874154,0.11410510059533771,-0.15882700691632945,-0.4562760189255627,FALSE
684,0.005312869560691306,0.05382128391967887,0.01620767812844192,0.09871317021385181,FALSE
685,0.0011930765862374231,0.03399860800657597,0.003639652935465692,0.0350919245284001,FALSE
686,-0.004276968400210855,0.039691163275059074,-0.013047511595055024,-0.10775618670008581,FALSE
687,8.967512799682825e-5,0.07214874343550416,2.7356696679568104e-4,0.0012429201636337773,FALSE
688,-0.058341703260859336,0.07032875234673268,-0.17797981620200742,-0.8295569210900379,FALSE
689,-0.0588571424788436,0.06000766918505128,-0.17955223819438507,-0.980827005583908,FALSE
690,-0.053740095397280044,0.10642183868459565,-0.16394194490209618,-0.5049724385663975,FALSE
691,-0.06155905493969346,0.05585632884953744,-0.18779481351012137,-1.1020963283411929,FALSE
692,-0.04112110904107287,0.033344625987012856,-0.12544589924687527,-1.2332154829713435,FALSE
693,-0.03440660908118114,0.06567303108474336,-0.1049623445689018,-0.5239077367509266,FALSE
694,-0.009849372559147194,0.04857511064565089,-0.030046937607290772,-0.20276582859475267,FALSE
695,-0.06567265725973666,0.07842718415551336,-0.200343953215143,-0.8373710973673907,FALSE
696,-0.033993027024781304,0.1481652457756581,-0.10370065260126472,-0.22942645454286406,FALSE
697,-0.07773324290487378,0.2153866578099463,-0.2371365166206437,-0.3609009197471476,FALSE
698,-0.043606926806715754,0.10348000275239715,-0.1330292463950142,-0.4214043839084222,FALSE
699,-0.0520585070125016,0.22255248975168856,-0.15881201596752073,-0.23391563523097642,FALSE
700,-0.07509730264292887,0.07401335711965308,-0.22909519905329784,-1.014645268981968,FALSE
701,-0.023658488224788835,0.034908262363475655,-0.07217364510319667,-0.6777331961828784,FALSE
702,-0.046044922585294745,0.11927056113285446,-0.14046670564492036,-0.38605438046028556,FALSE
703,-0.06063774363593554,0.14905751477720294,-0.1849842199322394,-0.40680769249756443,FALSE
704,-0.17732138050285393,0.442461962256205,-0.5409445550376499,-0.40076073341684687,FALSE
705,-0.09580182655744669,0.20730814962384334,-0.2922573481660777,-0.4621228192489165,FALSE
706,-0.09403298554668707,0.07654635039566296,-0.28686124245798844,-1.22844505401808,FALSE
707,-0.15372708566619692,0.1688866139301083,-0.46896674116293147,-0.910238426177548,FALSE
708,-0.007429310739304893,0.042464108272343544,-0.022664188496124626,-0.1749550630301009,FALSE
709,-0.05465467056915551,0.03594778989754195,-0.16673198893398716,-1.5203902861603378,FALSE
710,-0.015961023870768993,0.03869197754670343,-0.04869141516512996,-0.41251507115404284,FALSE
711,-0.06675646185834341,0.0806915564867145,-0.20365025612502619,-0.8273041785894236,FALSE
712,-0.07934898915285546,0.07106974661501034,-0.24206558458012833,-1.116494611732533,FALSE
713,-0.06706195239965104,0.07130645163934328,-0.20458219926954285,-0.9404752425326078,FALSE
714,-0.10322662592141142,0.06033795732981948,-0.31490777405828463,-1.7108074334892347,FALSE
715,-0.0491869988837128,0.01889724117929007,-0.15005206450194067,-2.602866652176614,TRUE
716,-0.0888739835218666,0.10249919249953816,-0.27112295953440196,-0.8670700846961993,FALSE
717,-0.10211298918475598,0.24614303551832378,-0.31151046389029863,-0.41485223812946076,FALSE
718,-0.058183278799193584,0.0840565846868852,-0.1774965194349744,-0.6921918017003555,FALSE
719,-0.04429979009775499,0.08108728849005802,-0.13514292622093407,-0.546322252509239,FALSE
720,-0.014047492860968328,0.025123011740558393,-0.042853911657589276,-0.5591484415178681,FALSE
721,-0.014841396446420786,0.027070202406714455,-0.04527582953662622,-0.5482558358240995,FALSE
722,-0.011775146410572956,0.06520910829917562,-0.03592178967650238,-0.18057517910763732,FALSE
723,-0.06784735124796691,0.2092272528602524,-0.20697817221609044,-0.3242758785982995,FALSE
724,-0.07481703164215765,0.0657847597184023,-0.22824019177006896,-1.1373003711257565,FALSE
725,-0.08449093850469415,0.0865544100646519,-0.2577518458548185,-0.9761598333531887,FALSE
726,-0.08019150749884213,0.0808004433613973,-0.24463580882769717,-0.9924637064201297,FALSE
727,-0.05277254143579828,0.08305591598066155,-0.16099028139888855,-0.6353857014602747,FALSE
728,-0.05289423219947041,0.07662581303051384,-0.16136151669956203,-0.6902926064667911,FALSE
729,-0.14396256008711844,0.1390686508448746,-0.4391786415578568,-1.0351905998405262,FALSE
730,-0.14087712150122603,0.13409461161798528,-0.4297660642464891,-1.050580033018501,FALSE
731,-0.24376265717303514,0.2878324823071477,-0.743633293093725,-0.8468907164998654,FALSE
732,-0.1724227275317576,0.15241310744756234,-0.5260005046122648,-1.1312854282633111,FALSE
733,-0.17432639408750028,0.13661364015853725,-0.5318079151739015,-1.2760540886341816,FALSE
734,-0.06084110146893785,0.08189907509600253,-0.1856045924568323,-0.7428789812048499,FALSE
735,-0.14740761336703412,0.1284759919170665,-0.44968827558112107,-1.1473553242709216,FALSE
736,-0.0903151042177322,0.10024259519538901,-0.2755193069538155,-0.9009653435417695,FALSE
737,-0.11433093434778299,0.14560558300428533,-0.3487830752975941,-0.7852098249860248,FALSE
738,-0.2072196582236589,0.34488718116073475,-0.632153581790138,-0.6008331696360849,FALSE
739,-0.605897824403276,0.6541103057488425,-1.848379073581796,-0.9262930412166925,FALSE
740,-0.10346171278956035,0.1598399664194506,-0.3156249406003304,-0.6472831239094298,FALSE
741,-0.11848113067895148,0.19273217578251992,-0.3614438503339507,-0.6147449443659385,FALSE
742,-0.08376867980739966,0.06471562667449292,-0.2555484910843894,-1.2944119390010687,FALSE
743,-0.13808259997530953,0.08117122580764778,-0.4212409715639645,-1.7011274451186085,FALSE
744,-0.09347052039635648,0.04298890316857549,-0.28514536104759713,-2.1742941435333623,TRUE
745,-0.020119721697388498,0.0367465176216982,-0.06137812524474454,-0.5475273032541222,FALSE
746,-0.10292281390871116,0.08343497487808695,-0.3139809515084084,-1.23356918437501,FALSE
747,-0.05843409614084138,0.03831366089677906,-0.17826167406488216,-1.5251504234551962,FALSE
748,-0.07942198446718651,0.06915677880107177,-0.24228826735937734,-1.1484338317092881,FALSE
749,-0.18675296755547713,0.10894844079216895,-0.5697169774438583,-1.7141408008924957,FALSE
750,-0.1129057945693606,0.055758394533358534,-0.3444354799815699,-2.0249111459228355,TRUE
751,-0.09667827745828561,0.10333606993629832,-0.29493108858712647,-0.935571456490295,FALSE
752,-0.09006631091171283,0.2780626915054967,-0.27476032693776026,-0.32390649182050524,FALSE
753,-0.05895140886015749,0.08099169667911563,-0.17983981144443673,-0.7278697851425379,FALSE
754,-0.03687248888348245,0.11031392019836328,-0.11248486807198686,-0.3342505534857198,FALSE
755,-0.005101971237557651,0.045143408622608704,-0.015564302246513879,-0.11301696954718841,FALSE
756,-0.01304780669134467,0.02660687506686851,-0.03980422419930977,-0.4903923011835425,FALSE
757,-0.013841667471491364,0.02636604737061343,-0.04222601149456141,-0.5249807556258412,FALSE
758,-0.024988876978966533,0.03700909241734977,-0.07623218869571154,-0.6752091269131423,FALSE
759,-0.05128423501886477,0.0884599135329956,-0.15644998710282187,-0.5797454798521335,FALSE
760,-0.07397962144440204,0.11833724536672831,-0.22568555066856,-0.625159232117821,FALSE
761,-0.14283184050123396,0.14643136770578824,-0.4357292176839614,-0.9754183324177748,FALSE
762,-0.13542581908447626,0.14601005887148616,-0.4131360766395693,-0.9275102012230141,FALSE
763,-0.06240869497931572,0.08921177794694705,-0.19038676351565517,-0.69955667755472,FALSE
764,-0.14737074519382254,0.16277821204471027,-0.44957580387863133,-0.9053468725491606,FALSE
765,-0.128425560410349,0.12296819607512141,-0.3917807736135855,-1.044380291078627,FALSE
766,-0.04943807518849945,0.3358661402631191,-0.15081800913641258,-0.14719577016536836,FALSE
767,-0.12565444058474043,0.16689824056835195,-0.38332707120742976,-0.7528805585777255,FALSE
768,-0.22091283330860387,0.28304955692422634,-0.6739265957514126,-0.7804740474041556,FALSE
769,-0.1757692419014813,0.32505747264971235,-0.5362095314172876,-0.5407328140119189,FALSE
770,-0.09334502182889921,0.13338139481396494,-0.28476250948994225,-0.6998354002752268,FALSE
771,-0.10678971939603056,0.11807061458557405,-0.32577750679282297,-0.9044563693588007,FALSE
772,-0.11513230531899953,0.07463492441655968,-0.35122777351850515,-1.5426063095664428,FALSE
773,-0.06393395950295307,0.07500250024210268,-0.195039803869356,-0.8524243764751687,FALSE
774,-0.09350579016484159,0.20100398499889358,-0.2852529565849506,-0.4651937132756661,FALSE
775,-0.1336235310671582,0.29284005262471746,-0.40763793599339887,-0.4563021003086638,FALSE
776,-0.141878159063421,0.3533697749408808,-0.4328198743235475,-0.40150055020171826,FALSE
777,-0.23635920711519293,0.29314688359920754,-0.7210479963521487,-0.8062825168503066,FALSE
778,-0.1632430694876828,0.12137215418425394,-0.4979966281368619,-1.3449795843605528,FALSE
779,-0.10140746257170533,0.044973365721840096,-0.3093581527663856,-2.254833743129426,TRUE
780,-0.005284429636228058,0.035516725109906055,-0.016120918019534306,-0.14878707481828513,FALSE
781,-0.12444149324889224,0.05782771297303939,-0.3796267996721315,-2.1519352374684044,TRUE
782,-0.028164408159894207,0.048517495917015575,-0.08591960651754299,-0.5805000366891702,FALSE
783,-0.07857547970871222,0.061945579705497376,-0.23970588198310985,-1.268459833329141,FALSE
784,-0.01756009959414037,0.09803192099093024,-0.0535696272746771,-0.17912634391572319,FALSE
785,-0.08329174413116917,0.038812910880840025,-0.2540935297231116,-2.1459803514063696,TRUE
786,-0.1298298255413986,0.10648179440840053,-0.39606468779424625,-1.219267821909997,FALSE
787,-0.10393130616013954,0.2111967148325674,-0.31705750319473514,-0.49210664210631416,FALSE
788,-0.08291836681717345,0.08132177328962441,-0.2529544881455658,-1.0196330387664179,FALSE
789,-0.08004947670932336,0.2857201951144852,-0.24420252333206208,-0.28016737380866036,FALSE
790,-0.014157767478491335,0.16348052442554467,-0.043190320350882584,-0.08660216578237934,FALSE
791,-0.08334768666711516,0.17907721772701174,-0.2542641905319163,-0.46542875595806804,FALSE
792,-0.056286516830515214,0.13877224576826055,-0.1717101723162605,-0.40560355940704135,FALSE
793,-0.05010574071113283,0.09439765566975004,-0.15285481952008248,-0.5307943333511124,FALSE
794,-0.011328488808087954,0.01961725244098214,-0.03455919596476131,-0.5774758133010389,FALSE
795,-0.00890523619224164,0.029036444481161633,-0.02716671286821951,-0.30669168871619973,FALSE
796,-0.015515382189082912,0.0332961391628412,-0.047331920666935326,-0.46598141944331556,FALSE
797,-0.038962077420330254,0.11818081606219305,-0.11885946056653783,-0.3296819121626841,FALSE
798,-0.03288811120212074,0.12515138279972873,-0.10032994684458607,-0.262786638600305,FALSE
799,-0.10146509729191865,0.09077541087083721,-0.30953397582839937,-1.1177597139856696,FALSE
800,-0.09040765444817174,0.09369064050203577,-0.275801644837052,-0.9649592954400531,FALSE
801,-0.047723466496343514,0.08668284020251182,-0.14558734697141185,-0.5505526397710331,FALSE
802,-0.2387259858690127,0.13005655667489363,-0.728268197752718,-1.8355551767048806,FALSE
803,-0.1971786448772318,0.11193713062983232,-0.6015220162033661,-1.761512411188087,FALSE
804,-0.06788520541501203,0.14265869442982201,-0.207093651835584,-0.4758574700710355,FALSE
805,-0.05618619543627803,0.14320048992701226,-0.1714041273722583,-0.39236035760014176,FALSE
806,-0.08756870837641316,0.14879349477601908,-0.2671410286428384,-0.5885251133339636,FALSE
807,-0.0881842551429104,0.19345555100749764,-0.2690188432118624,-0.45583729535624795,FALSE
808,-0.0855165071652104,0.16900950605164586,-0.2608804916004712,-0.5059863741574294,FALSE
809,-0.02766673934663123,0.06881155831693576,-0.08440139571869167,-0.4020652928567954,FALSE
810,-0.14334288834354034,0.13393440664565814,-0.43728824314877235,-1.0702469360451465,FALSE
811,-0.09958905989310718,0.10857840172929646,-0.3038108520118795,-0.9172087478447033,FALSE
812,-0.06481801046886626,0.06388932882471744,-0.19773672938973239,-1.014535786511339,FALSE
813,-0.3771983944655492,0.5242094129224295,-1.150698336976902,-0.7195566984627297,FALSE
814,-0.26132507027254726,0.3388931632714289,-0.7972099780516343,-0.7711134321799369,FALSE
815,-0.12578438249249307,0.23432631526338862,-0.38372347781824373,-0.5367915351338508,FALSE
816,-0.09101301029820029,0.06477103396469963,-0.2776483705393023,-1.4051498752946046,FALSE
817,0.011778454946509389,0.07284490268286917,0.035931882844595725,0.16169223257510523,FALSE
818,-0.01480352307881339,0.04131684498648453,-0.04516029134303636,-0.3582926790188332,FALSE
819,-0.02337048651477626,0.06580806571394027,-0.07129505417168558,-0.35513103540172336,FALSE
820,-0.041542096168919664,0.05858729600495771,-0.12673018145753626,-0.7090632099731029,FALSE
821,-0.08500821399544894,0.060168591598610106,-0.25932986966325444,-1.4128337017184334,FALSE
822,-0.0018478955898199871,0.04451339371692617,-0.005637273152038878,-0.0415132488340768,FALSE
823,-0.07391171818807951,0.026333172600775487,-0.22547840194981647,-2.806791240410693,TRUE
824,-0.11520097955908844,0.11782568662844271,-0.35143727423489984,-0.9777238126552901,FALSE
825,-0.12004823933709928,0.20311358537664248,-0.36622454228081813,-0.5910399302660555,FALSE
826,-0.08312093979911965,0.04073158311990249,-0.25357246636833164,-2.040699953999692,TRUE
827,-0.1012803142232094,0.238418574269395,-0.30897026831271257,-0.4248004356773407,FALSE
828,-0.01754287969453189,0.13603174676095744,-0.05351709547673437,-0.128961658673392,FALSE
829,-0.02701952807721593,0.1727588935249756,-0.08242698399712503,-0.15640021492328984,FALSE
830,-0.11023756928619453,0.2313891275399055,-0.33629567228071994,-0.47641637469410875,FALSE
831,-0.03585059046370219,0.06898548055443833,-0.10936741892730906,-0.519683130066935,FALSE
832,0.0010381669067979617,0.044868886426348203,0.003167078520706634,0.023137790782976116,FALSE
833,-4.6236975856269293e-4,0.04241340834169948,-0.0014105259196565752,-0.010901499705886783,FALSE
834,9.731972848704702e-4,0.06362660215319549,0.002968879278602461,0.015295446431781424,FALSE
835,0.0021214767224590164,0.06296089164093177,0.006471872023547968,0.033695150547706255,FALSE
836,0.005221820058738639,0.055445048968379436,0.015929918434825097,0.09418009643596252,FALSE
837,-0.035097615056796747,0.09707942877545979,-0.10707035838510218,-0.36153503888013083,FALSE
838,-0.07544163215256174,0.10233384026882551,-0.23014562609625494,-0.7372109944704568,FALSE
839,-0.14670535026946002,0.08050780455266031,-0.44754592028386764,-1.822250042522272,FALSE
840,-0.09411169423292366,0.08458303259225099,-0.2871013547057789,-1.1126545283213887,FALSE
841,-0.04024828432152227,0.07458875881269907,-0.12278322101707453,-0.5396025481881302,FALSE
842,-0.09472659472084692,0.09584618797112038,-0.2889771977084039,-0.9883188546777593,FALSE
843,-0.23275939114658192,0.12619610922725066,-0.7100662363306809,-1.8444260490427236,FALSE
844,-0.11744416797969805,0.08149063496236428,-0.35828044542278004,-1.4411983417964358,FALSE
845,-0.08002096860243588,0.20381093821995727,-0.24411555522279357,-0.3926235230617283,FALSE
846,-0.20766346494634388,0.24104621965272685,-0.6335074784801183,-0.8615089058252927,FALSE
847,-0.23865300352171798,0.16062176196433736,-0.7280455545312915,-1.4858074061888686,FALSE
848,-0.10586364086230939,0.17433377876292966,-0.3229523700894368,-0.6072468664048727,FALSE
849,-0.032670745448115025,0.17160416418249672,-0.09966684112801878,-0.190384339469586,FALSE
850,-0.04803763518942346,0.09796222211043841,-0.14654576407488207,-0.49036898259890316,FALSE
851,-0.1530256675520782,0.1605201419220191,-0.46682696361009884,-0.9533113148281308,FALSE
852,-0.3692252566148383,0.47469723998104163,-1.1263751251077205,-0.7778120989908943,FALSE
853,-0.5040784248426641,0.6732438276427557,-1.5377642473644384,-0.7487308522494823,FALSE
854,-0.14144185280813523,0.2504619971484298,-0.43148885889576105,-0.5647238080766136,FALSE
855,-0.37733175585231327,0.2331276806503711,-1.151105175203729,-1.6185626468707917,FALSE
856,0.014648739652666878,0.059584165330861236,0.044688102082234386,0.24584954024823197,FALSE
857,-0.005256600196444376,0.06538310054838484,-0.016036020282566323,-0.08039692447063418,FALSE
858,-0.08369612234385587,0.0796044990556505,-0.25532714403238665,-1.0513993974805993,FALSE
859,-0.06775298402546773,0.06678152239208195,-0.20669029133539688,-1.0145468626438645,FALSE
860,-0.12789234484870976,0.0600491699435834,-0.3901541223101041,-2.129793716863455,TRUE
861,-0.01872770929956704,0.04622575809122941,-0.05713158980152256,-0.40513579599077076,FALSE
862,-0.0021379500879336213,0.021958400418743904,-0.006522126410984848,-0.09736365341569445,FALSE
863,-0.11480703479159499,0.04243280563248359,-0.3502354886614014,-2.7056196987292007,TRUE
864,-0.13981802229080798,0.14538051586306203,-0.4265351287016855,-0.9617383833092633,FALSE
865,-0.10048289170136865,0.13830516611552224,-0.30653761540852875,-0.7265302846130726,FALSE
866,-0.06821245632896712,0.09635052082726947,-0.20809197814870592,-0.707961469676471,FALSE
867,-0.10908207305417572,0.22968687871426577,-0.3327706636590606,-0.47491643260073035,FALSE
868,-0.031991306237574325,0.18315003498907081,-0.0975941134040478,-0.1746726733603046,FALSE
869,-0.0505215941263154,0.18856257224001552,-0.15412344059667737,-0.2679301280532385,FALSE
870,-0.0908259041829805,0.1773771618289085,-0.27707757623375745,-0.5120495967264819,FALSE
871,-0.015533863300368567,0.18101025231060563,-0.04738829997377734,-0.08581758824198057,FALSE
872,0.0010360593896693148,0.030090313937450573,0.0031606492344459633,0.03443165770297363,FALSE
873,0.0026008488746960584,0.039586219413969136,0.007934266207790933,0.06570086543243567,FALSE
874,0.018260368230002984,0.05210052614240027,0.05570589817759525,0.35048337477617897,FALSE
875,0.020597846279755916,0.051197812626631777,0.06283671353639808,0.402318873073133,FALSE
876,0.026761338006017783,0.06577452442118231,0.08163933778783347,0.40686478908845514,FALSE
877,0.04478439910018544,0.07567118218071005,0.13662129617521468,0.591828987067177,FALSE
878,-0.008557237611699754,0.1230215781329582,-0.026105092793014113,-0.06955883464973385,FALSE
879,-0.006110204841267849,0.09442355405481279,-0.01864006489051293,-0.06471060004499386,FALSE
880,0.03476499825496909,0.07858643540668468,0.10605566265381211,0.44237912147383046,FALSE
881,-0.03706441162486055,0.0785626782095347,-0.11307035619328373,-0.47178141669261797,FALSE
882,-0.07485229484433507,0.0735342697231745,-0.22834776727594971,-1.0179239574435481,FALSE
883,-0.040023694435385955,0.0837019000984197,-0.12209807703907574,-0.4781694846631278,FALSE
884,-0.07798900828889392,0.14373993688042394,-0.23791676597049907,-0.542570213828411,FALSE
885,-0.0949982278871914,0.16854277027644116,-0.2898058540265816,-0.5636446329402135,FALSE
886,-0.25548906954117157,0.18468350464578706,-0.7794064125149752,-1.3833886790874244,FALSE
887,-0.226615064142288,0.2182397939512528,-0.6913220768394903,-1.0383764575625742,FALSE
888,-0.02291283468978709,0.08563711331558935,-0.0698989209917561,-0.2675572984968428,FALSE
889,-0.10924572948199567,0.1437292360335659,-0.3332699212966622,-0.7600800818038362,FALSE
890,-0.2531292075137366,0.24743416584286454,-0.772207311590084,-1.0230163916590593,FALSE
891,-0.22801778405103496,0.36728363993014457,-0.6956012770957017,-0.6208220548413285,FALSE
892,-0.10950762514776972,0.2018736917703547,-0.33406887195893814,-0.5424561476407844,FALSE
893,-0.11648384837558394,0.34589095228755784,-0.3553508513745707,-0.3367646583560955,FALSE
894,-0.17050344198044298,0.17172261255731963,-0.5201454460423289,-0.9929003492392727,FALSE
895,-0.07793476780150436,0.10032428858962722,-0.2377512975073461,-0.7768285117903366,FALSE
896,-0.07570640707155954,0.06407566203528581,-0.23095336033753044,-1.1815157997098618,FALSE
897,-0.07370738329464568,0.0655512665371644,-0.22485504876085657,-1.124423480862222,FALSE
898,-0.05800778874082957,0.22305901067609082,-0.17696116159337602,-0.26005579673741147,FALSE
899,-0.08824761538237015,0.09813513160952345,-0.26921213279964046,-0.8992459064864211,FALSE
900,-0.14538749740743281,0.0881905169548014,-0.44352561924609785,-1.648561573598049,FALSE
901,0.006844473274525192,0.051756873943477645,0.020880057100026505,0.13224278734453448,FALSE
902,0.006470842099182543,0.0206923378444419,0.019740241081671796,0.3127168204882492,FALSE
903,-0.1318404882106295,0.04568857661794077,-0.40219850549774877,-2.885633520893251,TRUE
904,-0.10998537858189199,0.1108155480508039,-0.3355263280091115,-0.9925085470088428,FALSE
905,-0.04506951475392913,0.14508938192673845,-0.13749108277405162,-0.3106327572384764,FALSE
906,-0.05785004896875476,0.16815328469518476,-0.17647995357111287,-0.3440316320529857,FALSE
907,-0.131438051353041,0.22572896651904156,-0.40097081357339315,-0.582282608120449,FALSE
908,-0.03151134969486122,0.12797356614140146,-0.09612993645201257,-0.2462332702367884,FALSE
909,-0.024354980476927766,0.10413283816690004,-0.07429839560058185,-0.23388376717335368,FALSE
910,-0.08376192903484779,0.2094960957603405,-0.2555278968749157,-0.39982572816378315,FALSE
911,-0.023678477074445866,0.18438721318841259,-0.07223462398432637,-0.12841713188783033,FALSE
912,0.005544678831238604,0.02313442134505954,0.016914845884265884,0.23967225064925582,FALSE
913,0.005502548719518013,0.021206912469715414,0.016786321876197864,0.25946958225889516,FALSE
914,0.017884068810151546,0.06710597340974593,0.054557942292889135,0.2665048713465828,FALSE
915,0.022094289094548226,0.06797225258566204,0.06740182909263574,0.32504865226739244,FALSE
916,0.021792986715196683,0.0658299244845527,0.06648266254279331,0.33104985135309567,FALSE
917,0.020541135966048504,0.06149286658613593,0.06266371051032471,0.3340409563973664,FALSE
918,0.037262082431169984,0.10215645318508282,0.1136733796192223,0.3647550523671773,FALSE
919,0.08677618910984322,0.14144863111057818,0.2647233338290619,0.6134819999919653,FALSE
920,0.1051671370453974,0.14799520989037648,0.32082758431203634,0.7106117632002898,FALSE
921,0.06900670011382076,0.12419256346303133,0.21051493385529177,0.5556427711097383,FALSE
922,0.04325107818806695,0.1343386317128768,0.13194367864153825,0.32195562539677997,FALSE
923,-0.27459857208668365,0.21467315795801625,-0.8377027179134463,-1.2791472147644423,FALSE
924,-0.06140882430301048,0.12136468330474615,-0.18733651319301894,-0.5059859477308832,FALSE
925,-0.01791767148004969,0.1468705343970538,-0.05466045210453498,-0.12199636607578869,FALSE
926,-0.02220320260363727,0.07581072711259912,-0.0677340855275038,-0.29287679262935445,FALSE
927,-0.2320871536659096,0.2470211774719669,-0.7080154785267957,-0.9395435486184092,FALSE
928,-0.11730078349406552,0.15613425473054007,-0.3578430302810761,-0.7512815409821874,FALSE
929,-0.13615265090689518,0.47604327472152175,-0.41535338239057706,-0.28600897888231375,FALSE
930,-0.14622836691964874,0.2177693552954387,-0.4460908134874265,-0.6714827562457847,FALSE
931,-0.19791648020339034,0.24149711359068288,-0.6037728897363153,-0.8195397338737638,FALSE
932,-0.1332255335919354,0.2085193398410535,-0.40642378704796445,-0.6389121205423355,FALSE
933,-0.08878173874987375,0.11129237941560648,-0.2708415534964007,-0.7977342133941646,FALSE
934,-0.05151122537492833,0.12714065760862392,-0.15714245406202573,-0.40515147824305686,FALSE
935,-0.25396022239302873,0.4158209915410912,-0.7747424428463012,-0.6107441123927302,FALSE
936,-0.24095890809086454,0.38278147699581055,-0.7350800504142976,-0.6294946923293829,FALSE
937,0.015482879341717836,0.07518594334941515,0.04723276602322853,0.20592784571131237,FALSE
938,-0.11008688923443859,0.08387809357803416,-0.33583600095784266,-1.3124629392300344,FALSE
939,-0.09148960622903604,0.10629005855320714,-0.2791022954580436,-0.8607541238980293,FALSE
940,-0.039197729497565684,0.09870174243307624,-0.11957835136076873,-0.39713310556947184,FALSE
941,-0.11270132075505553,0.07749448846603557,-0.34381170299437047,-1.4543140162083974,FALSE
942,-0.07088190702257545,0.10077706829749766,-0.2162355241416025,-0.7033535329022413,FALSE
943,-0.016828898492918267,0.03656633286401802,-0.05133899240581951,-0.4602293195629204,FALSE
944,0.004506981393804161,0.02633234078396367,0.013749199547852156,0.1711576434005784,FALSE
945,-0.07816690901117217,0.033271475723423254,-0.23845947789153632,-2.34936705726408,TRUE
946,-0.09437238526236154,0.19036944067381814,-0.28789663045042785,-0.4957328493918339,FALSE
947,-0.06309408060595183,0.10069478984151374,-0.1924776316432237,-0.6265873408669635,FALSE
948,-0.033582441900652384,0.0365407041563622,-0.10244810320960565,-0.9190420019534641,FALSE
949,-0.03170516862095124,0.05983731105049761,-0.0967212091594228,-0.5298561727513921,FALSE
950,-0.002974021251252008,0.03970623720591376,-0.009072682593992885,-0.07490060656790375,FALSE
951,-0.05484747754646989,0.049601776006280525,-0.1673201745450833,-1.1057563249252438,FALSE
952,-0.042991819071375045,0.19825198533640745,-0.13115277115412388,-0.21685441887718604,FALSE
953,-0.05689514137417202,0.05014573259055432,-0.17356686964187223,-1.1345958755598886,FALSE
954,-7.075145635999819e-4,0.021404056043643604,-0.0021583756550050625,-0.03305516310354147,FALSE
955,0.00206898399629869,0.02092586269134135,0.006311735359176275,0.09887210036768468,FALSE
956,0.0030149328181351878,0.025839384971680358,0.009197489254536331,0.116679743788001,FALSE
957,0.015262842438400322,0.08396816095589886,0.046561511578787525,0.18176940240976053,FALSE
958,0.019765452739671313,0.07924654293650761,0.060297376475743784,0.24941722385930964,FALSE
959,0.05005353374286586,0.13521989226587405,0.1526955546015546,0.3701639818233908,FALSE
960,-0.14307591690585217,0.11513285983654223,-0.4364738081090809,-1.2427027097996313,FALSE
961,-0.14164018496958478,0.11877526361197405,-0.4320938998813474,-1.1925057513011124,FALSE
962,0.003249981301071187,0.18650969023500366,0.009914538696930235,0.017425267807673613,FALSE
963,0.01751916817728252,0.09039632574869606,0.05344476005891079,0.19380398519721062,FALSE
964,-0.31670545389254534,0.17340647821146665,-0.966155859761889,-1.8263761374954384,FALSE
965,-0.1066708349374506,0.2571022483928808,-0.32541483253230763,-0.4148965464294412,FALSE
966,-0.11533819457881066,0.1692003515737102,-0.3518558685272386,-0.6816664002531041,FALSE
967,-0.2289299557918375,0.17214333065775314,-0.6983839891129838,-1.3298799025039472,FALSE
968,-0.258738816850348,0.1665370429518103,-0.7893202373857383,-1.553641233591601,FALSE
969,-0.15882640892959804,0.4131111812594351,-0.4845229653807396,-0.3844640768264623,FALSE
970,0.005694580530054232,0.38419955642166753,0.017372142728759504,0.014821934161226109,FALSE
971,-0.05900237414349431,0.20718827514995658,-0.17999528842323545,-0.2847766076569255,FALSE
972,-0.11423671394548396,0.19750816988329564,-0.348495642313187,-0.5783898155351476,FALSE
973,-0.11861699735679321,0.14457476007863101,-0.36185833131408474,-0.8204543953057923,FALSE
974,-0.07126354183386999,0.19485680689711735,-0.21739975641070147,-0.3657226194386758,FALSE
975,-0.10324752158234364,0.14690369702721218,-0.3149715192985548,-0.7028245283930347,FALSE
976,-0.09087099275169269,0.11030210655310002,-0.277215125443391,-0.8238373281470097,FALSE
977,-0.0010114137080134693,0.03980843629424874,-0.0030854640127929754,-0.02540701926942033,FALSE
978,0.04525611281522439,0.07310702900092086,0.13806032718751154,0.6190391462174497,FALSE
979,0.023425850418035864,0.047571687650608964,0.07146394977766939,0.4924326122311953,FALSE
980,-0.1344166211575794,0.09697701660077883,-0.41005737218801364,-1.386066780244711,FALSE
981,-0.05124162409684695,0.10498085278590352,-0.15631999631329999,-0.48810447559754916,FALSE
982,-0.06838963764578125,0.10849385948754149,-0.20863249541917384,-0.630354915649715,FALSE
983,-0.16753543298450405,0.07071891088125445,-0.5110911047040035,-2.3690329912718275,TRUE
984,-0.07224121325381991,0.04652608285441015,-0.22038228468641227,-1.5527035336260262,FALSE
985,-2.855737974854199e-4,0.019556462172165563,-8.711842326801427e-4,-0.014602528564285674,FALSE
986,-0.0781809512764064,0.033927944993063064,-0.23850231585556136,-2.304323214753836,TRUE
987,-0.12129021690040243,0.10623464928816496,-0.37001337472980167,-1.141719935191754,FALSE
988,-0.06638065169902077,0.05335181125759142,-0.20250379280042927,-1.2442061503502466,FALSE
989,-0.055242290466985644,0.07277736301031607,-0.1685246085451224,-0.7590586987763647,FALSE
990,-0.028141708567532203,0.10698487904679867,-0.08585035812315886,-0.2630437947704937,FALSE
991,-0.062453572527785446,0.03842763476383495,-0.19052366897747425,-1.6252255157416509,FALSE
992,0.05086340066984997,0.0645594194521092,0.15516617096611687,0.7878540591211625,FALSE
993,-0.0563082001942379,0.04372143987786742,-0.1717763205579865,-1.2878853109945751,FALSE
994,-0.023201558045469275,0.1528991194022018,-0.07077971340790787,-0.15174422283255587,FALSE
995,-0.0639719603687054,0.06770235342671765,-0.19515573101450423,-0.9449000977189056,FALSE
996,-0.009001966113055756,0.05454676704980425,-0.02746180150234379,-0.16503207430857372,FALSE
997,0.004298471363734518,0.015546775732028104,0.013113109499844127,0.2764863556164372,FALSE
998,-0.007377088157942209,0.05669827636267245,-0.022504875947586805,-0.13011133020613208,FALSE
999,-0.006008500683219095,0.05435254116092278,-0.018329801625219452,-0.11054682182070555,FALSE
1000,-0.008757549170298449,0.05360295954945402,-0.02671617221630636,-0.163378090387318,FALSE
1001,-0.004566888648942787,0.049087169459776696,-0.01393195530681699,-0.09303630050791613,FALSE
1002,3.4363106203288236e-4,0.14633088567124833,0.0010482963273878915,0.0023483153297171656,FALSE
1003,-0.028699742436574624,0.10405843602219514,-0.08755272126813918,-0.27580409175526255,FALSE
1004,-0.0043955094701081405,0.16318340784432184,-0.013409138298656297,-0.026936007331710393,FALSE
1005,-0.22151784852899367,0.12012540134087384,-0.675772282313612,-1.844055012981006,FALSE
1006,-0.05080697595349512,0.11001411156954752,-0.15499403919613436,-0.46182235377482933,FALSE
1007,-0.18052894610140857,0.11885711004064477,-0.5507296984904232,-1.5188737639647667,FALSE
1008,-0.28076124201892366,0.15281090479848503,-0.8565028351631867,-1.8373115609070534,FALSE
1009,-0.15600605597773534,0.24331712478710738,-0.47591907019185714,-0.641163486187971,FALSE
1010,-0.15119697872590082,0.41051130490912446,-0.4612482834725228,-0.36831380017505616,FALSE
1011,-0.24105941497122035,0.2955802380958383,-0.7353866612105711,-0.8155464537282759,FALSE
1012,-0.04593436321833244,0.23429677530197118,-0.14012942828221844,-0.19605205047799046,FALSE
1013,-0.0712578036868899,0.3291851026384595,-0.21738225136220657,-0.21646727970296878,FALSE
1014,-0.16766191537915273,0.1846183167157643,-0.5114769575690066,-0.9081542848063261,FALSE
1015,-0.0756344342530041,0.14629531164792373,-0.23073379682974662,-0.5169983467072886,FALSE
1016,-0.07331122372283769,0.050808514305014596,-0.22364650660599705,-1.4428924900801945,FALSE
1017,-0.023158489213881736,0.12253278321544758,-0.07064832569891845,-0.18899831217546498,FALSE
1018,-0.12017393721413427,0.1715133984907612,-0.36660800186120857,-0.700667926072304,FALSE
1019,-0.004425286368947431,0.05818480998538593,-0.013499977041549809,-0.07605569855876326,FALSE
1020,0.008427662509026587,0.12230926838335031,0.02570980517422431,0.0689045288261558,FALSE
1021,-0.23902733001552456,0.1287866515402202,-0.7291874917193327,-1.8559946015901818,FALSE
1022,-0.06035335709715975,0.07346805006064026,-0.18411665760421944,-0.8214912066856859,FALSE
1023,-0.065839360093658,0.07731513725191126,-0.20085250435580843,-0.8515714054692495,FALSE
1024,-0.08960613625910972,0.104227000081018,-0.27335649750677976,-0.8597209570404679,FALSE
1025,-0.07787679597999225,0.09374792963098748,-0.23757444606899356,-0.8307041690043983,FALSE
1026,-9.468050887789949e-5,0.029337367206144393,-2.8883660616926723e-4,-0.003227300807622222,FALSE
1027,0.0012280511776191032,0.02333315457529558,0.003746347992310696,0.052631167965574856,FALSE
1028,-0.00066400863350208185,0.023580461963844803,-0.002025654513698987,-0.028159271625814025,FALSE
1029,0.009764429211108813,0.04250134126555022,0.02978780562062495,0.22974402502029845,FALSE
1030,-0.08337138619151148,0.07334249523536945,-0.25433648936380454,-1.1367405202666951,FALSE
1031,-0.01105203597910118,0.14528181053916364,-0.03371583656759746,-0.07607308814562083,FALSE
1032,-0.04724950180788975,0.040905226882243136,-0.14414144903867465,-1.155096925483639,FALSE
1033,-0.10195429442087968,0.17769073181132108,-0.3110263425272209,-0.573773845048591,FALSE
1034,0.025621391339399776,0.09166126237120914,0.07816176536767963,0.27952256685750676,FALSE
1035,-0.06654734313391926,0.052306476526204,-0.20301230916672441,-1.2722581896828973,FALSE
1036,-0.03201165630820017,0.10656324278587546,-0.09765619424206332,-0.30040054592298115,FALSE
1037,-0.075567203505562,0.05641949691639585,-0.23052869969675124,-1.3393810231512664,FALSE
1038,0.0022768668096647903,0.017625203517203425,0.006945911991782009,0.1291824407838701,FALSE
1039,0.0019159121965321004,0.02284647821030511,0.0058447676625638665,0.08386028598788196,FALSE
1040,0.004512864402330503,0.030261928148061983,0.013767146517476124,0.14912679655607183,FALSE
1041,-0.014781371351177795,0.061625019699968316,-0.04509271428935467,-0.23985990468065352,FALSE
1042,-0.014287548400049066,0.05849962688172521,-0.04358623584999124,-0.24423315432311543,FALSE
1043,-0.010591537826213426,0.05605939926532434,-0.032311020252141824,-0.18893420131180114,FALSE
1044,-0.04024175393977779,0.12344027347160563,-0.12276329914168096,-0.3260018210267041,FALSE
1045,-0.08263324044131254,0.15324739939667373,-0.25208466883735725,-0.5392146344188214,FALSE
1046,-0.0016390589963734632,0.05015552604568347,-0.005000186875149158,-0.032679529567301295,FALSE
1047,-0.21841981280042244,0.11193762745624741,-0.6663212755938909,-1.9512635542127714,FALSE
1048,-0.18785943445711262,0.1367544774017468,-0.5730924149916133,-1.3736986022419846,FALSE
1049,-0.31294222951126405,0.1747776227212351,-0.954675598708957,-1.7905165697922167,FALSE
1050,-0.3122799795792517,0.4426079915792305,-0.9526553093688885,-0.7055452805202027,FALSE
1051,-0.1660961375174795,0.15478462593319214,-0.5067003254095418,-1.073079038154407,FALSE
1052,-0.23441997132673653,0.23481261631005856,-0.7151320766941537,-0.9983278369386951,FALSE
1053,-0.3120416009120152,0.23210612681817225,-0.9519281007169311,-1.3443919175664973,FALSE
1054,-0.05773322792495604,0.22857519651254382,-0.17612357405625953,-0.25257870847674296,FALSE
1055,-0.05807113794907211,0.24740879363118312,-0.17715441752882818,-0.2347173562296247,FALSE
1056,-0.054258590546317556,0.1380109753567108,-0.1655236894547829,-0.3931469247723074,FALSE
1057,-0.05331155056772658,0.16187970019209189,-0.16263460682769657,-0.3293282017724601,FALSE
1058,-0.08852124562958952,0.12621931805399986,-0.27004688150229084,-0.7013288218822246,FALSE
1059,-0.06227626203813178,0.25242929147199306,-0.1899827576465495,-0.24670774803898426,FALSE
1060,-0.10547022311053056,0.13622641645376127,-0.32175219225371054,-0.7742273918387177,FALSE
1061,-0.010377194051685504,0.03810806998590175,-0.031657133521685026,-0.272309619865939,FALSE
1062,0.005592241160509053,0.08565244448032605,0.017059941658790056,0.06528991897941176,FALSE
1063,-0.002658439450375944,0.07808018852226103,-0.008109954600511383,-0.034047554196388885,FALSE
1064,-0.1416204711477382,0.11384437701353271,-0.4320337600123894,-1.2439830131522767,FALSE
1065,-0.006715092312042717,0.07372516915798377,-0.020485361734008313,-0.09108276574656775,FALSE
1066,0.013248517505409521,0.0643898116080337,0.040416521609231,0.20575487293018493,FALSE
1067,-0.12367437823079669,0.09154362174343945,-0.37728660419796123,-1.3509884782296142,FALSE
1068,-0.05632873582618638,0.05362873360393246,-0.171838967477694,-1.050346186471499,FALSE
1069,-0.0020246725003452647,0.02178656444075462,-0.0061765567225471035,-0.09293216036200043,FALSE
1070,-0.0022785118666401346,0.020228753881757575,-0.006950930476360776,-0.11263728255129506,FALSE
1071,-0.00340192343777646,0.03400065012565507,-0.010378060192749972,-0.10005465851988372,FALSE
1072,-0.07621057890064399,0.044777081294929605,-0.23249140952806344,-1.7019996993255075,FALSE
1073,-0.05024119424703596,0.17761287080956709,-0.15326804015089193,-0.28286910750349586,FALSE
1074,-0.0220522786534024,0.11258740486560137,-0.06727367015698951,-0.19586807849178867,FALSE
1075,-0.062469534594716686,0.0894284271336374,-0.1905723635746464,-0.6985422487791865,FALSE
1076,-0.030520245801989004,0.11302755977414952,-0.09310643047204861,-0.2700248139743461,FALSE
1077,-0.05129825053773821,0.06270666554981855,-0.1564927434731993,-0.8180669485125677,FALSE
1078,0.0011937071588488631,0.04961242816909607,0.003641576588551107,0.02406064776310287,FALSE
1079,-0.04325544329349421,0.057040763173583794,-0.13195699502790037,-0.7583251150034802,FALSE
1080,-0.04637761675797057,0.11115070415244344,-0.14148163740718941,-0.4172498690999165,FALSE
1081,0.003006738748441077,0.021109634470297678,0.00917249205807836,0.14243442977052542,FALSE
1082,0.001323811909559622,0.044859873600844306,0.004038479975395555,0.02950993400781019,FALSE
1083,0.008395224781382197,0.030453706800957027,0.02561084918765762,0.27567168871273073,FALSE
1084,0.008430237784549044,0.03231992543667464,0.025717661425216965,0.260837166876101,FALSE
1085,-0.010692424059300433,0.06210922896616601,-0.03261878831886854,-0.17215515692724392,FALSE
1086,0.0018239557702357226,0.10074302152396405,0.005564241264874639,0.018105033407220694,FALSE
1087,-0.009187250607338748,0.056337251246252766,-0.02802703868937142,-0.16307594715938206,FALSE
1088,-0.039945222072338735,0.14230768239223357,-0.12185868572940427,-0.2806961746607627,FALSE
1089,-0.005378379941610227,0.05648233640394867,-0.016407527034174765,-0.09522233469850278,FALSE
1090,5.964457026565329e-4,0.10409587885957323,0.001819544007116862,0.005729772486585625,FALSE
1091,-0.18170757860456785,0.10786407526700838,-0.5543252876583303,-1.6845977509635728,FALSE
1092,-0.18404464536904458,0.1312856304620959,-0.5614548483318262,-1.4018643527189443,FALSE
1093,-0.4344901101964024,0.2183977064318221,-1.325475014134968,-1.989444474006134,TRUE
1094,-0.1787625200288749,0.24057241774904847,-0.5453409599011799,-0.7430715528467184,FALSE
1095,-0.20681498873111817,0.26278854265534163,-0.6309190788894783,-0.7870015436797975,FALSE
1096,-0.1328625837574386,0.30457747425769593,-0.40531655600698063,-0.43621933657847145,FALSE
1097,-0.14998573134063847,0.08631170420663568,-0.4575531978827131,-1.7377218155901908,FALSE
1098,0.010955359347042637,0.2874413423231177,0.033420910498540575,0.03811337387482533,FALSE
1099,-0.10271581658692144,0.115743046327308,-0.3133494761961139,-0.8874469771294333,FALSE
1100,-0.15605144587989217,0.14569822197414212,-0.47605753866280975,-1.0710593702892786,FALSE
1101,-0.10708235195808884,0.15099285234790935,-0.3266702248092474,-0.709188218468485,FALSE
1102,-0.12054252524333794,0.20362250162693132,-0.3677324330318004,-0.5919901989230588,FALSE
1103,-0.1098845891550028,0.3082558579594548,-0.3352188552637129,-0.3564720225672273,FALSE
1104,-0.1517152126377774,0.17399948883876032,-0.4628292310834116,-0.8719290708857597,FALSE
1105,-0.0029467088785500558,0.04371825571210307,-0.008989362245051421,-0.06740225177223348,FALSE
1106,0.059838550447423075,0.062146665610463454,0.18254616535290435,0.9628601930551239,FALSE
1107,-0.09123812024425326,0.08225958193547271,-0.2783351010354041,-1.1091488443963116,FALSE
1108,-0.10217296032690448,0.13082574312499498,-0.3116934145458407,-0.7809851324848601,FALSE
1109,0.011462186824280825,0.12900934674780906,0.03496706112841937,0.08884772393032433,FALSE
1110,-0.12813339364319512,0.14626008648918543,-0.39088947657198425,-0.8760653485096181,FALSE
1111,-0.02523897094038272,0.11275551727299248,-0.07699513654944598,-0.22383801299298398,FALSE
1112,0.0019374386946501342,0.05321666498467809,0.005910437363041927,0.03640661614567454,FALSE
1113,-0.0012125280930302075,0.02223085642608938,-0.0036989925743574907,-0.054542572260384246,FALSE
1114,-0.0016149910570077324,0.02227083869690346,-0.004926764140034265,-0.07251595141912105,FALSE
1115,0.005859478892604683,0.03085805603754834,0.01787518906814245,0.1898849002501914,FALSE
1116,-0.14457400061151773,0.23387560893546377,-0.4410439294405994,-0.6181662178008988,FALSE
1117,0.027567030869255885,0.19289211913563054,0.08409722056635341,0.14291424135307648,FALSE
1118,-0.04641592377043696,0.06258425059454807,-0.1415984984972322,-0.7416550223017356,FALSE
1119,-0.027842794108707682,0.15227912513613195,-0.08493847627075839,-0.18284051792271097,FALSE
1120,-0.06213797332538835,0.09290688941922967,-0.18956088789813233,-0.6688198659304933,FALSE
1121,0.044730768046999644,0.1060880747346176,0.13645768687937274,0.42163804139998734,FALSE
1122,-2.1859534090526578e-5,0.03243441418721711,-6.668567495017851e-5,-6.739611193329875e-4,FALSE
1123,-0.021148372522130542,0.05822691870429268,-0.06451617357879888,-0.36320610797787956,FALSE
1124,-0.0021740732916442716,0.03773608750315472,-0.006632325476108174,-0.057612578184278375,FALSE
1125,0.005212733634411579,0.17144375427872774,0.015902198981307725,0.030404920006224804,FALSE
1126,-5.110860758284643e-4,0.025951385196502273,-0.0015591421017079074,-0.019693980570152703,FALSE
1127,0.0033468809426461473,0.025787005917110167,0.010210145088818387,0.12978943555542555,FALSE
1128,0.005102782146452832,0.030265839262484356,0.015566776041553347,0.16859873278907953,FALSE
1129,-0.011263849440392321,0.06262406889784539,-0.03436200421102654,-0.17986454151943262,FALSE
1130,-0.009275165993315845,0.05768281405689218,-0.02829523730824907,-0.1607960038871857,FALSE
1131,-0.024217814377056814,0.26613721496116044,-0.07387995054533512,-0.09099747429381913,FALSE
1132,-0.004859402047697243,0.052241801480818716,-0.014824309798323066,-0.09301750533012225,FALSE
1133,4.8264358087960445e-4,0.04950030322522001,0.001472374151161617,0.009750315643191886,FALSE
1134,-0.15277949294288706,0.21729939146800636,-0.46607597230801884,-0.7030829304709822,FALSE
1135,-0.012147753917402361,0.189935257226623,-0.03705848284578592,-0.06395734048949193,FALSE
1136,-0.21683853220806762,0.15377697654765102,-0.6614973501090151,-1.410084507292128,FALSE
1137,-0.2170883187560499,0.2103003096770565,-0.6622593601535427,-1.0322776941670568,FALSE
1138,-0.20657798593700483,0.2647166426583811,-0.630196067537769,-0.7803740024143301,FALSE
1139,-0.09817258461825662,0.16704597699482457,-0.2994896890189965,-0.587697988208948,FALSE
1140,-0.18068709574522338,0.2155075302137819,-0.5512121568857964,-0.838425903568117,FALSE
1141,-0.22585347520663326,0.3333839910792001,-0.6889987394802218,-0.6774574702148147,FALSE
1142,-0.1488084232777082,0.24488444160323608,-0.45396164911156084,-0.6076679363681623,FALSE
1143,-0.09189740328123226,0.16556578067087355,-0.2803463394324384,-0.5550507049757711,FALSE
1144,-0.08082411855116882,0.15886163788731292,-0.2465656804722914,-0.5087705227394211,FALSE
1145,-0.06800794137090457,0.08977863654012086,-0.20746807564651495,-0.7575069525645195,FALSE
1146,-0.07538097536831115,0.14977842127954544,-0.22996058379016981,-0.5032832815591013,FALSE
1147,-0.09754171144019048,0.14603572799232079,-0.29756511901155347,-0.6679304631899371,FALSE
1148,-0.06708845707380007,0.3227804423617592,-0.2046630556170589,-0.20784548339707043,FALSE
1149,0.03935322423556176,0.06283232782736003,0.12005271058139655,0.626321283904837,FALSE
1150,0.05395047034963317,0.10469333654111772,0.16458372416565148,0.5153190463888255,FALSE
1151,-0.17188314164078555,0.2601782927616721,-0.5243544196964541,-0.6606359808742136,FALSE
1152,0.038710443298848346,0.04081715686594165,0.11809181423144104,0.9483865675893959,FALSE
1153,-0.054378195781259867,0.09120552111430029,-0.1658885625479912,-0.5962160526785676,FALSE
1154,-0.18913036062006414,0.1715153183254655,-0.5769695593368349,-1.1027024435285282,FALSE
1155,-0.021804086141592956,0.056686212973796224,-0.06651652295069267,-0.3846453131676324,FALSE
1156,0.02210258408939601,0.07340533789234276,0.06742713417589331,0.30110322660474576,FALSE
1157,-0.0015830378531731944,0.01685555022584539,-0.004829286263529557,-0.09391789837544726,FALSE
1158,-0.00291899483649819,0.0217238522060837,-0.008904816545578932,-0.1343681962483953,FALSE
1159,-0.13159353203397797,0.2555451979528834,-0.40144512991092607,-0.5149520831858511,FALSE
1160,-0.09093312398934858,0.09361125768772849,-0.2774046657831537,-0.9713909014307476,FALSE
1161,-0.04595331953622518,0.048600535446632495,-0.14018725727564585,-0.9455311369292592,FALSE
1162,0.001126742356380528,0.21442362519100552,0.0034372907592185595,0.005254749122802312,FALSE
1163,-0.010118435198371896,0.23624839780805112,-0.030867752160165962,-0.04282964579761086,FALSE
1164,-0.05619242857409954,0.06099363680623161,-0.17142314246201107,-0.9212834570369226,FALSE
1165,0.024070577521462487,0.12455430169626332,0.07343078319107277,0.193253682880907,FALSE
1166,-0.05044870137515979,0.03935267723388982,-0.15390107070125064,-1.2819636406265715,FALSE
1167,-0.02211110415834458,0.1802243174308319,-0.06745312588029583,-0.12268657456189605,FALSE
1168,0.0035009083512130643,0.023383350604848595,0.010680028008489724,0.14971799424190058,FALSE
1169,-0.013412647567517439,0.0726944001184912,-0.04091722413683083,-0.18450730105283142,FALSE
1170,3.4190789496244667e-4,0.02053331621731722,0.0010430395566503245,0.016651372401019725,FALSE
1171,0.002715675414031304,0.01950540128655851,0.008284561197887843,0.1392268415365912,FALSE
1172,0.003669927180844312,0.02003810187309867,0.011195644429524684,0.18314744600491437,FALSE
1173,0.003818699221487344,0.026272088849582983,0.011649495088139384,0.1453519453040354,FALSE
1174,-0.008973133871903134,0.06250132285148013,-0.027373844574550797,-0.14356710326316935,FALSE
1175,-0.007403670619511372,0.0796166939464548,-0.022585969596894958,-0.09299143499340247,FALSE
1176,-0.005532853171539198,0.05509816991675988,-0.016878769996485285,-0.10041809337584191,FALSE
1177,-0.00419757016541668,0.05447093231919893,-0.012805295779513148,-0.07706073655613191,FALSE
1178,-0.00153496288809182,0.05326595424565708,-0.004682626619212294,-0.028816960285977977,FALSE
1179,0.027686241774714973,0.2793066900505707,0.08446089070035714,0.09912487871200708,FALSE
1180,-0.11506047791126012,0.09596517660374239,-0.3510086536074774,-1.198981567932352,FALSE
1181,-0.1343179280704146,0.10571832507227824,-0.40975629463058505,-1.270526448263186,FALSE
1182,-0.12087568080941052,0.09631541712986329,-0.368748772341456,-1.2549982589644224,FALSE
1183,-0.25223549029257175,0.17893163905178738,-0.7694808977579704,-1.4096751789076742,FALSE
1184,-0.24309950624825513,0.21971571824895184,-0.741610255144716,-1.1064274699400796,FALSE
1185,-0.2586840175097207,0.15918324533949943,-0.7891530640598375,-1.625070634525701,FALSE
1186,-0.3012081709973899,0.31922311139287146,-0.9188791536126408,-0.9435663028379221,FALSE
1187,-0.05330647333783818,0.31504163053575346,-0.16261911800251927,-0.16920453734062468,FALSE
1188,0.07582903895429532,0.2819960587699612,0.2313274666582224,0.2689010594157027,FALSE
1189,-0.10843784856161784,0.16471909695502066,-0.3308053635329121,-0.6583198339851792,FALSE
1190,-0.09208769323717192,0.16937977653479375,-0.2809268465052573,-0.5436758456122736,FALSE
1191,-0.10171223281747822,0.47726152160875845,-0.31028789854504363,-0.21311634861034992,FALSE
1192,-0.038909183249673365,0.10419638315014502,-0.11869809923758283,-0.3734216301309227,FALSE
1193,-0.07375455534029594,0.08960891263994301,-0.2249989539186674,-0.8230716473108947,FALSE
1194,-0.028307942830834258,0.07938941388526961,-0.08635747982128084,-0.35657074974433944,FALSE
1195,0.04247334433411234,0.07303709714404803,0.12957108887051272,0.5815311122010219,FALSE
1196,-0.05310017368145442,0.08181889258309254,-0.16198977101959786,-0.6489964848586487,FALSE
1197,-0.05242935152197436,0.1601351479104068,-0.15994333085800946,-0.32740689477682805,FALSE
1198,0.024792717384232794,0.11093870378818245,0.07563377543957348,0.2234812246551036,FALSE
1199,-0.17144569451799474,0.06396311240334077,-0.5230199238870964,-2.6803838662022366,TRUE
1200,-0.05662360028457421,0.09749843989871997,-0.17273849421714693,-0.5807641675435424,FALSE
1201,-0.0173875221174698,0.06950106631213289,-0.05304315468540251,-0.250176335991473,FALSE
1202,0.007535435706199755,0.04882509941455814,0.022987938079127686,0.15433528649309664,FALSE
1203,-0.0014540853496333517,0.021773645454342395,-0.004435897973575269,-0.06678189707288351,FALSE
1204,-0.013334995983534652,0.0396816688543199,-0.04068033673257976,-0.3360492733430729,FALSE
1205,-0.09135560244057128,0.13153873659198276,-0.2786934974917811,-0.6945148235986582,FALSE
1206,-0.021244328153520328,0.23784364093617494,-0.06480890013088361,-0.08932056400541404,FALSE
1207,0.016841626512341102,0.15030479586772805,0.051377821072637185,0.11204982791874553,FALSE
1208,-0.054355080201493204,0.09569727729622561,-0.16581804512377618,-0.5679898293578413,FALSE
1209,-0.008057621710657664,0.2251568233251489,-0.024580942120869996,-0.03578670897759849,FALSE
1210,-0.07379044685853918,0.07081682180445009,-0.22510844619371428,-1.0419903771211352,FALSE
1211,-0.058505284889712315,0.07216279111208047,-0.17847884565452618,-0.8107403273640588,FALSE
1212,-0.0023510666382904823,0.1532036528194319,-0.007172269316352628,-0.015346022075997653,FALSE
1213,-0.04152998835658043,0.06378625291045384,-0.12669324482225994,-0.6510805457546188,FALSE
1214,0.012057674688729963,0.07007404472757242,0.03678368311134813,0.1720704825246881,FALSE
1215,-5.904556647900954e-4,0.07026818580726414,-0.00180127052898845,-0.008402887565784509,FALSE
1216,0.0039918398424035936,0.0194721122700823,0.012177685630503088,0.20500291838070436,FALSE
1217,0.003722299895381947,0.019352617889971946,0.011355414981058479,0.19234089757493492,FALSE
1218,0.00428260446666569,0.032069505516721296,0.013064705232121956,0.1335413314817937,FALSE
1219,-0.009096538880643264,0.06232051983901159,-0.027750309428101118,-0.14596378374477206,FALSE
1220,-0.008894422337558931,0.06648649998789673,-0.027133723638195523,-0.1337778697807537,FALSE
1221,-0.006620277397512722,0.05729835534380324,-0.02019611510392957,-0.11554044366176906,FALSE
1222,-0.0056677075022771245,0.05495659976033752,-0.017290162665147445,-0.10313060718810228,FALSE
1223,-1.1164321094206128e-4,0.20720748616663803,-3.4058378574971577e-4,-5.387991187358784e-4,FALSE
1224,0.00533385959543118,0.26243030211979584,0.016271711269681778,0.02032486169602604,FALSE
1225,-0.06661305056391514,0.09761827000818117,-0.20321275919920778,-0.6823830268486878,FALSE
1226,0.02421248693870879,0.15491620467880596,0.07386369842301073,0.15629408807754824,FALSE
1227,-0.19444326826731642,0.28501690381184125,-0.5931773536538477,-0.6822166182665483,FALSE
1228,-0.10238567082329972,0.19622253764683942,-0.31234231872478435,-0.521783440633986,FALSE
1229,-0.29091437165960904,0.399844287469711,-0.8874764277448874,-0.7275691582354953,FALSE
1230,-0.039724140408857765,0.19069960790891866,-0.12118424409275813,-0.208307404742178,FALSE
1231,-0.09090200821147397,0.12439768054072456,-0.2773097425958353,-0.7307371633968289,FALSE
1232,-0.1318275549602824,0.3258896094037843,-0.40215905074427033,-0.40451598073795964,FALSE
1233,-0.053241255080155946,0.34103376237714844,-0.16242016026103204,-0.15611725569058635,FALSE
1234,-0.08053829463404012,0.12580776777071714,-0.24569373321341129,-0.640169490812523,FALSE
1235,-0.08173578549642828,0.14757732022971434,-0.24934685253765312,-0.5538505874019183,FALSE
1236,0.03783756646685656,0.3338014223691911,0.11542897702509033,0.11335352077981098,FALSE
1237,-0.13475784216924486,0.15152512505546606,-0.411098316307676,-0.8893432169741915,FALSE
1238,-0.05933121107621978,0.13902551443434052,-0.18099845311634058,-0.42676490943136153,FALSE
1239,-0.010437219011301482,0.0883828443900797,-0.03184024835520673,-0.1180910060467909,FALSE
1240,0.010779614150410975,0.026357680057164223,0.032884774320701665,0.4089743151533927,FALSE
1241,-0.1341129085132877,0.10295946770549703,-0.4091308527758605,-1.3025796607350504,FALSE
1242,0.03534073434627456,0.03761789380998256,0.10781202899185413,0.9394660563610897,FALSE
1243,-0.06448653280131988,0.11017952189326484,-0.1967255087525633,-0.5852860104420355,FALSE
1244,-0.27782201124014483,0.18151847568537374,-0.84753628594464,-1.530543985625431,FALSE
1245,-0.03522913458401903,0.10694627874043341,-0.10747157775261593,-0.3294096344345254,FALSE
1246,-0.025214561521934836,0.08355798007644924,-0.07692067208293002,-0.30176126204661025,FALSE
1247,-0.0013852162319429441,0.017696098142595273,-0.004225802754830491,-0.07827805998705832,FALSE
1248,4.028212274736368e-4,0.0274999024780436,0.00122886450036373,0.014648096581260834,FALSE
1249,-0.0712280295343763,0.10866552221349016,-0.2172914209973774,-0.6554795677918693,FALSE
1250,4.996373015538806e-4,0.18757041890862736,0.0015242159575050572,0.002663731863803497,FALSE
1251,-0.010113195036144482,0.21603803008987765,-0.030851766286288853,-0.04681210540540996,FALSE
1252,-0.08193285472753563,0.21968785634021254,-0.2499480407713036,-0.37295122312383505,FALSE
1253,-0.06248277696354016,0.052300419641252226,-0.1906127613388108,-1.1946897824555225,FALSE
1254,-0.12733160349886677,0.14471471535251892,-0.3884434996027812,-0.8798801365064525,FALSE
1255,-0.069865445503633,0.07922325796937568,-0.21313466105042905,-0.8818804893209514,FALSE
1256,0.04775951697637157,0.05187581712565887,0.14569732418240786,0.9206508855693515,FALSE
1257,-0.029058887049006683,0.0473271632637002,-0.08864834392805357,-0.6140001860473807,FALSE
1258,-0.022137271599318758,0.029751241507016295,-0.06753295344916603,-0.7440789183233943,FALSE
1259,0.042683969212132196,0.06191776314037804,0.13021363056851443,0.6893654913753977,FALSE
1260,-0.008198879420642098,0.0577583264659737,-0.025011869225410203,-0.14195147128219135,FALSE
1261,0.004298205816810397,0.05381778523630451,0.013112299410489405,0.07986589931075248,FALSE
1262,0.014323740255917544,0.04787279942907434,0.04369664434846582,0.29920414988763705,FALSE
1263,0.007032471808795861,0.03598342531726447,0.02145357385914705,0.1954364195957119,FALSE
1264,-0.012424070751627856,0.0622365305682602,-0.03790142737123256,-0.19962666039041652,FALSE
1265,-0.03694329111298517,0.17376717113301457,-0.11270086052831339,-0.2126022474331816,FALSE
1266,-0.00946590920500989,0.05914069502319017,-0.028877127103397758,-0.1600574562287124,FALSE
1267,-0.012199123478891665,0.056878095062573415,-0.037215193133645776,-0.21447841151274524,FALSE
1268,-0.010746904529669948,0.05625698756535514,-0.032784988884861796,-0.1910323498424974,FALSE
1269,-0.032654433400317665,0.13809377543845508,-0.09961707886352211,-0.2364656429780278,FALSE
1270,-0.02074597699962896,0.17936222272749228,-0.06328860775311292,-0.11566525372039257,FALSE
1271,-0.02684375528849985,0.13852856578429068,-0.08189076364563608,-0.19377776082876305,FALSE
1272,-0.03318505843716086,0.1035253628132613,-0.10123582739589303,-0.32055003272019394,FALSE
1273,-0.08959189138012566,0.12408792051125765,-0.2733130414401636,-0.7220033264398011,FALSE
1274,-0.2010484519406236,0.3257327412843618,-0.6133274231658634,-0.6172190463503638,FALSE
1275,-0.2734416984673372,0.19212498263880898,-0.8341735073722386,-1.4232490471132635,FALSE
1276,-0.18985030377890114,0.26581353894645054,-0.5791658502218092,-0.7142236040021551,FALSE
1277,-0.014138607446954927,0.17359172432649653,-0.0431318698994786,-0.08144747396115848,FALSE
1278,-0.07316868656151816,0.31436575376664616,-0.2232116763498392,-0.2327501825018488,FALSE
1279,-0.22122113723513726,0.49212252680950996,-0.6748671215350605,-0.44952450900661006,FALSE
1280,-0.07203671566053713,0.12318100160345277,-0.21975843515799715,-0.5848037824244963,FALSE
1281,-0.12423278950763572,0.15339957928610926,-0.37899011868009014,-0.8098639519468704,FALSE
1282,-0.13363915988713027,0.35544992052310653,-0.40768561397245345,-0.3759718378624391,FALSE
1283,-0.2014086208177348,0.21907775766533555,-0.6144261704935394,-0.9193476460782832,FALSE
1284,-0.11314134929296824,0.1748374678850178,-0.34515407378445817,-0.6471230146582531,FALSE
1285,-0.20593555062673966,0.1748464243438585,-0.6282362255713556,-1.1778081902420852,FALSE
1286,-0.0070033799243154286,0.10678539207059405,-0.021364824851774974,-0.06558368882220904,FALSE
1287,-0.0014101626163885125,0.0439978321918404,-0.0043019053138983136,-0.03205072945957627,FALSE
1288,-0.055588173879569144,0.058639396518368,-0.16957977599410284,-0.9479663362865084,FALSE
1289,-0.012068423079538322,0.07526901541798693,-0.036816472634341416,-0.16033719868022012,FALSE
1290,-0.13955814612238987,0.06187745495512122,-0.4257423388086045,-2.2553957046812814,TRUE
1291,-0.0721619596178932,0.09395431347953405,-0.2201405099906598,-0.7680537161671896,FALSE
1292,-0.021257360477778296,0.05340542905006313,-0.06484865712367738,-0.39803744405557145,FALSE
1293,0.0018768389432918288,0.04691739061557134,0.0057255690440555255,0.04000305470246949,FALSE
1294,-0.0014837702218719313,0.022195275891851614,-0.0045264559759938755,-0.06685072215825247,FALSE
1295,-0.05754829847808555,0.05576320621513144,-0.17555941999278998,-1.0320120090668266,FALSE
1296,-0.08671958113241467,0.056969413238827066,-0.2645506429946299,-1.5222129946971545,FALSE
1297,-0.0487788220282095,0.06104334205797035,-0.14880686188254563,-0.7990850497976709,FALSE
1298,-0.10035877882383971,0.20582794130812693,-0.30615899109870814,-0.4875857873620832,FALSE
1299,4.457330545119725e-4,0.19523983438004638,0.0013597732442347573,0.0022830026256031623,FALSE
1300,-0.04059394400526733,0.11862468325663575,-0.12383770594882769,-0.3422048674089635,FALSE
1301,-0.03197096748374524,0.12847000532800137,-0.09753206708955998,-0.2488593925260532,FALSE
1302,-0.04618908480683229,0.06202599019357751,-0.14090649338265235,-0.7446730743464204,FALSE
1303,-0.09840260678539654,0.20398112384301148,-0.3001914049570263,-0.4824103570540646,FALSE
1304,-0.018784768126351718,0.03282486715884873,-0.05730565601721792,-0.5722724797467408,FALSE
1305,-0.01746951113309615,0.053066459764835386,-0.053293274053130175,-0.32920061391908345,FALSE
1306,0.0023555109757346067,0.12025306545921696,0.007185827411458426,0.019587949519120264,FALSE
1307,0.010171784906566806,0.058012525637545165,0.03103050317236226,0.17533773602822977,FALSE
1308,0.007952774647911042,0.039688434481254836,0.02426109096956699,0.20038015487023558,FALSE
1309,0.0030214096443714144,0.025291203636757867,0.009217247751094818,0.11946484191761209,FALSE
1310,0.0019775015476893427,0.0381884955619521,0.006032654899073825,0.05178265125635281,FALSE
1311,-0.01178343219590457,0.06242952383781205,-0.035947066664796946,-0.18874775060782428,FALSE
1312,-0.011387325656927912,0.06142120748803352,-0.03473868629427088,-0.18539729390937917,FALSE
1313,-0.007963941097193379,0.06105583197968864,-0.02429515584048811,-0.13043702524343181,FALSE
1314,0.13382157313995519,0.3493667532448817,0.4082420920215331,0.3830403777607184,FALSE
1315,0.0028900291675616387,0.06323856950748355,0.008816452577004943,0.04570041969750181,FALSE
1316,0.014528022451957688,0.25043498311311724,0.04431983677639344,0.05801115431782798,FALSE
1317,0.01116011308006035,0.16821682561618337,0.034045541418317234,0.06634361954685873,FALSE
1318,-0.0706274265577208,0.10564481681444354,-0.21545919462377336,-0.6685365992140634,FALSE
1319,-0.21259250693401027,0.3377159078855729,-0.6485442350021959,-0.629501015409799,FALSE
1320,-0.2029532492419229,0.4699172478375948,-0.6191382832306016,-0.4318914663716798,FALSE
1321,-0.170399370139863,0.19385756484269207,-0.519827959818531,-0.8789926267676762,FALSE
1322,-0.13170762393592,0.3946893018379191,-0.4017931837832477,-0.3336995031854355,FALSE
1323,-0.12130707878117394,0.13012853496365945,-0.3700648143394256,-0.9322096711151859,FALSE
1324,-0.18565002213977475,0.4142933415208779,-0.5663522826990058,-0.4481124930906453,FALSE
1325,-0.025519211548151524,0.1508165096195111,-0.0778500511144188,-0.1692070159462841,FALSE
1326,-0.0879339135031732,0.15443471730524305,-0.2682551397795352,-0.5693921356385832,FALSE
1327,-0.012144083508449952,0.255373623284273,-0.03704728573164245,-0.04755418101630482,FALSE
1328,-0.08218942540229342,0.36485046654571623,-0.25073074677719515,-0.2252687962288654,FALSE
1329,-0.30811329013317473,0.269439577245567,-0.9399442196965865,-1.1435338983343213,FALSE
1330,-0.1644369648191395,0.20267899244724022,-0.5016387787732087,-0.811317260035938,FALSE
1331,-0.25115371559303046,0.1908968614249138,-0.7661807873492036,-1.3156513612551861,FALSE
1332,-0.11331203269822089,0.13851717628800053,-0.34567476823452886,-0.8180359702296133,FALSE
1333,-0.08555031752516896,0.13821799955365216,-0.26098363500072885,-0.6189520742698988,FALSE
1334,0.022667107123156296,0.04792734261503151,0.06914929345775751,0.4729472966032376,FALSE
1335,-0.03674180822256269,0.08865595032751596,-0.11208620778763312,-0.414431384321411,FALSE
1336,-0.1289884289949852,0.07889077292393594,-0.39349788575876077,-1.6350255449943667,FALSE
1337,-0.0033925875280919676,0.063219449648565,-0.010349579648013474,-0.05366366754141737,FALSE
1338,0.022465881252879124,0.03050345410674659,0.06853542479425816,0.7365028620778471,FALSE
1339,-8.621064670320277e-4,0.016273594870614253,-0.002629980648025774,-0.05297578524513725,FALSE
1340,-1.597293782075287e-4,0.028108580808518087,-4.872776039521159e-4,-0.005682584236309929,FALSE
1341,-0.07669372756822336,0.09438700354163812,-0.2339653245193611,-0.8125454214084727,FALSE
1342,-0.06619029479002843,0.08090031337460903,-0.2019230814776255,-0.8181710555747067,FALSE
1343,-0.025113089536118335,0.15785219259355257,-0.07661111709265964,-0.1590924340264379,FALSE
1344,-0.08640255323348177,0.15630161584574798,-0.2635835034695684,-0.5527937300325245,FALSE
1345,-0.07878407422959682,0.13982879331034992,-0.24034222978258685,-0.563432411625949,FALSE
1346,-0.04697871839612388,0.15462445175953937,-0.14331538501992025,-0.3038246400328827,FALSE
1347,-0.11101996899803653,0.14120877734367665,-0.33868249592704913,-0.786211530801899,FALSE
1348,-0.10452141045330375,0.1746789132206421,-0.31885770181368495,-0.5983630681356464,FALSE
1349,0.028516448819765856,0.09603236923281355,0.08699355754121194,0.29694621769283597,FALSE
1350,-0.026711346106032378,0.18612466967024552,-0.08148683025593628,-0.14351319550146951,FALSE
1351,-0.0680585549291216,0.07308769536777839,-0.20762247963689073,-0.9311903267253118,FALSE
1352,0.014836389778163058,0.06910169434547339,0.04526055596992368,0.2147037047165391,FALSE
1353,0.008882681443005951,0.0924564416104158,0.02709790633877176,0.09607423007295644,FALSE
1354,-0.002462476373963061,0.07727072722816947,-0.0075121408519754585,-0.031868166151610276,FALSE
1355,0.004150473971997767,0.03175208358440935,0.012661622019920741,0.13071501153504456,FALSE
1356,-0.012999464379568034,0.06794651040323568,-0.03965674897517523,-0.19131908765323416,FALSE
1357,-0.010059504817083731,0.06598715737884603,-0.030687976496375596,-0.15244640346196484,FALSE
1358,-0.006884316131156118,0.06718232350940671,-0.021001603505149933,-0.10247213510250493,FALSE
1359,-0.011259084353553368,0.06099761607202583,-0.034347467623433416,-0.18458236696100827,FALSE
1360,-0.14562597603080438,0.18228895492422506,-0.44425313282872325,-0.7988743810141379,FALSE
1361,-0.13602681278731016,0.1230221801821628,-0.41496949497997454,-1.1057096580949142,FALSE
1362,-0.05065554390986321,0.22303130066235805,-0.15453207381311848,-0.22712302604803203,FALSE
1363,-0.09073960199604536,0.1831144653077134,-0.2768142989122183,-0.49553486582047274,FALSE
1364,0.004353306373119787,0.16602077223531536,0.01328039163845754,0.02622145599316618,FALSE
1365,-0.10400425513230059,0.12747271225724272,-0.31728004460048215,-0.8158942670209899,FALSE
1366,-0.06011668605576991,0.1422255923044232,-0.18339465831224538,-0.4226854329219081,FALSE
1367,-0.0715236765023117,0.15012001169981526,-0.2181933348955464,-0.4764433181988602,FALSE
1368,-0.21791912171878705,0.5063119804061145,-0.6647938449276142,-0.43040482973362276,FALSE
1369,-0.07809293481917755,0.04474896080822043,-0.23823380890419074,-1.7451340412989387,FALSE
1370,-0.03897248628138855,0.1443738120885707,-0.11889121430484995,-0.2699415199861845,FALSE
1371,0.09300501220909041,0.3279655553514081,0.28372526089660055,0.2835816465830917,FALSE
1372,-0.031220010298943394,0.1261396555158772,-0.09524116342620607,-0.24750353226558267,FALSE
1373,-0.19561153432168812,0.13874620924542114,-0.5967413184682178,-1.4098513781784179,FALSE
1374,-0.17389560552083203,0.17158914078356546,-0.5304937322544429,-1.0134417873225197,FALSE
1375,0.002909836813109971,0.0711553935702351,0.008876878668754853,0.04089411451624912,FALSE
1376,0.079878332294387,0.10212507667782804,0.2436804225051771,0.7821617852623758,FALSE
1377,-0.0931765251563076,0.08684298988435338,-0.2842484859845877,-1.0729308753693123,FALSE
1378,-0.05626985285196646,0.14366413903956982,-0.1716593364360319,-0.39167640044442753,FALSE
1379,-0.11601091787936486,0.06012659447543651,-0.3539081083950412,-1.9294443480706154,FALSE
1380,-0.04334617690963193,0.10420189200543059,-0.13223379106608477,-0.4159826282940515,FALSE
1381,-0.04931281794649885,0.03440803367670398,-0.15043589377701763,-1.4331774494828566,FALSE
1382,0.0019381422698770087,0.021160937172983937,0.0059125837211796645,0.09159056869898112,FALSE
1383,-0.009433885250633435,0.05588886234080879,-0.02877943339211719,-0.1687972317830672,FALSE
1384,-0.07294275693045184,0.08124847084147574,-0.22252244528587833,-0.8977739048501083,FALSE
1385,-0.016573156724867585,0.11214386085183581,-0.05055881509989959,-0.1477847882084602,FALSE
1386,-0.08742882339189667,0.10179551346268385,-0.26671428923616824,-0.8588671584622075,FALSE
1387,-0.01980712492926662,0.15457456537504768,-0.06042450352604168,-0.1281396126277836,FALSE
1388,-0.05392420045452716,0.20640275000018393,-0.16450358404561233,-0.26125718021915456,FALSE
1389,-0.08814115577779472,0.15933471227736537,-0.2688873623559228,-0.5531823826584698,FALSE
1390,-0.08980725042334255,0.10903734606324304,-0.27397002539481097,-0.8236375303123501,FALSE
1391,-0.11636571613991488,0.28502453919198,-0.35499047187899946,-0.40826560572574433,FALSE
1392,-0.07717928875691686,0.1473903576279853,-0.23544659925575495,-0.5236386558727141,FALSE
1393,-0.07125173929408812,0.10719952084726282,-0.21736375105357808,-0.6646647180037972,FALSE
1394,-0.0811824716055089,0.07353015601131306,-0.24765888836959432,-1.104070438705699,FALSE
1395,-8.810736686546969e-4,0.0575059860738882,-0.002687842843847778,-0.015321425277754987,FALSE
1396,0.009454144173534542,0.12974589679585255,0.028841236170796238,0.07286661395088335,FALSE
1397,-0.0036818756362142807,0.1890327769758853,-0.011232094923284464,-0.01947744563200261,FALSE
1398,-0.0081570391427383,0.06954688731204442,-0.024884229397380792,-0.11728834255570816,FALSE
1399,-0.010452640818200222,0.07705214215528297,-0.031887294810896714,-0.13565671927894027,FALSE
1400,-0.009571208417010979,0.06928035719596512,-0.0291983576014923,-0.13815183414741986,FALSE
1401,-0.005381772369861485,0.06679266037894495,-0.016417876127925727,-0.0805743077057907,FALSE
1402,-0.008145534493310399,0.06904627252699333,-0.024849132797929607,-0.11797211051655161,FALSE
1403,0.0017369763972089412,0.08471667594630437,0.005298898089077128,0.020503358728450133,FALSE
1404,0.02442837497759136,0.18779294862054255,0.07452229615555774,0.13008142828063118,FALSE
1405,-0.04762216758368576,0.11263701286536053,-0.14527831996588067,-0.4227932397373714,FALSE
1406,-0.0944351180308968,0.117075552895314,-0.28808800584726574,-0.8066168870911785,FALSE
1407,-0.15360586180446786,0.1783599994127234,-0.46859693021426296,-0.8612125045427104,FALSE
1408,-0.09016923308360206,0.08382023301833076,-0.2750743059306952,-1.0757454356382286,FALSE
1409,0.008311537090005788,0.19173186378303664,0.025355547763512603,0.043349795521787166,FALSE
1410,-0.0716838146885726,0.12387174767796352,-0.21868185962767844,-0.5786938186658439,FALSE
1411,0.002774670653001717,0.10871048477878241,0.00846453471943211,0.025523487073468222,FALSE
1412,-0.06032843722449428,0.11320911585228417,-0.18404063592317688,-0.5328938113359275,FALSE
1413,-0.044850524419721996,0.03687451566438546,-0.13682302104027036,-1.2163013835335608,FALSE
1414,-0.05283442927484493,0.1451456077678353,-0.1611790792159391,-0.3640098387224721,FALSE
1415,-0.05785284036502836,0.12587210192068257,-0.17648846912976054,-0.45961606648535924,FALSE
1416,-0.20538740887274085,0.3182677587162331,-0.6265640397561224,-0.6453289824303688,FALSE
1417,-0.1521501914614702,0.11385838217852876,-0.46415619698885424,-1.3363108499372518,FALSE
1418,-0.10593374674037671,0.09883833126960563,-0.32316623822484786,-1.071788094554294,FALSE
1419,-0.008518489192827161,0.07020147238118603,-0.02598688512879446,-0.12134345482916271,FALSE
1420,-0.059406094893744286,0.14391164657751157,-0.18122689704811826,-0.41279560276414357,FALSE
1421,0.06205965880491496,0.11779640750600326,0.18932197811009477,0.5268382976938597,FALSE
1422,-0.033613628763525735,0.10062063093132638,-0.1025432432520089,-0.334062989392971,FALSE
1423,-0.11922583063403384,0.061021665511933255,-0.36371566541172756,-1.9538278680826617,FALSE
1424,0.0023327621014120645,0.07919527548208531,0.00711642867531551,0.02945582406541103,FALSE
1425,0.007099986050401725,0.027986414516145888,0.021659535832151206,0.25369402165845895,FALSE
1426,-5.019120246828315e-6,0.023647235452183373,-1.5311553298883235e-5,-2.1224976834934397e-4,FALSE
1427,-0.0034715883433028014,0.0253363955034606,-0.010590583077552802,-0.13701981968305754,FALSE
1428,-0.010268204878854176,0.03826005384711272,-0.03132464626361174,-0.26837925842671184,FALSE
1429,-0.06987264404550378,0.11886453947513435,-0.21315662124506643,-0.5878342216613783,FALSE
1430,-0.022071941049931917,0.16469418676464279,-0.06733365314556919,-0.1340177299729101,FALSE
1431,-0.1329932154572118,0.13477243923535062,-0.4057150669282651,-0.9867983113740948,FALSE
1432,-0.04483506762057652,0.1983386004064688,-0.13677586783566328,-0.2260531612540018,FALSE
1433,-0.03832698250378012,0.2168775368994025,-0.1169220115343589,-0.17672177142789058,FALSE
1434,-0.03263875117370632,0.14050897503188883,-0.09956923795977878,-0.23228944034570662,FALSE
1435,-0.08381110662752762,0.14160127805707975,-0.2556779202444303,-0.591881004024153,FALSE
1436,-0.09702464063235501,0.13281735208300968,-0.29598771961800985,-0.7305117826149362,FALSE
1437,-0.11089554235764809,0.1503132095425709,-0.33830291443817917,-0.7377631193899884,FALSE
1438,-0.027029032532022403,0.16918082617637795,-0.08245597871316877,-0.15976415970355606,FALSE
1439,-0.01837451282285171,0.04801223690833566,-0.05605411279115965,-0.3827047854056892,FALSE
1440,0.0056869576436658935,0.049902352537838174,0.017348888009707866,0.1139617143170513,FALSE
1441,0.09341539761320229,0.13916277365456764,0.28497720101341956,0.6712671439351998,FALSE
1442,-0.002602743159538249,0.060262283596242694,-0.0079400449980765,-0.04319025108601308,FALSE
1443,-0.013597307614652202,0.062313387410650845,-0.0414805563573858,-0.21820844893320784,FALSE
1444,-0.01427992235865244,0.06231859215513121,-0.04356297150612984,-0.2291438536208436,FALSE
1445,-0.01245714260842066,0.06559814175696412,-0.03800231786061584,-0.18990084588940614,FALSE
1446,-0.010219920912205771,0.05879114913219581,-0.03117734902974177,-0.17383434518732743,FALSE
1447,-0.006460777296665368,0.0737177172606112,-0.019709536943773955,-0.08764212372210127,FALSE
1448,0.002581996691416307,0.12899705198349307,0.007876754892083636,0.020015935649031025,FALSE
1449,-0.014175571295044374,0.06023192204602896,-0.04324463347204115,-0.23534980810028722,FALSE
1450,-0.09554276986404264,0.10640192043810894,-0.29146705820022256,-0.8979421562190434,FALSE
1451,-0.19298535347334742,0.1682127202602982,-0.5887297734056571,-1.147269678385292,FALSE
1452,-0.07725779131954559,0.1664399671804585,-0.23568608269362404,-0.4641781215672838,FALSE
1453,-0.06244858324158244,0.033326287041202635,-0.1905084484372473,-1.873853608845616,FALSE
1454,-0.08979369882156482,0.16151852717413598,-0.2739286842707293,-0.5559343586928368,FALSE
1455,-0.112371245944435,0.4977451277819753,-0.3428047619754482,-0.22576061456428034,FALSE
1456,-0.012643153808185665,0.33641518376695617,-0.03856977196797477,-0.037581995160313325,FALSE
1457,-0.0037641274651879623,0.03536615761327749,-0.011483016041194918,-0.10643303426818408,FALSE
1458,-0.017048930066847642,0.055683824219111736,-0.05201023059219007,-0.30617383604547993,FALSE
1459,-0.14248300904291714,0.15192947372398743,-0.4346650567944668,-0.9378233567883488,FALSE
1460,-0.04125822376521291,0.16450334860852037,-0.12586418757301343,-0.25080476546041547,FALSE
1461,-0.1162343741327137,0.12268798557587471,-0.3545897940620227,-0.9473981791055665,FALSE
1462,-0.18459889019042883,0.16297637074824484,-0.5631456524381071,-1.1326727263769116,FALSE
1463,0.017893045500363452,0.08966941776387934,0.05458532698659398,0.1995445710094834,FALSE
1464,-0.19344657174714402,0.14774168026388756,-0.59013678655425,-1.309356786802621,FALSE
1465,-0.07801159730299341,0.12888158787939594,-0.23798567702987689,-0.6052966803605387,FALSE
1466,-0.042440023310540864,0.07931211202368971,-0.12946943826178098,-0.5351014142438227,FALSE
1467,-0.087742539662683,0.07246418312415828,-0.26767132615990147,-1.2108401127264095,FALSE
1468,-0.042863553576841254,0.11800369040420021,-0.1307614786846512,-0.3632390938793519,FALSE
1469,-0.017381287530618086,0.06243842993024668,-0.05302413517517323,-0.2783748334164657,FALSE
1470,1.9973576699024167e-4,0.02068673386724689,6.093228875911049e-4,0.00965525869245514,FALSE
1471,-0.007078284771495642,0.021417064129770534,-0.021593332937563374,-0.330497435531164,FALSE
1472,-0.013511682113258107,0.034635889320832954,-0.04121934336310303,-0.3901064005632746,FALSE
1473,-1.2462019239049607e-4,0.16105571224921272,-3.8017194728696713e-4,-7.73770707354127e-4,FALSE
1474,-0.0881917656924712,0.09766631639082045,-0.2690417552311504,-0.9029906005624704,FALSE
1475,-0.03010581831778302,0.11515344846520635,-0.09184215940443435,-0.2614408749285481,FALSE
1476,-0.03812080476447399,0.2624926861641991,-0.11629303647714166,-0.14522615971337194,FALSE
1477,-0.11743339504448956,0.2941236771163072,-0.3582475810235391,-0.39926535733487417,FALSE
1478,-0.09863838448761404,0.1525877394554792,-0.3009106789884609,-0.646437157006274,FALSE
1479,-0.0973854629238748,0.14439287647141094,-0.29708846028098196,-0.6744478349882906,FALSE
1480,-0.03934891502779614,0.17275533308183175,-0.12003956471894767,-0.22777250534521626,FALSE
1481,-0.06853441301388062,0.06954050685229453,-0.20907415364930285,-0.9855322619297142,FALSE
1482,-0.08192073124731496,0.10082836072346658,-0.24991105633888558,-0.8124770715254611,FALSE
1483,0.004990027259867894,0.055879065879802715,0.015222800928236269,0.08930047740242417,FALSE
1484,0.020062129423682188,0.2249660392214715,0.06120243167194854,0.08917847997462273,FALSE
1485,-0.09802617105681992,0.08472003377413338,-0.29904303324281056,-1.1570601036132866,FALSE
1486,-0.014907337365005621,0.061980236035488606,-0.045476991859869434,-0.2405175959070241,FALSE
1487,-0.012929753520549609,0.059221178362798985,-0.03944408590258875,-0.21832989275120035,FALSE
1488,-0.01560094076759491,0.06063722488909097,-0.04759292950327293,-0.2572832248858674,FALSE
1489,-0.04227884945330084,0.23653219306906584,-0.1289777540653171,-0.17874458823013448,FALSE
1490,-0.014218733518106349,0.05746731028462896,-0.04337630608525047,-0.24742298617566408,FALSE
1491,-0.014675916832399678,0.06392982276124899,-0.044771010005441654,-0.2295629206920854,FALSE
1492,-0.012394445524348714,0.06384565751425796,-0.03781105132440189,-0.19413137881117126,FALSE
1493,-0.01452359598941702,0.07225647200153526,-0.04430633321126969,-0.2010006244023156,FALSE
1494,-0.015591870533417138,0.05859963956106633,-0.04756525944015099,-0.2660745125773162,FALSE
1495,-0.0842210840844691,0.15406206148114596,-0.25692861585931753,-0.546669850284822,FALSE
1496,-0.0522130664791332,0.19082933070603,-0.15928352200738344,-0.2736113273884858,FALSE
1497,-0.09468527687289528,0.11786200355399222,-0.288851151628614,-0.8033570957371368,FALSE
1498,-0.18934603125361751,0.3774568823285876,-0.5776274938429355,-0.5016361871202711,FALSE
1499,-0.2436920313128861,0.2776932019726736,-0.7434178386776578,-0.8775585055080557,FALSE
1500,-0.10390939808113976,0.3463319130754938,-0.31699066942650783,-0.300028366310238,FALSE
1501,-0.056963048520146706,0.289144541502564,-0.17377403022656304,-0.1970054431051453,FALSE
1502,-0.013161951701975129,0.05334470549171093,-0.04015244008737786,-0.24673398382563616,FALSE
1503,-0.07772467392017847,0.17330717687806524,-0.23711037569167065,-0.44847925700655594,FALSE
1504,-0.04097582377362671,0.09266577319307955,-0.12500268549493337,-0.4421894121387082,FALSE
1505,-0.12208054548384874,0.13227697390511156,-0.3724243865474038,-0.9229160743533701,FALSE
1506,-0.02444099951712339,0.06178624676161057,-0.07456080914198014,-0.3955734617029567,FALSE
1507,-0.13810099233902373,0.16264276660796964,-0.4212970801334853,-0.849106266569476,FALSE
1508,-0.11618748386983269,0.09484678583771397,-0.3544467485233638,-1.225001805212813,FALSE
1509,-0.11606330265576803,0.16137015579321798,-0.35406791574304286,-0.7192364789217481,FALSE
1510,-0.07197954229303966,0.14940773468458537,-0.21958401951926695,-0.4817658365880163,FALSE
1511,-0.00448420816592991,0.098459117763561,-0.013679726517672304,-0.045543858890735284,FALSE
1512,-0.09546816746110245,0.0783615562071553,-0.2912394727643954,-1.2183036182783864,FALSE
1513,-0.024373693378361233,0.054607447331731854,-0.07435548201684301,-0.44634376022550165,FALSE
1514,0.002890453552782907,0.022660817601520312,0.008817747225591777,0.12755292433001122,FALSE
1515,-0.0010584757475238717,0.02286765691057182,-0.003229033580940507,-0.0462870223942591,FALSE
1516,-0.005139622914395991,0.03235998750085698,-0.015679164140302314,-0.1588264802098542,FALSE
1517,-0.005111210969628898,0.027187921120145425,-0.01559248938751049,-0.1879956524458814,FALSE
1518,-0.10584008652065986,0.3047749059932002,-0.3228805141585464,-0.3472729691302776,FALSE
1519,-0.11335081368028284,0.2247858186913075,-0.3457930752374742,-0.5042614091058144,FALSE
1520,-0.026737784766449807,0.08510825740409667,-0.08156748521900244,-0.31416205174426226,FALSE
1521,-0.04706682145525572,0.24208152479851533,-0.14358415616293965,-0.19442549981635102,FALSE
1522,-0.11939717887592603,0.19582720921269883,-0.36423838804226427,-0.609706788734563,FALSE
1523,-0.07187645998541256,0.10065949078761094,-0.21926955200906903,-0.7140554698122816,FALSE
1524,-0.0504312478293748,0.11414414865121944,-0.1538478261318044,-0.4418207015015134,FALSE
1525,-0.03470348085619403,0.1133699565045744,-0.1058679949184658,-0.30610826647705175,FALSE
1526,0.007267332969415632,0.06058088003377438,0.022170051847682917,0.11996083525633877,FALSE
1527,-0.0663683130416316,0.10162535108800172,-0.20246615193889178,-0.6530684748548662,FALSE
1528,-0.049272563131741755,0.046115286521747297,-0.15031309063396095,-1.0684648594453714,FALSE
1529,0.019890245021038967,0.09328069547666493,0.060678073405381505,0.21323002491994397,FALSE
1530,-0.07489674238517453,0.08221828628172805,-0.22848336093720892,-0.9109499330664032,FALSE
1531,-0.012220131071594567,0.058345047898368814,-0.037279279837995005,-0.2094459000681738,FALSE
1532,-0.01390870179606327,0.057269032646386026,-0.04243050941114072,-0.2428660159486906,FALSE
1533,-0.015343607480694271,0.0591962131164273,-0.04680789703858037,-0.2591991391496009,FALSE
1534,-0.014133903610962019,0.05623160819069019,-0.04311752016646311,-0.251351580823222,FALSE
1535,-0.009569883584881375,0.05468903133139482,-0.02919431600918789,-0.1749872570770454,FALSE
1536,-0.011877989942629473,0.06184744504516429,-0.03623552876723722,-0.1920530417053693,FALSE
1537,-0.017809097227412744,0.06488690486922642,-0.05432923062061307,-0.27446365739443634,FALSE
1538,-0.010558254233091095,0.05492690080661279,-0.03220948383041673,-0.192223738788116,FALSE
1539,0.08129570806586398,0.24787961487931184,0.24800433259344995,0.327964476245638,FALSE
1540,-0.12502095295230287,0.19472844648103593,-0.38139452542824054,-0.6420271676356146,FALSE
1541,-0.023824374470265895,0.12233123259910729,-0.07267970512253545,-0.1947529994105508,FALSE
1542,-0.021743545499650116,0.08975589504031825,-0.06633183495353975,-0.2422520046163312,FALSE
1543,-0.15302993670314502,0.3549216856948633,-0.4668399872737861,-0.4311653608979796,FALSE
1544,-0.016595163034517833,0.2864651518117774,-0.05062594853495415,-0.05793082659290343,FALSE
1545,-0.1814117780297363,0.29834274317077714,-0.5534229051600756,-0.6080649929731748,FALSE
1546,-0.026817999959239964,0.13140720500788872,-0.08181219328324195,-0.2040831776129019,FALSE
1547,-0.03087376562062448,0.18106623779950518,-0.09418489388377284,-0.17051089146067658,FALSE
1548,-0.04105034269799974,0.2663151974674877,-0.1252300162673001,-0.15414194566576037,FALSE
1549,-0.05067491153490709,0.08575779823103412,-0.15459115755858552,-0.5909073294814232,FALSE
1550,-0.041064036729689744,0.07055553217399067,-0.1252717918944592,-0.5820101622708395,FALSE
1551,-0.1619723316252409,0.2169256111659116,-0.4941200582296191,-0.7466722382603285,FALSE
1552,0.030546980002871236,0.09343198086237334,0.0931879870241097,0.3269435124988668,FALSE
1553,-0.12522230664318423,0.14498979997432337,-0.38200878402700694,-0.8636628691491414,FALSE
1554,-0.19097607430004096,0.46112785774046594,-0.5826001762568622,-0.4141499393158046,FALSE
1555,-0.04366317075080009,0.1283508639948659,-0.13320082669300187,-0.34018602907532153,FALSE
1556,-0.12068663983582816,0.08137461007105366,-0.36817207547022474,-1.4830994548600418,FALSE
1557,-0.03965482792597023,0.12373085464943709,-0.12097279632426103,-0.3204926373322407,FALSE
1558,0.005658301415661637,0.015191072423054744,0.017261468035518288,0.37247544202832655,FALSE
1559,7.353704890211019e-4,0.024106529784670264,0.0022433541902463173,0.030505033100564145,FALSE
1560,-0.004597339664398185,0.03799923756264431,-0.014024850540089208,-0.12098505020841957,FALSE
1561,0.03132636784523328,0.0541413718540444,0.09556562252634122,0.5786031415990649,FALSE
1562,0.038569655679132835,0.30117962337531506,0.1176623212053556,0.12806196928890254,FALSE
1563,-0.031881348262035154,0.16607124576040422,-0.09725867067298967,-0.19197392128936816,FALSE
1564,-0.06674187963018267,0.06666486052849066,-0.2036057709258838,-1.0011553178253347,FALSE
1565,-0.028981835354663272,0.11587566796878364,-0.08841328657403741,-0.25011148468607614,FALSE
1566,-0.11797731141875123,0.23077820047524766,-0.35990687670586624,-0.5112151458664529,FALSE
1567,-0.08731709891139375,0.17642730058989123,-0.26637345752585173,-0.4949182956347787,FALSE
1568,-0.01757545908431222,0.19970359530750828,-0.053616483624165545,-0.08800772493479206,FALSE
1569,-0.06663767528823605,0.14146350656941648,-0.203287880487475,-0.4710591226263488,FALSE
1570,0.0032720665317227614,0.05679932597697945,0.009981912891930525,0.05760748874113255,FALSE
1571,-0.024894914446388538,0.04414353969908852,-0.07594554238023918,-0.5639537430865013,FALSE
1572,0.010758818040652434,0.05152532975897564,0.0328213327757061,0.20880638883787567,FALSE
1573,0.0045034010623842885,0.01839587241233792,0.01373827722826882,0.2448049737159464,FALSE
1574,0.00692717586101668,0.02629613019294871,0.021132353319034233,0.2634294784132989,FALSE
1575,-0.008031890726172877,0.1120259663573877,-0.024502446025738478,-0.0716966877174651,FALSE
1576,-0.01572361588802289,0.06612692527903727,-0.047967167726807605,-0.23777932849098302,FALSE
1577,-0.014077234840471724,0.056036685969869944,-0.042944643873990815,-0.25121462122226207,FALSE
1578,-0.01165014271792698,0.055634597474141206,-0.03554044780613863,-0.20940463752509275,FALSE
1579,-0.010131089289581435,0.055397595276993734,-0.030906355298260975,-0.18287958599872314,FALSE
1580,-0.00802657530093878,0.05551822013077496,-0.02448623055115814,-0.14457551560608253,FALSE
1581,-0.010798074534780011,0.05829908728452236,-0.03294109039708238,-0.1852185863919478,FALSE
1582,-0.012841095728410395,0.05860248883182247,-0.039173622466181,-0.21912201997532552,FALSE
1583,-0.17148606527357657,0.24948842616722777,-0.5231430807244322,-0.6873507837940043,FALSE
1584,-0.08857680625239882,0.17559288657358726,-0.27021637722975445,-0.504444160471604,FALSE
1585,-0.12029222180009178,0.19280728678398887,-0.3669688461234015,-0.6238987322863002,FALSE
1586,0.09482545357869819,0.2686219864126057,0.28927878097332227,0.3530070447511525,FALSE
1587,-0.09263826517414145,0.1282414959721003,-0.2826064459456384,-0.7223735536763815,FALSE
1588,-0.06440513894544517,0.15448832647546198,-0.1964772050058629,-0.416893239863498,FALSE
1589,-0.08459578296477023,0.11895120653128416,-0.258071689066298,-0.7111805372274349,FALSE
1590,-0.02696759383547529,0.13969266683070605,-0.08226855107036833,-0.1930494595550774,FALSE
1591,-0.08107683673078082,0.13514261615641723,-0.24733663388373262,-0.5999353796506395,FALSE
1592,-0.012614907718535772,0.14489933060619758,-0.03848360318024097,-0.08705980673451236,FALSE
1593,-0.04295821866650605,0.0921847151987039,-0.13105026825227753,-0.46600153370230335,FALSE
1594,-0.10527733872038231,0.10687645112719056,-0.32116377048355194,-0.9850377478860596,FALSE
1595,-0.10990512611582527,0.1205997833897112,-0.33528150623734304,-0.9113210905252892,FALSE
1596,-0.02569446036748347,0.0573323027568347,-0.078384673021408,-0.44816724833925115,FALSE
1597,-0.09113682027502844,0.0844792092748916,-0.27802607080666203,-1.0788076860245375,FALSE
1598,-0.009019917858106593,0.13069388852056263,-0.027516565900811342,-0.0690156055513449,FALSE
1599,-0.006670291198639422,0.11870947560100589,-0.020348689448430508,-0.056190048560730906,FALSE
1600,-0.1495177144450198,0.11201642907075374,-0.4561254445535173,-1.3347837963177602,FALSE
1601,-0.002743289772415642,0.04948529130048147,-0.008368802797894028,-0.05543646809630787,FALSE
1602,0.0013320918132349033,0.015475063567699423,0.0040637390208455625,0.0860798928164233,FALSE
1603,0.001760853633998154,0.026959683280843673,0.005371739058360364,0.06531432938788775,FALSE
1604,-0.004997930395234104,0.03456222059709485,-0.015246910587387091,-0.14460675005512258,FALSE
1605,0.008958930494058144,0.055161107794429044,0.027330515113170556,0.16241389725974548,FALSE
1606,-0.044490074344724455,0.10605648597634479,-0.13572341587771244,-0.419494139704456,FALSE
1607,0.03245171100290802,0.17046659730836056,0.09899864482724323,0.19036991126305788,FALSE
1608,-6.90859478805177e-4,0.2425620307579886,-0.002107566906461087,-0.0028481765124009377,FALSE
1609,-0.027273584715713728,0.10195410839461704,-0.08320202057126416,-0.26750844223118836,FALSE
1610,-0.014494879008590648,0.23733848716493283,-0.04421872790179661,-0.061072602179846926,FALSE
1611,-0.14487368792385444,0.22230051624648536,-0.44195816899458146,-0.6517019859873804,FALSE
1612,-0.008062486241064178,0.16443638507801964,-0.024595782075469697,-0.049031035541427126,FALSE
1613,0.00959516364746213,0.23563082445069589,0.02927143650173814,0.040721173343217884,FALSE
1614,-0.06783782723736263,0.04972799218899045,-0.20694911784225298,-1.3641778855568116,FALSE
1615,-0.06339920617054301,0.06596770685975581,-0.19340846137340242,-0.9610642720282317,FALSE
1616,0.010628736185810868,0.05106096040044706,0.03242449923602694,0.2081577804736671,FALSE
1617,0.0037863205904857004,0.014042313009768985,0.011550719384441147,0.2696365326603691,FALSE
1618,0.004258841828857603,0.028540856313687805,0.01299221386362954,0.14921913281260313,FALSE
1619,-0.013763039724392303,0.055157790223755894,-0.04198614616333347,-0.24952123115448346,FALSE
1620,-0.015185206856482924,0.06658118864086775,-0.04632467299115472,-0.22807052812454892,FALSE
1621,-0.013097130895039036,0.05468614753264374,-0.039954694826959805,-0.23949631645236996,FALSE
1622,-0.013146668721526736,0.05568719435648262,-0.04010581714188274,-0.23608064427466197,FALSE
1623,-0.011767188352251856,0.05716946116714568,-0.035897512466922445,-0.2058299678188022,FALSE
1624,-0.0090991920947752,0.057241564737314836,-0.027758403442110873,-0.15896127467045965,FALSE
1625,-0.01106517339589931,0.056980464833391045,-0.033755914160406936,-0.19419240310259844,FALSE
1626,-0.009332332165911436,0.060932085851399996,-0.02846963099788894,-0.15315957160355465,FALSE
1627,0.03035216102688877,0.13865842389471394,0.09259366351965205,0.21889878865156986,FALSE
1628,-0.10742643353753825,0.25997779580014946,-0.3277198955052688,-0.4132138793119058,FALSE
1629,-0.02609389659337139,0.09597754549810636,-0.0796032110841397,-0.27187501470212344,FALSE
1630,-0.1222422459342502,0.2330019615063401,-0.3729176771925801,-0.5246404156598653,FALSE
1631,-0.035897112078342563,0.20169023862101568,-0.10950933985111364,-0.17798140516752883,FALSE
1632,0.0022622024479827967,0.13382051529278235,0.006901176232436567,0.01690475068813914,FALSE
1633,-0.03760836153320368,0.3022341978881053,-0.11472975417618354,-0.12443450078116985,FALSE
1634,-0.0682194424599897,0.13327872540268298,-0.20811329035328457,-0.511855453703314,FALSE
1635,-0.09829645553086125,0.1449285113362023,-0.2998675751797685,-0.6782409798085559,FALSE
1636,-0.1677990101381755,0.14913964379972186,-0.5118951849886627,-1.1251133894587486,FALSE
1637,-0.047189428128779035,0.04801868723744208,-0.14395818557927756,-0.9827304918903231,FALSE
1638,-0.04206207223948305,0.1471599198208167,-0.1283164437758392,-0.28582559905372484,FALSE
1639,-0.059890542510954735,0.10552172777601965,-0.18270477467340968,-0.5675659769149948,FALSE
1640,-0.12100278881159802,0.14990656931580612,-0.3691365337128713,-0.8071880329452614,FALSE
1641,-0.06271274379293205,0.11387777502640442,-0.19131430846102496,-0.5507022224344573,FALSE
1642,-0.06844997160505109,0.22667289686096648,-0.20881655290089615,-0.3019768686639056,FALSE
1643,-0.0015568996184527604,0.09907501590357012,-0.004749547792566732,-0.01571435143616927,FALSE
1644,-0.11736142755856553,0.07554765970467096,-0.3580280337837198,-1.5534753560514238,FALSE
1645,0.002694870704605813,0.09460311212306431,0.00822109341836264,0.02848606820777941,FALSE
1646,0.006102597179173897,0.015376928427424072,0.018616856615376452,0.39686711217893067,FALSE
1647,0.001909158911311098,0.029263395377308914,0.00582416578782909,0.06524051247967882,FALSE
1648,-0.0020317595595642163,0.041834795542300164,-0.006198176823207551,-0.04856626005282745,FALSE
1649,-0.007029613835496607,0.022991289761600815,-0.021444855197639393,-0.3057511739614192,FALSE
1650,-0.029449859003987243,0.16710918152007995,-0.08984106050638946,-0.17623124436432314,FALSE
1651,0.02522627021250147,0.21255355767442957,0.07695639113942891,0.11868194768652521,FALSE
1652,-0.014390203175325857,0.10281763035661319,-0.04389939911082937,-0.13995851806168652,FALSE
1653,-0.04917852436060419,0.10535445616847258,-0.15002621174171998,-0.46679111780485755,FALSE
1654,-0.09377737517582213,0.09236371190844972,-0.2860814659982156,-1.0153053968724604,FALSE
1655,-0.021116573727631153,0.1347864677782559,-0.06441916675033621,-0.1566668677924783,FALSE
1656,-0.029350979176615714,0.1314330859628819,-0.08953941327091224,-0.22331499684109027,FALSE
1657,-0.022668271627126438,0.1256690258324412,-0.06915284594578902,-0.18038073802967822,FALSE
1658,-0.04425564593522099,0.09502156141480073,-0.13500825805913796,-0.46574319845187945,FALSE
1659,-0.06124786952087788,0.05886703860651091,-0.18684549731690184,-1.0404442107285425,FALSE
1660,0.029388193586157463,0.08389053483617127,0.08965294121747718,0.35031596405421994,FALSE
1661,0.007976362364922036,0.012948362134944161,0.02433304871683177,0.6160132286844195,FALSE
1662,0.006635332736256144,0.023085100070870522,0.020242043595431306,0.28742923859484615,FALSE
1663,0.004538473554619436,0.02601215127718955,0.013845270945847608,0.1744751330352016,FALSE
1664,-0.010578396302835264,0.05157298867368707,-0.032270930131615146,-0.20511505295469606,FALSE
1665,-0.01022747844502683,0.050609980359179844,-0.031200404378270395,-0.20208422078890864,FALSE
1666,-0.010533105291899865,0.05186538183162062,-0.03213276334265728,-0.20308546702876437,FALSE
1667,-0.009992204282384645,0.05503006679806845,-0.030482666467244575,-0.18157717887297514,FALSE
1668,-0.009019207286378138,0.0565484901472693,-0.027514398198832134,-0.15949510345704024,FALSE
1669,-0.008419750991173721,0.05748054766772843,-0.0256856699430838,-0.14648000641616818,FALSE
1670,-0.008962158136570232,0.05822416362193681,-0.027340361504156068,-0.1539250644245168,FALSE
1671,-0.03618212847763826,0.09993053471386357,-0.11037882365988065,-0.3620727996827044,FALSE
1672,-0.06644075379736251,0.08714702077617005,-0.20268714295680695,-0.7623984527022458,FALSE
1673,-0.011675283900208314,0.09450671686688848,-0.03561714462421962,-0.12353919686632225,FALSE
1674,-0.03837386781870574,0.19260792788923795,-0.11706504197856318,-0.1992330650105597,FALSE
1675,-0.07588971592887708,0.08565345799406164,-0.2315125705578372,-0.8860087812699695,FALSE
1676,0.060679549195770066,0.14074321748947094,0.18511175384776982,0.4311365782177712,FALSE
1677,-0.06885282009355422,0.13003670172805223,-0.21004550056497892,-0.5294875921841449,FALSE
1678,-0.035588701792919446,0.16338845698252905,-0.10856848960426731,-0.21781649970979838,FALSE
1679,-0.009005477942341513,0.12403116096065964,-0.027472514846244932,-0.0726065762231951,FALSE
1680,-0.21196000967258927,0.11228673675156263,-0.6466147104932413,-1.8876673755472686,FALSE
1681,-0.04319475102697694,0.16623964954860476,-0.13177184447802134,-0.2598342281415106,FALSE
1682,0.021170618309550915,0.10228485147559609,0.06458403757547797,0.20697706458127835,FALSE
1683,0.0034049148452277565,0.07848918678589237,0.010387185914465476,0.04338068700489779,FALSE
1684,-0.08382154054763565,0.12293385485712122,-0.25570975042900324,-0.6818426107686649,FALSE
1685,-0.13942535509580123,0.1309720095844314,-0.42533724054810557,-1.0645431458079626,FALSE
1686,0.0025841078849498725,0.15340648755351735,0.007883195393750013,0.016844840959208986,FALSE
1687,-0.049495178104620965,0.10891716124239277,-0.150992209853016,-0.45442956408375834,FALSE
1688,-0.1742721047607068,0.08959640512740766,-0.5316422977190727,-1.9450792084000335,FALSE
1689,0.005918820936141534,0.03521734306075033,0.018056220567248954,0.16806551607063314,FALSE
1690,0.0037128130602614206,0.018188736552062715,0.011326474016418819,0.20412704585796887,FALSE
1691,0.0020703686400100054,0.030619222206878544,0.0063159594153740055,0.06761663069105986,FALSE
1692,-0.0032826300021400676,0.043075134025865595,-0.01001413828848642,-0.07620707576136446,FALSE
1693,0.010375934742715724,0.08814684859529928,0.031653291817270245,0.11771191946241688,FALSE
1694,-0.00570017938452742,0.2013388671478276,-0.017389222845286517,-0.028311371099263304,FALSE
1695,0.08338335284107895,0.1315024772772185,0.25437299536159913,0.634081992731587,FALSE
1696,-0.036540482036186824,0.10602292905438963,-0.11147203309534458,-0.3446469774235496,FALSE
1697,-0.07949121501221387,0.10045005698056751,-0.2424994651645638,-0.7913506214097199,FALSE
1698,-0.13990932312563845,0.34583021539583997,-0.4268136551226499,-0.40456072632490236,FALSE
1699,-0.08893241689080456,0.14627424094244465,-0.2713012189900291,-0.6079841284276245,FALSE
1700,-0.11408869073386671,0.21489827372820908,-0.34804407606597837,-0.5308962643327675,FALSE
1701,0.002606853222424077,0.125712312369844,0.007952583340224785,0.02073665795562449,FALSE
1702,-0.05200985228827881,0.09514193433390997,-0.15866358768396835,-0.5466554012423704,FALSE
1703,-0.0955806409899898,0.08874805748579587,-0.2915825895553032,-1.0769885414707527,FALSE
1704,0.01397792110309195,0.02004516874895771,0.04264167293318448,0.6973211988459195,FALSE
1705,0.0038642341267804948,0.02631054028223906,0.011788405912162032,0.146870192908545,FALSE
1706,0.00900169777506239,0.03676775267033646,0.02746098289842807,0.24482589011551942,FALSE
1707,-0.009384567626326484,0.0502146855960112,-0.028628982835841442,-0.18688890540563188,FALSE
1708,-0.011161227661538584,0.05866746808473279,-0.034048941610556244,-0.1902455999195081,FALSE
1709,-0.010395815625087056,0.050034867300065615,-0.03171394132855658,-0.20777142393007653,FALSE
1710,-0.011024461405304106,0.05311569460644067,-0.03363171633623725,-0.20755562902809727,FALSE
1711,-0.009474040802282657,0.056277703833717385,-0.028901933718685702,-0.1683444802630082,FALSE
1712,-0.007251564956659898,0.06262861710520494,-0.022121949240880567,-0.1157867647704652,FALSE
1713,-0.03221324554638683,0.07903072533327937,-0.09827117141200198,-0.40760407310626096,FALSE
1714,-0.0069028427708676225,0.10902507244535714,-0.02105812170304949,-0.06331426905794807,FALSE
1715,-0.0799203685368753,0.1457171919110856,-0.2438086601515557,-0.5484621786126752,FALSE
1716,-0.031014240113111644,0.12254365588119631,-0.09461343166989382,-0.2530872764492953,FALSE
1717,-0.03495993730913069,0.1994073343896935,-0.10665035247414772,-0.17531921489311889,FALSE
1718,-0.059514422983702873,0.10274795751117705,-0.1815573675771348,-0.5792273094794008,FALSE
1719,-0.062152370578174077,0.10609909558414936,-0.18960480880310077,-0.5857954795559945,FALSE
1720,-0.07380561101704301,0.11549556429765362,-0.22515470665565696,-0.6390341608863193,FALSE
1721,-0.066048101362603015,0.1245537134873593,-0.20148929983149919,-0.5302780584643596,FALSE
1722,-0.17292251099821118,0.14831401045909168,-0.5275251664669673,-1.1659216176741918,FALSE
1723,-0.08495153024210803,0.09262982686641348,-0.2591569476634261,-0.9171077299390967,FALSE
1724,-0.08010774182558189,0.08848360646994782,-0.24438026950852038,-0.9053399270382285,FALSE
1725,-0.06812079928302422,0.07183214477529169,-0.2078123650541482,-0.9483330825791509,FALSE
1726,0.0025050120548662596,0.07299661409501755,0.007641902107579004,0.034316825320220457,FALSE
1727,-0.07158874185820359,0.09113675551886825,-0.2183918261879754,-0.7855090018360639,FALSE
1728,-0.11346485911439774,0.49055096640852097,-0.3461409873529586,-0.23130085737086592,FALSE
1729,-0.01248326055025979,0.07723969188141387,-0.03808199442520496,-0.16161717176999288,FALSE
1730,-0.14305861669019476,0.0910088468307028,-0.4364210312953976,-1.5719198920992417,FALSE
1731,0.009116031165850714,0.10209198901270225,0.02780977346745333,0.08929232600920822,FALSE
1732,0.007781828774752885,0.017554598153338468,0.023739595823133855,0.44329290290663625,FALSE
1733,0.002268585675163572,0.03093738507187887,0.006920649191519203,0.07332829422696252,FALSE
1734,-0.0032885524974038136,0.04177914656696025,-0.010032205718122227,-0.07871277341994495,FALSE
1735,-0.0022544365004813953,0.029652609452732542,-0.006877485084738088,-0.07602826672219382,FALSE
1736,-0.006300415475790749,0.09195840302094403,-0.0192203299818608,-0.06851375479362984,FALSE
1737,-0.10105839421668593,0.19852970614318569,-0.3082932691891869,-0.5090341197795333,FALSE
1738,-0.039933577357888245,0.06364544190235949,-0.12182316184131418,-0.6274381348337815,FALSE
1739,-0.02638759686166624,0.05361808379372037,-0.08049918629308886,-0.49213987137594606,FALSE
1740,-0.04044577495554319,0.11634294361808638,-0.12338569480135027,-0.34764269922817725,FALSE
1741,0.007540778770458002,0.10237589309717869,0.02300423787055452,0.07365775811401261,FALSE
1742,-0.1573297070150269,0.24120549799130925,-0.47995705940309774,-0.6522641827206426,FALSE
1743,0.010597162517737041,0.026707471768417323,0.032328179188333486,0.3967864352577401,FALSE
1744,-0.04794993805728745,0.09791910138303968,-0.14627823127095926,-0.48968931883593386,FALSE
1745,-0.050992892862777896,0.10977471633409099,-0.1555612056567199,-0.4645231121124915,FALSE
1746,-0.04107216383345993,0.05046142698774096,-0.12529658480166667,-0.8139318740121628,FALSE
1747,0.01560568460946154,0.0571492350434554,0.04760740128000079,0.2730690025438699,FALSE
1748,0.012251572714080871,0.04199477295845485,0.037375197122510695,0.29174042031853037,FALSE
1749,-0.007227523992135013,0.04653884145998798,-0.0220486087964248,-0.15530090061113608,FALSE
1750,-0.00772513376931433,0.04672646026002585,-0.023566639497151928,-0.16532674904807898,FALSE
1751,-0.010586280739355067,0.051239963489287596,-0.0322949827472266,-0.20660203517842612,FALSE
1752,-0.010747587945485412,0.05244872586179206,-0.03278707374379507,-0.20491609221940763,FALSE
1753,-0.008575929358299985,0.054780329842821614,-0.026162114673392356,-0.15655125449055268,FALSE
1754,-0.007113048828742623,0.058245382051638137,-0.02169938572953602,-0.12212210785116775,FALSE
1755,0.025158812239721315,0.1042037048293514,0.07675060082262775,0.2414387500033948,FALSE
1756,-0.016803876719297648,0.12423891585868765,-0.05126265986115358,-0.13525453440378363,FALSE
1757,-0.07162693166078056,0.12981412291329228,-0.21850832971227344,-0.551765324552729,FALSE
1758,0.02089297218760777,0.1390599283739646,0.06373703786531021,0.1502443761614898,FALSE
1759,-0.05892680685555523,0.1502532282237451,-0.17976475946596202,-0.3921832998343712,FALSE
1760,-0.09822262764841183,0.18499533691937828,-0.2996423525308825,-0.5309465053771472,FALSE
1761,-0.11718540342142825,0.3179378510461055,-0.35749104665746584,-0.3685795920047113,FALSE
1762,-0.06216171086788579,0.0878493435177855,-0.18963330270974474,-0.7075944836776256,FALSE
1763,-0.0069474324259002134,0.06864000804473631,-0.02119414890423913,-0.10121549550769582,FALSE
1764,-0.04428967386555627,0.11783378117110813,-0.1351120651893434,-0.3758656764246799,FALSE
1765,-0.2314478562512514,0.17850965275822814,-0.7060652091654345,-1.2965565316779943,FALSE
1766,-0.01527382850945967,0.10610645744833666,-0.04659502617981284,-0.14394815241943698,FALSE
1767,-0.06976435320698016,0.10424344107243663,-0.21282626435694785,-0.6692445346129963,FALSE
1768,-0.14751291287230522,0.1731737204260882,-0.4500095069738783,-0.8518204292738794,FALSE
1769,-0.12215151436916555,0.13695915262710912,-0.37264088741143014,-0.8918828134235068,FALSE
1770,-0.06437266385429716,0.3382076953215841,-0.19637813503651658,-0.1903347107258708,FALSE
1771,-0.017036630729904585,0.20284089185817133,-0.051972709683368735,-0.08399011941742393,FALSE
1772,-0.1368582387875178,0.12257357230252659,-0.4175058804200925,-1.1165395298240546,FALSE
1773,0.005575797339250742,0.03765359210059375,0.017009777400264263,0.14808141874896494,FALSE
1774,0.0052455670549982686,0.024242719114812163,0.01600236208650837,0.21637700911995705,FALSE
1775,0.0035932500231486636,0.031094892871975446,0.010961729653801646,0.1155575623927334,FALSE
1776,-0.00226311965926007,0.035802343167072946,-0.006903974318289797,-0.06321149564706252,FALSE
1777,0.042277820496971576,0.06202658904406283,0.12897461508499727,0.6816080192147597,FALSE
1778,0.04379363739426557,0.06657552563357197,0.1335988340861123,0.6578038547574275,FALSE
1779,-0.041731391191952946,0.07416166271312935,-0.12730765334341484,-0.5627084084316917,FALSE
1780,-0.03571690691418952,0.14516379704994334,-0.10895959789635436,-0.24604555433267694,FALSE
1781,-0.004711873967037939,0.04031365712604627,-0.014374254019817996,-0.11688034038454036,FALSE
1782,-0.05697992467608968,0.07205486619855488,-0.17382551338466518,-0.7907852402234071,FALSE
1783,0.01044141039452761,0.01650532299953661,0.0318530347768318,0.6326086678110301,FALSE
1784,-0.002635954644535863,0.041943724578743784,-0.008041361443522766,-0.0628450303593618,FALSE
1785,0.0030755523975711458,0.048513762900835915,0.009382418061945577,0.06339546169316321,FALSE
1786,-0.03948368507407589,0.12106109896570352,-0.12045070026566213,-0.3261467590448817,FALSE
1787,-0.04777591438187574,0.20284151044270002,-0.14574734684295265,-0.23553322136876806,FALSE
1788,-0.005544663788464797,0.03746530005490777,-0.016914799994105542,-0.14799464518737981,FALSE
1789,0.030519178561604986,0.049126607725360406,0.09310317470067454,0.621235211928753,FALSE
1790,0.01491373533825272,0.05902126434549839,0.04549650980396326,0.25268410468048885,FALSE
1791,-0.009194974941296888,0.04529831685916677,-0.028050602888928737,-0.20298712135120206,FALSE
1792,-0.01048363762643161,0.05279441350712734,-0.031981855064086524,-0.1985747530847426,FALSE
1793,-0.013856618445081136,0.0546115241103608,-0.04227162160504535,-0.253730667122185,FALSE
1794,-0.01174629949112483,0.05670033484117279,-0.0358337879704429,-0.2071645524497906,FALSE
1795,-0.011088815406185488,0.05963018846977601,-0.03382803753717169,-0.1859597578130402,FALSE
1796,0.013643578388461988,0.11072126526222016,0.04162171205490407,0.12322455271938977,FALSE
1797,0.010562001217231392,0.1548925792424256,0.03222091454826225,0.06818920098619174,FALSE
1798,-0.0679506987009944,0.25719071986571684,-0.20729344859073684,-0.264203540222884,FALSE
1799,-0.07865040629946309,0.13987556277614518,-0.23993445640080996,-0.5622883993348721,FALSE
1800,0.004738522469892255,0.20525792536757215,0.014455549137632145,0.02308569796467832,FALSE
1801,-0.019828890625397787,0.13345605962730592,-0.06049090293470503,-0.14857991971868975,FALSE
1802,-0.06852992514162876,0.09722245597247933,-0.20906046274496032,-0.704877535299329,FALSE
1803,-0.010649816214859359,0.04181697040272852,-0.0324888069179403,-0.2546768958222872,FALSE
1804,-0.020146617061719593,0.06536335920166832,-0.061460173449249846,-0.3082249337822493,FALSE
1805,-0.19333530764771584,0.2196226233967589,-0.5897973593030851,-0.8803068857730847,FALSE
1806,-0.14487607130457889,0.10572071280783227,-0.4419654398426981,-1.3703660092409613,FALSE
1807,-0.08204688078836499,0.10829717388926036,-0.2502958937857744,-0.7576086969015674,FALSE
1808,0.013027108418176898,0.07812827496873698,0.03974108111900532,0.16673999807866863,FALSE
1809,-0.12676735970230918,0.10539393900798903,-0.3867221921744495,-1.202795539245383,FALSE
1810,-0.09037911089589883,0.09415741291580536,-0.2757145685965012,-0.9598724953999633,FALSE
1811,-0.035433807921624795,0.15680185261855162,-0.1080959634145437,-0.2259782478962403,FALSE
1812,-0.1619290660133046,0.09555696731243973,-0.49398807021367336,-1.6945814687049454,FALSE
1813,-0.030722093097052167,0.11107822329858055,-0.09372219488186685,-0.2765807030822824,FALSE
1814,0.00933960064808489,0.019074860269628402,0.028491804555549994,0.48962878448738617,FALSE
1815,0.005216376215671083,0.03335209409386906,0.015913311203043328,0.15640325914737638,FALSE
1816,-0.0013907654788309957,0.044439892085531174,-0.004242731536233718,-0.03129542880424329,FALSE
1817,0.041023104921471695,0.0726685057397228,0.12514692348479192,0.5645238539568211,FALSE
1818,0.023774668096940423,0.03955392546669897,0.07252806863107102,0.6010697501302789,FALSE
1819,0.0018899580062641903,0.024176714114648706,0.005765590645861071,0.0781726580916578,FALSE
1820,-0.06700915421608374,0.1367281510718981,-0.2044211307631077,-0.49009039975130775,FALSE
1821,-0.06522361401242147,0.09745703738117346,-0.19897408174830278,-0.6692550457625671,FALSE
1822,-0.09903593414622801,0.2605174300417341,-0.3021234618044668,-0.3801508948186797,FALSE
1823,0.011824366282103062,0.02833986419105922,0.03607194202377353,0.4172344017736494,FALSE
1824,0.015972144555082092,0.04899071852390109,0.04872534042338367,0.3260238885308401,FALSE
1825,0.013600922027437908,0.03629179733057563,0.04149158264711207,0.37476573297126864,FALSE
1826,-0.023212130227701425,0.12934640018021382,-0.0708119653811168,-0.17945710275168675,FALSE
1827,-0.0012895594928674543,0.19781246476976255,-0.003933988017043073,-0.006519101282967156,FALSE
1828,-0.025877869602288432,0.04000647122715638,-0.07894418945777913,-0.6468420935041764,FALSE
1829,0.005425125186062364,0.10356580501846108,0.016550130173111417,0.05238336326449942,FALSE
1830,0.010657571362446373,0.046797526597074944,0.03251246511893564,0.22773791987357977,FALSE
1831,-0.011378559594077735,0.04738806097652699,-0.03471194414984096,-0.2401144794616928,FALSE
1832,-0.010138634939494021,0.051193602734707515,-0.030929374396256145,-0.1980449587038025,FALSE
1833,-0.01081889236158674,0.0590393487050406,-0.033004598193079014,-0.18324884333730895,FALSE
1834,-0.01063326756966437,0.0652557508653101,-0.032438322878812625,-0.16294759356323651,FALSE
1835,-0.012463009803102299,0.0595726165771702,-0.038020216587816014,-0.20920702361558605,FALSE
1836,-0.015198530111205982,0.06265302316047586,-0.04636531750947157,-0.24258254980413857,FALSE
1837,-0.03452782161746012,0.16105915467957374,-0.10533212096764441,-0.2143797518753468,FALSE
1838,-0.16570353399831247,0.13615002701784834,-0.505502631508334,-1.2170657445157163,FALSE
1839,-0.06517463403887094,0.19197641162955528,-0.19882466124456596,-0.3394929277281956,FALSE
1840,0.011991249516048982,0.22942426085631865,0.036581043500843666,0.052266702184381154,FALSE
1841,-0.13502101686453535,0.1443549448748769,-0.4119011688347507,-0.93534043452109,FALSE
1842,-0.07184242007059696,0.15331546504052249,-0.2191657083184705,-0.46859212833883684,FALSE
1843,-0.00936530300494095,0.05689855948326033,-0.028570213317953563,-0.1645964869760234,FALSE
1844,-0.20187446756874305,0.23147630497850005,-0.6158473034822702,-0.8721172026117038,FALSE
1845,-0.14253276251677738,0.19489936353998652,-0.4348168369729348,-0.7313146637727971,FALSE
1846,-0.09806166273655079,0.13176329617442517,-0.29915130575256155,-0.7442259383579707,FALSE
1847,-0.10800806971226201,0.1325850235268802,-0.3294942609023659,-0.8146325040276101,FALSE
1848,-0.14617423908506583,0.2269525486927734,-0.4459256886879772,-0.6440740142686942,FALSE
1849,-0.15202303965187142,0.11746262035067029,-0.4637683019765856,-1.2942248282732431,FALSE
1850,-0.09110627028130754,0.36730691734053694,-0.27793287362585456,-0.24803853665745493,FALSE
1851,0.005082389128979437,0.20570099101046652,0.015504564187958834,0.02470765504829694,FALSE
1852,-0.11177327099133906,0.07782574671500068,-0.3409805527683642,-1.436199146288372,FALSE
1853,0.005327310020771096,0.03065279398825264,0.016251730843519194,0.17379525086074474,FALSE
1854,0.005212958675186199,0.024057289090301484,0.015902885500786352,0.2166893641099306,FALSE
1855,0.0065614071321839825,0.03379302067773564,0.02001652283258082,0.19416456417898542,FALSE
1856,0.05211421932521988,0.061729545987477916,0.158981974447023,0.8442346123166281,FALSE
1857,0.0036633742384934273,0.027444331540004842,0.011175653729733523,0.13348382099062708,FALSE
1858,-0.005239787123130943,0.14261384832106702,-0.015984729567162695,-0.03674108219374737,FALSE
1859,-0.02870617300746449,0.12942668808099403,-0.08757233865606381,-0.22179485107044097,FALSE
1860,-0.10845468252531441,0.2931541545159241,-0.33085671797745536,-0.3699578561470572,FALSE
1861,-0.03333126451999965,0.04969834238751562,-0.10168185022856409,-0.670671553994778,FALSE
1862,-0.0027532425092095195,0.04330637002346914,-0.008399165063070979,-0.06357592445909106,FALSE
1863,-0.013292770061785078,0.03763145629173141,-0.04055152044214089,-0.3532356005235396,FALSE
1864,0.020866759678070723,0.05510659236339641,0.0636570728082611,0.37866176773309435,FALSE
1865,-0.04059675491391863,0.07072446565995634,-0.12384628103280976,-0.5740128898125306,FALSE
1866,0.03065721798066972,0.06704103790290684,0.09352428394261633,0.45729032454821894,FALSE
1867,0.01099165591952801,0.03001398446720624,0.033531638450222494,0.3662178186151082,FALSE
1868,-0.06301902508510715,0.09636893942792345,-0.1922486639055978,-0.6539350278129867,FALSE
1869,0.01033548623644365,0.04467709629075351,0.03152989779019221,0.2313374658277134,FALSE
1870,-0.012130120006867858,0.05104906271986588,-0.03700468804754664,-0.23761689951943799,FALSE
1871,-0.013374949145660847,0.055822017602024626,-0.040802219640593516,-0.23959988764676515,FALSE
1872,-0.014508251485038162,0.06309478985123294,-0.04425952257811335,-0.22994373258467482,FALSE
1873,-0.013987847102986652,0.06700377978696168,-0.042671953633577835,-0.2087620601025938,FALSE
1874,-0.014727475470642877,0.06822572259606385,-0.04492829709932578,-0.21586397197781457,FALSE
1875,-0.019527925465179303,0.06356737838323763,-0.059572765120671924,-0.3072004220065289,FALSE
1876,-0.12725452036866094,0.090384427056472455,-0.3882083463491135,-1.4079252866110656,FALSE
1877,-0.03301550142729258,0.12267805265968111,-0.1007185691780932,-0.26912312929257415,FALSE
1878,-0.07223735763879899,0.1989302571820605,-0.22037052257433096,-0.36312906172281034,FALSE
1879,-0.09171456921188191,0.13145976480340155,-0.2797885776215954,-0.6976626601229761,FALSE
1880,0.007132279404482555,0.19489819372812645,0.02175805138625071,0.03659489740798594,FALSE
1881,-0.07016943346711749,0.051941992232404255,-0.2140620203636579,-1.3509191783241221,FALSE
1882,-0.019453526279647686,0.06348516628030934,-0.059345799628984265,-0.3064263263287919,FALSE
1883,-0.13846282846594707,0.13522073959182726,-0.4224009136482032,-1.0239762693497039,FALSE
1884,-0.1929628159063212,0.17209995510804457,-0.5886610192930282,-1.1212252541563936,FALSE
1885,-0.12940980776054062,0.19025676295029745,-0.39478336271697806,-0.6801850601986094,FALSE
1886,-0.1447433464175118,0.1832162379267329,-0.44156054335038947,-0.7900137458088939,FALSE
1887,-0.08922899561713056,0.08922804345343527,-0.27220597535212765,-1.0000106711260097,FALSE
1888,-0.013826865002141808,0.11378774589315073,-0.042180854417772105,-0.12151453474722619,FALSE
1889,-0.0618040571604387,0.21380303218272864,-0.18854222827143458,-0.2890700685087446,FALSE
1890,-0.15759719446796064,0.08673914253750069,-0.48077306862203717,-1.816909757896503,FALSE
1891,-0.043130661508266534,0.1424868238087719,-0.13157633011825795,-0.30269929776911264,FALSE
1892,0.007846448684608097,0.020035775070278174,0.023936728217908085,0.39162191914640804,FALSE
1893,0.006814209991474609,0.043219197493830415,0.020787734571646954,0.1576662776407948,FALSE
1894,0.0234923196016682,0.08974696759063903,0.07166672364995565,0.26176170886155425,FALSE
1895,0.030568880859587273,0.06216907180684987,0.0932547987597143,0.4917056016946863,FALSE
1896,-0.0031033483591248927,0.0697255468889234,-0.009467213668724045,-0.044508053326117264,FALSE
1897,0.02390068070139067,0.27307545327536653,0.07291248833302781,0.08752409055708667,FALSE
1898,-0.04566241110745848,0.14013707741741474,-0.13929979897755657,-0.32584104042249734,FALSE
1899,-0.057404024689075905,0.1473338818961333,-0.17511929190232453,-0.38961862641713535,FALSE
1900,-0.04323293997439831,0.053244077527888393,-0.13188834539354335,-0.8119765048376243,FALSE
1901,-0.03521528089434697,0.15024103266038008,-0.1074293150656572,-0.23439189860969029,FALSE
1902,-0.04071572372165818,0.12364005831033559,-0.12420921261265383,-0.32930851277554424,FALSE
1903,-0.052070988168812095,0.07961892665071031,-0.15885009154265775,-0.6540026393127412,FALSE
1904,-0.10444519616228219,0.25662315769001964,-0.31862519907979436,-0.40699832821963666,FALSE
1905,0.028261745562307757,0.11272090335468261,0.08621654836227598,0.25072319970130647,FALSE
1906,0.019026898648349187,0.06279952980190318,0.05804431024555474,0.30297836159551256,FALSE
1907,0.005210293218016383,0.081191960900897725,0.01589475413761622,0.06417252595212014,FALSE
1908,-0.01659092045971065,0.0546156703388695,-0.05061300594599631,-0.30377582764745514,FALSE
1909,-0.014367707800783279,0.06264103389021768,-0.043830773712482986,-0.2293657513055034,FALSE
1910,-0.022913174592123168,0.06211646437898005,-0.06989995791306489,-0.36887441713242275,FALSE
1911,-0.01873141856098202,0.06661326873229122,-0.05714290544073062,-0.2811965081050263,FALSE
1912,-0.027708440826815586,0.062037390089691904,-0.08452861212417401,-0.4466409819425915,FALSE
1913,-0.08387542370733558,0.0945290384050473,-0.2558741288122825,-0.8872979681432698,FALSE
1914,-0.04492905538252022,0.28290512501158577,-0.13706259111697003,-0.1588131546951659,FALSE
1915,0.04028932750328971,0.3267370978751374,0.12290842918788596,0.12330809009843835,FALSE
1916,-0.09295027906989815,0.16026628345690236,-0.2835582895277661,-0.5799740099101609,FALSE
1917,-0.0515482328177903,0.11180447617941193,-0.15725535062675627,-0.4610569681939315,FALSE
1918,-0.01672642378541865,0.109952963676203,-0.051026378467817254,-0.15212344648276846,FALSE
1919,-0.23678401047402,0.2559740165755432,-0.7223439205281704,-0.9250314295245673,FALSE
1920,-0.1885813921506269,0.10586781856658477,-0.5752948515064126,-1.7812909976228521,FALSE
1921,-0.02950688263861806,0.10370905242646324,-0.09001501936332211,-0.2845159795432558,FALSE
1922,-0.09650368211084123,0.10234782949213987,-0.2943984601907813,-0.9428991566279629,FALSE
1923,-0.18303453310083836,0.22765397831068795,-0.5583733545496701,-0.8040032265592313,FALSE
1924,-0.10606426602756362,0.1628259804483192,-0.3235644062152556,-0.6513964524305648,FALSE
1925,-0.066827207743854,0.15715434635027709,-0.20386607669584367,-0.42523295916299153,FALSE
1926,-0.04358271783273895,0.12025396790722725,-0.1329553934133903,-0.36242228502898016,FALSE
1927,-0.11366592053376276,0.0871594497475812,-0.34675435433513085,-1.3041147100279524,FALSE
1928,0.0015203383813262908,0.03213608973561256,0.004638012443062244,0.04730937689788322,FALSE
1929,-0.0028570037692069086,0.027234747678625375,-0.008715703815816198,-0.10490289107576967,FALSE
1930,0.025624404609439648,0.08648132071652342,0.07817095778438823,0.29629987605570596,FALSE
1931,0.04764703131965389,0.12489441750754789,0.145354170393797,0.3814984870462636,FALSE
1932,-0.0255743406129072,0.08286339632167627,-0.07801823031153159,-0.3086325416065187,FALSE
1933,-0.032114622219055276,0.04622908651039819,-0.09797030666704899,-0.6946843349766778,FALSE
1934,0.02378509030503177,0.18451513685242055,0.07255986308644068,0.12890590284771938,FALSE
1935,-0.0864451700442654,0.10484537881481783,-0.2637135122236233,-0.8245014803842559,FALSE
1936,-0.0629098126098313,0.10341142741058688,-0.19191549543107364,-0.6083448820414487,FALSE
1937,-0.033494592937273505,0.1378756115540794,-0.10218010722248473,-0.24293341338425042,FALSE
1938,-0.044647622108962885,0.09706935646425027,-0.13620403815225968,-0.4599558886063717,FALSE
1939,-0.04924854486113161,0.07392705859952596,-0.15023981942057915,-0.6661775240905825,FALSE
1940,0.011191024572166851,0.04248691514727074,0.0341398414023106,0.263399320317228,FALSE
1941,-0.02110332100357792,0.09052391768600983,-0.06437873739604355,-0.23312425647304225,FALSE
1942,-0.023950275367349307,0.05493348542231317,-0.07306378404498966,-0.43598681538639567,FALSE
1943,-0.02741920182497893,0.06962932871093039,-0.08364624665474012,-0.39378811102446654,FALSE
1944,-0.02729870589935697,0.06921105571566852,-0.08327865638060299,-0.3944269541488425,FALSE
1945,-0.02587021001921062,0.06569290240182506,-0.07892082279016098,-0.39380525252134246,FALSE
1946,-0.029560323548137903,0.06896311662421875,-0.09017804859837002,-0.42863961194231737,FALSE
1947,-0.02713342099668047,0.07073087597258026,-0.08277443084457778,-0.3836149435954828,FALSE
1948,-0.07335480890494953,0.10329960816923703,-0.22377946951705077,-0.7101170101707591,FALSE
1949,-0.1455315729806078,0.08100093300265007,-0.4439651426504494,-1.7966653911979815,FALSE
1950,-0.02036328234117006,0.2042563383228245,-0.0621211422667273,-0.09969473901459135,FALSE
1951,-0.034568757245065154,0.08883902832041449,-0.10545700102890491,-0.3891167868291681,FALSE
1952,-0.027740890008567432,0.13872645832559807,-0.08462760305315453,-0.19996827096571693,FALSE
1953,-0.08834954954591628,0.09262542422657633,-0.2695230977300185,-0.9538369220290902,FALSE
1954,-0.03545632668808686,0.06882502119047161,-0.10816466017332865,-0.5151662298797166,FALSE
1955,-0.19061409045113759,0.10855871949767464,-0.5814958920948476,-1.7558616326090748,FALSE
1956,-0.12969904308852628,0.1000717332815229,-0.3956657169787973,-1.29606072399741,FALSE
1957,-0.023315696918129597,0.1364351963834354,-0.07112791057120901,-0.1708920977590234,FALSE
1958,-0.11335298897153374,0.12435616246479748,-0.34579971127851145,-0.9115188722844475,FALSE
1959,-0.08418633046121488,0.11686311862309344,-0.2568225948977511,-0.7203840822760547,FALSE
1960,-0.05236299515765972,0.12081934176707303,-0.15974090115739295,-0.4333991097105136,FALSE
1961,-0.04033284510818973,0.0901239460869463,-0.1230411859448669,-0.4475263995795187,FALSE
1962,-0.1210559196334845,0.10673247386564166,-0.3692986169806795,-1.1341995106931904,FALSE
1963,-0.018276567455157725,0.042907524574098015,-0.055755316260278985,-0.4259525021909733,FALSE
1964,0.0021501031753087974,0.02106967593086944,0.006559201164316088,0.10204728266174493,FALSE
1965,0.001787913713083825,0.021322979344697828,0.005454289749082322,0.08384915091747756,FALSE
1966,-0.03152695298883215,0.09706514580805121,-0.09617753656030346,-0.32480199484970124,FALSE
1967,-0.05030296311949018,0.09050726180156266,-0.1534564750431208,-0.5557892495939113,FALSE
1968,-0.02795629621535347,0.15072260137164664,-0.08528473088710091,-0.18548177885027203,FALSE
1969,-0.00941440766240207,0.18778637366393608,-0.02872001418801928,-0.050133603832459996,FALSE
1970,-0.011950949538794822,0.09538655790569633,-0.036458102583048206,-0.12528966136517994,FALSE
1971,-0.05828264498770003,0.12863907747447556,-0.17779965038553985,-0.4530710739842208,FALSE
1972,-0.04953192136283242,0.1356199614387469,-0.15110430048420478,-0.3652258918035723,FALSE
1973,-0.04987841740072139,0.13576596299462826,-0.15216133683541422,-0.3673852878920388,FALSE
1974,-0.04360071267923913,0.14501633598012226,-0.13301028929907205,-0.30066069718666444,FALSE
1975,-0.04621968513504333,0.11794206638958182,-0.14099984411611263,-0.39188464769111464,FALSE
1976,-0.005167644687555815,0.17763552062898075,-0.015764648618092417,-0.02909128010691758,FALSE
1977,0.01443255566615511,0.09109037872050457,0.04402860151857849,0.1584421523862467,FALSE
1978,-0.03108071879942491,0.07191112522239167,-0.09481623453148465,-0.43221015807088226,FALSE
1979,-0.03204940665028057,0.08837240613191372,-0.09777135712846363,-0.3626630534698844,FALSE
1980,-0.023303177640363337,0.06606357047841503,-0.07108971870104955,-0.35273869504187927,FALSE
1981,-0.024339523778806722,0.0664907045695099,-0.07425124270416446,-0.3660590444392418,FALSE
1982,-0.02425054720309005,0.05812926100537741,-0.07397980677228,-0.4171831326196747,FALSE
1983,-0.03712693908749218,0.18562505715583202,-0.11326110527472545,-0.20001038467734533,FALSE
1984,-0.12293277271296207,0.17466688021738627,-0.3750242291492172,-0.7038127237399721,FALSE
1985,-0.00596298052604413,0.14350464141055566,-0.018190935792467496,-0.041552527273208566,FALSE
1986,-0.07392812266421163,0.05256787159921997,-0.22552844618033593,-1.4063366161720083,FALSE
1987,-0.04152038913763802,0.10011140690152051,-0.12666396101449356,-0.4147418403427452,FALSE
1988,-0.03375068447193693,0.1653754976132323,-0.10296135154211818,-0.2040851574691583,FALSE
1989,-0.28620710487677914,0.1540240194427532,-0.8731162286078158,-1.8581978701260617,FALSE
1990,-0.2719058152875711,0.23909614432918475,-0.8294880732699759,-1.1372237559515572,FALSE
1991,-0.11380368850766108,0.10947036967690471,-0.34717463549427546,-1.0395843993543268,FALSE
1992,-0.04883177001750865,0.08715376376304827,-0.14896838739306412,-0.5602944486743153,FALSE
1993,-0.08782691373624246,0.05673562718795973,-0.2679287214923137,-1.5480028703178035,FALSE
1994,-0.08187042008962195,0.15333008857786498,-0.249757574865109,-0.5339488214542186,FALSE
1995,-0.10700193589475844,0.5080207306569916,-0.32642490396033014,-0.2106251368056959,FALSE
1996,-0.0077358130828389954,0.20044838585903194,-0.023599218289885922,-0.03859254365998892,FALSE
1997,-0.10961072770731542,0.08356136923566071,-0.3343834012505471,-1.311739248769249,FALSE
1998,0.0011319471198442612,0.032834789071130986,0.003453168644039787,0.03447401831612471,FALSE
1999,-0.006438495362932315,0.027381365966077632,-0.019641562677532493,-0.23514149626095612,FALSE
2000,-0.009646240665199814,0.201700323873025,-0.029427254342510683,-0.04782461663905083,FALSE
2001,-0.05081854079939018,0.11887203163299162,-0.1550293194336277,-0.4275062863928209,FALSE
2002,-0.023063008120865532,0.10939268413250011,-0.07035704679487603,-0.21082770117360716,FALSE
2003,-0.08631674168681017,0.10763949216664968,-0.26332172291721917,-0.8019058799829044,FALSE
2004,0.006958354248540423,0.162556656346246,0.021227467506155912,0.042805717126213,FALSE
2005,-0.051497599188398496,0.0446825883849897,-0.15710088540635467,-1.1525205018270197,FALSE
2006,-0.02878454380710183,0.03654786825653923,-0.08781142013184266,-0.7875847533720829,FALSE
2007,-0.05219623773051608,0.1561323342319788,-0.15923218347219542,-0.3343076755194333,FALSE
2008,-0.05587821700652699,0.05800431938462497,-0.17046459456369104,-0.9633457921642032,FALSE
2009,-0.039812650208971824,0.1362168406305898,-0.12145425605805749,-0.2922740684974543,FALSE
2010,-0.03675387384720356,0.14195972187337116,-0.11212301572322496,-0.2589035351871724,FALSE
2011,-0.0802115758789807,0.08595452078046598,-0.24469703032808027,-0.9331862379158257,FALSE
2012,-0.029784985828843702,0.058949508162478736,-0.0908634134264889,-0.5052626689734079,FALSE
2013,-0.04406069698389896,0.11799486351282557,-0.13441353804608092,-0.37341199160851385,FALSE
2014,-0.03074367263187383,0.07010187547286474,-0.09378802637849135,-0.438557063195466,FALSE
2015,-0.031057892232813276,0.07657745926891488,-0.09474659878376065,-0.4055748588334351,FALSE
2016,-0.030716997764167586,0.07660764050373894,-0.09370665083087762,-0.4009651982776888,FALSE
2017,-0.031285605739015614,0.08092469826334403,-0.09544127181720631,-0.3866014506128454,FALSE
2018,-0.03429599142188214,0.0743934831908905,-0.10462488937698351,-0.461008007030402,FALSE
2019,-0.04930161231556116,0.12343794848573286,-0.15040170937678166,-0.39940401570477746,FALSE
2020,0.04332895639592073,0.24805588361141623,0.13218125739473272,0.17467417327539095,FALSE
2021,-0.07936719093887552,0.14753411305691191,-0.24212111176478926,-0.5379582341628291,FALSE
2022,-0.05238171083678766,0.12322292876183014,-0.15979799604741343,-0.4250971094676136,FALSE
2023,-0.053673286932209165,0.12550902943882028,-0.163738136002639,-0.4276448250153377,FALSE
2024,-0.034239375574301185,0.07289062345709486,-0.10445217453351169,-0.4697363522271872,FALSE
2025,-0.19251966304537804,0.11104857811442964,-0.5873091173029988,-1.7336526618737684,FALSE
2026,-0.23283274324005773,0.14073116863874627,-0.710290007516388,-1.6544504354805305,FALSE
2027,-0.044995388541726765,0.06908559542469923,-0.1372649500270432,-0.6512991350095562,FALSE
2028,-0.10022496757967962,0.09386581457082532,-0.30575078051673577,-1.0677472734661677,FALSE
2029,-0.1348321151725858,0.144624860092209,-0.4113248968623144,-0.9322886472396267,FALSE
2030,-0.09717089404219272,0.11424935001693605,-0.2964338868285461,-0.8505159462858067,FALSE
2031,-0.024601805904805943,0.08284938068865477,-0.07505137231933341,-0.2969461654427897,FALSE
2032,-0.13163003289298572,0.11161717962343794,-0.40155648106823405,-1.1792990410353048,FALSE
2033,-0.015281542656032958,0.04534991631093172,-0.04661855930127709,-0.3369695889019601,FALSE
2034,-0.02109414889597862,0.05193865658547454,-0.06435075655329357,-0.40613582026836503,FALSE
2035,0.028709073143204793,0.09165990330325172,0.08758118594020484,0.3132129983622437,FALSE
2036,-0.048189715903442856,0.078159256136614,-0.14700970832087054,-0.6165580161000048,FALSE
2037,-0.05703889355845911,0.21703322267316286,-0.17400540650158058,-0.262811807592959,FALSE
2038,-0.045879961047055245,0.13519400542403393,-0.1399634665789474,-0.3393638712245669,FALSE
2039,-0.09216641986861655,0.1163834561313164,-0.28116701349750417,-0.7919202860295232,FALSE
2040,-9.77589558062572e-4,0.2040163154002384,-0.002982278544166306,-0.004791722447024595,FALSE
2041,-0.06417275900970897,0.07093558029298475,-0.19576829635322318,-0.9046624944020568,FALSE
2042,-0.05068177442102435,0.063317369912044,-0.15461209378672933,-0.8004402976849463,FALSE
2043,-0.04438357765103206,0.1547878968331352,-0.13539853228827137,-0.28673803675282533,FALSE
2044,-0.038671929638614905,0.18100123676643515,-0.11797432273245333,-0.21365560992556834,FALSE
2045,-0.050689197199680465,0.14678405696404614,-0.15463473804815953,-0.3453317631907154,FALSE
2046,-0.12034037334229974,0.15927703418711958,-0.36711573937733516,-0.7555412740855231,FALSE
2047,-0.022239582089359923,0.06005156988837853,-0.06784506641802547,-0.3703413937503711,FALSE
2048,-0.02832151842061615,0.05869487483936645,-0.0863988941242437,-0.48252114853511885,FALSE
2049,-0.03919005056709506,0.11153106810502429,-0.11955492567112648,-0.35138236576548676,FALSE
2050,-0.0370595133189025,0.08840656718019917,-0.11305541320147189,-0.41919412212176577,FALSE
2051,-0.030878947271581008,0.09599770502757109,-0.09420070126054314,-0.32166339041868136,FALSE
2052,-0.019414033115823466,0.07177414806616905,-0.059225320012418356,-0.2704878238042692,FALSE
2053,-0.029425942959299407,0.09217831594226636,-0.08976810114799041,-0.31922847210323985,FALSE
2054,-0.03265620066349812,0.09305027210604748,-0.09962247015583033,-0.35095223178155266,FALSE
2055,-0.027253085159618537,0.06468918999286007,-0.08313948370617245,-0.4212927254557761,FALSE
2056,-0.03681896494247379,0.08516762557524901,-0.11232158553735576,-0.4323117463212915,FALSE
2057,-0.12100718364899285,0.12201175954941762,-0.36914994080090696,-0.9917665649267364,FALSE
2058,-0.005470487167021178,0.15337936617741105,-0.01668851346640524,-0.035666382665146545,FALSE
2059,-0.09860457426475161,0.10408760472462542,-0.30080753600643484,-0.947322925968181,FALSE
2060,-0.017891963681700894,0.13225794861676304,-0.05458202674206966,-0.13528081955622573,FALSE
2061,-0.04198663531924608,0.10462766480954551,-0.12808631252412395,-0.40129573182842854,FALSE
2062,0.09246117554292543,0.19892111497583928,0.28206620837536756,0.46481327813870166,FALSE
2063,-0.22181490662647757,0.2316601664149008,-0.6766785010668613,-0.9575012832772014,FALSE
2064,-0.13642669719399453,0.11887805773591623,-0.41618940028314183,-1.1476188271603667,FALSE
2065,-0.07096396969728434,0.10075435494466008,-0.21648586821703047,-0.7043265746305628,FALSE
2066,-0.1317697605541073,0.09008034338450789,-0.40198274053710076,-1.4628026004702064,FALSE
2067,-0.13614463575711808,0.20869035953310616,-0.41532893101524127,-0.6523762576369533,FALSE
2068,-0.06288641797868867,0.09858908577293266,-0.1918441267202175,-0.6378638921911369,FALSE
2069,-0.06222787231385513,0.12040505640537212,-0.1898351377837163,-0.5168210885126807,FALSE
2070,8.483192802764679e-4,0.0384830477972177,0.0025879208378463284,0.022043973355400422,FALSE
2071,-0.002609530223148604,0.029985130933693167,-0.00796074991868057,-0.08702747468133856,FALSE
2072,0.003570666923307263,0.054398826871639175,0.010892836636724777,0.06563867510843013,FALSE
2073,1.4880786109115757e-4,0.04719065352254196,4.539599340800591e-4,0.003153333340045296,FALSE
2074,-0.005832679951790861,0.09793086731695877,-0.017793435017542894,-0.05955915751172777,FALSE
2075,-0.047597411293938616,0.1496777020243669,-0.14520279731822436,-0.3179993455951773,FALSE
2076,-0.022090117183188252,0.1041905326765218,-0.06738910207275874,-0.21201654906373293,FALSE
2077,-0.036382567259255934,0.09332918899549333,-0.11099029119541969,-0.3898305305215153,FALSE
2078,-0.0687741982247075,0.23499942198683407,-0.20980565316621116,-0.29265688248612204,FALSE
2079,-0.058702807202199024,0.05615445330552204,-0.1790814160785502,-1.04538115406114,FALSE
2080,-0.06392292725733982,0.06327022629837352,-0.19500614840616595,-1.0103160838383642,FALSE
2081,-0.050352880330389614,0.08776807967850735,-0.15360875472514302,-0.573703794304617,FALSE
2082,-0.07820375573584604,0.25505225770709605,-0.2385718841621551,-0.30661855903136453,FALSE
2083,-0.027208753726256724,0.15749753867282842,-0.0830042442475912,-0.17275669166346658,FALSE
2084,-0.10693615388862189,0.08167110074965643,-0.3262242264225278,-1.3093512014293716,FALSE
2085,-0.04635263683211955,0.15041535800225167,-0.14140543252520602,-0.30816425561694083,FALSE
2086,5.742447182812987e-4,0.03723997808259105,0.0017518166886163974,0.015420114292434202,FALSE
2087,-0.034079078562433675,0.08497011751566558,-0.10396316528086186,-0.401071336121792,FALSE
2088,-0.013843675078013111,0.09242762450591069,-0.04223213598904436,-0.14977854458574577,FALSE
2089,-0.019705703952348608,0.06336694586224112,-0.06011510414580442,-0.3109776506380557,FALSE
2090,-0.017354191376489803,0.06926116164496712,-0.05294147443230855,-0.2505616562633966,FALSE
2091,-0.018434810134210895,0.06829495371153448,-0.056238058473122327,-0.26992931589171576,FALSE
2092,-0.018708498165033057,0.06722518067919442,-0.05707298345302255,-0.2782959893304261,FALSE
2093,-0.0189356664131008,0.061461420888394055,-0.05776599309755162,-0.308090280689825,FALSE
2094,-0.016442115094274404,0.05480253696528104,-0.05015905362527304,-0.30002470697097383,FALSE
2095,-0.027588505189635786,0.09427483710645633,-0.08416273109108369,-0.2926391180976797,FALSE
2096,-0.029249757148690454,0.15074724152264718,-0.0892306208133938,-0.19403179025532072,FALSE
2097,-0.06032802257825817,0.08578693792842217,-0.1840393709847749,-0.7032308651533165,FALSE
2098,-0.04315908295273629,0.08836949910190361,-0.1316630338512687,-0.4883934320253103,FALSE
2099,-0.05010061515842159,0.167500718765492,-0.15283918327913487,-0.2991068666909098,FALSE
2100,-0.12243720721237063,0.10561011409227622,-0.3735124348103211,-1.159332212304892,FALSE
2101,-0.16170725723764742,0.1095694603009628,-0.4933114104160164,-1.4758424180741034,FALSE
2102,-0.017796753631967192,0.15309011541948173,-0.05429157469481932,-0.11625018103358513,FALSE
2103,-0.06703695211521546,0.10075105773328667,-0.20450593228074843,-0.6653721918501252,FALSE
2104,-0.07118467795477201,0.07340920046162804,-0.2171591707246087,-0.9696969522502998,FALSE
2105,-0.09490267826190066,0.14066376249835819,-0.28951436605490927,-0.6746775187604438,FALSE
2106,-0.05877576860553614,0.06907422169528415,-0.1793039954074004,-0.8509074320782233,FALSE
2107,-0.004561666522735557,0.10446569335939794,-0.013916024454431845,-0.04366664668602595,FALSE
2108,-0.09157683849197716,0.06516982722708074,-0.2793684101111542,-1.4052030270524212,FALSE
2109,-0.0147053881771678,0.04019622343391706,-0.04486091661138361,-0.3658400446833914,FALSE
2110,0.0031753828798933097,0.020417381649221786,0.009686965408045714,0.1555235110185806,FALSE
2111,0.01568884073467402,0.04845122396268941,0.04786108108456894,0.3238069021074771,FALSE
2112,0.021374119257258378,0.09352901860834943,0.06520484669220815,0.2285292797389653,FALSE
2113,0.019507444761694404,0.10412319945375242,0.059510285768198584,0.18734964795582248,FALSE
2114,0.004836833775411937,0.13978879531576205,0.014755462014853735,0.034601011937231814,FALSE
2115,-0.046977907937326806,0.08265704926609142,-0.14331291259797024,-0.5683472656529811,FALSE
2116,-0.0034493476399025734,0.2313815590920742,-0.010522734590413559,-0.014907616896686078,FALSE
2117,-0.027693694815006942,0.0825840566390155,-0.08448362727929074,-0.33533948248702894,FALSE
2118,-0.026225339475463783,0.07755278795660617,-0.08000419663458319,-0.33816114373783557,FALSE
2119,-0.0409908259520627,0.061909021800263496,-0.12504845181321736,-0.6621139336413847,FALSE
2120,7.40366014096338e-4,0.052550198691852096,0.002258593763056656,0.014088738625666352,FALSE
2121,-0.07919810334725304,0.05438163525194034,-0.24160528557534033,-1.4563391295672237,FALSE
2122,0.015822358702786865,0.1621275028005071,0.048268396985480126,0.09759207062021913,FALSE
2123,-0.13047363588238065,0.1541248760836268,-0.39802872449102555,-0.8465449523643854,FALSE
2124,-0.05926447330305267,0.06351501959437864,-0.1807948598727751,-0.9330780921037115,FALSE
2125,-0.05095078511945887,0.14402429994279725,-0.15543274988670078,-0.3537651989261202,FALSE
2126,0.004373250133975112,0.041412711847089355,0.013341232969666819,0.10560163628314721,FALSE
2127,-0.017550845064363725,0.05194336689154766,-0.053541394991136824,-0.3378842403690939,FALSE
2128,-0.04609061520093363,0.12068606796550757,-0.14060609758719597,-0.3819050200070025,FALSE
2129,-0.013669310949809221,0.061074113446227096,-0.041700212960482874,-0.22381513506281858,FALSE
2130,-0.015498055229977568,0.064792810269479445,-0.04727906226849056,-0.2391940581913284,FALSE
2131,-0.014841835318799346,0.06314195390633189,-0.045277168380384744,-0.23505505294968396,FALSE
2132,-0.015499044712195232,0.057320978672907634,-0.047282080827315415,-0.2703904411792737,FALSE
2133,-0.08905249375801079,0.11390134245995552,-0.2716675308657713,-0.7818388425871198,FALSE
2134,-0.036977337782691605,0.17359485713056988,-0.11280472482568482,-0.21300940819277261,FALSE
2135,-0.0036982154883217462,0.18634278925275197,-0.011281942008856368,-0.019846303166072898,FALSE
2136,-0.050077511233224514,0.08854027815597812,-0.15276870140887247,-0.565590172926776,FALSE
2137,-0.009453332312027414,0.22848103334197867,-0.028838759469676047,-0.04137469169214651,FALSE
2138,-0.04966376658784989,0.05617050060660286,-0.1515065134400179,-0.8841610106998388,FALSE
2139,-0.060726206058185024,0.07292954455428184,-0.18525408736450052,-0.8326694816116148,FALSE
2140,-0.2360382981339829,0.1503944861436304,-0.7200690170234519,-1.5694611164704573,FALSE
2141,-0.025826623274454712,0.07501730385129934,-0.07878785511203519,-0.34427554642124586,FALSE
2142,-0.08745618755250019,0.09589784767551213,-0.26679776757160456,-0.911972371355238,FALSE
2143,-0.1334312328975222,0.09128092057796178,-0.407051302573823,-1.4617647593021417,FALSE
2144,-0.07247056583883892,0.08879907483740454,-0.22108195796719776,-0.8161184783910876,FALSE
2145,0.0034605882448588664,0.02988277969379256,0.010557025683959033,0.11580543310626895,FALSE
2146,-0.004229139848731039,0.03335195579137814,-0.012901603671120674,-0.12680335375787227,FALSE
2147,-0.08417032289663971,0.05966453977262397,-0.2567737615034261,-1.4107260898584824,FALSE
2148,0.02774262222703948,0.06433847026183007,0.08463288743650375,0.43119803927788253,FALSE
2149,0.010764265325071845,0.06327985939539715,0.03283795050583015,0.1701057086396563,FALSE
2150,-0.03753030721922871,0.05893163128030732,-0.11449163818575857,-0.6368448726748532,FALSE
2151,-0.004965543395393615,0.08410565219614997,-0.015148109353333784,-0.059039354261388365,FALSE
2152,-0.006667059976398085,0.03626072664520868,-0.02033883213696242,-0.18386448902780161,FALSE
2153,-0.017676357159302384,0.057620198132492036,-0.053924287816333065,-0.3067736268219231,FALSE
2154,-0.04380098690951439,0.05476510933334193,-0.13362125484690687,-0.7997973060349137,FALSE
2155,0.006255568533467232,0.2911845644110639,0.019083517888523843,0.021483173553926007,FALSE
2156,-0.04413324139051704,0.12514046787052782,-0.13463484526604053,-0.35266962111870914,FALSE
2157,-0.009983294978741477,0.11637092185371672,-0.030455487346028164,-0.08578857002860998,FALSE
2158,-0.031288357164266395,0.18992196461865543,-0.09544966543845933,-0.1647432261302179,FALSE
2159,0.0042514042272573625,0.05714837886550428,0.012969524382661255,0.07439238542991429,FALSE
2160,-0.024985068426725397,0.04065195164957498,-0.07622057015545668,-0.6146093216409357,FALSE
2161,-0.018987703010518085,0.14430986312220528,-0.057924738275125474,-0.13157592003561677,FALSE
2162,-0.022954215196600597,0.10068030174345503,-0.07002515822147981,-0.22799112437198066,FALSE
2163,-0.0186453566771135,0.16939742408859212,-0.05688036119850254,-0.11006871431151324,FALSE
2164,-0.06352136899698861,0.06169755455246639,-0.1937811367699415,-1.0295605629388647,FALSE
2165,-0.08603372837662689,0.08848985801957297,-0.2624583498219236,-0.9722439418718152,FALSE
2166,-0.004382545897779242,0.05495017058990738,-0.013369591043580412,-0.0797549097797374,FALSE
2167,8.431015722072328e-4,0.0874665119756527,0.002572003463631078,0.009639135632182518,FALSE
2168,-0.01633894942746698,0.06130021575986569,-0.04984433181582149,-0.2665398355443371,FALSE
2169,-0.015968768307168126,0.059478186020645064,-0.04871504069009523,-0.2684810915656593,FALSE
2170,-0.014297286391933804,0.05973995240404902,-0.0436159430047185,-0.2393253729971966,FALSE
2171,-0.014272340920959345,0.05876529377933817,-0.043539843232326604,-0.24287023858932003,FALSE
2172,-0.017570022434730184,0.059768752313356086,-0.05359989833715329,-0.2939666925388359,FALSE
2173,-0.013718926204567852,0.06303750989607047,-0.041851571481561246,-0.21763115686495477,FALSE
2174,-0.07267324354771977,0.20334653486188084,-0.22170025567464674,-0.3573861910018858,FALSE
2175,-0.03817510546698216,0.17590964819389213,-0.11645868863523572,-0.21701541591911197,FALSE
2176,0.002541558725970373,0.1661943416144299,0.007753393021322504,0.015292691082508558,FALSE
2177,-0.017636510996626692,0.1954076100266106,-0.05380273132564122,-0.0902549854339089,FALSE
2178,-0.004095571083845577,0.0917097469527519,-0.012494132807297054,-0.044657969517194085,FALSE
2179,-0.03848038729819421,0.07287737995022363,-0.11738999507937556,-0.528015514889214,FALSE
2180,-0.09726445079312811,0.07162250092465143,-0.29671929524834295,-1.358015282033402,FALSE
2181,-0.07095577036352746,0.12618145599290193,-0.21646085496178655,-0.5623312063186126,FALSE
2182,-0.08809279168198368,0.16399972634663393,-0.2687398206764361,-0.5371520650942341,FALSE
2183,-0.15111826764236438,0.13511330183434797,-0.4610081639114219,-1.1184558854733553,FALSE
2184,0.004150459285296993,0.06600131868672618,0.01266157721601276,0.0628844903083991,FALSE
2185,0.006153823484431952,0.021494742525126103,0.018773129879353187,0.2862943567357688,FALSE
2186,-0.01857081110647794,0.1754067102778632,-0.056652949137852404,-0.10587286585022755,FALSE
2187,-0.11381014931159195,0.0902909209047592,-0.3471943451124707,-1.260482761402349,FALSE
2188,-0.008782068109369797,0.13393580979400196,-0.026790970791347526,-0.06556923143166066,FALSE
2189,-0.023760188703571276,0.06961266598859872,-0.07248389714435534,-0.3413199073206413,FALSE
2190,-0.08260241123217692,0.06021906597554058,-0.2519906198694847,-1.3716986455041975,FALSE
2191,0.005216511887891462,0.08153430180429003,0.015913725090802806,0.0639793531367063,FALSE
2192,4.983725609642295e-4,0.01728174313335977,0.0015203576831471272,0.028838095620238518,FALSE
2193,-0.0515850890045113,0.15659077245256842,-0.15736778576272034,-0.3294261098311939,FALSE
2194,-0.014002872622563155,0.1783182727836178,-0.04271779115739178,-0.07852741283309249,FALSE
2195,-0.0173771754935012,0.046544623515351206,-0.05301159081034715,-0.3733444204950957,FALSE
2196,-0.06095048950220784,0.11586643618724632,-0.185938296496446,-0.5260409442792269,FALSE
2197,-0.010879037200549894,0.10916547545207124,-0.03318807873591299,-0.09965639003996553,FALSE
2198,-0.017990749054525083,0.09665613749375998,-0.05488338583026912,-0.1861314710168979,FALSE
2199,-0.02668255436699201,0.1276513994868209,-0.08139899688570318,-0.20902672805985803,FALSE
2200,-0.037946790150091565,0.1265837013214384,-0.1157621796911173,-0.299776272568709,FALSE
2201,0.0033047772677830193,0.23405184216106634,0.010081701730213258,0.01411985155625815,FALSE
2202,0.04332689374186872,0.20861519121704147,0.13217496496978545,0.20768810501816135,FALSE
2203,-0.08045824989054579,0.1840063382906206,-0.24544954512943712,-0.4372580349024151,FALSE
2204,-0.0673908819935602,0.07259771777904725,-0.2055856466390102,-0.9282782442096298,FALSE
2205,0.01592086707529253,0.08081653912548642,0.04856891104408629,0.1970001097247148,FALSE
2206,-0.015447561296377414,0.05504408877109242,-0.04712502321033538,-0.28063978605619194,FALSE
2207,-0.012816231212694422,0.062020456562088676,-0.03909776965953095,-0.20664522519056425,FALSE
2208,-0.012564800012370604,0.06293287397576904,-0.03833074236481867,-0.1996539998667217,FALSE
2209,-0.011003151021305719,0.05920877728737963,-0.03356670592318386,-0.1858364844776324,FALSE
2210,-0.01099835199515006,0.06048274754895085,-0.03355206579878924,-0.18184279717532176,FALSE
2211,0.005273149397730883,0.11459396809822162,0.01608650601813172,0.046015942071323715,FALSE
2212,0.019489561308494746,0.07100916617472651,0.059455729703914675,0.2744654297240776,FALSE
2213,-0.03401010591333925,0.11143100141590888,-0.1037527542245733,-0.3052122432822691,FALSE
2214,0.0035590062562174903,0.17648975077519213,0.010857264082797939,0.020165512391429778,FALSE
2215,-0.04837429909148711,0.1040002176522168,-0.14757280607163742,-0.46513651782204707,FALSE
2216,-0.008966044369961264,0.3215181233401545,-0.027352217022010277,-0.027886590892033526,FALSE
2217,-0.051913962341772125,0.08912227255769303,-0.15837106151313354,-0.5825026769617637,FALSE
2218,-0.0490717757493553,0.07515044130278956,-0.14970055964128426,-0.6529805400827868,FALSE
2219,-0.09126558485395914,0.11954584098046664,-0.27841888580537655,-0.763435884556382,FALSE
2220,-0.06374432987999909,0.11968823125029061,-0.19446131123795476,-0.5325864474235374,FALSE
2221,-0.050814209928650905,0.06904983686543234,-0.15501610748513991,-0.735906299499014,FALSE
2222,-0.0012340138432094085,0.06567517111552554,-0.0037645379673460757,-0.01878965554636658,FALSE
2223,7.178627716689636e-4,0.015783006064512956,0.002189944362588084,0.04548327287810087,FALSE
2224,0.0011513393268328211,0.02547274432340799,0.00351232738028962,0.04519887265443977,FALSE
2225,0.007326000505252595,0.05616648465237992,0.022349025663352992,0.1304336661016611,FALSE
2226,-0.10438955119634555,0.08598625110479931,-0.31845544605140425,-1.214026078065858,FALSE
2227,0.020060469301051948,0.06711340936003636,0.06119736722740735,0.29890404156694866,FALSE
2228,-0.05631142611905519,0.061618353671432896,-0.17178616170889524,-0.9138742397975155,FALSE
2229,-0.044256144446408206,0.06481373338648912,-0.13500977883972057,-0.6828204785320038,FALSE
2230,-0.00376492800878498,0.0893873424494229,-0.011485458215390995,-0.04211925207324795,FALSE
2231,-0.001002164335155152,0.03035379572740051,-0.003057247461179002,-0.03301611252033609,FALSE
2232,-0.010517772153907146,0.1507297784841296,-0.03208598738430821,-0.06977899297460034,FALSE
2233,0.04108775247361364,0.2555485971797822,0.1253441402063656,0.16078253970890635,FALSE
2234,-0.02663657170922668,0.1020246028723899,-0.0812587201279102,-0.26107988621669137,FALSE
2235,-0.06906910018907197,0.06466910453956097,-0.21070529432307833,-1.068038604845987,FALSE
2236,-0.03076103037479731,0.1383464496477781,-0.09384097868743216,-0.22234781198298242,FALSE
2237,-0.06731001518733376,0.18791282218531652,-0.20533895073360145,-0.3581980963542431,FALSE
2238,-0.08292106744535846,0.09109067773330339,-0.2529627268030121,-0.9103134317227936,FALSE
2239,-0.04118212059057444,0.06159471888140441,-0.1256320238157439,-0.6685982392397511,FALSE
2240,-0.0142065815154193,0.0689220222367142,-0.043339234640917476,-0.20612543065881733,FALSE
2241,0.03065747974716419,0.15062074523467028,0.09352508249922284,0.20354088475262283,FALSE
2242,-0.0744405771801281,0.13635689705002052,-0.22709176290674168,-0.5459245464702872,FALSE
2243,0.029984398735329924,0.054785809690407604,0.09147175138134832,0.5473022832877811,FALSE
2244,-0.008205698029171857,0.06142011519037856,-0.025032670378359982,-0.13359952197643024,FALSE
2245,0.010132865688427422,0.07967701302889796,0.03091177446024013,0.1271742664945578,FALSE
2246,0.004624742984093086,0.04518708521608075,0.014108448336005726,0.10234656566091756,FALSE
2247,-0.0075088576030975665,0.061064609249334496,-0.022906857725954334,-0.12296578485318647,FALSE
2248,-0.00898605147420765,0.0655265094705557,-0.027413251591408856,-0.1371361231784447,FALSE
2249,-0.009733838459154251,0.06402095300044311,-0.029694484100922135,-0.1520414489782256,FALSE
2250,-0.0059091030272049655,0.06791579544738353,-0.018026574678463966,-0.08700631404343825,FALSE
2251,-0.008110654946496423,0.05802198615892405,-0.024742727688304954,-0.1397858895123149,FALSE
2252,-0.07104265065764126,0.15586944986967602,-0.21672589588300908,-0.45578303328228026,FALSE
2253,-0.01690329889717556,0.1794838690734524,-0.051565961615406365,-0.09417725940740677,FALSE
2254,0.056634181322662694,0.09386096260885832,0.1727707732064283,0.6033837683795258,FALSE
2255,-0.02962030457904901,0.07271592689784366,-0.09036102942101473,-0.4073427355283754,FALSE
2256,-0.07664138253719165,0.14527026928772588,-0.2338056384203719,-0.5275778926615317,FALSE
2257,-0.029711701723099657,0.08984385027876837,-0.09063984964720508,-0.3307037891954753,FALSE
2258,-0.026155642047402387,0.12659602617110263,-0.0797915745350765,-0.20660713324485686,FALSE
2259,-0.10181027653727211,0.08773193255850674,-0.31058699511325066,-1.1604700086753108,FALSE
2260,-0.029089681969415766,0.06614870762000412,-0.08874228829319934,-0.4397619094317531,FALSE
2261,-0.02141007359397165,0.05587393365940985,-0.06531453060409673,-0.3831853637597956,FALSE
2262,0.012091635595522046,0.06512375765895129,0.036887285776527154,0.18567165087194637,FALSE
2263,9.039920663105483e-4,0.023307832441071603,0.0027577587354732716,0.03878490497115425,FALSE
2264,0.002603233898899739,0.021458983922209802,0.007941542069579033,0.12131207648678191,FALSE
2265,0.010541705992008012,0.032457731926785444,0.03215900102409096,0.3247825823377562,FALSE
2266,-0.10703728932876917,0.06844377763766948,-0.32653275473148785,-1.5638717356515244,FALSE
2267,-0.016792094544199904,0.08204238052962441,-0.051226716629448804,-0.20467585698755417,FALSE
2268,0.003276570114233901,0.04196439408143328,0.009995651722694503,0.07807976704907521,FALSE
2269,-0.07235476855442728,0.04394691053969917,-0.22072870157863939,-1.6464130849213177,FALSE
2270,0.05573008157165366,0.11530148804001537,0.17001268596318492,0.4833422579274306,FALSE
2271,0.0017017031219626706,0.02237436074294526,0.005191291853840835,0.07605594374352016,FALSE
2272,0.027873174347740514,0.07873054990786327,0.08503115559030208,0.3540325119075113,FALSE
2273,-0.024886141436141804,0.16665354941418178,-0.07591877904176977,-0.14932860130264983,FALSE
2274,0.02030789779894063,0.04112861587329401,0.06195218369857662,0.49376565118319804,FALSE
2275,-0.061027670049226525,0.0600711055393443,-0.18617374693421154,-1.0159238705746094,FALSE
2276,-0.006783627685263891,0.05129377457219106,-0.020694438816909043,-0.13225050684691936,FALSE
2277,-0.05201016851506413,0.15878203899539553,-0.1586645523795803,-0.32755700105710545,FALSE
2278,-0.07232061243386141,0.18994113757071387,-0.22062450338556802,-0.38075276034891026,FALSE
2279,-0.045298339279346005,0.08121571007679751,-0.13818914513253489,-0.5577534104733177,FALSE
2280,-0.048070496728760376,0.06740413178563731,-0.1466460129604031,-0.7131683986619258,FALSE
2281,-0.03065115390685679,0.08270741459131048,-0.09350578460710954,-0.370597413282909,FALSE
2282,-0.06664762468708273,0.16115855911766896,-0.20331823256976053,-0.4135531184441799,FALSE
2283,2.972829947211534e-4,0.04472615003293612,9.069048348465012e-4,0.006646737859221857,FALSE
2284,-0.056263253577549695,0.05642315676607976,-0.1716392043935629,-0.9971660006689631,FALSE
2285,-0.008861907612382362,0.047542552598818795,-0.027034532759504345,-0.18639949114979867,FALSE
2286,-0.01293977711354734,0.0625440061991366,-0.0394746643248786,-0.20689076219946348,FALSE
2287,-0.012927158174988294,0.0646386010799072,-0.03943616842503554,-0.1999913048707157,FALSE
2288,-0.014616462808402361,0.06398006063520435,-0.044589636893720884,-0.22845340662837393,FALSE
2289,-0.10423582688339326,0.17310654031730247,-0.31798648776880667,-0.6021484034764376,FALSE
2290,-0.0895394959647509,0.17166677868830685,-0.27315320163643814,-0.5215889565174786,FALSE
2291,0.01628319852407482,0.09396775363267292,0.04967425560987895,0.17328496100616686,FALSE
2292,-0.052534010919296964,0.046077536280822194,-0.16026260950875443,-1.1401219587593705,FALSE
2293,-0.04207167317779864,0.09314816204916387,-0.1283457328288025,-0.45166401840106185,FALSE
2294,-0.10550936802821208,0.1594969144710227,-0.321871609494977,-0.6615135369742902,FALSE
2295,-0.04539751382367784,0.061067827253736426,-0.13849169144478732,-0.7433949407607293,FALSE
2296,-0.20978212112638156,0.20530584463891885,-0.6399707460304733,-1.0218029666682669,FALSE
2297,-0.2410520986567267,0.13189513328245384,-0.735364341733489,-1.8276041932533846,FALSE
2298,-0.0408634329416524,0.09815330254920245,-0.12465982098293688,-0.41632254728431894,FALSE
2299,0.027226070119671857,0.09732273154772104,0.0830570704138676,0.2797503695867997,FALSE
2300,-0.0029067275008268683,0.0317597341041884,-0.0088673932612722,-0.09152241298026283,FALSE
2301,0.028563856252321624,0.05043626099445065,0.08713818078087222,0.5663357213466799,FALSE
2302,0.014463729282678054,0.042314500314888995,0.044123701151071185,0.3418149611845652,FALSE
2303,-8.129540066013724e-4,0.09847357668328507,-0.0024800339480775487,-0.008255554779085864,FALSE
2304,-0.09359544902829865,0.08636281788300808,-0.28552647393441194,-1.0837470490493757,FALSE
2305,0.008770857050497757,0.060834293171017885,0.02675676983241162,0.14417619722877437,FALSE
2306,-0.05948788647490692,0.05706979328869607,-0.1814764141134173,-1.0423708068115574,FALSE
2307,0.004401093327963076,0.06561988900663383,0.013426172665827168,0.06706950277709474,FALSE
2308,-0.006273983481305671,0.06089045068621749,-0.019139695354186793,-0.10303723179250146,FALSE
2309,-0.005397492352934742,0.04026009734222085,-0.0164658322132249,-0.1340655564504654,FALSE
2310,0.03428274020437363,0.0990146247745094,0.10458446461862374,0.3462391569169434,FALSE
2311,0.01994974965666391,0.1298148154811746,0.060859600915203114,0.1536785272368004,FALSE
2312,-0.13150620060835355,0.133078544158645,-0.401178712747687,-0.9881848455719726,FALSE
2313,-0.04098726153127557,0.14089404790312368,-0.12503757803132376,-0.29090839635367494,FALSE
2314,-0.037323536379578644,0.13962679624984453,-0.11386085379003553,-0.26730926571424646,FALSE
2315,0.01297142638959285,0.048610488452266426,0.039571215025640975,0.2668441894454584,FALSE
2316,0.010853777273670708,0.05236225988475164,0.0331110196702369,0.20728244536350549,FALSE
2317,-0.04678782611525654,0.08566841833635563,-0.14273304046766677,-0.546150226931421,FALSE
2318,-0.03403112446685447,0.060330587377205806,-0.1038168743664681,-0.5640774596488043,FALSE
2319,-0.05903071628601426,0.05351504194821522,-0.18008175023416195,-1.1030677382844318,FALSE
2320,-0.03467718204229629,0.12718413557883512,-0.1057877665774638,-0.2726533610852875,FALSE
2321,2.771713929804149e-4,0.040698221952977655,8.45551480705639e-4,0.006810405459497865,FALSE
2322,0.00871514538695027,0.04561103417264813,0.02658681333329888,0.19107537342743566,FALSE
2323,-0.04927404435887437,0.05334557098384837,-0.15031760933187482,-0.9236763886882614,FALSE
2324,3.105954499162575e-4,0.04474910243572044,9.475164076390916e-4,0.006940819659174402,FALSE
2325,-0.010520806668816057,0.05428856927392048,-0.032095244611566986,-0.19379414137314752,FALSE
2326,-0.014596141763634364,0.05341072729248987,-0.04452764460328895,-0.2732810898399195,FALSE
2327,-0.017205707140360876,0.0551195933571818,-0.05248850176305069,-0.31215228727951166,FALSE
2328,-0.012653606393140846,0.06220476417200935,-0.03860165909236744,-0.20341860565777478,FALSE
2329,-0.01370872574862748,0.06146034889887079,-0.04182045351324745,-0.22304991745465588,FALSE
2330,-0.013743848607818772,0.06160304348919438,-0.04192760088252128,-0.2231034025166231,FALSE
2331,-0.017980546101843308,0.05904378804515016,-0.05485226024528404,-0.3045290063045036,FALSE
2332,-0.011847966610627637,0.06159861787293631,-0.036143938244287174,-0.1923414358917476,FALSE
2333,-0.014079811977363894,0.052119866398521224,-0.042952505803361386,-0.27014290231878596,FALSE
2334,-0.0642021178110595,0.05681382628857446,-0.1958578596291686,-1.1300438996127051,FALSE
2335,0.017450533846978346,0.1268236981853391,0.05323538109309509,0.13759679063668592,FALSE
2336,-0.06018377181890145,0.06167957556975569,-0.1835993131496014,-0.9757487995493326,FALSE
2337,-0.04111274149787976,0.23218776994657087,-0.12542037284438212,-0.17706678309258186,FALSE
2338,-0.04203922002303763,0.0776869684901365,-0.12824672977958204,-0.5411360597546695,FALSE
2339,4.824236277957913e-4,0.16391066932520248,0.0014717031524207147,0.0029432106511544523,FALSE
2340,-0.04289036108340222,0.15096731138935854,-0.1308432588663031,-0.2841036293796347,FALSE
2341,-0.028991768222068892,0.10142330467279695,-0.08844358822476754,-0.2858491775198966,FALSE
2342,-0.028746202555625877,0.04888434698083774,-0.08769445459074193,-0.5880451377798737,FALSE
2343,0.0013066831930125104,0.031500638298445474,0.003986226344588783,0.04148116557615894,FALSE
2344,-0.07883611220359694,0.06424789961105556,-0.24050097915962604,-1.2270613153247907,FALSE
2345,-0.004016980194800403,0.08061559350418303,-0.012254379916901127,-0.04982882368275274,FALSE
2346,-0.16017994592927717,0.10598155989539967,-0.4886521260490248,-1.511394492469912,FALSE
2347,-0.07870700034373479,0.12359584809927156,-0.24010710473012886,-0.6368094200099483,FALSE
2348,0.0028858496114443615,0.04352470802817646,0.008803702235688493,0.06630370982790183,FALSE
2349,0.00881924068487504,0.08453845760213796,0.02690437111712473,0.10432223315903036,FALSE
2350,-3.367898629735146e-4,0.05312831559228468,-0.0010274262587554508,-0.006339178255868202,FALSE
2351,0.0014150117313454546,0.020942780233958617,0.004316698241436272,0.06756561046517691,FALSE
2352,0.031965424589619325,0.06630730609498621,0.09751515768817781,0.4820799768856297,FALSE
2353,0.013848904345604873,0.16613101387869744,0.042248088627257395,0.0833613424867004,FALSE
2354,0.01269981942422694,0.10695702047153137,0.03874263863734343,0.1187375954213986,FALSE
2355,-0.043966986604220694,0.050420422705480895,-0.13412766095955184,-0.8720074970621242,FALSE
2356,-0.05427617350534791,0.05883456592965855,-0.1655773288180788,-0.9225218652966598,FALSE
2357,-0.0033639476471342437,0.043183018829045995,-0.010262209542857103,-0.07789977955111298,FALSE
2358,-0.10426890120780305,0.1260822853669694,-0.318087385786013,-0.8269908885639462,FALSE
2359,-0.08304541647673501,0.16423664793832354,-0.2533420715343501,-0.5056448577050927,FALSE
2360,-0.04175713157149472,0.09169794266464211,-0.12738617809952854,-0.4553769731149693,FALSE
2361,-0.07011500658790636,0.03901844158889341,-0.21389598328525564,-1.7969709637984255,FALSE
2362,0.0015406004930574378,0.07577112718236514,0.004699824949729211,0.020332289492665682,FALSE
2363,-0.007651250862288337,0.06334183131711384,-0.023341248987825164,-0.12079301629255397,FALSE
2364,-1.5186034252170355e-4,0.051191110086021445,-0.00046327197081541945,-0.0029665373981247467,FALSE
2365,-0.010587864294652322,0.04671415250175786,-0.03229981361202825,-0.2266521755747126,FALSE
2366,-0.009094282642427195,0.043379286536179014,-0.027743426446622012,-0.20964574036602512,FALSE
2367,-0.013708690557589151,0.05079676748931046,-0.04182034615788785,-0.2698732859423382,FALSE
2368,-0.01614135572073447,0.06197711868066218,-0.04924154359330968,-0.26044056361998685,FALSE
2369,-0.012229232947912406,0.05998105454689591,-0.03730704643004837,-0.20388492733736513,FALSE
2370,-0.014910222960347663,0.061766033559428786,-0.04548579478641948,-0.24139842080035215,FALSE
2371,-0.013921253045688586,0.055103247998342784,-0.042468798816087144,-0.2526394278266004,FALSE
2372,0.004006406770558045,0.08361733652653451,0.012222124154760167,0.047913589896356974,FALSE
2373,8.754980985001173e-4,0.08518636159050495,0.0026708337595072592,0.01027744444244115,FALSE
2374,-0.007083290802328575,0.04181819019872642,-0.021608604559709255,-0.16938300698016093,FALSE
2375,-0.03016494642270809,0.19966932222823286,-0.09202253825281803,-0.15107451703686317,FALSE
2376,-0.0876059642131798,0.14865412402723865,-0.26725468296915333,-0.5893275062932483,FALSE
2377,-0.045959518015582526,0.12217504501039204,-0.14020616663473362,-0.3761776229480683,FALSE
2378,-0.08127238748253286,0.1023158437804259,-0.24793318977616816,-0.7943284683938767,FALSE
2379,-0.08912372708762605,0.08705105875469743,-0.27188483845543304,-1.0238098003927698,FALSE
2380,-0.023917751558452556,0.07392725829713553,-0.07296456545509435,-0.3235308884622778,FALSE
2381,-0.11667822232178172,0.12402444646584967,-0.35594381725121055,-0.9407679344403223,FALSE
2382,-0.006380258368088561,0.04069327380862755,-0.019463902289523178,-0.15678901624120142,FALSE
2383,-0.015825618844122778,0.0827468517551563,-0.048278342518834956,-0.19125342545901294,FALSE
2384,-0.13012003028867916,0.07576913325869755,-0.3969499994100385,-1.717322406796077,FALSE
2385,-0.034927043158913526,0.14450206481162178,-0.10655000410441304,-0.24170618741293218,FALSE
2386,-0.14403292017354222,0.08758338131387695,-0.43939328519267956,-1.6445234017326211,FALSE
2387,0.013837459281596342,0.049312068398308324,0.04221317380175855,0.280609995302307,FALSE
2388,0.0027556656067025337,0.08042439058464572,0.008406557072942853,0.034264053313555774,FALSE
2389,0.004437641056247919,0.036516019048536456,0.013537666804653608,0.12152587198373085,FALSE
2390,-0.007035034260302636,0.06325467669590565,-0.021461390988622396,-0.11121761469311249,FALSE
2391,-0.007311683493631834,0.04134570153077815,-0.02230534954568067,-0.1768426516645012,FALSE
2392,-0.002694094509461426,0.03415006294916393,-0.008218725522648022,-0.07888988414082508,FALSE
2393,-0.004305482321862921,0.06157373179063652,-0.013134497443105124,-0.06992401137066785,FALSE
2394,-0.06702881111539434,0.12982796152769133,-0.20448109698162484,-0.5162894828407022,FALSE
2395,-0.07902589562946956,0.18381676135605385,-0.2410799409891079,-0.4299167009933118,FALSE
2396,-0.04995750894059376,0.08598078428700104,-0.15240261703367441,-0.5810310914801292,FALSE
2397,-0.06533775785476914,0.04277707008247194,-0.19932229407235502,-1.5274014262501239,FALSE
2398,3.044100320308196e-5,0.07574300973438491,9.286468944632324e-5,4.0189851591364365e-4,FALSE
2399,-0.07374913384833066,0.21156047378218779,-0.22498241487216053,-0.34859599494118704,FALSE
2400,-0.02077861673129499,0.08245531376589356,-0.06338817998220656,-0.25199851631502446,FALSE
2401,0.0036154810490888934,0.15613759589192897,0.01102954861844745,0.02315573663367635,FALSE
2402,-0.06349084943904074,0.043470074610953445,-0.19368803243786806,-1.4605645379555554,FALSE
2403,-0.07453590008189975,0.053255068067169696,-0.22738255922547965,-1.3996020057262704,FALSE
2404,-0.012054384525855753,0.051795771866667714,-0.03677364599294231,-0.2327291223091734,FALSE
2405,1.5076952077810497e-4,0.03670042179656337,4.5994426108835227e-4,0.004108114114160482,FALSE
2406,-0.00871174344275271,0.04696422317311485,-0.026576435209775408,-0.1854974458033799,FALSE
2407,-0.01323069577124688,0.05595652677995724,-0.040362153827809104,-0.23644597927378705,FALSE
2408,-0.014509663782034873,0.059836629426923374,-0.04426383099466358,-0.24248798638892383,FALSE
2409,-0.014972481594484513,0.059734543775280494,-0.04567572376759989,-0.2506503046346269,FALSE
2410,0.0053921914690073765,0.07391891418889578,0.01644966109900696,0.07294738468733353,FALSE
2411,-0.050424581806789694,0.052866434758526815,-0.15382749046437982,-0.9538109017017972,FALSE
2412,0.042393052296899825,0.142423012534369,0.1293261463812324,0.2976559162914047,FALSE
2413,-0.042720485522652965,0.24254015206069765,-0.13032502886290093,-0.17613778650539402,FALSE
2414,-0.08559587384553394,0.09962369696351474,-0.26112261115452995,-0.8591919036781156,FALSE
2415,-0.07450124078153293,0.16063025129547298,-0.22727682600954327,-0.463805791130158,FALSE
2416,-0.06910342913200322,0.06935208160842844,-0.21081001973580746,-0.9964146357159235,FALSE
2417,-0.17600512898404974,0.16084886279199959,-0.5369291391293257,-1.0942267537921568,FALSE
2418,-0.05761407391003569,0.08188104684127526,-0.17576007747508443,-0.7036313790872679,FALSE
2419,0.007646106639843823,0.15863058210274666,0.023325555792152022,0.04820070971492345,FALSE
2420,-0.062581855038247,0.12595930321092985,-0.19091501335649919,-0.4968418643396924,FALSE
2421,0.023492164994570908,0.07003613340091328,0.07166625199861155,0.33542921137711706,FALSE
2422,-0.08419887950988139,0.09661580696678025,-0.2568608775883539,-0.871481408200956,FALSE
2423,-0.02113996612213228,0.09646339822233876,-0.06449052863799348,-0.21915012856385913,FALSE
2424,-0.1344008014490263,0.1478684781044221,-0.4100091118756936,-0.9089212465831618,FALSE
2425,-0.04854974612555565,0.12400941813832277,-0.14810803266139064,-0.39150047516070285,FALSE
2426,0.0058861083709998525,0.039004663293649315,0.01795642614908841,0.15090781137337034,FALSE
2427,0.006499913292328026,0.06045735770950058,0.019828926967129606,0.1075123614161291,FALSE
2428,-0.007067754011921369,0.06669218404680533,-0.0215612073301721,-0.10597574682756138,FALSE
2429,-0.0013875608252898028,0.025198476486305264,-0.004232955276433719,-0.05506526658641077,FALSE
2430,0.009480797099492223,0.0662988472703899,0.02892254478192786,0.14300093425193675,FALSE
2431,-0.03797073601616162,0.15836907335875103,-0.11583523002396222,-0.23976105442094173,FALSE
2432,0.018483962908956722,0.138881826829067,0.05638800613193451,0.13309130021530044,FALSE
2433,-0.006733523014626195,0.1002218211874689,-0.02054158726180297,-0.06718619692642457,FALSE
2434,-0.06087284058625766,0.07244132431938588,-0.18570141723141484,-0.8403054631894353,FALSE
2435,-0.05393833487994565,0.034909854509566324,-0.16454670315762823,-1.5450747543266032,FALSE
2436,-0.0025761856479262057,0.09525329920367272,-0.007859027462226373,-0.0270456316942655,FALSE
2437,-0.04526167943014619,0.09383617670242812,-0.13807730895261736,-0.48234786433892496,FALSE
2438,-0.03481357621188286,0.11538316625275408,-0.10620385674756908,-0.30172144986575883,FALSE
2439,-0.055663020994302495,0.12754355830538236,-0.16980810795869994,-0.43642361663633705,FALSE
2440,-0.0102496587139624,0.05552070795531449,-0.03126806850132167,-0.18460965451326333,FALSE
2441,0.013709324554707008,0.0689050654934317,0.04182228025792611,0.19895960415296077,FALSE
2442,0.0018671597251182007,0.036316331815546145,0.005696041187046983,0.05141377533947178,FALSE
2443,0.0027554777312200915,0.03799616514130998,0.00840598393157116,0.07251989038820911,FALSE
2444,5.408591804409556e-4,0.05407472644971073,0.0016499692697629987,0.010002069653444337,FALSE
2445,-0.020463618676590887,0.05486679450284607,-0.062427232790974334,-0.37296909473232287,FALSE
2446,-0.014553725803700304,0.06313074142083637,-0.044398248573842544,-0.2305331044139588,FALSE
2447,-0.011680801530102564,0.06756040844175927,-0.035633976953403736,-0.17289418165924866,FALSE
2448,-0.011938857405052345,0.0625532476280405,-0.03642121377760224,-0.19085911375927603,FALSE
2449,-0.008145117374763351,0.04145022217606112,-0.02484786031738501,-0.19650358784970343,FALSE
2450,0.0014725563408767193,0.05802051757239755,0.004492246407762465,0.025379924249025788,FALSE
2451,-0.04291701635800264,0.09875408230328633,-0.13092457464230958,-0.4345847316589812,FALSE
2452,0.01538323880223599,0.12519710200219283,0.04692879812527473,0.12287216362217834,FALSE
2453,-0.08915120855813836,0.11963553193983499,-0.27196867466173774,-0.7451900544310927,FALSE
2454,-0.05517360094206827,0.247915159176827,-0.16831506120014458,-0.2225503318363657,FALSE
2455,-0.16752892646240958,0.11925917985080772,-0.5110712556159281,-1.404746592019054,FALSE
2456,-0.042857846005748226,0.1346554182726701,-0.1307440669123285,-0.31827791674125844,FALSE
2457,-0.13442670337213664,0.10573817614384459,-0.41008812944386164,-1.271316645269771,FALSE
2458,0.005966807961724558,0.1846061535086482,0.01820261193938905,0.03232182594306117,FALSE
2459,0.009917964540174693,0.1617044202297133,0.03025618738050396,0.06133391113295158,FALSE
2460,-0.0038329355854873903,0.10655057338707194,-0.011692925178563449,-0.035972923126028435,FALSE
2461,-0.14001215084780022,0.12837244217028054,-0.4271273459830109,-1.0906713970750834,FALSE
2462,-0.11187722939311835,0.06287624558412937,-0.3412976929306698,-1.7793242639372437,FALSE
2463,-0.011144317054113388,0.09029799139652725,-0.03399735335321752,-0.12341710908247273,FALSE
2464,-0.13617578843579542,0.08780315059704014,-0.4154239667738032,-1.5509214363019217,FALSE
2465,0.0027794847861127,0.0755190282668901,0.008479220929782086,0.036805092039714625,FALSE
2466,0.007042699312385202,0.07670596111319593,0.02148477434023169,0.0918142372532456,FALSE
2467,0.002548548696026969,0.03689691831316685,0.007774716937430471,0.0690721288535771,FALSE
2468,-0.003626090592763931,0.06815951263196697,-0.011061914568149457,-0.05320006632593329,FALSE
2469,-0.007812266366515225,0.06029065619311175,-0.02383245010548607,-0.12957673476786247,FALSE
2470,-0.014317134541726319,0.14658091856666475,-0.04367649266053206,-0.09767393110730788,FALSE
2471,0.025738049194442593,0.16700744456606406,0.07851764705159629,0.1541131849620108,FALSE
2472,-0.09164911662875778,0.11069364034317132,-0.27958890503640726,-0.8279528647231053,FALSE
2473,-0.026377445530432208,0.17157977274126757,-0.08046821818680713,-0.15373283871991064,FALSE
2474,-0.038175675193291805,0.07200644506593555,-0.11646042666786433,-0.5301702529313138,FALSE
2475,0.023005832969573693,0.07409648289591635,0.07018262571442276,0.31048481750328266,FALSE
2476,-0.055149822977910136,0.13185854517903636,-0.16824252307640142,-0.4182498972897676,FALSE
2477,-0.01455267236186534,0.05558546597879159,-0.044395034896940994,-0.2618071487863006,FALSE
2478,-0.08479917611308338,0.247419293212205,-0.2586921693253618,-0.34273469547240754,FALSE
2479,-0.01638887227128202,0.055532927733513975,-0.04999662868186865,-0.29511990345488986,FALSE
2480,0.003017407723427998,0.05054476710572088,0.009205039311605495,0.059697727306106715,FALSE
2481,-0.007172712534050736,0.08048716644282151,-0.021881398504466312,-0.08911622623895285,FALSE
2482,-0.006396291982117731,0.055417094429035675,-0.01951281515148071,-0.11542091926722176,FALSE
2483,-0.023125159140024106,0.06308219677368519,-0.0705466474809779,-0.36658772716790977,FALSE
2484,-0.012657980205623236,0.04672252770981635,-0.0386150020408624,-0.2709181379106723,FALSE
2485,-0.016617471417047086,0.05619709130346814,-0.05069400348707936,-0.2956998490778038,FALSE
2486,-0.0167138698176222,0.05569117235806536,-0.05098808077069607,-0.3001170402763419,FALSE
2487,0.005180956198614698,0.03306473153336341,0.015805257310660712,0.15669131301994518,FALSE
2488,0.0023138689084477825,0.03461352908386076,0.007058792253625575,0.06684868517283518,FALSE
2489,0.036178256741113676,0.16901098113709137,0.11036701236681731,0.2140586161781292,FALSE
2490,-0.05554357488860557,0.21298316122738398,-0.16944372031230348,-0.26078857393475546,FALSE
2491,-0.12217002888331267,0.09657256252661958,-0.37269736861853925,-1.2650594090804759,FALSE
2492,-0.058696156489757394,0.19139823626881397,-0.17906112711693586,-0.30667031020766633,FALSE
2493,-0.0685431671577726,0.07758082271946488,-0.20910085943322443,-0.8835065774647328,FALSE
2494,-0.049738050683893614,0.09134360653448864,-0.15173312783455278,-0.5445159499489873,FALSE
2495,-0.3170539421913523,0.42457486425321656,-0.9672189737935944,-0.7467562705319768,FALSE
2496,-0.128326421867305,0.11036591600743775,-0.3914783371284762,-1.162735983260057,FALSE
2497,-0.12776458983928854,0.06647894941190186,-0.3897643871494077,-1.9218803992774078,FALSE
2498,0.022238774883060124,0.10586460273751673,0.06784260391828952,0.21006808988080258,FALSE
2499,7.396866853503744e-4,0.0980568708347894,0.0022565213723208773,0.007543445747892889,FALSE
2500,-0.019494941103444435,0.08919959996867766,-0.05947214154763595,-0.218554131524021,FALSE
2501,-0.12407395922580612,0.06978032439667561,-0.378505583899867,-1.7780650964087106,FALSE
2502,-0.009450478148026567,0.07400658657847128,-0.028830052428984933,-0.1276977980602572,FALSE
2503,0.0018892950123663526,0.04723174102836247,0.005763568086945494,0.040000537164866276,FALSE
2504,-3.519342382356514e-4,0.07230457658358039,-0.0010736263690538698,-0.004867385369843546,FALSE
2505,-0.01430679023786799,0.0855398396451483,-0.04364493586330913,-0.16725294666459492,FALSE
2506,-0.009838861575104378,0.0362938241094005,-0.03001487232802256,-0.2710891402748603,FALSE
2507,0.0012637373050225567,0.10589325553423064,0.003855213692851344,0.011934067931399521,FALSE
2508,6.007478047260796e-4,0.14625840750052413,0.0018326681926106696,0.0041074411720497285,FALSE
2509,-0.011416630123041243,0.13819829431505684,-0.03482808381270514,-0.08261049949729654,FALSE
2510,-0.006896629490374389,0.09037791573217233,-0.021039167190952838,-0.07630879108577802,FALSE
2511,0.022143678706630338,0.06338392279535357,0.06755249925804656,0.34935797170719773,FALSE
2512,0.0012347305732697267,0.03455506991665528,0.0037667244562086225,0.0357322551002739,FALSE
2513,-0.01015244674988208,0.10173974634571636,-0.0309715093243931,-0.0997884024143681,FALSE
2514,-0.017734994312254934,0.07139550621571204,-0.054103168944613485,-0.24840491022881753,FALSE
2515,-0.006746091649996302,0.07818535915893142,-0.02057992970448209,-0.08628331087260432,FALSE
2516,0.007375124427715956,0.07968126340768658,0.022498885304098454,0.09255782491777738,FALSE
2517,-0.07467320710995892,0.05147715209765938,-0.22780143420257704,-1.4506087471251978,FALSE
2518,4.777326446083958e-4,0.05408303195136655,0.0014573926287500855,0.00883331846184198,FALSE
2519,-0.02327351578770309,0.05490466800858623,-0.07099923092318888,-0.42388956407246603,FALSE
2520,0.0021567900734491136,0.051228632593139596,0.006579600515645508,0.042101261819312064,FALSE
2521,0.003465760348196017,0.03680025317430066,0.01057280393433352,0.0941776224141936,FALSE
2522,-0.01597145733371523,0.05670886404110062,-0.04872324395506465,-0.28163952150654387,FALSE
2523,-0.014885368514242124,0.059846578211094945,-0.04540997269857457,-0.2487254736893634,FALSE
2524,-0.013512269616034758,0.05463648858696139,-0.04122113562541905,-0.24731218944512046,FALSE
2525,0.0025280968033612804,0.039811994719642516,0.007712325476534188,0.06350088261500655,FALSE
2526,-0.14804542752590114,0.1512952634227243,-0.4516340200558517,-0.9785199098550559,FALSE
2527,-0.0255664706919641,0.14671435030869626,-0.07799422197778935,-0.1742601908959187,FALSE
2528,-0.06389440816451523,0.2797156852801908,-0.19491914678270506,-0.22842626111764985,FALSE
2529,-0.09067066141881572,0.11899045919329032,-0.2766039856957987,-0.7619994244372871,FALSE
2530,-0.04255210456325849,0.25749634493374335,-0.12981135835741445,-0.16525323718364862,FALSE
2531,-0.039798248736392323,0.07954230133836256,-0.12141032227999693,-0.5003406749208296,FALSE
2532,-0.04354535553327889,0.07368016592573308,-0.1328414143072087,-0.5910051231042425,FALSE
2533,-0.08041216159036893,0.18719316450764953,-0.24530894609416617,-0.42956783065165255,FALSE
2534,-0.15023280491295243,0.14439405147857876,-0.4583069316020081,-1.0404362463313794,FALSE
2535,4.9277740392309e-4,0.07101341323901605,0.0015032888461721282,0.0069392158670715624,FALSE
2536,0.034873715388538465,0.08202074856029153,0.10638732001671374,0.42518162782803204,FALSE
2537,-0.088051332246333,0.07900918387328218,-0.26861334266286224,-1.1144442700174317,FALSE
2538,-0.036091976797785766,0.0966339764522093,-0.1101038029026239,-0.3734915825970919,FALSE
2539,-0.13564949651397495,0.08707520227669535,-0.41381843703643184,-1.5578430249628021,FALSE
2540,-0.009774919533836522,0.053494985654168825,-0.029819807869558776,-0.18272590251783288,FALSE
2541,-0.04061955492532418,0.04140870485519767,-0.12391583577003126,-0.9809424145808696,FALSE
2542,-0.00966827399216282,0.05965859928319117,-0.029494470197791094,-0.16206002333827604,FALSE
2543,0.0011664483481809193,0.07245558005851721,0.0035584196383524865,0.016098806292612136,FALSE
2544,0.0035697468486340462,0.06198276076432577,0.010890029815667479,0.05759257581647795,FALSE
2545,-0.043372600585761166,0.13911099233399724,-0.1323144003174094,-0.31178413623580603,FALSE
2546,-0.06101394692954806,0.15672488745119068,-0.18613188256993046,-0.38930605037792626,FALSE
2547,-0.034333704273223756,0.16845012997466013,-0.1047399378924549,-0.20382118006313535,FALSE
2548,-0.006627185361427601,0.10610513188125946,-0.02021718884842419,-0.06245866947174598,FALSE
2549,0.008389111426479886,0.03524341216765524,0.02559219951304963,0.23803346244036555,FALSE
2550,0.006420662214737054,0.043496619936876584,0.01958716007595084,0.14761290013005343,FALSE
2551,-0.04510917057743468,0.06897351079896134,-0.1376120586075356,-0.6540071696352445,FALSE
2552,0.0019035476250975887,0.018120360300944313,0.005807047746477574,0.10505020835586742,FALSE
2553,0.002015525687819728,0.03641244270312732,0.006148653046083454,0.05535266349067602,FALSE
2554,-0.0012898749872219974,0.07233147007395203,-0.003934950478268849,-0.0178328324573415,FALSE
2555,8.719549296431747e-4,0.10009489518080382,0.0026600248097048904,0.008711282708954753,FALSE
2556,0.010600491019685502,0.05346410099518218,0.032338333265638466,0.19827306215512247,FALSE
2557,-0.0011488525770142848,0.03862140471128645,-0.0035047411897791278,-0.02974652490251221,FALSE
2558,-0.025614482497782497,0.05485436387324502,-0.0781406889456267,-0.4669543257665203,FALSE
2559,0.007443244970771771,0.05903045617265643,0.02270669688749439,0.12609160513686773,FALSE
2560,-0.008848205893592441,0.043936939036452925,-0.026992733681733543,-0.20138421309348375,FALSE
2561,-0.013623339922772568,0.06021846491437986,-0.041559971683912365,-0.22623193636939398,FALSE
2562,-0.014072258330500936,0.05867959239673621,-0.0429294623095108,-0.23981520245330884,FALSE
2563,-0.0076211843565220354,0.041449013132232426,-0.023249526757053184,-0.18386889772763962,FALSE
2564,0.001988884337190299,0.036854756185339746,0.006067379747167272,0.05396547265672718,FALSE
2565,-0.13133122336975017,0.17778677071437285,-0.40064491933704693,-0.7387007640784655,FALSE
2566,-0.043576003761691746,0.24317506729685173,-0.13293491116717263,-0.17919601810368618,FALSE
2567,-0.08180429617958294,0.11183448395288718,-0.24955585429992977,-0.731476493547776,FALSE
2568,0.03265327430883691,0.17839256133042816,0.09961354288707344,0.18304168102813875,FALSE
2569,-0.03439100356690282,0.13161016003891,-0.1049147376872416,-0.2613096402035775,FALSE
2570,-0.05107034587349265,0.14508738077542327,-0.15579748728445483,-0.35199715923291097,FALSE
2571,-0.3286551894875607,0.4036106178038865,-1.0026102590336063,-0.8142877689289469,FALSE
2572,-0.048156228610218094,0.10832968733698543,-0.1469075504824784,-0.44453399427265594,FALSE
2573,-0.12201933233798583,0.058948700536785054,-0.372237646979635,-2.0699240394933485,TRUE
2574,0.0178161173574908,0.06963139103169265,0.05435064654423497,0.25586329805449115,FALSE
2575,0.008818731095941997,0.08989294221217166,0.02690281654227394,0.09810259714413848,FALSE
2576,-0.08235304138492026,0.10097287371078867,-0.251229881030877,-0.8155956977197636,FALSE
2577,-0.13547776410503087,0.0778032742442113,-0.41329454244865926,-1.7412861530710022,FALSE
2578,-0.020401636813394238,0.09706023214308222,-0.06223814813963543,-0.21019563175285816,FALSE
2579,0.024518374550908432,0.02917637375220501,0.07479685288979654,0.8403503039528842,FALSE
2580,-0.005259113871398505,0.047119137244520486,-0.016043688612102865,-0.11161311897768439,FALSE
2581,-0.02876038933783646,0.07243936382340477,-0.08773773342473565,-0.3970270833403445,FALSE
2582,-0.012879569208513155,0.03957637730227575,-0.039290991389860246,-0.3254357797870637,FALSE
2583,-0.025116922283057057,0.1691653760658017,-0.07662280944234391,-0.1484755501816584,FALSE
2584,-0.03782726245631639,0.19138723014990197,-0.11539754314847066,-0.19764778677599648,FALSE
2585,-0.038328544106382825,0.1525994492357592,-0.11692677542928613,-0.25117092032990873,FALSE
2586,-0.012571077517004633,0.04745057864954405,-0.03834989280195926,-0.2649299097035443,FALSE
2587,-6.581407741058238e-4,0.08951496077883613,-0.0020077537586905905,-0.007352299195347767,FALSE
2588,0.004230270396414391,0.029618658601452505,0.012905052570580996,0.14282450982459205,FALSE
2589,-1.3411621161935316e-4,0.016333786897690685,-4.0914092937934595e-4,-0.008210968617345858,FALSE
2590,0.001809619518123769,0.01994022103506072,0.005520506451297077,0.09075222962383069,FALSE
2591,8.109598411416212e-5,0.018638516450195413,2.4739504575010745e-4,0.004350989217991751,FALSE
2592,-0.0061861703444759455,0.01939139507192959,-0.018871808661143304,-0.3190162606418588,FALSE
2593,-0.055341488445255126,0.08488940921965256,-0.16882722634599587,-0.6519245328007671,FALSE
2594,0.00209089379999551,0.04251072339701508,0.006378574388841667,0.04918509102911016,FALSE
2595,0.002446966868450059,0.05147961433085113,0.007464826858960105,0.0475327350497189,FALSE
2596,-0.04661599410674375,0.05701439614869645,-0.14220884203698353,-0.8176179571413307,FALSE
2597,7.498105769536123e-4,0.04792802980721558,0.002287405770034411,0.015644510737654566,FALSE
2598,-0.015073229788180513,0.05671095053255797,-0.04598307072517025,-0.2657904628053609,FALSE
2599,-0.013221622982368474,0.0599125290086507,-0.040334475971202856,-0.22068210441357633,FALSE
2600,-0.013313824406825233,0.05494142477915318,-0.04061574977126667,-0.24232761455208918,FALSE
2601,-0.0060811289044696275,0.03893466818616636,-0.018551364533855353,-0.1561880243949344,FALSE
2602,-0.10360382376091576,0.10723204765480832,-0.31605847070227194,-0.9661647429733674,FALSE
2603,-0.02221176092559808,0.29119411028591996,-0.06776019392826084,-0.07627819430753123,FALSE
2604,-0.017733000929991437,0.1146579706853254,-0.05409708784329062,-0.15465999288142826,FALSE
2605,-0.1461406665010969,0.16035243151008619,-0.44582327065781613,-0.9113716900008755,FALSE
2606,-0.036119515838577546,0.25994246276060184,-0.11018781473540475,-0.13895196442699856,FALSE
2607,-0.07944494177851967,0.11421576099063767,-0.24235830196281183,-0.6955689923129945,FALSE
2608,-0.21190773335680735,0.11826128595124176,-0.6464552340200745,-1.7918605539616348,FALSE
2609,-0.18871600408312844,0.2942691428400578,-0.5757055047041449,-0.6413040873459847,FALSE
2610,-0.15777812761700227,0.16017110139533813,-0.4813250314001428,-0.9850598905951863,FALSE
2611,0.009309438324833805,0.08396904075931286,0.028399790019662165,0.11086750831795482,FALSE
2612,0.028641336996554672,0.07642483452941358,0.08737454701372172,0.3747647891279568,FALSE
2613,-0.03706651887251337,0.11500427437036816,-0.11307678465746934,-0.322305575818353,FALSE
2614,-0.05081066675296149,0.10862764133722255,-0.1550052985144941,-0.46775080566488014,FALSE
2615,-0.14663707748783766,0.08951127049964414,-0.44733764427467376,-1.6381968066068355,FALSE
2616,0.01787087866827833,0.04821959504373789,0.054517703854601224,0.3706144494176783,FALSE
2617,0.003411616445327127,0.04948436176896514,0.01040763011625047,0.06894332519140974,FALSE
2618,-0.09676824979827092,0.05724407623200274,-0.29520556224214217,-1.6904500197729087,FALSE
2619,0.01949956058158812,0.09432768189262047,0.05948623393481371,0.20672150730668626,FALSE
2620,-0.0031016003705797196,0.05659654721010512,-0.009461881176482568,-0.05480193622175488,FALSE
2621,0.009659577775221558,0.1474163503592295,0.029467941128423027,0.06552582363952675,FALSE
2622,0.01833306082802773,0.12642930357624502,0.05592765747690543,0.14500642105468622,FALSE
2623,-0.0011156499908476637,0.021387920923331413,-0.0034034518915057425,-0.05216261995950416,FALSE
2624,-0.006289898783602415,0.04384337952895545,-0.019188247289067897,-0.14346290936464837,FALSE
2625,-0.0037979861533546876,0.01948845670700468,-0.0115863068736516,-0.19488388487886718,FALSE
2626,-0.0050346957585569625,0.020113944926363397,-0.015359068653419974,-0.25030871750861633,FALSE
2627,0.013066776014836372,0.06566580298958916,0.039862092868200596,0.198989053966309,FALSE
2628,0.0012423770866064616,0.022521803487366012,0.003790051252688548,0.05516330374267736,FALSE
2629,-0.0027620099725402204,0.02150191226791904,-0.008425911479869593,-0.12845415505955501,FALSE
2630,-9.94439228526128e-4,0.01924729980399862,-0.003033680904477237,-0.051666427948482085,FALSE
2631,6.612370119653548e-4,0.05756922225635657,0.002017199280750395,0.011485946588280399,FALSE
2632,0.006134296491532515,0.07073980911609558,0.01871355995915939,0.08671632802210609,FALSE
2633,-6.414379475008935e-6,0.03795121512930579,-1.956799366839746e-5,-1.6901644527465403e-4,FALSE
2634,0.005071133910261592,0.0449476603465757,0.01547022851301704,0.11282308959264734,FALSE
2635,-0.0064265348498900665,0.04320231284986093,-0.019605075400096948,-0.14875441674208315,FALSE
2636,-0.011927272640495831,0.059440436885120046,-0.03638587277534708,-0.20065923579174821,FALSE
2637,-0.011948379500841651,0.059274389678871164,-0.036450262310019285,-0.20157743615031684,FALSE
2638,-0.011798190486939487,0.051044998548937445,-0.03599208896923852,-0.23113313394706872,FALSE
2639,-0.01579674254332421,0.09531830499426593,-0.04819025118071026,-0.1657262216766706,FALSE
2640,-0.07110848629033563,0.16784051141257023,-0.21692673701639348,-0.42366700203589847,FALSE
2641,-0.07137446560510145,0.22494269327800698,-0.217738145441408,-0.3173006625153619,FALSE
2642,-0.07475190241731876,0.25781980336904453,-0.22804150563616613,-0.2899385595695243,FALSE
2643,0.031743148677442434,0.29988727440301427,0.09683707282290585,0.10585026904070383,FALSE
2644,-0.0507336378490408,0.11197014769675388,-0.1547703106859635,-0.45309967783950345,FALSE
2645,-0.023425684090794933,0.10507006496124939,-0.07146344237232953,-0.2229529799894432,FALSE
2646,-0.2188700887538108,0.3586399956605627,-0.6676949076091565,-0.6102779706727465,FALSE
2647,-0.1357810010514443,0.21528714988929062,-0.4142196106755331,-0.6306971926623043,FALSE
2648,-0.12607643966710974,0.06874877392065873,-0.3846144405319365,-1.8338718274832284,FALSE
2649,0.007887621433926554,0.07384992787959488,0.02406233165330087,0.10680608174440676,FALSE
2650,-0.002737938952191401,0.0949979806045718,-0.008352479345769527,-0.028821022665608504,FALSE
2651,-0.06355669791412008,0.1664990606695337,-0.19388891274880796,-0.3817240629379106,FALSE
2652,-0.1338114238658604,0.08696968685973755,-0.40821113019085264,-1.5385984323672222,FALSE
2653,-0.026009317466865814,0.08784497689444848,-0.07934519020801475,-0.29608201158863895,FALSE
2654,-0.00438216172133048,0.05476456421774947,-0.013368419057678077,-0.08001819760505277,FALSE
2655,-0.043215406349106575,0.05223734064311649,-0.1318348565299628,-0.8272895560352618,FALSE
2656,-0.036106643093667026,0.09253876931769887,-0.11014854456252436,-0.39017855283667907,FALSE
2657,-0.03491424921991283,0.08614758648520458,-0.1065109743403751,-0.4052841251206635,FALSE
2658,-0.007148244759202744,0.10525928025175338,-0.02180675601329929,-0.06791082688486909,FALSE
2659,-1.9012944916748005e-4,0.020090509433154415,-5.800174236620081e-4,-0.009463645001142601,FALSE
2660,0.01588243305308285,0.07255023307473066,0.04845166249242509,0.21891636153288557,FALSE
2661,0.010038023461672149,0.12175041676301365,0.030622444510262182,0.08244754908076489,FALSE
2662,0.0029188141560562413,0.023513364346240666,0.008904265353720416,0.1241342630971864,FALSE
2663,0.00457969870018269,0.036974571151806336,0.01397103422357439,0.12386076585932101,FALSE
2664,-0.002537724594361093,0.06457078608448907,-0.007741696447500126,-0.03930143565296776,FALSE
2665,0.003156119202874337,0.051334184136208744,0.009628198771084812,0.0614818226096664,FALSE
2666,-1.482241275827854e-4,0.043820076357789194,-4.521791704628829e-4,-0.0033825620560891142,FALSE
2667,-0.0074579586551174176,0.04234946219257592,-0.02275158311276936,-0.1761051562167143,FALSE
2668,-0.013883549317113787,0.0593866251338643,-0.0423537781309373,-0.233782426359785,FALSE
2669,-0.011907288696201697,0.05925384173773142,-0.03632490885873741,-0.2009538680868252,FALSE
2670,-0.011219155470737926,0.05905649783530072,-0.03422565878297381,-0.18997326089376965,FALSE
2671,-0.007894510205850571,0.05029368806456887,-0.024083346849847535,-0.15696821031926136,FALSE
2672,-0.057429588426231665,0.09362845373937144,-0.1751972777852542,-0.6133775164769394,FALSE
2673,-0.09142910444552897,0.2229712120695765,-0.27891772600417736,-0.41004891885773664,FALSE
2674,-0.005248307540983919,0.2878579934115883,-0.016010722335948628,-0.018232280016903076,FALSE
2675,0.031943415120846565,0.25319272365831014,0.09744801461576244,0.1261624530883241,FALSE
2676,-0.04830079542303549,0.21250460955523465,-0.1473485724845119,-0.22729293037044002,FALSE
2677,-0.10019672942234008,0.1479198889616216,-0.30566463592766363,-0.6773715835355753,FALSE
2678,-0.18305441784706789,0.1640222526775696,-0.5584340158482155,-1.116034043300888,FALSE
2679,-0.1983777394707966,0.29035028193319945,-0.605180027941852,-0.6832359112929572,FALSE
2680,-0.13676421376127978,0.20847670057970544,-0.4172190434586585,-0.6560167797215866,FALSE
2681,0.01621592977574646,0.09447392232685174,0.04946904254967588,0.17164450650883484,FALSE
2682,-0.025661591861270552,0.055118456769776926,-0.07828440288242262,-0.46557166809760103,FALSE
2683,-0.004953791122301441,0.07809270866643389,-0.015112257342028102,-0.06343474578991903,FALSE
2684,-0.04785432692330981,0.11774218113827298,-0.14598655565812846,-0.40643316151168535,FALSE
2685,-0.1364574602290106,0.09285711908405384,-0.4162832473772778,-1.4695422556184403,FALSE
2686,-0.010855283321924408,0.0551053417331099,-0.03311561408857581,-0.19699148903747818,FALSE
2687,-0.0027659353283404076,0.03997107327462123,-0.008437886346299547,-0.06919842530464596,FALSE
2688,-0.009136801869334127,0.05505390533332799,-0.027873137506926694,-0.1659610124661398,FALSE
2689,-0.0176169140383699,0.05795751123615877,-0.053742947965990794,-0.3039625695207386,FALSE
2690,-8.420232183539059e-4,0.06776404197356234,-0.002568713789009175,-0.01242581159315165,FALSE
2691,-0.011645748824479753,0.16172249941717365,-0.03552704359775184,-0.0720106903272549,FALSE
2692,0.0032543702742939737,0.02259219390251778,0.009927927895459706,0.14404843940062376,FALSE
2693,0.01013775543128073,0.041633256836678255,0.03092669132906063,0.24350137850252263,FALSE
2694,-0.023465244924343702,0.061928336030287974,-0.07158412842519168,-0.3789096628216734,FALSE
2695,0.002893903625756795,0.024390517036677155,0.008828272172918573,0.11864871996789152,FALSE
2696,0.003982929838870138,0.048140548940760766,0.012150504374169977,0.0827354470712688,FALSE
2697,-0.11629861415036873,0.13963335190622758,-0.3547857675406154,-0.8328856434562312,FALSE
2698,0.0010633430565893354,0.04513818696211837,0.0032438820122418057,0.02355750481253782,FALSE
2699,-2.430725523126239e-4,0.04457106655648125,-7.41528028259976e-4,-0.005453595147977849,FALSE
2700,0.002252645921930447,0.041761471519537074,0.006872022665515116,0.05394076980445007,FALSE
2701,-0.01213269015896136,0.051928096779378444,-0.037012528668777175,-0.2336440368786915,FALSE
2702,-0.012022931565732493,0.059617272963354215,-0.0366776941823358,-0.2016685931461977,FALSE
2703,-0.011735739089437583,0.05647197058542325,-0.035801571935492535,-0.20781529257395623,FALSE
2704,-0.0094563653484168,0.05546197860849606,-0.028848012186496862,-0.17050176689816485,FALSE
2705,-0.08947354371720895,0.19066969010241336,-0.2729520047525703,-0.46925939654672183,FALSE
2706,-0.03257107370669116,0.24673146168070312,-0.09936277804402147,-0.1320102166331816,FALSE
2707,-0.13293942903210176,0.24345664635617903,-0.4055509836478637,-0.5460497013402966,FALSE
2708,0.0552512441402257,0.19238793183347022,0.16855192302222077,0.2871866421852844,FALSE
2709,-0.17243774970714687,0.24612619279803952,-0.5260463319341512,-0.7006070656146777,FALSE
2710,-0.14740334209556075,0.25416026895183313,-0.44967524544882653,-0.5799621738812989,FALSE
2711,-0.1116348850519892,0.19579558306599126,-0.3405583864161015,-0.5701603851521185,FALSE
2712,-0.12465383227686118,0.15519491434011337,-0.380274570632836,-0.8032082288706918,FALSE
2713,-0.01750323369160684,0.11093480776680996,-0.05339614960235366,-0.15777945663726609,FALSE
2714,7.220744103611238e-5,0.0753766036493623,2.2027925764461605e-4,9.579556193856616e-4,FALSE
2715,-0.013876083621358637,0.0966692815816871,-0.042331002944680216,-0.14354180970749353,FALSE
2716,-0.034633122367453716,0.11320990499894956,-0.10565335615760788,-0.30591954270940397,FALSE
2717,-0.12381948630068584,0.09832416082870936,-0.37772927738308965,-1.259298683630689,FALSE
2718,-0.042405321704164674,0.10884640250676225,-0.12936357598523526,-0.389588638003265,FALSE
2719,-0.004378080107340346,0.06892122550788407,-0.01335596750300674,-0.06352295791431518,FALSE
2720,-0.02377695847016399,0.03873921578149299,-0.07253505574633472,-0.6137697418625349,FALSE
2721,-0.012259001272084633,0.07788935612385138,-0.037397859014678014,-0.15738994237661524,FALSE
2722,0.010985407063718595,0.06231868809564926,0.033512575410470986,0.17627789350856912,FALSE
2723,-0.004938167682924166,0.06428003116377365,-0.015064595777257231,-0.07682273318042779,FALSE
2724,-0.011931076133743081,0.03660604688359252,-0.036397475882408326,-0.3259318377557671,FALSE
2725,0.0022172985977487293,0.023988282056462275,0.006764190533275749,0.09243257155847076,FALSE
2726,0.002966739459210996,0.02588489384622618,0.009050468432653,0.114612772871909,FALSE
2727,0.006288212531751819,0.034907332122816576,0.019183103133555375,0.18014016395259372,FALSE
2728,8.30987238381999e-4,0.02356012236176172,0.002535046933617129,0.0352709220106046,FALSE
2729,-0.0010518923593453647,0.02503382675525135,-0.0032089500017423106,-0.04201883993323989,FALSE
2730,0.057660815225762954,0.12756635672417752,0.1759026686288768,0.45200644359889103,FALSE
2731,0.01531722661962909,0.058637971173619845,0.04672741840081009,0.2612168585143688,FALSE
2732,-0.010998944993237128,0.04603774125124907,-0.03355387482534564,-0.23891148206448357,FALSE
2733,-0.0012412656289493426,0.047830795470754695,-0.003786660590118313,-0.025951180964746714,FALSE
2734,-0.01069067524839949,0.05060390511271675,-0.03261345331791168,-0.21126186258919621,FALSE
2735,-0.012582903359656788,0.06031051211830167,-0.038385969247863715,-0.20863532604357396,FALSE
2736,-0.011648142943714617,0.06457014626938705,-0.03553434720524992,-0.18039517666753443,FALSE
2737,-0.011812016961818704,0.05972474695359192,-0.036034268633529806,-0.19777424877156913,FALSE
2738,-0.008509470882317793,0.055753177998948474,-0.025959373466343787,-0.1526275485583671,FALSE
2739,-0.10429988577290039,0.14987384631335787,-0.31818190868974905,-0.695917855840098,FALSE
2740,-0.12557428492236036,0.328366284631155,-0.3830825447493288,-0.3824213714980348,FALSE
2741,-0.128856298466109,0.22382773823678187,-0.3930948024422023,-0.5756940559788666,FALSE
2742,-0.028092714460468238,0.1363948765948199,-0.08570089450309214,-0.2059660535778157,FALSE
2743,0.05780503555722172,0.446700108137496,0.17634263363934033,0.12940457032401054,FALSE
2744,-0.060772224981027086,0.2500815582379027,-0.18539447475416282,-0.24300962217779548,FALSE
2745,-0.06911974492052177,0.080198467484317,-0.2108597934119159,-0.8618586749683004,FALSE
2746,-0.08380225823849938,0.132385394266606,-0.25565092695206976,-0.633017401222775,FALSE
2747,-0.05068425965942565,0.20203956313978247,-0.15461967536644258,-0.2508630432167357,FALSE
2748,0.030762816524179466,0.14393126440359888,0.09384642759483419,0.2137326914458084,FALSE
2749,0.00405527859790842,0.08641766230480671,0.012371214742849176,0.046926501941291894,FALSE
2750,-0.008905419485431682,0.10580293165609204,-0.027167272030644524,-0.08416987455865942,FALSE
2751,-0.036404141284236254,0.2109550590756642,-0.1110561058834751,-0.17256823061626134,FALSE
2752,-0.12419808657974117,0.08152120442180333,-0.37888425237206125,-1.5235065215317607,FALSE
2753,-0.0013361078353873084,0.05853597032838828,-0.004075990478115371,-0.022825415345328854,FALSE
2754,-0.008476647064516195,0.03427290000456661,-0.025859239655829962,-0.24732797818062502,FALSE
2755,-0.0033781395095731025,0.047262474444067504,-0.010305503874823011,-0.07147614570140506,FALSE
2756,-0.01820626177551641,0.05798086789058646,-0.0555408386012266,-0.31400464390896615,FALSE
2757,-0.009752325571383193,0.03067426960563851,-0.029750881714510843,-0.31793179419634926,FALSE
2758,0.007349521670717468,0.052235735327130335,0.022420780385486786,0.14069911382869446,FALSE
2759,-0.018712243568411304,0.07901190336562411,-0.05708440934852447,-0.23682815843356184,FALSE
2760,0.006336899238894783,0.129122605664412,0.019331628985638255,0.04907660596134734,FALSE
2761,0.0012424807291249783,0.025351823992757636,0.0037903674292032075,0.04900952016233322,FALSE
2762,-9.539834947820504e-4,0.023487468481353316,-0.002910264828948999,-0.0406167014354662,FALSE
2763,-0.07723850345270616,0.04355388215202052,-0.2356272422621121,-1.7734011214686396,FALSE
2764,0.006339383377915461,0.14774594562328713,0.01933920721153172,0.042907325484783196,FALSE
2765,-0.01080366203271668,0.047264787014443456,-0.03295813586884982,-0.2285773979985403,FALSE
2766,-0.006057785989507634,0.045449337362858444,-0.018480153590698985,-0.1332865634793194,FALSE
2767,-0.012011339014151646,0.05921239461608459,-0.03664232942463502,-0.20285176933021484,FALSE
2768,-0.011118207931559394,0.05900525469255054,-0.03391770369313512,-0.18842742039656132,FALSE
2769,-0.013239539217935803,0.06458485370554418,-0.04038913204284765,-0.2049944910969006,FALSE
2770,-0.011442951372264518,0.06455511635793051,-0.034908380595917304,-0.1772586282521473,FALSE
2771,-0.011592546932542767,0.0559859371107563,-0.03536474352046054,-0.20706176462866688,FALSE
2772,-0.009740880995794154,0.055737158426689144,-0.029715968379006398,-0.17476457843839124,FALSE
2773,-0.1375118167942104,0.24304173642511373,-0.4194997147959028,-0.5657950721421902,FALSE
2774,-0.0681297962464305,0.1805783608868106,-0.2078398115941689,-0.377286602402684,FALSE
2775,-0.09791293812731551,0.15049843009020464,-0.29869759979032634,-0.6505910930009647,FALSE
2776,-0.038396600778972875,0.22180320815656623,-0.11713439216657504,-0.17311111547074431,FALSE
2777,-0.04607287747945331,0.06329075118396414,-0.14055198609863015,-0.7279559274867117,FALSE
2778,-0.07046667238519873,0.1423486411479822,-0.21496879073633016,-0.4950287675169535,FALSE
2779,-0.216224280266791,0.21535894517654142,-0.6596234855918733,-1.0040181060951066,FALSE
2780,-0.15953303013577952,0.22374173105065953,-0.48667861571954263,-0.7130231333539566,FALSE
2781,-0.01870566404618264,0.07645909051395464,-0.05706433756296623,-0.2446493140376637,FALSE
2782,0.0069418332740260906,0.07628416677459832,0.021177067880447493,0.09099966044772524,FALSE
2783,-0.007402279691958462,0.03622033609795181,-0.02258172637092827,-0.20436805644045491,FALSE
2784,-0.026925599134262537,0.04958427730957617,-0.08214044015166776,-0.543026955221195,FALSE
2785,-0.1332458676437605,0.09959842401604584,-0.40648581901830805,-1.3378310847799548,FALSE
2786,-0.041926150068622964,0.09326041344624411,-0.12790179350621492,-0.4495599849853707,FALSE
2787,-0.011158747368210428,0.05255653968036311,-0.03404137511650483,-0.21231891285224225,FALSE
2788,-0.009419935440622631,0.055932991151113665,-0.028736877476142734,-0.1684146555862331,FALSE
2789,-0.03197058351947592,0.07001529838867211,-0.09753089575094176,-0.45662282751405786,FALSE
2790,-0.0069653708715848375,0.021519415585362314,-0.021248872731063725,-0.3236784402417852,FALSE
2791,-0.008027996480333663,0.06297341073977976,-0.024490566064750544,-0.1274823196969137,FALSE
2792,6.754845219282919e-4,0.022954213198541056,0.0020606633735486767,0.02942747442858224,FALSE
2793,-5.447893843878537e-4,0.024122734957246598,-0.001661958926166716,-0.022584063761982184,FALSE
2794,0.0087040427688135,0.04552581635411427,0.026552943188532827,0.19118916399237496,FALSE
2795,-1.2465497301992714e-4,0.02796968131222321,-3.802780506347877e-4,-0.004456789179269299,FALSE
2796,0.001410010995634166,0.024887714040583882,0.004301442772825929,0.05665490182565141,FALSE
2797,-0.0012943098301862002,0.024285143970266654,-0.003948479609088435,-0.053296362243966076,FALSE
2798,-0.0012128874642503538,0.07288729729354997,-0.00370008888831706,-0.016640587719496718,FALSE
2799,0.00663433072100505,0.09564057286096338,0.020238986802772647,0.0693673252109191,FALSE
2800,-0.012838153699648925,0.05343131242104117,-0.03916464738131099,-0.24027397265640213,FALSE
2801,-0.012837024712160852,0.05526576200810992,-0.03916120324145235,-0.23227807318167612,FALSE
2802,-0.011287149569723204,0.05505558919942224,-0.03443308463041799,-0.20501369132276318,FALSE
2803,-0.013356575890880313,0.05783938487328003,-0.04074616936564267,-0.23092527557378345,FALSE
2804,-0.0121193897452563,0.06350238026891253,-0.03697195383029409,-0.1908493775183625,FALSE
2805,-0.012514617362060625,0.06378440531260801,-0.03817765292142747,-0.1962018349269913,FALSE
2806,-0.01216716775993101,0.06413564648058787,-0.03711770758438455,-0.1897099105972789,FALSE
2807,-0.006388667434738864,0.05121894550544123,-0.019489555365336877,-0.12473250613994318,FALSE
2808,-0.013700237529783024,0.07041894687554782,-0.04179455897220082,-0.19455328626251117,FALSE
2809,-0.11583383891398467,0.21899013580418325,-0.35336790336244744,-0.5289454636329421,FALSE
2810,-0.036830672727944894,0.1901438450334825,-0.11235730183272964,-0.1936990004670378,FALSE
2811,0.030422002940326046,0.1937058668295506,0.0928067263927256,0.15705256344711316,FALSE
2812,-0.10935124349726955,0.1806019009210754,-0.3335918070832532,-0.6054822398854871,FALSE
2813,-0.002955890275461428,0.11509797006577281,-0.009017371426193379,-0.025681515267144003,FALSE
2814,-0.09757466904383487,0.3183783824137946,-0.29766566095515873,-0.3064739141648682,FALSE
2815,-0.04083655970949616,0.10691364365150242,-0.12457784029583667,-0.381958357369315,FALSE
2816,-0.010144043999715031,0.20201122081771578,-0.030945875517926463,-0.05021525021557332,FALSE
2817,0.030618885095428466,0.08949474002792368,0.09340734392392634,0.3421305552245296,FALSE
2818,-0.036093086871637946,0.07498318769131324,-0.11010718934369675,-0.4813490594748256,FALSE
2819,-0.03222800459782536,0.10890782839477653,-0.09831619603616491,-0.29592000017669157,FALSE
2820,-0.06451148642855924,0.2207513242846996,-0.19680163340682266,-0.2922360109847394,FALSE
2821,-0.12467535039551275,0.07354396049124969,-0.3803402147705379,-1.6952493387998422,FALSE
2822,-0.00876645773820872,0.08168321973862541,-0.02674334909306301,-0.10732262717189807,FALSE
2823,-0.017615469408818932,0.04859683851709689,-0.05373854091430066,-0.3624817981239998,FALSE
2824,-0.0069970907329017,0.046726919815936775,-0.021345638762420165,-0.14974431784641748,FALSE
2825,-0.019309028432521295,0.05974045507909995,-0.058904988016780374,-0.32321528865079757,FALSE
2826,-0.012911102778669905,0.03691156340119849,-0.03938718911304973,-0.3497847717349922,FALSE
2827,5.57751485043309e-4,0.02623815435825272,0.0017015016916896001,0.021257268229610774,FALSE
2828,0.0010539085227964451,0.025570721999206184,0.003215100600377597,0.04121543861096932,FALSE
2829,0.0019431423109107539,0.023218862119969205,0.005927837070575541,0.08368809379506885,FALSE
2830,-4.627235778998293e-4,0.02741590370131728,-0.0014116052967928698,-0.016877925416611247,FALSE
2831,0.003965581507115858,0.035120950565881,0.012097580775363947,0.11291213487166567,FALSE
2832,-0.02493184336693501,0.06845249710966823,-0.07605819940127287,-0.36422109374609846,FALSE
2833,0.04729017245361635,0.0960090568718038,0.14426552073433413,0.4925594938065125,FALSE
2834,-0.010817088706462068,0.05371309909886073,-0.032999095881873844,-0.20138641947568245,FALSE
2835,-0.008603745672188315,0.055116904210489745,-0.02624697236791537,-0.15609994420823922,FALSE
2836,-0.010557179766270849,0.058396440677003364,-0.03220620601375225,-0.1807846444728315,FALSE
2837,-0.011821748028537443,0.06288677018074154,-0.03606395466203512,-0.18798465868990896,FALSE
2838,-0.011781123719724155,0.06386902970314819,-0.03594002432384129,-0.184457534026753,FALSE
2839,-0.011986687047512745,0.059889398397568815,-0.03656712502973088,-0.20014706055219514,FALSE
2840,-0.006706627438977398,0.06094909169639147,-0.02045953841264242,-0.11003654447199036,FALSE
2841,-0.027003177319276025,0.17011284617498282,-0.08237710364173165,-0.15873684984083922,FALSE
2842,-3.4795635333352825e-4,0.17043701982900214,-0.0010614912549899718,-0.002041553846004991,FALSE
2843,-0.10687132160607676,0.3336588699775577,-0.3260264461541022,-0.32030115552829463,FALSE
2844,-0.04101906656202896,0.11264428660234166,-0.12513460388438255,-0.36414688928551703,FALSE
2845,-0.04119550210229659,0.17683633822369635,-0.12567284605547463,-0.2329583529952122,FALSE
2846,-0.04556582075415042,0.3120645342297381,-0.13900513611432494,-0.14601409566332013,FALSE
2847,-0.09811458950897337,0.11828712968886941,-0.29931276653792493,-0.8294612420391309,FALSE
2848,-0.05286485602276355,0.12729305934130308,-0.16127190041757541,-0.41530038084024873,FALSE
2849,-0.03928044103373167,0.14060950177048076,-0.11983067488205482,-0.27935836866735925,FALSE
2850,-0.0995775533121477,0.11326382707493288,-0.30377574952001146,-0.8791646537448303,FALSE
2851,-0.02329779378246211,0.12893461857583896,-0.07107329446270612,-0.18069463453493226,FALSE
2852,-0.04796199597356563,0.1330994269529239,-0.14631501569107425,-0.36034712599122887,FALSE
2853,-0.12218703523357644,0.07853429481729632,-0.37274924895327477,-1.555843030332604,FALSE
2854,-0.06205947077501274,0.10942393857758918,-0.18932140449764318,-0.5671471122473649,FALSE
2855,0.005295730877851978,0.03451008511318391,0.01615539409401719,0.15345458756428412,FALSE
2856,-0.009739145670197753,0.05470450766626421,-0.02971067451692429,-0.17803186767740162,FALSE
2857,-0.018229138155873424,0.05057162823023954,-0.05561062631299606,-0.36046176075013586,FALSE
2858,-0.006780498194336687,0.02176262339051583,-0.020684891851549817,-0.31156621482002184,FALSE
2859,-0.005792753371166482,0.0544714443513417,-0.01767163320025058,-0.10634477275475071,FALSE
2860,-0.014173414259351409,0.18487053597051262,-0.043238053122227595,-0.07666670183512699,FALSE
2861,4.74094799180718e-4,0.029701779907458387,0.001446294854355422,0.0159618312659326,FALSE
2862,-0.0022138215375512196,0.028049834411884154,-0.006753583257514377,-0.0789245849028352,FALSE
2863,-0.0013283960771966186,0.028587675891618883,-0.004052464642758176,-0.04646743870445473,FALSE
2864,0.0040355269229703635,0.036845889314740726,0.012310959397552881,0.10952448150996028,FALSE
2865,-0.05408652667911147,0.07578587356336369,-0.1649987837055726,-0.713675572188138,FALSE
2866,0.001372193433717101,0.036057221832506536,0.004186074822577503,0.03805599444381021,FALSE
2867,-0.009145242705097159,0.05508393697220424,-0.02789888749902032,-0.1660237667781792,FALSE
2868,-0.008523430907114072,0.05832486694808019,-0.026001960544000877,-0.14613716846883656,FALSE
2869,-0.01153610558237649,0.058150891330761706,-0.03519256100662697,-0.19838226583250862,FALSE
2870,-0.011135931315374539,0.06403130583423508,-0.0339717714425766,-0.1739138562034539,FALSE
2871,-0.00923314252660417,0.06367798057055019,-0.028167038636227562,-0.14499741423763549,FALSE
2872,-0.010576979142627962,0.06479126110892634,-0.03226660687913661,-0.16324700216663576,FALSE
2873,-0.0075530044975666115,0.058765987513922494,-0.02304153422191398,-0.12852680295344646,FALSE
2874,-0.030557319117627164,0.16861751438948924,-0.09321952799122415,-0.18122268750233667,FALSE
2875,-0.0997024500348169,0.16213172018043037,-0.3041567650629672,-0.6149472165216143,FALSE
2876,-0.09022895386362019,0.15669831462213835,-0.27525649282029535,-0.5758131737485366,FALSE
2877,-0.08163970864037033,0.18900888109447148,-0.24905375617215958,-0.4319358337429907,FALSE
2878,0.0019350577054261901,0.08589664303170705,0.0059031738105439525,0.022527745405741897,FALSE
2879,0.025318306177941993,0.2013272021079803,0.07723716018279807,0.12575700607195003,FALSE
2880,-0.10209114614218219,0.23775465527800502,-0.31144382852510893,-0.4293970438677958,FALSE
2881,-0.14905285500660218,0.3085108924135734,-0.45470732350484977,-0.4831364424138056,FALSE
2882,-0.0962428968634614,0.1604035981827338,-0.2936028970206536,-0.6000046006064045,FALSE
2883,0.01897983093443966,0.0737928585792163,0.057900723366830775,0.257204169886777,FALSE
2884,-0.018762641335609807,0.08488620529553118,-0.05723815503714236,-0.22103286712237524,FALSE
2885,-0.040655328478033076,0.10702762200124122,-0.12402496817412913,-0.3798582806741384,FALSE
2886,-0.04892983747239415,0.18549463055106766,-0.149267556368606,-0.26378034408345585,FALSE
2887,-0.1496328986909078,0.09061373501897735,-0.4564768307792647,-1.6513269060101097,FALSE
2888,-0.0064300284468666365,0.059708568512719946,-0.019615733123698086,-0.10769021276229095,FALSE
2889,-0.001965299470027,0.03166144949179907,-0.005995430693775668,-0.062072315120508016,FALSE
2890,-0.005628446342497136,0.029130944149170866,-0.017170390810522695,-0.19321194375560036,FALSE
2891,-0.013138662557448617,0.03796012329307454,-0.04008139317872322,-0.3461174890294848,FALSE
2892,-0.0018601750884533693,0.06491244999751622,-0.0056747335412231,-0.02865667662404587,FALSE
2893,-0.017532050383315373,0.12337323805928528,-0.05348405909431522,-0.1421057812788426,FALSE
2894,0.005293085586688305,0.0385621497228283,0.01614732425016971,0.13726116476216227,FALSE
2895,-0.0022150013836843003,0.027731622623610362,-0.006757182549036145,-0.07987276524520695,FALSE
2896,-0.0018692530875578405,0.029393027643284532,-0.005702427292378625,-0.06359511889156855,FALSE
2897,-0.06636789331584207,0.060873107618110066,-0.20246487150457634,-1.0902662261339402,FALSE
2898,0.056222565709899176,0.06545378046102085,0.17151508015993003,0.8589659040913754,FALSE
2899,-0.00714406227896381,0.05961644148649873,-0.021793996751526188,-0.11983375895694341,FALSE
2900,-0.009558745041244486,0.0592871365711633,-0.029160336268480153,-0.16122797615248244,FALSE
2901,-0.009190272428712391,0.06358411542936024,-0.028036257193162297,-0.14453723806101332,FALSE
2902,-0.008136472088400265,0.06437455071675693,-0.02482148661912262,-0.12639268154585057,FALSE
2903,-0.008765458791446641,0.06034201961068723,-0.026740301661274543,-0.14526293365716555,FALSE
2904,-0.008233153361587064,0.06135955329805013,-0.02511642684661349,-0.134178834738171,FALSE
2905,0.045109492152799996,0.1330208429843588,0.1376130396197655,0.3391159696537495,FALSE
2906,-0.04696178655164624,0.13553129863889074,-0.143263731975877,-0.34650141349837654,FALSE
2907,-0.09063441792432031,0.14848930115895365,-0.2764934196662131,-0.6103767558802011,FALSE
2908,-0.052939596660290224,0.2780902201542008,-0.161499907558031,-0.19036842299213275,FALSE
2909,-0.14757457257824394,0.20926464300998013,-0.45019760883783955,-0.7052054778847944,FALSE
2910,-0.05040175167067446,0.27991864303448166,-0.15375784382736807,-0.18005857389236393,FALSE
2911,-0.06475721685384599,0.07557335947941338,-0.19755126966156528,-0.8568788962132381,FALSE
2912,-0.02979408857890625,0.1284515323243209,-0.09089118268402704,-0.23194809777496955,FALSE
2913,-0.0334367211126251,0.07497938809045536,-0.10200356083904878,-0.4459455053472421,FALSE
2914,-0.015561714338123686,0.0667912981094507,-0.04747326359848551,-0.23299014659997702,FALSE
2915,-0.03831994973855563,0.11712694959216695,-0.1169005570653927,-0.32716595003954874,FALSE
2916,-0.046258120537686125,0.10150467935104127,-0.141117096878985,-0.45572402014795976,FALSE
2917,-0.1464274692968729,0.09316958270583375,-0.4466982041277939,-1.57162310964933,FALSE
2918,-0.05585387106776974,0.10764470469256118,-0.17039032375116597,-0.5188724445600112,FALSE
2919,-0.001430479942452808,0.02769921322432732,-0.0043638862598859764,-0.05164334202808561,FALSE
2920,-0.009182258467805257,0.036565882988679646,-0.028011809444646547,-0.2511154583809168,FALSE
2921,-0.006674024625801326,0.0293090324943215,-0.020360078808749803,-0.22771221216853169,FALSE
2922,-0.023938831010221595,0.17257890239243331,-0.07302887137593313,-0.13871238418115694,FALSE
2923,-5.763288395350423e-4,0.032631989161116016,-0.0017581746023719394,-0.017661468220325056,FALSE
2924,-2.9603707117206952e-5,0.02888184853415703,-9.03103964596344e-5,-0.0010249935035216398,FALSE
2925,3.4312232283839705e-5,0.02890706666986519,1.0467443447876508e-4,0.0011869842303857572,FALSE
2926,0.004603522214341468,0.040241822175893005,0.014043711304192122,0.11439646530467557,FALSE
2927,-0.015833731761856425,0.12006093450632371,-0.04830309214948321,-0.13188079725485102,FALSE
2928,-0.001625007318469761,0.03382441218005651,-0.004957320196412534,-0.048042440761997776,FALSE
2929,-0.008433770582074084,0.06264004078616746,-0.025728438735769146,-0.13463865087291702,FALSE
2930,-0.009664903364220549,0.058844465099497145,-0.029484187609040324,-0.16424490133232836,FALSE
2931,-0.011686164323381962,0.06370284410824543,-0.035650336931067214,-0.18344807813485603,FALSE
2932,-0.010430461309350228,0.06381879403309959,-0.031819633006596584,-0.1634387090414224,FALSE
2933,-0.009573625811737749,0.06382618871936553,-0.029205732214249738,-0.149995260626192,FALSE
2934,-0.008663138001503782,0.06446468210847177,-0.026428157271073102,-0.13438580193301375,FALSE
2935,-0.007306699471447351,0.06042993900135265,-0.02229014506410469,-0.12091191207861056,FALSE
2936,-0.08110690530176495,0.15302550549640417,-0.24742836241475072,-0.5300221361050875,FALSE
2937,-0.04831835195106436,0.14790991745431428,-0.14740213121620943,-0.32667418644181656,FALSE
2938,-0.030346438387396698,0.143161932266151,-0.0925762057789955,-0.2119728192197065,FALSE
2939,-0.09782319126385625,0.19371180235935045,-0.2984238139841121,-0.5049934494047328,FALSE
2940,-0.022930423137111317,0.21951300009616306,-0.06995257709788738,-0.10446043344615619,FALSE
2941,-0.1281725439295664,0.14725160766889964,-0.3910089101912165,-0.8704322211392546,FALSE
2942,-0.04932821193939297,0.10794742895437898,-0.15048285538205786,-0.456965139579565,FALSE
2943,-0.0467973543131069,0.18729660130722725,-0.1427621076153049,-0.2498569327285552,FALSE
2944,-0.07049010023642019,0.12430601669552759,-0.21504026078984848,-0.5670690937597742,FALSE
2945,-0.006888627971513083,0.09470060003525324,-0.021014757398700037,-0.07274112274841683,FALSE
2946,-0.011016394109829327,0.08766711562419166,-0.03360710588289775,-0.12566164668921037,FALSE
2947,-0.01916989410246704,0.09956044454787995,-0.058480538590274536,-0.1925452843196977,FALSE
2948,-0.031037439347140556,0.10180533772999428,-0.09468420429355259,-0.3048704521707626,FALSE
2949,-0.1550070130979814,0.08114062250201239,-0.47287134518250146,-1.9103503068902021,FALSE
2950,4.4582385292472215e-4,0.045303364382668826,0.0013600502379443916,0.009840855287455775,FALSE
2951,-0.015993075187450155,0.061901680221119325,-0.048789192349084284,-0.25836253766167905,FALSE
2952,-0.02538260602150017,0.052560842678958476,-0.07743331616897374,-0.4829185516780444,FALSE
2953,-0.021812133707574448,0.13467785086649642,-0.06654107321635522,-0.16195783914904016,FALSE
2954,0.002451043481801279,0.11581536976778681,0.007477263158458128,0.021163369652194633,FALSE
2955,-0.0025069369926082256,0.04983016427684115,-0.007647774408975204,-0.05030962729082029,FALSE
2956,1.2806364442447283e-4,0.02662833444601153,3.90676696477565e-4,0.004809299833758644,FALSE
2957,-2.085545513174612e-4,0.03015665123172463,-6.362258665231011e-4,-0.006915706578788264,FALSE
2958,-7.919481333280217e-4,0.06041030258515902,-0.002415952489097214,-0.013109487942253403,FALSE
2959,0.06256910426976175,0.09792200184080789,0.1908761152903716,0.6389688026545919,FALSE
2960,-0.006229227669675747,0.047658857854528267,-0.019003161268230314,-0.13070451013932308,FALSE
2961,-0.007805201031902201,0.0596331046481583,-0.02381089627888267,-0.13088704802397466,FALSE
2962,-0.00804004726308917,0.05762118033885053,-0.024527328723021345,-0.13953284566210533,FALSE
2963,-0.008900167444438573,0.06671176067856999,-0.027151249918872102,-0.1334122702490387,FALSE
2964,-0.009157219788685849,0.06467315747479435,-0.027935425327307913,-0.14159227949021622,FALSE
2965,-0.008498334766762695,0.0652207096872318,-0.025925401132851248,-0.13030116978973025,FALSE
2966,-0.007698964095588125,0.0654496478101044,-0.023486805116948273,-0.11763186439025461,FALSE
2967,-0.002606137701418552,0.07742979159453373,-0.007950400539759008,-0.03365807459570298,FALSE
2968,-0.10498142365967264,0.4888047950935408,-0.32026103872954353,-0.2147716730961748,FALSE
2969,0.04092128077528035,0.1726929875035267,0.12483629417829,0.23695971311194475,FALSE
2970,-0.13803290122795078,0.23154358224387273,-0.42108935833661615,-0.5961422030802304,FALSE
2971,-0.05138502919355659,0.2351893688271086,-0.15675747433208004,-0.21848363916198327,FALSE
2972,-0.17691739664959696,0.26434285520104084,-0.5397121437789356,-0.6692724738674926,FALSE
2973,-0.09357850312247133,0.2689675570734854,-0.28547477799418475,-0.34791743710898365,FALSE
2974,-0.047086213822479836,0.1109160038694529,-0.14364331538801126,-0.42452136914254385,FALSE
2975,-0.04233604444540315,0.14884671162658714,-0.12915223567303655,-0.2844271397248728,FALSE
2976,-0.002291357263764199,0.14293672666270468,-0.006990117220857427,-0.01603057042974851,FALSE
2977,-0.007802369795873324,0.07853862308566716,-0.02380225918329101,-0.09934436700478916,FALSE
2978,-0.029559890298212037,0.07492982574246232,-0.09017672690671781,-0.39450098816205587,FALSE
2979,-0.039574916408045856,0.16064888972859587,-0.12072901466418487,-0.2463441638152911,FALSE
2980,-0.12041969886320178,0.08263764509456568,-0.36735773336861693,-1.4572014815451302,FALSE
2981,-0.04701834467659714,0.08674662452932869,-0.14343627072810514,-0.5420192996754638,FALSE
2982,-0.0032480661916913186,0.04526581362269002,-0.009908696378376186,-0.07175539180109175,FALSE
2983,-0.01975419628396595,0.050454395820000296,-0.0602630370271924,-0.39152577219317963,FALSE
2984,-0.01950381877930546,0.05528863522067336,-0.05949922418372186,-0.3527636141036929,FALSE
2985,-0.02005341537797767,0.12354084276187872,-0.06117584821335579,-0.16232215136034023,FALSE
2986,-0.005241650109558768,0.04893431295579671,-0.015990412877101876,-0.10711604583666372,FALSE
2987,-3.755515430070261e-4,0.03128609571860416,-0.0011456743780672795,-0.012003784249234583,FALSE
2988,-0.08274979049826073,0.06851668230103068,-0.2524402216675724,-1.207732010938538,FALSE
2989,-6.10721227018453e-4,0.03895184141400376,-0.0018630935618969395,-0.01567887947908131,FALSE
2990,-0.007416643165828044,0.054744087396362155,-0.022625544228420367,-0.13547843280552876,FALSE
2991,-0.011419113682041395,0.06425386881989656,-0.03483566026916198,-0.1777186944812482,FALSE
2992,-0.011061384261507535,0.0648581089950249,-0.033744354857114106,-0.170547437057655,FALSE
2993,-0.011677941032401717,0.06557117995323146,-0.035625250590843385,-0.17809563653926908,FALSE
2994,-0.010654748787108655,0.06634198945756709,-0.03250385444403681,-0.1606033957411471,FALSE
2995,-0.00772257387520775,0.066284380461751,-0.023558830169396302,-0.11650669164304876,FALSE
2996,-0.05955930566580069,0.1334257750124008,-0.18169428869982995,-0.4463853079381788,FALSE
2997,-0.04223082131633028,0.17462670384097576,-0.12883123727693463,-0.2418348419081877,FALSE
2998,-0.12041564426983488,0.34948445559185676,-0.36734536424427056,-0.34455221782585244,FALSE
2999,-0.13568741228816777,0.34406693150021583,-0.41393410459745283,-0.39436342137425856,FALSE
3000,-0.07226226187927058,0.2106658188080022,-0.22044649656710189,-0.34301844641028056,FALSE
3001,-0.10452003951811825,0.15923202918478144,-0.3188535195773308,-0.656400851343969,FALSE
3002,-0.09214462267143297,0.06617210295078928,-0.2811005179903177,-1.392499536246549,FALSE
3003,-0.06657304355645258,0.2629417541933175,-0.20309071202819629,-0.2531855154031846,FALSE
3004,-0.07595602790408362,0.16192998624795163,-0.23171486484304998,-0.4690670929087691,FALSE
3005,0.03239277406837753,0.07545031333912904,0.09881884917183795,0.4293259051527149,FALSE
3006,-0.001992653589427295,0.05978136431546264,-0.006078878397067157,-0.03333235385716831,FALSE
3007,-0.01190066677652987,0.11505354312880194,-0.036304707733637816,-0.10343589995492035,FALSE
3008,-0.02511508715156425,0.1135811997286352,-0.07661721110791861,-0.2211201080070334,FALSE
3009,-0.15193396078177962,0.08262217974793433,-0.4634965539808932,-1.8389004168772027,FALSE
3010,-0.004212408387236087,0.07882173259886367,-0.012850561924390247,-0.053442220163742185,FALSE
3011,-0.008549445273475374,0.07340374409471928,-0.02608132113659267,-0.11647151489225502,FALSE
3012,-0.01521733926242885,0.04123036823119895,-0.04642269754965644,-0.36908084781338224,FALSE
3013,-0.018646583695938582,0.06145888644759051,-0.056884104397153905,-0.30339930925757314,FALSE
3014,-0.014891901666756328,0.04371329232526199,-0.04542990302660251,-0.34067215884698465,FALSE
3015,0.05634353557231661,0.07537776672098649,0.17188411624690833,0.7474821558573661,FALSE
3016,-0.007928056999847671,0.04099420558759962,-0.024185686203963993,-0.19339457579941097,FALSE
3017,-0.005042437356400728,0.053831169623631804,-0.015382685518960949,-0.09367133190037738,FALSE
3018,-0.008092596738316285,0.0603765999395467,-0.024687638508641002,-0.1340353174312426,FALSE
3019,-0.00971837420221864,0.0655357126761203,-0.029647308145246066,-0.1482912721228374,FALSE
3020,-0.00910204726812829,0.06521046455525474,-0.027767113561977204,-0.13957954954324636,FALSE
3021,-0.010138066915363855,0.06529496957116086,-0.030927641556372586,-0.15526566566992603,FALSE
3022,-0.008335433095928933,0.06556875822058379,-0.02542844599075748,-0.12712507178932994,FALSE
3023,-0.028873893924756953,0.16121726929410699,-0.08808399560751541,-0.17909926182959102,FALSE
3024,-0.010089697733189993,0.1100405749657057,-0.030780084360199314,-0.09169070350945059,FALSE
3025,-0.014019903007793618,0.1281207262186976,-0.04276974481427448,-0.10942728332543271,FALSE
3026,-0.01582900818978513,0.19217612624624766,-0.048288682208701965,-0.08236719356858303,FALSE
3027,-0.013656064394945605,0.19845262199292735,-0.04165980242619671,-0.06881271841010139,FALSE
3028,-0.12882258405663424,0.15799620365079461,-0.3929919517527933,-0.8153524013865528,FALSE
3029,-0.07836608719914516,0.1396140313314136,-0.23906709980357374,-0.5613052388203087,FALSE
3030,-0.14418548786101948,0.21523507998398703,-0.4398587150217361,-0.6698977131039537,FALSE
3031,-0.053434656273727725,0.17849388701296806,-0.16301015861488963,-0.2993640688089534,FALSE
3032,0.007615353945074678,0.09122993762856665,0.02323174024243699,0.08347428643522493,FALSE
3033,0.046433753728250864,0.10296349324175036,0.1416528913660934,0.45097298339740655,FALSE
3034,-0.044364635092021945,0.15181779364837986,-0.13534074526830828,-0.29222289447028454,FALSE
3035,-0.02340988414693151,0.11664899194523314,-0.07141524235505818,-0.20068655336449442,FALSE
3036,-0.13815276320357578,0.08010082153831571,-0.42145501465446417,-1.7247359084512173,FALSE
3037,-0.0404256509995229,0.10063130856665052,-0.1233243037586902,-0.40172041460385094,FALSE
3038,-0.01374102914699212,0.06114031715528351,-0.04191899970888957,-0.22474579436826939,FALSE
3039,-0.00880480178750128,0.033689769977084734,-0.026860323169308552,-0.26134941833945946,FALSE
3040,-0.0182066722900299,0.05213839757865237,-0.05554209093521027,-0.34919892316530393,FALSE
3041,0.0031473536166645444,0.027242293286982557,0.009601458080715417,0.11553188945985228,FALSE
3042,-0.0593329960516049,0.12304113031020528,-0.18100389844229461,-0.48222083056306014,FALSE
3043,0.002154477147927799,0.047523970482253236,0.006572544601330976,0.045334535941864124,FALSE
3044,-0.006239617880376185,0.05538485571205081,-0.019034858110924396,-0.11265927842831862,FALSE
3045,-0.0073493900012858975,0.06003736793514448,-0.022420378708814345,-0.12241359430055454,FALSE
3046,-0.010091530686328372,0.059772629585165535,-0.03078567604923892,-0.16883196801555647,FALSE
3047,-0.008351278383423361,0.06720927929466793,-0.025476784335342943,-0.12425781783507256,FALSE
3048,-0.008283422788908751,0.06523142994225249,-0.025269781015847977,-0.1269851480527382,FALSE
3049,-0.011214623242533564,0.06670940658445926,-0.03421183256437352,-0.1681115725161636,FALSE
3050,0.011731965283356268,0.07893500147134362,0.03579005939343096,0.14862817590008423,FALSE
3051,-0.0341846687976988,0.10191015078088884,-0.1042852835875761,-0.3354392917266631,FALSE
3052,-0.02314561987606781,0.15317947866842693,-0.07060906591987973,-0.15110130989653606,FALSE
3053,-0.03375607499124071,0.150387495013226,-0.10297779610203496,-0.22446065072280108,FALSE
3054,0.018531122394690822,0.25957154537251903,0.056531872973901866,0.07139119339177276,FALSE
3055,-0.03225359045789151,0.10181509376895995,-0.09839424940823706,-0.316785942672525,FALSE
3056,-0.11386449432773242,0.15070091156423412,-0.3473601324557187,-0.7555660622477343,FALSE
3057,-0.11494497196897789,0.17626924916902786,-0.35065628600028376,-0.6520988346569458,FALSE
3058,-0.04903810829623548,0.13603049607722068,-0.14959785219903726,-0.36049349013913706,FALSE
3059,-0.06237325086807445,0.16482487535867726,-0.1902786361204717,-0.37842134406195255,FALSE
3060,0.008641556027681739,0.12125400403830286,0.026362318333924675,0.0712682116868649,FALSE
3061,-0.01420331956533599,0.04925625541613665,-0.04332928358971673,-0.288355650370509,FALSE
3062,-0.008191509155215004,0.08871160114641896,-0.024989385163191293,-0.09233864623517363,FALSE
3063,-0.043555122657202246,0.15118877755918653,-0.13287121033343935,-0.28808436287641476,FALSE
3064,-0.1303430834688026,0.11457816092266325,-0.39763045544376346,-1.1375909895846574,FALSE
3065,-0.004831804924303278,0.04057140521911016,-0.014740120776151387,-0.11909385189417536,FALSE
3066,-0.007450889817851233,0.023123863551840734,-0.022730018600815156,-0.32221647568310957,FALSE
3067,-0.007186645157952121,0.02650160663471668,-0.021923901991724695,-0.27117771601581814,FALSE
3068,3.7812293344112815e-4,0.03719464278473029,0.0011535187770351806,0.010166059010959528,FALSE
3069,0.004035372966502719,0.02845875643978061,0.01231048973104877,0.14179723471198263,FALSE
3070,0.003639445842406136,0.027447983681743976,0.011102656691601417,0.13259428760250905,FALSE
3071,0.010486797183328282,0.03726993834024597,0.03199149375004046,0.2813741489881701,FALSE
3072,0.0015328319128713067,0.09471569335777187,0.004676125770644637,0.016183505167209237,FALSE
3073,0.006916246893863556,0.06781220823498224,0.021099012921745975,0.1019911764250095,FALSE
3074,-0.003312272617333321,0.08257432902169065,-0.010104567379667606,-0.04011261921926428,FALSE
3075,-0.00656541825313609,0.06062064657985844,-0.020028759338029216,-0.1083033359680048,FALSE
3076,-0.0062226545576771555,0.058439684437496975,-0.018983109038007387,-0.10647994795954921,FALSE
3077,-0.007955863585035819,0.06576787223889471,-0.024270514219677967,-0.12096884564148588,FALSE
3078,-0.006722423790344984,0.06552712892703465,-0.02050772747048488,-0.10258993336684252,FALSE
3079,-0.004928978696302665,0.06686278665994495,-0.015036563442605207,-0.07371781737681352,FALSE
3080,-0.03203128909331821,0.09856238482885381,-0.09771608689674326,-0.3249849234973174,FALSE
3081,-0.13351944579982222,0.33648993495633445,-0.40732040880933695,-0.3968007120841482,FALSE
3082,0.012003123162662827,0.1198856526618842,0.03661726577965734,0.10012143151537461,FALSE
3083,-0.08381379089293998,0.21471149156577785,-0.25568610898486854,-0.3903554033448799,FALSE
3084,-0.010840418606101751,0.15235772366866449,-0.03307026711990432,-0.07115109326309335,FALSE
3085,-0.11536310266451075,0.23456201460455897,-0.351931854250436,-0.49182346450680825,FALSE
3086,-0.09713512099967027,0.17694542138523114,-0.2963247559808459,-0.5489552667666693,FALSE
3087,-0.23235758672144277,0.25609875809579,-0.7088404737331155,-0.9072968117812301,FALSE
3088,-0.03600438173954532,0.1428552457562501,-0.10983658148990424,-0.2520340191145559,FALSE
3089,0.025923519371296527,0.15127348332696702,0.07908345069020145,0.1713685624285167,FALSE
3090,0.05447285816298735,0.09097674133599465,0.16617734385466254,0.5987558727983956,FALSE
3091,-0.013857287739100136,0.05852929328984926,-0.04227366338339306,-0.23675815920885904,FALSE
3092,-0.025509747488786157,0.07445613255310596,-0.07782117963051917,-0.34261445785666195,FALSE
3093,-0.14781583706912388,0.08323455231614839,-0.45093362111281354,-1.7758951415714652,FALSE
3094,-0.05114418411463174,0.08797358907697535,-0.15602274153402404,-0.5813583900718371,FALSE
3095,-0.0019318985930481707,0.0333803178428579,-0.005893536480658546,-0.057875380400595026,FALSE
3096,3.33633989174279e-5,0.028839785843998794,1.017798808623711e-4,0.0011568532130542993,FALSE
3097,0.002963415051559596,0.02400001153435739,0.009040326845594233,0.12347556780617784,FALSE
3098,-0.08214220898319058,0.0845585884411105,-0.25058670625174,-0.9714236069633214,FALSE
3099,0.018368269876081422,0.05946786644454965,0.05603506777778788,0.30887723024683883,FALSE
3100,0.011971460326745535,0.05500193321540304,0.03652067371254204,0.2176552645860997,FALSE
3101,-0.008069301602970902,0.06008969845764491,-0.02461657332412566,-0.1342876035342175,FALSE
3102,-0.008359708200165954,0.060220639080801025,-0.025502500712318688,-0.13881799209984003,FALSE
3103,-0.005168609628897687,0.06719282947236054,-0.015767592311421084,-0.07692204167445829,FALSE
3104,-0.00591579527993982,0.06553720017281263,-0.0180469903647596,-0.09026621925167198,FALSE
3105,-0.00979008266476677,0.0684869246697492,-0.0298660651967394,-0.1429482008715609,FALSE
3106,-0.013364270236037257,0.18061069808109184,-0.04076964208001826,-0.07399489829797831,FALSE
3107,-0.09930068829696247,0.15725342102602488,-0.3029311326891468,-0.6314691766262341,FALSE
3108,-0.021254625083848885,0.1498682059006905,-0.06484031240829223,-0.14182210934007689,FALSE
3109,-0.05401938446051378,0.31194951442475544,-0.16479395664263993,-0.17316707339688345,FALSE
3110,-0.001716240698800766,0.10709217099444916,-0.005235640837656029,-0.01602582787204606,FALSE
3111,-0.05137773479432978,0.16895688474164255,-0.1567352217106938,-0.3040878439070011,FALSE
3112,-0.13243626840089037,0.22266884136418602,-0.4040160192629077,-0.5947678516199949,FALSE
3113,-0.05806114856945494,0.1754422117991734,-0.17712394347941132,-0.33094172704523833,FALSE
3114,-0.16066648140640336,0.21303903753059705,-0.4901363729934017,-0.7541645102641253,FALSE
3115,0.020534630712721026,0.16316279736389283,0.0626438652928069,0.12585363235054,FALSE
3116,0.07762364894217842,0.09625986252826692,0.23680218436349043,0.8063968397979383,FALSE
3117,-0.01024260142611473,0.04827908433063069,-0.031246539222541503,-0.21215401178634838,FALSE
3118,-0.01978727141448965,0.08279942158758857,-0.06036393750356596,-0.23897837732547292,FALSE
3119,-0.0331680105921038,0.19654534793854578,-0.10118382047528036,-0.16875500203889082,FALSE
3120,-0.041661172490402014,0.1076950607406675,-0.12709344102362538,-0.38684385526949283,FALSE
3121,-0.0015283393941402594,0.03234588423910714,-0.004662420691544345,-0.04724988758515531,FALSE
3122,-0.006876314576048391,0.023317157969743114,-0.020977193602322173,-0.2949036321223734,FALSE
3123,0.0016813001941836942,0.02625537075698442,0.005129049767423703,0.06403642933651725,FALSE
3124,0.0021917725828834566,0.025682377187538085,0.0066863197276570375,0.08534149961581342,FALSE
3125,0.019534561829793826,0.06222946014180725,0.05959301031216147,0.3139117997372765,FALSE
3126,-0.05825619632311357,0.15560643066747215,-0.17771896490330702,-0.37438167608642026,FALSE
3127,0.017551227440870492,0.0724899205012678,0.053542561486055386,0.24211955702949808,FALSE
3128,-0.009876741798534884,0.04385878734059472,-0.030130431436293837,-0.2251941377638864,FALSE
3129,-0.009716297133916956,0.06546512090455632,-0.029640971747542356,-0.14841944839730234,FALSE
3130,-0.00810382338011751,0.06575577114594072,-0.024721887005559467,-0.12324124923014883,FALSE
3131,-0.0065701121815592385,0.0669296075734135,-0.020043078846568106,-0.09816451074141797,FALSE
3132,-0.0076252987115556,0.06794868936691074,-0.023262078193019828,-0.11222142446898944,FALSE
3133,-0.07871439543958632,0.179507565923903,-0.240129664541154,-0.4385018260063478,FALSE
3134,0.05746688173069487,0.15249188462908328,0.17531104641220446,0.3768520657376332,FALSE
3135,0.005126790337609568,0.1437599261838542,0.015640016506102576,0.03566216590187261,FALSE
3136,-0.024068433543731713,0.20608556721149432,-0.07342424267646423,-0.11678854501747615,FALSE
3137,-0.11400657979636666,0.28306858935425944,-0.3477935847579154,-0.40275249209543273,FALSE
3138,-0.11938126890349555,0.18271142390905654,-0.3641898523669122,-0.6533869987402475,FALSE
3139,-0.13334048175781316,0.12885823333266036,-0.4067744530774461,-1.0347843386427735,FALSE
3140,-0.1534215913822548,0.16243319649092794,-0.46803478660096626,-0.9445211612936741,FALSE
3141,-0.044582109038852596,0.18897354778424988,-0.13600418104275905,-0.23591719349922857,FALSE
3142,-0.013864020988428498,0.07742257772490276,-0.04229420413573528,-0.17906948329323288,FALSE
3143,0.010643692409715078,0.07163447697027898,0.032470125363355536,0.14858337576933975,FALSE
3144,-0.0165167975156076,0.06357965144129712,-0.05038688316879822,-0.25978119006923944,FALSE
3145,-0.02511603067092169,0.054243436714906716,-0.07662008945038094,-0.4630243250059323,FALSE
3146,-0.12243334411835151,0.1124192308907387,-0.3735006498824725,-1.0890782933513006,FALSE
3147,-0.04175853690846903,0.06709125461803271,-0.1273904652835223,-0.6224140112777861,FALSE
3148,0.003489079563515019,0.02639218417644314,0.010643942578296206,0.13220124337527414,FALSE
3149,-0.09437062930193782,0.11801205899397908,-0.28789127363881617,-0.7996693736760627,FALSE
3150,-0.06812944264158863,0.08366060397382663,-0.2078387328713815,-0.8143551373703093,FALSE
3151,0.01407083814364943,0.09960003564544434,0.04292512982381573,0.14127342477806656,FALSE
3152,-0.007744715831134027,0.0665583542261639,-0.023626377413063348,-0.1163597856524163,FALSE
3153,-0.006365498810468471,0.0660091399315255,-0.019418876121180078,-0.09643359718171927,FALSE
3154,-0.008492313350569596,0.06777366226392065,-0.025907031930592413,-0.12530403503206414,FALSE
3155,0.011285580533204163,0.1950264443560259,0.034428298057252234,0.057866924511027026,FALSE
3156,0.01011527621906246,0.15194850243203323,0.030858115236225548,0.06657042390784362,FALSE
3157,-0.007685200293785742,0.10850634484041108,-0.023444816645955647,-0.07082719729513494,FALSE
3158,0.014619245141393563,0.14435529407882572,0.044598124803512836,0.1012726636365042,FALSE
3159,0.022139523348941422,0.15238431128997246,0.0675398227375408,0.14528741943002302,FALSE
3160,-0.020163164147735044,0.17097496840608037,-0.0615106527318745,-0.11793050372055505,FALSE
3161,-0.16417012506714246,0.27765906211347546,-0.5008247454597918,-0.59126514300494315,FALSE
3162,-0.15302943406868616,0.17065388366920828,-0.46683845391456613,-0.8967240052111268,FALSE
3163,-0.03221316369191346,0.1923612111498541,-0.09827092170307489,-0.16746184690435648,FALSE
3164,-0.015087875798179889,0.18288915343385748,-0.04602775050004975,-0.08249737895821402,FALSE
3165,0.001166510220501648,0.063772755323273,0.0035586083888286602,0.018291670394174512,FALSE
3166,-0.029142130207545282,0.07473466618765928,-0.08890228924038925,-0.3899412641299445,FALSE
3167,0.002589419082738084,0.06653050664603143,0.00789939797189436,0.0389207780502081,FALSE
3168,-0.033964672246029004,0.10005601060795147,-0.10361415224168115,-0.339456590760074,FALSE
3169,-0.12483841476298749,0.08513224770132946,-0.3808376662423005,-1.4664057173840832,FALSE
3170,0.0017523454353203043,0.04555421037019623,0.00534578356593802,0.03846725519068098,FALSE
3171,-0.015033110688404345,0.07826380036354937,-0.045860681600320294,-0.19208255436833957,FALSE
3172,-0.04361333161425755,0.11747651513749763,-0.13304878518811392,-0.3712514928044244,FALSE
3173,-0.009108759276774788,0.06315514304763062,-0.027787589516542817,-0.14422830568058573,FALSE
3174,-0.0068691157066432355,0.06836091058426408,-0.020955232408493753,-0.10048309257343961,FALSE
3175,-0.0030821699751922603,0.07002677598680727,-0.00940260594099056,-0.04401416360754531,FALSE
3176,-0.019573536218959887,0.11759486202922197,-0.059711907331491634,-0.16644890670560014,FALSE
3177,-0.04315492550938549,0.18564097575098631,-0.13165035096814928,-0.2324644402175106,FALSE
3178,0.026584469725545942,0.19546256426910089,0.08109977548006893,0.13600798610697684,FALSE
3179,-0.02357159910751338,0.09085051803571575,-0.07190857726564151,-0.25945475729975204,FALSE
3180,-0.014723199718728064,0.21540894464176746,-0.04491525329879563,-0.06834999235158622,FALSE
3181,-0.0318317011416538,0.16473132305179417,-0.09710721494121365,-0.1932340525890477,FALSE
3182,-0.10091335455379663,0.16566431054984615,-0.30785080468951986,-0.6091436002049045,FALSE
3183,-0.14330276347830523,0.23785018087790874,-0.4371658364355548,-0.6024917153704592,FALSE
3184,-0.19180106782135706,0.37981110952016434,-0.5851169384884201,-0.5049906730313117,FALSE
3185,-0.08731584923151225,0.09611643830249901,-0.2663696451963655,-0.9084382523279794,FALSE
3186,7.225149979576598e-4,0.16096921078562976,0.0022041366527255544,0.0044885291692202366,FALSE
3187,0.04289202706581391,0.09246840927518238,0.13084834118695637,0.46385600662999305,FALSE
3188,-0.0359675318225766,0.0830250184824773,-0.10972416548072762,-0.4332131745344648,FALSE
3189,-0.02025954561323037,0.06267154982715858,-0.06180467835257739,-0.32326543174860084,FALSE
3190,-0.12277600258393845,0.0895335790879055,-0.37454597916352794,-1.3712844257392525,FALSE
3191,-0.031829170357461564,0.05671420553892981,-0.09709949441746811,-0.5612204218502781,FALSE
3192,0.0021985957047603796,0.026499348459320077,0.006707134649226071,0.08296791553707474,FALSE
3193,-0.02097110588424077,0.13909493733092582,-0.06397539602403154,-0.150768290253064,FALSE
3194,-0.08196362014893069,0.10446727257816227,-0.25004189514543435,-0.7845865803341006,FALSE
3195,-0.02825373865023468,0.24808258939029515,-0.0861921221172495,-0.11388843819984712,FALSE
3196,-0.004497719962943218,0.06990763506773676,-0.013720946211554652,-0.06433803630440607,FALSE
3197,-5.694910192311713e-4,0.0706599755370911,-0.001737314841122532,-0.008059598307279798,FALSE
3198,-0.009025169753830827,0.0773187674321636,-0.02753258756942002,-0.11672676703944035,FALSE
3199,-0.004420414318473902,0.12288101896917258,-0.013485114145896444,-0.035973125512434596,FALSE
3200,-0.09560695815189442,0.16674959523305397,-0.29166287386955775,-0.5733564631342668,FALSE
3201,-0.02330124262426536,0.36720995494090886,-0.07108381565416856,-0.06345482280842571,FALSE
3202,0.06649563164069006,0.1657120964656341,0.20285455576656547,0.40127204385758364,FALSE
3203,-0.0316861213436736,0.13681907892666942,-0.09666310268121688,-0.2315913949446797,FALSE
3204,-9.844972093103132e-4,0.18593102620000584,-0.003003351334824534,-0.005294959262212055,FALSE
3205,-0.06604436548795586,0.2135986074189175,-0.20147790300477164,-0.3091984834827467,FALSE
3206,-0.23548519528333073,0.27294059624268874,-0.7183816966642961,-0.8627708685517268,FALSE
3207,-0.14067114660595803,0.2637038269214503,-0.42913770799439077,-0.5334437055699608,FALSE
3208,-0.08447721208213167,0.1667296219266044,-0.2577099714146113,-0.5066718865308719,FALSE
3209,0.08781824656524966,0.10613184934244395,0.26790228103181857,0.8274447972907378,FALSE
3210,-0.0176460088337178,0.05837200294856872,-0.0538317058533857,-0.3023026098533163,FALSE
3211,-0.05002086876069288,0.1109430294422436,-0.15259590534213213,-0.4508698654811252,FALSE
3212,-0.03373700016658318,0.10621279776238346,-0.10291960558655663,-0.31763592408194286,FALSE
3213,-0.10508253459717483,0.07655097433407282,-0.3205694922896357,-1.3727132216317541,FALSE
3214,-0.005143178664827439,0.042895268939992716,-0.015690011472020066,-0.11990083736326172,FALSE
3215,-0.006050975860492544,0.016978570012435627,-0.0184593783057369,-0.3563890160396678,FALSE
3216,-0.004164362549758399,0.05100805799036628,-0.012703991138046966,-0.081641268337346,FALSE
3217,0.004984223608762114,0.1192731639937735,0.015205096049918116,0.04178830712516614,FALSE
3218,-0.05967006859532393,0.17440561915772537,-0.18203218705960866,-0.34213386520167527,FALSE
3219,-0.0015480547822937262,0.07349454948469343,-0.004722565338748352,-0.021063531828522015,FALSE
3220,0.04717669329035615,0.21453107591849893,0.14391933611011254,0.21990610492383272,FALSE
3221,8.668501821159822e-4,0.08001242482215273,0.0026444520379847185,0.010833944653505623,FALSE
3222,-0.027282571078060446,0.16805421050513095,-0.08322943477121719,-0.16234387104051445,FALSE
3223,0.05309274119622733,0.1556850018086153,0.16196709714686694,0.34102669222751864,FALSE
3224,-0.00982808269651572,0.12162599516095958,-0.029981989797639528,-0.08080577415633275,FALSE
3225,0.061045909201390615,0.27259318347017547,0.18622938810970704,0.22394510539207843,FALSE
3226,0.0011823472819412794,0.2805561848467395,0.003606921638642478,0.004214297690807154,FALSE
3227,-0.0961179757426314,0.19144345185503656,-0.2932218070475745,-0.5020698008277303,FALSE
3228,0.016001875331473597,0.18772575718275786,0.048816038463069686,0.08524070203054336,FALSE
3229,-0.07166950497663917,0.2526248312236848,-0.21863820577875961,-0.28369936806877044,FALSE
3230,-0.10571529665988588,0.1791078070249553,-0.32249982461328025,-0.5902327677160184,FALSE
3231,0.006292206072998385,0.10419843990177134,0.01919528600956571,0.06038675894696788,FALSE
3232,0.024745216404310048,0.06692206821711413,0.07548886682012051,0.3697616804673394,FALSE
3233,0.006287438928150688,0.08576685300241105,0.019180743143718825,0.0733084951592422,FALSE
3234,-0.009572537497879547,0.07263877263799967,-0.029202412155190326,-0.1317827538962552,FALSE
3235,-0.10788143225360473,0.07445577533188048,-0.3291079349921446,-1.4489330313562936,FALSE
3236,-0.030103454300552963,0.058008807013124955,-0.091834947627462,-0.5189462747224196,FALSE
3237,-0.002525746891454585,0.03440523800432624,-0.007705156729893821,-0.07341169653112088,FALSE
3238,-0.07206889476123718,0.17498323966643414,-0.21985660216560976,-0.4118617011470366,FALSE
3239,-0.0064107230510439565,0.10955913889082666,-0.019556839217483787,-0.058513813780812066,FALSE
3240,-0.014569633579696047,0.09814370037594092,-0.044446777548652304,-0.14845205065518058,FALSE
3241,-0.006014823415737529,0.07227145843031016,-0.018349090036572372,-0.08322543292159375,FALSE
3242,-0.0025504456504474135,0.07674113313519658,-0.0077805038716511725,-0.033234401764100044,FALSE
3243,-0.009749599226342845,0.07027842327555985,-0.02974256460407245,-0.13872820094604177,FALSE
3244,0.0022291785904266937,0.17290296703264832,0.006800432171677208,0.012892656665664795,FALSE
3245,0.04750097606321465,0.1536442057777086,0.14490860767890396,0.309162169980811,FALSE
3246,0.011253823391325593,0.12347714307875975,0.03433141829614247,0.09114094407049372,FALSE
3247,-0.021458244873872045,0.17130938587883823,-0.06546148407071996,-0.1252601821189692,FALSE
3248,-0.0284246338039733,0.12963922277582357,-0.08671346253674697,-0.2192595203469101,FALSE
3249,0.01292195468950142,0.2297407684095397,0.03942029443886783,0.056245805996724664,FALSE
3250,-0.04886898091001328,0.17085790098677867,-0.14908190461039791,-0.2860211943830146,FALSE
3251,-0.1032002381783283,0.27106959321459334,-0.3148272744259218,-0.38071491883130326,FALSE
3252,-0.1382258754896182,0.22668002918531824,-0.42167805427286126,-0.6097840907573472,FALSE
3253,-0.09304557071131166,0.20183918041710297,-0.2838489904822537,-0.4609886470953356,FALSE
3254,0.044014212870118426,0.10288821211959202,0.134271731524081,0.4277867402240263,FALSE
3255,-0.001870931775082457,0.04952298341018686,-0.0057075483718191065,-0.03777906027159113,FALSE
3256,-0.003754004207766252,0.051139101183700617,-0.011452133578143993,-0.07340770801350635,FALSE
3257,-0.032259733039931744,0.11883167145500383,-0.09841298824446265,-0.2714742008164637,FALSE
3258,-0.12482131320049196,0.0827502862123709,-0.38078549544886114,-1.5084094438072357,FALSE
3259,-0.007894676116520843,0.044870383958495914,-0.02408385298437825,-0.17594402855619062,FALSE
3260,-0.006437512918194382,0.023015137432292478,-0.01963856558755889,-0.2797077765506594,FALSE
3261,-0.09231361808525415,0.1946649288523029,-0.28161606297803243,-0.47421802493912385,FALSE
3262,0.006158804859046873,0.12689228996485852,0.018788326284134734,0.048535690078195366,FALSE
3263,-0.016721316291325953,0.056217829917871255,-0.05101079731730119,-0.2974379536839853,FALSE
3264,-0.004680828860330528,0.07685492504847015,-0.014279546425131372,-0.06090473521870545,FALSE
3265,-0.006860870869770916,0.0709547994593322,-0.020930080339405372,-0.09669354183296973,FALSE
3266,-0.04173157423796789,0.18587588373206618,-0.12730821175179644,-0.2245131181090848,FALSE
3267,-0.021815745662008924,0.1366309832076808,-0.06655209200652498,-0.15966909664148957,FALSE
3268,-0.050502099836429344,0.14156593906571296,-0.1540639704417627,-0.35673905863038824,FALSE
3269,0.054379158429607256,0.16521758964093664,0.16589149924620808,0.3291366164328396,FALSE
3270,-0.05434696031525281,0.12389819725459456,-0.16579327423468873,-0.43864205871839224,FALSE
3271,0.046145238986802145,0.18401472747185585,0.1407727353578772,0.25076927059471277,FALSE
3272,-0.030547459114466026,0.14154403948466626,-0.09318944862342571,-0.21581593421865913,FALSE
3273,-0.09941102919784978,0.264329670266329,-0.30326774358944364,-0.37608728939769354,FALSE
3274,-0.09072576285146933,0.16757789826968109,-0.2767720805971818,-0.5413945621006981,FALSE
3275,0.05454090463666792,0.12935033857830627,0.16638492947870082,0.42165258503478814,FALSE
3276,-0.0688327499016672,0.09836250286888396,-0.20998427353759477,-0.6997864825930714,FALSE
3277,0.054908898263379115,0.08685567779622529,0.16750754733839415,0.6321854789067737,FALSE
3278,-0.006896060634780214,0.038123298833185375,-0.021037431814567884,-0.18088835032233272,FALSE
3279,-0.05446931428369718,0.1504117993211795,-0.1661665327375807,-0.362134583387218,FALSE
3280,-0.11329514248095429,0.08206395957117256,-0.3456232421803223,-1.3805712406881305,FALSE
3281,-0.031802827624333244,0.058800849981376475,-0.0970191320944918,-0.5408565970458913,FALSE
3282,-0.004712588878517876,0.043780713963281856,-0.014376434960837679,-0.10764074981669428,FALSE
3283,-0.0034674128932953335,0.10723991931826524,-0.010577845262519068,-0.032333229224136124,FALSE
3284,0.0024330518950274487,0.10014318622261419,0.0074223772170437805,0.024295730811069605,FALSE
3285,0.017136826931890708,0.07143878180622013,0.05227837271027583,0.23988128714701315,FALSE
3286,-0.005276879612516373,0.07709056286967542,-0.01609788557863147,-0.06845039672932654,FALSE
3287,-0.002130561863100973,0.0904238710672937,-0.006499587560997998,-0.02356194042517161,FALSE
3288,-0.012708460242867198,0.0789986881487486,-0.03876899870617022,-0.16086925670130273,FALSE
3289,-0.04648159220664633,0.141357225988058,-0.1417988295735218,-0.3288236019188233,FALSE
3290,-0.055301452783638856,0.18261682962580558,-0.16870509176133813,-0.302827800137344,FALSE
3291,-0.01980551045648095,0.14506426068072045,-0.06041957834296342,-0.1365292206608486,FALSE
3292,0.01886497528952071,0.16662590116516604,0.05755033958593502,0.11321754395687268,FALSE
3293,-0.031077592453204954,0.17425309620561488,-0.09480669715951039,-0.17834743330204053,FALSE
3294,0.05667422487307214,0.2527460162863433,0.17289293185699225,0.22423389972985475,FALSE
3295,-0.013361188092912367,0.14249174709119503,-0.040760239555988,-0.09376815405569543,FALSE
3296,-0.10834895702839252,0.11769450556644802,-0.3305341870354654,-0.9205948613057456,FALSE
3297,-0.09640669830170881,0.24834089452469013,-0.294102597033568,-0.3882030725798325,FALSE
3298,-0.012415915015277269,0.15305915466368833,-0.03787654711619134,-0.08111840838634145,FALSE
3299,0.005105440876283596,0.07259218546301265,0.015574886882001293,0.0703304473301046,FALSE
3300,-0.005005732960953454,0.05098600261955929,-0.015270713444263324,-0.09817857262324681,FALSE
3301,-0.009957350078438714,0.07745116915636413,-0.03037633866970964,-0.12856294084258538,FALSE
3302,-0.03619176731184358,0.11641787829834124,-0.1104082283197445,-0.31087808711902326,FALSE
3303,-0.1417747797086555,0.09567781645565374,-0.43250450062802864,-1.4817936378634595,FALSE
3304,-0.01067683761732069,0.06772507590695415,-0.03257123962001766,-0.15764969583776237,FALSE
3305,0.013804560245388703,0.09294978329012447,0.042112810526602214,0.14851632523230832,FALSE
3306,-0.014762696798003915,0.06356808570175226,-0.04503574486001387,-0.23223440874509424,FALSE
3307,0.015262207797472248,0.13591033119550497,0.04655957551471295,0.11229615632028585,FALSE
3308,-0.011651835502865079,0.07640814993144825,-0.035545611891780855,-0.15249466860955088,FALSE
3309,-0.005125300531115815,0.08439965097085043,-0.015635471635604893,-0.06072656073999604,FALSE
3310,0.03829748603962034,0.13739973043582548,0.11683202829807432,0.27873043067946723,FALSE
3311,0.08051451907508934,0.1462783049816665,0.24562120242710156,0.5504200987643415,FALSE
3312,0.16133849451098137,0.2174954584139881,0.4921864463055118,0.7418016711129862,FALSE
3313,-0.029468108046404755,0.10587573872481441,-0.08989673185353558,-0.27832729576505166,FALSE
3314,-0.06446671501420488,0.27815238897026723,-0.19666505172249535,-0.23176761218145056,FALSE
3315,-0.11995913248952333,0.3020125961861978,-0.365952708935758,-0.3971991036280014,FALSE
3316,-0.10554754551752703,0.2614835498151936,-0.32198807545588576,-0.4036488933706305,FALSE
3317,-0.08181565921309357,0.23337982816217917,-0.2495905188795132,-0.3505686839234393,FALSE
3318,-0.036601454884663896,0.1950330220416611,-0.1116580396011324,-0.18766798822840083,FALSE
3319,0.039626368248108036,0.13957980159380734,0.12088597595474879,0.28389758257018555,FALSE
3320,-0.0010571884943743125,0.08119246976262301,-0.0032251066287577843,-0.013020770244643915,FALSE
3321,-0.004528027549266418,0.02959890253921192,-0.013813403893484354,-0.15297957562000128,FALSE
3322,-0.03680590743553189,0.1293540069067793,-0.11228175172113711,-0.28453627619016514,FALSE
3323,-0.1158589231371022,0.0813529659116414,-0.35344442641834906,-1.4241511890659058,FALSE
3324,-0.07428453375089013,0.17306106635012855,-0.2266157298240062,-0.4292388537616043,FALSE
3325,2.295526840560543e-4,0.03051748532428687,7.002837118809932e-4,0.007522005224767597,FALSE
3326,-0.005846934356795654,0.08588165401085679,-0.017836920144665057,-0.06808129657186748,FALSE
3327,-0.013093478890509873,0.10788105065905237,-0.03994355385817521,-0.12136959003013928,FALSE
3328,-0.024933140972666083,0.07357763186759472,-0.076062157935505,-0.33886848950961157,FALSE
3329,-0.04891791688604417,0.11980911023290754,-0.14923119089332834,-0.40829880791993445,FALSE
3330,-0.0855683580615987,0.21227090433036627,-0.2610386702701586,-0.4031092171182585,FALSE
3331,0.006705738203527754,0.10804731553310064,0.020456825671103483,0.06206297833909098,FALSE
3332,-0.07455619434026002,0.20309978673689497,-0.22744446980009497,-0.36709144572782654,FALSE
3333,-0.08003336177719994,0.20862347538371712,-0.24415336239747967,-0.3836258677504827,FALSE
3334,0.06391298082637722,0.29335255724081366,0.19497580537784068,0.21787088351137482,FALSE
3335,-0.1240923988516976,0.2770660662491458,-0.37856183664950516,-0.4478801772141599,FALSE
3336,-0.1983875415540847,0.20053098107846418,-0.6052099306166884,-0.9893111801834711,FALSE
3337,-0.04099163261539651,0.2003875154616821,-0.12505091265655693,-0.20456180875816532,FALSE
3338,-0.028108063171744333,0.16860466564177465,-0.08574771796999785,-0.16670987759890368,FALSE
3339,-0.009415840857016683,0.09446320377989312,-0.028724386355779792,-0.09967733974973315,FALSE
3340,-0.012760239238980516,0.03679348433595776,-0.0389269580336545,-0.34680703579112,FALSE
3341,-0.030338484026940393,0.08538920606527992,-0.09255193985028773,-0.3552964762753113,FALSE
3342,-0.04211822106856564,0.11677164159410261,-0.12848773391173726,-0.3606887810566907,FALSE
3343,-0.1324183880298914,0.0813616226474806,-0.4039614726013234,-1.6275288486271577,FALSE
3344,-0.015292316675917631,0.0544810386106622,-0.04665142700947987,-0.2806906231212129,FALSE
3345,-0.06796451619812295,0.19668209453885085,-0.20733560086709932,-0.34555517805255953,FALSE
3346,-0.010339492823345644,0.30352555599404113,-0.031542120463864,-0.03406465326942233,FALSE
3347,0.00995775310968548,0.24798763113482722,0.030377568174904272,0.04015423295152812,FALSE
3348,0.15448028334299385,0.18568670320256095,0.47126447977163666,0.8319404711196536,FALSE
3349,-0.05602991018676442,0.19055683135431195,-0.17092735658174596,-0.29403254550651703,FALSE
3350,0.07561546283640352,0.1752100315858818,0.230675921775524,0.43157039669466346,FALSE
3351,-0.06014682321078127,0.1640311493502196,-0.1834865960687725,-0.366679276765677,FALSE
3352,-0.116785251500575,0.1456103626395939,-0.35627032526357877,-0.8020394248288146,FALSE
3353,-0.1452230963971663,0.27086900249702234,-0.44302409015189514,-0.5361377457679483,FALSE
3354,-0.041334563522021125,0.17430599037787717,-0.12609707305845907,-0.23713794019592851,FALSE
3355,0.023260044534354107,0.10954004724479101,0.07095813491362704,0.2123428382532508,FALSE
3356,0.02977470389149991,0.07740957357723585,0.09083204688735194,0.384638520993686,FALSE
3357,-0.010888185400927725,0.04329541573450225,-0.033215986646221086,-0.2514858724927521,FALSE
3358,-0.007888465737926335,0.037669421379865294,-0.02406490732494398,-0.20941297872291725,FALSE
3359,-0.12259823526726177,0.0802769333489626,-0.3740036742156012,-1.5271913132796082,FALSE
3360,-0.0687425214028673,0.16662289907799305,-0.20970901843301226,-0.4125634698667091,FALSE
3361,-0.028807231934589866,0.08107667628330475,-0.08788063355096815,-0.35530849629219236,FALSE
3362,-0.051474945923857776,0.1216386326425081,-0.15703177834169962,-0.42317925486009805,FALSE
3363,-0.020045666209866173,0.1528343749647749,-0.061152208253616586,-0.13115940844123763,FALSE
3364,-0.01415380807058081,0.17811881531297574,-0.04317824160355783,-0.07946273416264814,FALSE
3365,-0.03217832995585139,0.15865500898460455,-0.09816465634578429,-0.2028195022759974,FALSE
3366,0.026828273863442338,0.15150057107982556,0.08184353531611747,0.177083648412827,FALSE
3367,-0.10276973591871226,0.17649998003547468,-0.31351396492759565,-0.5822648586025709,FALSE
3368,-0.1481266633843255,0.29281658664490023,-0.45188184180844493,-0.5058684177749783,FALSE
3369,-0.03521355556842484,0.16526824345459304,-0.10742405170902984,-0.21306909804544308,FALSE
3370,-0.12959914643146192,0.20501034851647856,-0.39536096775706114,-0.632159046454403,FALSE
3371,-0.039497558875736784,0.17108422105639776,-0.12049302430715587,-0.23086617007606125,FALSE
3372,-0.03980353324102179,0.10083363892839332,-0.12142644342679419,-0.3947445878581069,FALSE
3373,-0.01251859481246181,0.04631108205056353,-0.038189786709983325,-0.27031531672686276,FALSE
3374,-0.013192383854277704,0.04844431573578954,-0.0402452777758702,-0.2723205737124588,FALSE
3375,-0.042831352442201445,0.10801718679989272,-0.1306632444593139,-0.39652349511331636,FALSE
3376,-0.12231407119590798,0.08087547295385963,-0.373136790556675,-1.5123753435814777,FALSE
3377,-0.006724453184993316,0.030324120623635133,-0.02051391843280383,-0.22175261958799106,FALSE
3378,-0.06445678346452699,0.20533065474132875,-0.19663475409168452,-0.3139170015589162,FALSE
3379,-0.07367215728784186,0.15541168057508106,-0.22474758672485048,-0.47404517482358766,FALSE
3380,-0.07785803813540333,0.11562603250198335,-0.23751722254712695,-0.673360803364656,FALSE
3381,0.049757543690685066,0.1941760934896073,0.15179259407520151,0.25624958663280656,FALSE
3382,-0.08273216481490027,0.17727933978893906,-0.25238645196751924,-0.4666768553707247,FALSE
3383,0.10874701727779085,0.21883543692257806,0.33174852748261463,0.49693513448767684,FALSE
3384,-0.08482489860791712,0.30024858202268817,-0.25877063952158313,-0.2825155677221728,FALSE
3385,-0.12970953611464411,0.12402812859261068,-0.3956977274748143,-1.0458074114840101,FALSE
3386,-0.10620025728963665,0.13742934713010777,-0.3239792672576324,-0.772762583155505,FALSE
3387,-0.038889406283993365,0.13596920070571225,-0.11863776673921504,-0.28601628958726066,FALSE
3388,-0.0588940326835446,0.09187006839207376,-0.17966477710712442,-0.6410578952897109,FALSE
3389,-0.03474527700012694,0.09735145045265384,-0.1059955001094245,-0.3569055914274749,FALSE
3390,-0.025596626403011948,0.0897636312668945,-0.07808621634219347,-0.2851558703870325,FALSE
3391,-0.022322696709778954,0.06381773385537914,-0.06809861960620953,-0.3497883011697914,FALSE
3392,-0.12523474964015543,0.07967968959587955,-0.38204674319155235,-1.5717273783987187,FALSE
3393,-0.0597288319280175,0.11214325595663226,-0.18221145311746537,-0.5326118937648437,FALSE
3394,-0.06401620565200385,0.10096593875097772,-0.19529070765983894,-0.6340376412474443,FALSE
3395,-0.03276122757447868,0.08843456102985439,-0.09994286996022075,-0.37045728720719157,FALSE
3396,-0.05019467175886345,0.09907685953208176,-0.15312611656225106,-0.5066235647347106,FALSE
3397,-0.054185157050669425,0.15941996175354972,-0.16529966993995854,-0.33988941193221,FALSE
3398,-0.09844158640810918,0.19700191017578758,-0.3003103179420483,-0.49969863906531853,FALSE
3399,-0.030703495310958583,0.09718273933733469,-0.09366545964162369,-0.31593568487900425,FALSE
3400,-0.10653112926065328,0.1149647154079186,-0.3249886401298064,-0.9266419603846171,FALSE
3401,-0.09805029560452191,0.07474250589043213,-0.29911662866985456,-1.3118411596777013,FALSE
3402,-0.05515893530818083,0.1856479631838045,-0.16827032155975216,-0.29711575803053447,FALSE
3403,0.021686667423551916,0.13719727532557002,0.06615832014399402,0.1580692282123629,FALSE
3404,-0.01725507300080958,0.107429288615488,-0.05263909947066354,-0.16061795831646164,FALSE
3405,-0.024523492025867788,0.06942787666346716,-0.07481246448839202,-0.35322255561319815,FALSE
3406,-0.05531602046282543,0.13176545777988977,-0.1687495325767275,-0.41980668829936585,FALSE
3407,-0.13190204309252632,0.07620552174019948,-0.4023862875807872,-1.7308725152779334,FALSE
3408,-0.021749992536607716,0.08849919882235968,-0.066351502573589,-0.24576485240578802,FALSE
3409,-0.01848439078416243,0.13417927620017708,-0.05638931142722437,-0.1377589096291312,FALSE
3410,0.013469910942117419,0.09401415250718366,0.041091914355264145,0.143275353581347,FALSE
3411,0.011477979792894027,0.08034850238143104,0.03501523986667962,0.14285244220739388,FALSE
3412,-0.012801926246298757,0.04227288740975783,-0.03905413028756245,-0.3028401188262266,FALSE
3413,-0.02508787629350884,0.06294968958149057,-0.07653420044411013,-0.39853852275207347,FALSE
3414,-0.12247503786882835,0.0779171950421625,-0.3736278427073625,-1.571861484522829,FALSE
3415,-0.0190041866269911,0.15530853325061386,-0.0579750239347178,-0.12236408540620859,FALSE
3416,-0.022571294731756297,0.10885007547607828,-0.06885700388000898,-0.20736131447806608,FALSE
3417,-0.045067189775316464,0.10253118741025587,-0.13748399009003612,-0.43954616067197266,FALSE
3418,-0.01812186245841741,0.07647537612092756,-0.0552833662597406,-0.2369633649105826,FALSE
3419,-0.03994342989171113,0.10448522174285967,-0.12185321842281441,-0.38228784152856327,FALSE
3420,-0.11104449664940506,0.076732249992058,-0.33875732108021483,-1.4471685198974158,FALSE
3421,0.02305529563698775,0.08846478797223553,0.07033351874570526,0.260615507768171,FALSE
3422,0.01284231825280869,0.08184592525357318,0.03917735195393247,0.15690846200370898,FALSE
3423,-0.021036157379003557,0.08327026473118417,-0.06417384503107852,-0.2526250810768187,FALSE
3424,-0.026290189063493535,0.0592352503793553,-0.08020202969589621,-0.4438267567896734,FALSE
3425,-0.11175147864586044,0.0754224957214336,-0.34091407206200647,-1.4816730416692225,FALSE
3426,-0.02140999677032821,0.12700657744817176,-0.06531429624244502,-0.1685739211346365,FALSE
3427,-0.08069038637312541,0.11079608545547269,-0.24615771109296017,-0.7282783145398551,FALSE
3428,-0.011028052814352226,0.06240160741137509,-0.03364267244973008,-0.1767270631612278,FALSE
3429,-0.0011397881989336615,0.05484846461488838,-0.0034770889915297643,-0.020780676486325395,FALSE
3430,-0.04795587613195785,0.13612359180647066,-0.14629634622783166,-0.35229658206593295,FALSE
3431,-0.005654972033496165,0.09962958615177024,-0.01725131127298382,-0.056759967113400346,FALSE
3432,-0.014497271202314605,0.07703258350961097,-0.04422602563524477,-0.18819661163909754,FALSE
3433,-0.01161441171771802,0.10160222452038245,-0.035431445214605256,-0.11431257310107468,FALSE
3434,-0.02171093747798663,0.04528985539084088,-0.06623235946040186,-0.47937749614403286,FALSE
3435,-0.008154561775111114,0.09832892751069035,-0.024876671828603963,-0.08293146260773106,FALSE
3436,-0.013398848315979478,0.08791756384015191,-0.04087512752128517,-0.15240240664926422,FALSE
3437,-0.009842286827413416,0.05914923557939048,-0.030025321556316122,-0.16639753212369138,FALSE
3438,0.0032786851217379465,0.0597001032243519,0.010002103859430258,0.05491925381463257,FALSE
3439,-0.028214514447800224,0.06349330725838832,-0.08607246300636032,-0.4443698976489007,FALSE
3440,-0.005475266482283849,0.06718383128967811,-0.016703093459865804,-0.0814967883965416,FALSE
3441,0.013270891648426764,0.07818600238953405,0.04048477717324978,0.16973487891488875,FALSE
3442,-0.018652440185715227,0.08784503979192945,-0.05690197046749086,-0.21233344796582213,FALSE
3443,0.0015870619603111924,0.0801934941410429,0.004841562385218972,0.0197904079041611,FALSE
3444,-0.016539113120733948,0.061431535629069674,-0.050454960154502,-0.269228384922671,FALSE
3445,0.005875696927798282,0.07992248165692147,0.01792466453357424,0.0735174484824,FALSE
3446,-0.022094608153552586,0.09257097232219552,-0.0674028024283421,-0.23867749899668078,FALSE
3447,-0.006777482092044812,0.06170000993885354,-0.020675690794646248,-0.10984572123669817,FALSE
3448,-0.007483584419277532,0.03343619803852575,-0.022829758218060003,-0.2238168469589401,FALSE
