hex_id,cate,se,adj_cate,t_stat,sig_95
1,-0.004128234838655047,0.027288759047312042,0.06471929976118793,-0.15127968375174908,FALSE
2,-0.0046381892691805746,0.026357085879966505,0.07271397422706205,-0.1759750410308436,FALSE
3,-0.0038606488283427606,0.028363106779746843,0.06052429150944243,-0.1361151603850225,FALSE
4,-0.0038699547688824483,0.028438886035923278,0.060670182908281564,-0.13607968905652704,FALSE
5,-0.001263509803680928,0.04606075029807928,0.019808337687074743,-0.027431376942498826,FALSE
6,8.516985026120177e-4,0.042848263609044444,-0.013352275936574445,0.019877083243864297,FALSE
7,-0.0042259527430447705,0.02671975056844414,0.06625124612407798,-0.15815839044678787,FALSE
8,-0.007936089914914601,0.02030870484087195,0.12441593131422535,-0.3907728226441577,FALSE
9,-0.0036383776976804923,0.02824878095836112,0.0570396951878155,-0.12879768875844533,FALSE
10,0.0038346779348895116,0.048999884271627075,-0.06011713975956419,0.07825891819728126,FALSE
11,0.001156094037037722,0.04419351000340399,-0.01812435567729055,0.026159814799699643,FALSE
12,-5.385118706831742e-4,0.04445246062083974,0.008442376111301124,-0.012114332101353117,FALSE
13,-0.005383684373611907,0.027232442766711017,0.08440127473681415,-0.1976937735528056,FALSE
14,-0.004563299858931761,0.02571069742757946,0.07153991548761045,-0.17748642843257845,FALSE
15,-0.005057456059709026,0.025365528931386085,0.0792869174235209,-0.19938303172740757,FALSE
16,-0.0032936278881186354,0.04058461668866942,0.05163497207014631,-0.08115458902530831,FALSE
17,-0.003948981116629631,0.03632707047060579,0.061909097381119084,-0.10870629162968058,FALSE
18,-0.0036714612822295644,0.04293205829617605,0.057558354253805934,-0.0855179422542753,FALSE
19,0.0023428876682924935,0.039150056809679173,-0.036729996048483676,0.059843787192494065,FALSE
20,-0.005506898819999083,0.02712922764641203,0.08633293633124962,-0.20298767409721657,FALSE
21,-0.005425064561002169,0.023814189518522256,0.08505000157929121,-0.22780807034321487,FALSE
22,0.0015916378723303496,0.0384253554553936,-0.0249524778983182,0.04142155234394685,FALSE
23,0.051082067989934365,0.041466267757266875,-0.8008254859210038,1.2318945193947999,FALSE
24,-6.096894490935918e-4,0.03604139251786024,0.009558243597880465,-0.016916367723346468,FALSE
25,0.002031788470256402,0.0441288809814274,-0.031852821410879355,0.04604214802345712,FALSE
26,-7.255778757167861e-4,0.03584562610390798,0.011375053472951058,-0.02024174089227812,FALSE
27,-0.005190491750182744,0.026342865515984533,0.08137254895060482,-0.19703595825720693,FALSE
28,0.025912353538712393,0.02753417619573607,-0.40623400599375104,0.9410978325447473,FALSE
29,0.05700990617587878,0.03533946794352722,-0.8937575868033611,1.6132078238127725,FALSE
30,0.02525911101190884,0.041878688660867525,-0.39599297064540134,0.6031495211432342,FALSE
31,0.03406074818211818,0.07314125328167145,-0.5339782880198306,0.46568450298422087,FALSE
32,-0.0055244557435067156,0.028416924812934317,0.08660818031318959,-0.1944072337127834,FALSE
33,-0.004318633626127842,0.02758182348925106,0.06770422592993106,-0.15657534853744753,FALSE
34,0.00178135468816912,0.03611454273778578,-0.02792671263880299,0.04932513478303938,FALSE
35,0.04610492585645075,0.03738416664116569,-0.7227976686382283,1.2332741371231253,FALSE
36,0.049488390495603676,0.03495786565554428,-0.7758410323931978,1.41565823792663,FALSE
37,0.053703462792079444,0.0335469704849762,-0.8419217032204344,1.6008438918837753,FALSE
38,-0.005121841354355781,0.04667802244826712,0.08029630069441382,-0.10972704252911052,FALSE
39,-0.005568268517912317,0.025614483775901548,0.08729504338928562,-0.21738749711407493,FALSE
40,-0.004888314840777529,0.02631110599718675,0.07663525111144484,-0.18578902921451496,FALSE
41,0.0010602507798276948,0.037771633585411364,-0.01662179859517328,0.02807002713902208,FALSE
42,8.661788121136754e-4,0.04310018611534447,-0.013579287123655527,0.0200968694148005,FALSE
43,0.05614769386355877,0.07198970574093452,-0.8802404834214699,0.7799405940845828,FALSE
44,0.06943851837456547,0.04317492604416619,-1.088603837062811,1.608306596831983,FALSE
45,0.06915128419080555,0.05222135299641673,-1.0841007998163943,1.3241955679614523,FALSE
46,0.0029479958298802658,0.05980935294995898,-0.04621641773434377,0.04928988000165763,FALSE
47,-0.0012304731559136443,0.038869781470611216,0.01929041445995228,-0.03165629209528704,FALSE
48,-0.00362819667292516,0.02718063477538107,0.056880084889765904,-0.13348461884383245,FALSE
49,-0.00550825350578377,0.02249701238277334,0.08635417405604194,-0.24484377801212442,FALSE
50,-0.003870125499025623,0.027641761120583093,0.06067285948452934,-0.14001009133038858,FALSE
51,-0.003566939243660113,0.02768370779768514,0.05591973789349474,-0.1288461527526444,FALSE
52,0.02012340402798243,0.054999664203209855,-0.3154792952444528,0.36588230709248587,FALSE
53,-0.003070737805170286,0.057080075176254415,0.04814067228926709,-0.05379701753524893,FALSE
54,0.0604473297686487,0.04145696680956793,-0.9476468776507624,1.4580741048015589,FALSE
55,0.07371338605396424,0.03769645088939028,-1.1556219340450455,1.9554463169558218,FALSE
56,0.01069893068625738,0.05110929318681496,-0.16772963004053615,0.20933435035289163,FALSE
57,-0.00521997250575536,0.02564048797128111,0.08183472562699565,-0.2035831966849478,FALSE
58,-0.004859265067704741,0.026720929917546342,0.07617983104815582,-0.18185239371156378,FALSE
59,-0.003559551065731536,0.027362996262171504,0.05580391170609588,-0.1300863045708377,FALSE
60,-0.007890312368763532,0.019674207925677093,0.12369826605353298,-0.40104854022945297,FALSE
61,-0.006698970385888911,0.01937065457013921,0.10502132011388043,-0.3458308732744475,FALSE
62,-0.0028667929537900157,0.02363930366973399,0.04494338131937381,-0.12127230961800471,FALSE
63,-0.008212829953628034,0.04826690884573104,0.1287544494028069,-0.1701544629650427,FALSE
64,-0.00713924405982924,0.04979708792354565,0.11192359311780355,-0.143366697883825,FALSE
65,-0.010058204547869062,0.014278050465748012,0.15768481703065135,-0.7044522340075735,FALSE
66,4.2109488783011705e-4,0.0310700579966762,-0.006601602703944042,0.013553076980904405,FALSE
67,0.001510230583150258,0.046528781974687884,-0.023676236851694857,0.0324579866279723,FALSE
68,-0.006056547876323892,0.04396373719895126,0.09494991269767378,-0.13776235284356964,FALSE
69,-1.0876653119838052e-4,0.06710499876796558,0.00170515826054749,-0.0016208409685613946,FALSE
70,0.06819430315160728,0.08935159537173537,-1.069097985014845,0.7632130446904053,FALSE
71,0.044669985254942764,0.0651346974074654,-0.7003017703770841,0.6858093617215902,FALSE
72,-0.0016661395477398813,0.041435694998719214,0.026120458028322403,-0.04021024741569755,FALSE
73,-0.005375791005999606,0.026674842740931376,0.08427752857299557,-0.20153037295139103,FALSE
74,-0.005468659690169662,0.04694010198241342,0.08573345258026138,-0.11650293585255844,FALSE
75,-0.004799670328163291,0.026531615984744305,0.07524555042621582,-0.18090380664800454,FALSE
76,-0.00851552782974707,0.018625900652714047,0.13349991455856466,-0.4571874396047657,FALSE
77,0.06387466006260056,0.04554702037208572,-1.0013779335000794,1.4023894327398694,FALSE
78,0.00745314811488401,0.04458311617379095,-0.11684474015263668,0.167174229944597,FALSE
79,-0.004368565928633652,0.047040118185981916,0.06848702627437384,-0.09286894032369793,FALSE
80,-0.007370661446557203,0.04449388366241994,0.1155515774275521,-0.1656556101615951,FALSE
81,-0.0058640274371260966,0.02397092562928036,0.09193172490033011,-0.2446308301905212,FALSE
82,-0.013086888766812634,0.017600963999299668,0.20516620544692868,-0.7435325001138207,FALSE
83,-0.00799696875132561,0.021152354486119178,0.12537034302208255,-0.37806518213248863,FALSE
84,-0.0034767479089211004,0.030006374314825678,0.054505787317287335,-0.1158669778775403,FALSE
85,0.002420480059186882,0.05703488671769666,-0.037946430045517926,0.04243858800259282,FALSE
86,0.0016623814344437877,0.03252501398310335,-0.026061541210250682,0.05111085994635975,FALSE
87,-0.008468174732285975,0.035090505516799306,0.13275754901276063,-0.2413238170146025,FALSE
88,0.024626656946739763,0.06463780409364402,-0.3860778408554026,0.38099464070688255,FALSE
89,0.06729705500072923,0.05521927958641885,-1.0550316166258396,1.2187238860189857,FALSE
90,0.06706111094652016,0.044093375090859546,-1.0513326666949288,1.520888587193267,FALSE
91,0.06903921812714535,0.06057175329265828,-1.0823439140163986,1.1397923020913014,FALSE
92,3.2622518496223696e-4,0.031944015234150844,-0.005114308260161501,0.010212403875060602,FALSE
93,-0.006121798241823942,0.023724098153139105,0.09597285788596173,-0.25804134691686575,FALSE
94,-0.0011252038869065356,0.05273131163086749,0.01764008359390789,-0.02133843919497484,FALSE
95,-0.0011657353156116997,0.05543640842246717,0.01827550424865275,-0.021028334063922738,FALSE
96,-0.007978668344293031,0.019445217727712346,0.12508344327563328,-0.4103151970842802,FALSE
97,0.060291318590333334,0.041112866903308384,-0.9452010540457326,1.4664829561054435,FALSE
98,0.060072590914907964,0.04902644516949222,-0.9417720092977516,1.225309946646702,FALSE
99,7.532276083259708e-4,0.04110065674045238,-0.011808524775575285,0.018326412959348747,FALSE
100,-0.006710505016593905,0.04544331724504523,0.10520215120789696,-0.14766758730241164,FALSE
101,-0.0068813419830630945,0.042019694520518826,0.10788040214936073,-0.16376468371760378,FALSE
102,-0.007079510148360179,0.020570518736314852,0.11098713066511665,-0.3441580758905282,FALSE
103,-0.00777703393824849,0.021747758579376407,0.12192237369577934,-0.35760163098479125,FALSE
104,-0.004015074228615405,0.02046388943124982,0.06294525450248833,-0.19620288909908298,FALSE
105,-0.003492689349496339,0.02942079467406666,0.054755704996764645,-0.11871499013502226,FALSE
106,0.00835763689214522,0.03231275141784524,-0.1310246215290726,0.2586482588273056,FALSE
107,0.023088945630991866,0.052975115398137713,-0.36197078215365447,0.43584512194953207,FALSE
108,0.02219373428000422,0.04887380534660453,-0.3479363451512617,0.454102849626914,FALSE
109,0.03488646164270143,0.07759160325570696,-0.5469231903960106,0.449616455632852,FALSE
110,0.06781054875099447,0.05661915982253928,-1.0630817778322064,1.1976608088769283,FALSE
111,0.0702272430285834,0.038597356851567066,-1.1009688572972354,1.8194832174300075,FALSE
112,0.08020252203720751,0.05672728089116192,-1.257353631321128,1.4138263068008787,FALSE
113,-0.004532120955382801,0.023408764901554316,0.07105111654959564,-0.1936078633128514,FALSE
114,4.651895579043073e-4,0.05577492475223565,-0.007292885124139871,0.008340478449245436,FALSE
115,0.013590152372177993,0.04727034734687953,-0.21305598628729103,0.2874984664794329,FALSE
116,-0.006013141255619957,0.023503278906772916,0.09426941698782376,-0.25584265410249446,FALSE
117,-0.0058570656170019416,0.021505926148060482,0.09182258282360527,-0.27234658840908194,FALSE
118,0.024298397541198283,0.03162658671778462,-0.38093164164509075,0.7682902286617775,FALSE
119,0.06904552313206001,0.04703533568194372,-1.082442759047996,1.4679500450246756,FALSE
120,0.05852139402802019,0.07660916338944272,-0.9174535341540705,0.7638954850678457,FALSE
121,0.012150579104975622,0.04199366050003201,-0.19048746064628932,0.2893431760959814,FALSE
122,-0.001683993007751878,0.04868082991033599,0.02640035088215706,-0.03459252873982598,FALSE
123,-9.99599098460806e-4,0.024885454741449035,0.015670948049887296,-0.04016800612431168,FALSE
124,-0.01204377847697213,0.021597160009630675,0.18881312230833444,-0.5576556580402946,FALSE
125,-0.006077242857789036,0.031180838759023374,0.09527435274562203,-0.19490312318908842,FALSE
126,0.05409645924020405,0.044391153934851484,-0.8480828001360219,1.2186315165313362,FALSE
127,0.0019857300226834413,0.05159015674664268,-0.031130752393124406,0.038490482446783145,FALSE
128,0.008718044748333346,0.03588231716194589,-0.13667481949322854,0.24296214508630046,FALSE
129,0.021238477042166304,0.0548246036698414,-0.33296055478541653,0.3873895225958456,FALSE
130,0.004192616523184915,0.03753095050244783,-0.06572862643543698,0.1117109070528727,FALSE
131,0.05132498489860991,0.08823181258292921,-0.804633750916596,0.5817061147913003,FALSE
132,0.06414265500997098,0.05627282433212405,-1.005579352753399,1.1398513540283481,FALSE
133,0.05458220852408111,0.057554774267325456,-0.8556980048762308,0.9483524037565045,FALSE
134,0.0585179890979348,0.05075190421923116,-0.9174001542715118,1.1530205614582807,FALSE
135,0.0363443418931841,0.04094673328377663,-0.5697787188808299,0.8876005233751814,FALSE
136,-0.006571980918483274,0.02264905697345639,0.10303047663506888,-0.290165763907315,FALSE
137,0.005560616995815737,0.0333226798426023,-0.08717508869398558,0.16687184290342136,FALSE
138,0.008241890696163764,0.03300174706749939,-0.1292100414369232,0.24974104186988633,FALSE
139,-0.00588882962673788,0.02257854482001386,0.092320554607688,-0.26081528609044635,FALSE
140,0.059223301610386005,0.040575376722226636,-0.9284575029211631,1.4595872273921313,FALSE
141,0.06424556985137267,0.04027361450328475,-1.0071927727091108,1.5952273130620729,FALSE
142,0.06067371867876547,0.04896141939105807,-0.9511960293606562,1.2392148641394667,FALSE
143,0.059127290524615496,0.04147471969855583,-0.9269523147515862,1.4256224262481112,FALSE
144,0.018111804728399048,0.07059835373596003,-0.2839429841678408,0.25654712567573096,FALSE
145,0.0036205063051909696,0.06586365503319098,-0.056759521202351025,0.05496971437990301,FALSE
146,-0.007258731790575881,0.03381858222200196,0.11379683012253156,-0.2146373772539003,FALSE
147,-0.004442571028850995,0.01643392225337605,0.06964722147934996,-0.270329320070767,FALSE
148,0.011834355891458868,0.0463422051359514,-0.18552995562370575,0.25536885559806904,FALSE
149,0.0012180692221846646,0.05186555979585742,-0.0190959550998144,0.023485126295348567,FALSE
150,-0.0038002448936340135,0.028508181681393185,0.05957732494626012,-0.1333036577395734,FALSE
151,0.00582765480886859,0.02922278492146802,-0.09136150272952291,0.19942160969700745,FALSE
152,0.06505722139665285,0.0614323537614456,-1.019917223161579,1.0590058399729132,FALSE
153,6.764960104535481e-4,0.030431319757783345,-0.01060558563137724,0.02223025540259464,FALSE
154,0.03121983454418363,0.05380808426431981,-0.4894406227669899,0.5802071374781416,FALSE
155,0.06495684457490869,0.03993184087436413,-1.0183435923315918,1.626692963624684,FALSE
156,0.037097637059242565,0.0828358840508565,-0.5815883027747236,0.4478450068386635,FALSE
157,0.04908609722885606,0.05558802656087006,-0.7695341870851851,0.8830336363012591,FALSE
158,0.04950364051961791,0.0998268873124166,-0.7760801105740951,0.49589486211958234,FALSE
159,0.0010716237461752668,0.03544901299669325,-0.01680009523937829,0.0302300023494372,FALSE
160,-0.005470665389790687,0.02439729635290766,0.08576489640070216,-0.22423244406500376,FALSE
161,0.04338474689077257,0.05510895173789516,-0.6801527889827966,0.78725407620010035,FALSE
162,0.01536277230409266,0.034715518376354317,-0.24084576211642428,0.44253328259550523,FALSE
163,-0.006819310773648946,0.01992432727320931,0.10690792442134195,-0.3422605280539806,FALSE
164,0.05949419168199985,0.042744638093913635,-0.932704309712033,1.3918515709803416,FALSE
165,0.06971330617055316,0.0911733281928286,-1.0929117493871587,0.7646239042970089,FALSE
166,0.09773575349200764,0.09952893521795528,-1.5322261874267755,0.9819833124706819,FALSE
167,0.046111297093520354,0.028181687853452746,-0.7228975520067557,1.6362148829872487,FALSE
168,0.03285601162904451,0.05868051970047928,-0.5150913522812045,0.559913439702821,FALSE
169,0.014397280019273623,0.043937199744560264,-0.22570951453350455,0.3276785981577287,FALSE
170,0.008528949854426145,0.037608517529235004,-0.13371033476782052,0.22678239969964678,FALSE
171,0.05181904517013027,0.04444977713151238,-0.8123792489471869,1.1657886386429932,FALSE
172,-0.020051565471594174,0.021094916256689442,0.31435306545205627,-0.9505401788563911,FALSE
173,-0.0023375938384211058,0.03867251964025806,0.036647003443721224,-0.06044586337187279,FALSE
174,-0.007415980944288888,0.026983909495787294,0.11626206175641333,-0.2748297442016942,FALSE
175,0.005574750586652025,0.03138223586554442,-0.0873966642917376,0.17764032526352672,FALSE
176,0.037034340659621086,0.06705119171290462,-0.580595990364938,0.5523293429025437,FALSE
177,0.02131720456043955,0.02906528462913369,-0.33419478443894096,0.7334249374276616,FALSE
178,0.020693926315937416,0.03864479013692651,-0.3244235061282084,0.5354907153749455,FALSE
179,0.03750500595695797,0.04207971734918371,-0.5879747199324301,0.8912846454204026,FALSE
180,0.05137786317380791,0.03646684328378226,-0.8054627359615718,1.4088925321555585,FALSE
181,0.03609888700158817,0.06850310907274197,-0.5659306653354501,0.5269671331742847,FALSE
182,0.052001141689103116,0.0407487007036214,-0.8152340185175906,1.2761423257964564,FALSE
183,0.06876912466429777,0.041325237428389894,-1.0781095958468285,1.6640950891925013,FALSE
184,-0.005133211776927147,0.0258678552072767,0.08047455745924635,-0.1984397908444748,FALSE
185,-0.006473264602422453,0.06423314156551757,0.10148287793970448,-0.10077764289046562,FALSE
186,0.021716644556675165,0.0377350532855779,-0.34045689836010606,0.575503216924703,FALSE
187,0.010173814762686223,0.038175745380664386,-0.15949726531439404,0.26649943992551756,FALSE
188,-0.005143200127635392,0.02344437831339111,0.08063114716135192,-0.21937882331039107,FALSE
189,-0.004693730165801832,0.04230750621738939,0.07358470180868563,-0.1109432009933168,FALSE
190,0.054033431535247006,0.05713896607131027,-0.8470947001151171,0.9456494446856545,FALSE
191,0.08556431842472667,0.09687878436556463,-1.3414117629983853,0.8832100751992955,FALSE
192,0.059405682368581604,0.043150242252460926,-0.9313167285761114,1.3767172388283313,FALSE
193,0.06976842542529418,0.05332876678196794,-1.093775866790751,1.3082699945141987,FALSE
194,0.05158308890525954,0.029174043812085725,-0.8086801075868872,1.7681158374037464,FALSE
195,0.01200494209907546,0.053730097421732445,-0.1882042753601913,0.22343049194285974,FALSE
196,0.009052530369051133,0.05232648706811433,-0.1419186285300454,0.17300091934830808,FALSE
197,0.01653018971636387,0.04150786948194893,-0.2591476369864658,0.3982423073666205,FALSE
198,-0.015831150685546275,0.02187411992903739,0.2481886391705873,-0.723738862953329,FALSE
199,-0.0016355346314914658,0.028238701998201124,0.025640657623001332,-0.05791819438427635,FALSE
200,-0.001097970428252456,0.04086248285217117,0.01721313831510163,-0.026869890217503436,FALSE
201,-0.006570944981145351,0.018924889048529785,0.10301423600396935,-0.34721181002938706,FALSE
202,0.024379672168831135,0.05955490585967035,-0.3822058029257177,0.4093646328024954,FALSE
203,0.05204381181413302,0.03233691192238829,-0.8159029680130988,1.6094242993592955,FALSE
204,0.0436536441736325,0.03670785416037494,-0.6843683543598988,1.1892180889384523,FALSE
205,0.044072932706379,0.03976951803136307,-0.6909416384141776,1.1082088717198475,FALSE
206,0.06431467281973302,0.07153231204521818,-1.008276116050392,0.8990995954258738,FALSE
207,0.048693238522427955,0.06602134690157155,-0.763375249578278,0.7375377935718679,FALSE
208,0.054745656916263284,0.03265786282277806,-0.8582604234164921,1.6763392391396639,FALSE
209,0.005840545833598429,0.02887008721706107,-0.09156359832881084,0.2023044055837455,FALSE
210,0.05503995062624279,0.0406118806325655,-0.8628741345008647,1.3552672215358534,FALSE
211,-0.002754492195320407,0.0303379085940043,0.04318281615414904,-0.0907937403392658,FALSE
212,0.04548955418731755,0.07178022682106812,-0.7131503435523934,0.6337337760259901,FALSE
213,0.04364677701040157,0.05962831240239107,-0.6842606962413513,0.7319807529661255,FALSE
214,0.043770179926108155,0.06916963146047696,-0.686195312513235,0.632794754026095,FALSE
215,-0.008964727466393773,0.024343099074865447,0.14054212196027005,-0.3682656607863855,FALSE
216,-0.0028930715710030115,0.028943173515692727,0.04535535732635685,-0.09995695770660443,FALSE
217,0.0644450137096825,0.08259706608285602,-1.010319500561562,0.7802336906862459,FALSE
218,0.06910638164262668,0.0815319893741454,-1.0833968521028539,0.8475983742467224,FALSE
219,0.05058471339621857,0.04012576207292052,-0.7930283420335249,1.2606542725416905,FALSE
220,0.053740681983192325,0.028522584097755016,-0.8425051971544394,1.88414492175771,FALSE
221,0.054169347798541045,0.04923648734553986,-0.8492254910536998,1.1001870913004526,FALSE
222,0.04377459017395549,0.03786901216458669,-0.6862644529966639,1.155947506201163,FALSE
223,0.06384809585425699,0.0861770011447803,-1.0009614802143778,0.7408948444027428,FALSE
224,-0.019091405513829148,0.028090440180128375,0.2993004140032038,-0.6796406674799889,FALSE
225,-0.01776015561637158,0.01387802443466783,0.27843009907735117,-1.2797322630450223,FALSE
226,-0.007657589435742053,0.046424178111948156,0.1200498143902485,-0.16494830381867817,FALSE
227,-7.696991057781034e-5,0.03269328851988965,0.0012066752280255593,-0.0023543031020260953,FALSE
228,-0.007642669118266304,0.029786680334541852,0.11981590509560196,-0.2565800899069492,FALSE
229,0.02040519498761855,0.0431667326775694,-0.31989699779759156,0.4727064969228408,FALSE
230,0.04596347628012651,0.0340360922843798,-0.7205801306615844,1.3504334133334261,FALSE
231,0.04516933721684561,0.06768700691735784,-0.7081302274711714,0.6673265560699843,FALSE
232,0.030597256856699572,0.042284181823616915,-0.4796803272519133,0.7236100011189086,FALSE
233,0.06007735874041256,0.03774764590942524,-0.9418467556094565,1.5915524609022518,FALSE
234,0.052707418257861474,0.05752975978868709,-0.8263064809026682,0.9161765745496142,FALSE
235,0.07215383015446392,0.06010210082176571,-1.1311724127123457,1.2005209330109428,FALSE
236,0.011107400758205098,0.04951786860786349,-0.17413331056334067,0.22431096229455302,FALSE
237,0.014507407321867338,0.05033508903832388,-0.22743600592438087,0.28821658209091,FALSE
238,0.04423278816709295,0.03956798109308484,-0.6934477297303827,1.117893482182829,FALSE
239,0.05113544910093353,0.03288842035495046,-0.801662354040034,1.554816210357652,FALSE
240,0.05337867623789994,0.03219117975315633,-0.8368299487103652,1.6581770735714085,FALSE
241,0.032218325934083344,0.03479869896806634,-0.5050942050115839,0.9258485773749495,FALSE
242,0.011785724313290056,0.051862096161711044,-0.1847675470378627,0.22725121399916087,FALSE
243,0.0016882268397500648,0.03723646934781585,-0.026466725653200466,0.04533799442639934,FALSE
244,0.03455284515059898,0.057547082670551745,-0.5416930068910701,0.6004273986990573,FALSE
245,0.08793431845209657,0.08889597095219225,-1.378566805819386,0.9891822712571209,FALSE
246,0.05429299039206805,0.048220145407500296,-0.8511638648106375,1.1259399973444122,FALSE
247,0.05387032504402408,0.02907678452418891,-0.8445376416358831,1.8526919645880886,FALSE
248,0.05714983241707669,0.03183585222399588,-0.8959512431001755,1.795140648818589,FALSE
249,0.019609329562948734,0.041995766097846554,-0.30742003003730983,0.4669358696126812,FALSE
250,-2.1382584406986175e-05,0.09213442480109296,3.352197595317751e-4,-2.3208029412620287e-4,FALSE
251,0.03277864263227472,0.06991776294900207,-0.5138784204859296,0.46881709668233273,FALSE
252,-0.016002774875264462,0.022682610533244156,0.25087923159440906,-0.7055085150719502,FALSE
253,-0.020378086313811994,0.017258691465001984,0.3194720087999244,-1.180743415868791,FALSE
254,0.0026675301787581606,0.05050711987883579,-0.04181949235167781,0.05281493352140134,FALSE
255,-0.008577275353851648,0.025185123017413522,0.13446794488586486,-0.34056912677858037,FALSE
256,0.006515374707186652,0.03801736337504403,-0.10214304786697953,0.1713789208081584,FALSE
257,0.04736131049405819,0.0487651497584554,-0.7424943034360583,0.9712122433469241,FALSE
258,0.039190291853304374,0.05420696041736291,-0.6143953397304258,0.7229752701786138,FALSE
259,0.029886544921875497,0.040805331351832105,-0.46853833059924255,0.7324176506297045,FALSE
260,0.04069221102906275,0.06900317595942063,-0.6379412767112422,0.5897150451885435,FALSE
261,0.05207455305997582,0.04325498828372899,-0.8163849056892463,1.2038970561821754,FALSE
262,0.04753532956251717,0.04552941095197578,-0.7452224409320901,1.044057644687238,FALSE
263,0.06162388720891066,0.04453117815745865,-0.966092042869943,1.383836892682551,FALSE
264,-0.008662902958713236,0.02800684158644497,0.13581034880508452,-0.30931381291155635,FALSE
265,0.04342642396499758,0.06382795272097584,-0.6808061701893795,0.6803668630080675,FALSE
266,0.021123835252741106,0.07369515139338977,-0.3311632887322611,0.2866380603519033,FALSE
267,0.019948023195657513,0.05678187283562461,-0.31272980905889924,0.3513097085297659,FALSE
268,0.06080352767409973,0.060580158086601894,-0.9532310752359712,1.0036871740608289,FALSE
269,0.060550770461176746,0.0517268280749547,-0.9492685414971458,1.1705873473129984,FALSE
270,0.015570411886316145,0.030668834410767773,-0.24410097624290253,0.5076949347918289,FALSE
271,-0.0032050659984964153,0.022915364528669577,0.050246566684820644,-0.13986537261873072,FALSE
272,0.04983153492454663,0.06906949230964239,-0.7812205875847276,0.7214695411564498,FALSE
273,0.09378710820118404,0.09962728812893785,-1.4703223548650908,0.941379715965013,FALSE
274,0.059097471623238584,0.055265043454472154,-0.9264848368846076,1.0693463341239136,FALSE
275,0.048308307231060485,0.04972987510430853,-0.7573405920049726,0.9714142078525977,FALSE
276,0.05507062005449704,0.050025512498196895,-0.8633549462759375,1.1008506920640142,FALSE
277,0.03993177727605707,0.038580088064666826,-0.6260197795259382,1.0350359286149005,FALSE
278,0.06464941245577667,0.055456570012946495,-1.0135239073446773,1.165766516765896,FALSE
279,-0.030567190538569357,0.05443012023150238,0.4792089705748259,-0.5615859455860261,FALSE
280,-0.01994572971462434,0.018437894836798054,0.3126938536221851,-1.0817791234396767,FALSE
281,-0.017558468515619336,0.0075938849342513815,0.2752682033902827,-2.3121852210880625,TRUE
282,-2.86997355315637e-4,0.03317686973784925,0.004499324431696394,-0.00865052542881166,FALSE
283,0.0030916206763725675,0.04079493332586528,-0.04846805792841718,0.07578442772971472,FALSE
284,0.006995280783023529,0.049810064618203205,-0.10966664727282659,0.14043910275248042,FALSE
285,0.005599660574925846,0.035210267600247445,-0.087787183983845593,0.15903487694272717,FALSE
286,0.04719022294137537,0.025248919298544233,-0.7398121239961176,1.8689997137460137,FALSE
287,0.0028018055614122254,0.03760725787976059,-0.043924558822016464,0.07450172438443316,FALSE
288,0.039127731007344436,0.05400723495147428,-0.6134145587668327,0.7244905435818156,FALSE
289,0.04801090887219456,0.050498963174321766,-0.7526782086163861,0.9507305864174186,FALSE
290,0.06058877483926419,0.06342288982284079,-0.9498643449903599,0.9553140042736442,FALSE
291,0.05263163391050364,0.041054907339846375,-0.8251183920255696,1.281981553991265,FALSE
292,-0.01293502804838585,0.01572157994554646,0.2027854495689481,-0.8227562428959329,FALSE
293,-0.005280127532932597,0.03530403645623886,0.08277779000879192,-0.14956158170405195,FALSE
294,0.05018647492958822,0.04295964625578703,-0.7867850647720303,1.1682236541421167,FALSE
295,0.05530198724377197,0.06354412489653523,-0.866982143628515,0.8702926877003437,FALSE
296,0.021009184224483446,0.05555045228643717,-0.3293658778397758,0.37820005706079385,FALSE
297,0.04810851902400191,0.04608926410960254,-0.7542084657169277,1.043811828056041,FALSE
298,0.05626247289313007,0.07543894342409162,-0.8820399010203832,0.7458014433850423,FALSE
299,0.07312973980033939,0.07085994988946093,-1.146471975692592,1.032032056393199,FALSE
300,0.061812105221172295,0.106384330470355,-0.9690427805174127,0.581026406312693,FALSE
301,0.08358305683271114,0.05690565890334285,-1.310351063234329,1.4688004399471273,FALSE
302,0.04977723574731422,0.048857970460198984,-0.7803693267273788,1.0188150526609387,FALSE
303,0.05359699373185717,0.030253537562220083,-0.8402525629478663,1.7715942679968721,FALSE
304,0.05378788623692922,0.05196372429440083,-0.8432452292424871,1.0351045266154055,FALSE
305,0.04260008185171968,0.036176281711965394,-0.6678514122783811,1.1775693862321288,FALSE
306,0.02128665311217325,0.08883479467328365,-0.3337158222636376,0.23962067104968543,FALSE
307,0.00864228632001017,0.05513255669501417,-0.13548713695487724,0.15675468068383128,FALSE
308,-0.024850018210880103,0.04661835519753548,0.38957952745365004,-0.5330522302982028,FALSE
309,-0.025043319736712526,0.01665455125107962,0.3926099605282179,-1.5036922555982475,FALSE
310,-0.01536855636582308,0.006243411500928495,0.24093644020030244,-2.4615639003672163,TRUE
311,0.010813251394513243,0.06966226368295914,-0.16952186242936337,0.15522394511504214,FALSE
312,0.0051040829982572245,0.047752682485906355,-0.08001789880679668,0.1068857859401644,FALSE
313,0.015006807125399245,0.05410456828243693,-0.2352652130428378,0.2773667289434903,FALSE
314,0.035639199028659085,0.04966583632867981,-0.5587240298412584,0.7175797623300876,FALSE
315,0.00920638299968024,0.07626353501286938,-0.14433061207989029,0.12071802071759032,FALSE
316,0.046686977820940716,0.08560082885945798,-0.7319226329483224,0.5454033382970251,FALSE
317,0.0425003914136554,0.04541043638604317,-0.6662885420453233,0.9359168243253843,FALSE
318,0.002425247851349205,0.05940386460905444,-0.0380211758345082,0.04082643220790629,FALSE
319,0.027575065886672117,0.08749969120257331,-0.4323007350123193,0.31514472231487317,FALSE
320,0.01124785554173139,0.04354330037529518,-0.17633525294142793,0.2583142629241994,FALSE
321,-0.012197786193739702,0.028546509885624186,0.19122753717971902,-0.42729518398613126,FALSE
322,-0.00638955343200751,0.03785218502509327,0.1001705184099812,-0.16880276337473507,FALSE
323,0.048038220763309686,0.052421088536644955,-0.753106383499165,0.9163911338798044,FALSE
324,0.007840317569136234,0.058345506611959704,-0.12291448592715001,0.13437740152433814,FALSE
325,0.0681408002502044,0.07331656065652274,-1.0682592075592692,0.9294053027041733,FALSE
326,0.044865711744247576,0.060904803211563024,-0.7033702201692112,0.7366530943117741,FALSE
327,0.0561757933354158,0.038655506600565576,-0.8806810053911063,1.4532416795332823,FALSE
328,-0.012480253170203391,0.018506195052794543,0.19565583780622742,-0.6743824505577553,FALSE
329,0.047220351105470425,0.07476281726358065,-0.7402844502468106,0.6316020828775397,FALSE
330,0.07936900595791413,0.10442813489141337,-1.24428640547282,0.7600346979331167,FALSE
331,0.03955279572920518,0.0619452671704918,-0.6200783974841508,0.6385119886616054,FALSE
332,0.05018495087422937,0.03963503359012366,-0.7867611718009476,1.2661765697792813,FALSE
333,0.04234266268670688,0.048314094850353054,-0.663815792030051,0.8764039317689394,FALSE
334,0.026889093276832886,0.04563126415081233,-0.4215465825235976,0.5892690850721085,FALSE
335,0.06683855856386865,0.07607784689911393,-1.0478436611203132,0.8785548131048266,FALSE
336,-0.029288570964925206,0.04822673905100538,0.45916375350230154,-0.607309794136177,FALSE
337,-0.03274244921899858,0.03288515512691363,0.5133110079101562,-0.9956604763649646,FALSE
338,-0.02448756325355146,0.0065032104758365105,0.3838972366077825,-3.7654575912217596,TRUE
339,-0.015316289133107688,0.005797453120601516,0.24011703461074607,-2.6418996091025817,TRUE
340,-0.00990721774572767,0.02040177422505692,0.15531776174196638,-0.48560569470276205,FALSE
341,0.04280373911237715,0.053272870242468406,-0.6710441946214822,0.8034810010716222,FALSE
342,0.0452403595615001,0.08063415192127499,-0.7092436613219777,0.5610570519259547,FALSE
343,0.06501958018384747,0.06232450481883622,-1.0193271130951373,1.0432426278049902,FALSE
344,0.001612268044394117,0.038042066741921184,-0.025275901914175506,0.04238118962704641,FALSE
345,0.047065063554203194,0.05092467518656529,-0.7378499711116752,0.9242094010767433,FALSE
346,0.042250611489086404,0.03601453640555081,-0.6623726839499601,1.1731543900305337,FALSE
347,-0.0010994968250174911,0.030020158482291375,0.017237067992954696,-0.03662528382939999,FALSE
348,0.013038460948537115,0.07569693541838811,-0.2044069912524245,0.1722455589050154,FALSE
349,0.023766781413818272,0.04640331936919122,-0.3725973717087908,0.5121784763871411,FALSE
350,-0.011865864701054888,0.02070168915162661,0.18602392657571373,-0.5731834061532386,FALSE
351,-0.007809068837150825,0.03543416549390835,0.12242459227246162,-0.22038246783301044,FALSE
352,0.0030951483288785154,0.04901880687464478,-0.04852336175896674,0.06314205763501551,FALSE
353,0.03316207971309282,0.060953199347216803,-0.5198896529721866,0.5440580653393879,FALSE
354,0.06093818061082181,0.06023342018456968,-0.9553420607094332,1.0117004882686815,FALSE
355,0.03573038399309835,0.0485917535963158,-0.5601535577818687,0.7353178543407706,FALSE
356,0.031743867288999146,0.16156500696058843,-0.49765600624731604,0.1964773677553991,FALSE
357,0.01775569505856759,0.12441224922808387,-0.2783601698730057,0.1427166148729956,FALSE
358,0.03186486188056484,0.06424179129519952,-0.4995528666603185,0.4960145294539124,FALSE
359,0.06697048275905529,0.05461091627127247,-1.0499118674767178,1.2263204379576478,FALSE
360,0.010999687588787957,0.06801242642192866,-0.1724446661009518,0.16173055671546255,FALSE
361,0.0376694770441189,0.04076839490116926,-0.5905531715002398,0.9239872488342318,FALSE
362,0.04088102563703979,0.038519453470875493,-0.640901367328795,1.061308558491098,FALSE
363,0.032410907422324005,0.032879533215009527,-0.5081133498890016,0.9857471883916042,FALSE
364,0.013433231478708953,0.08001195772173063,-0.21059590086576377,0.167890298665453,FALSE
365,-0.02141964043129321,0.05274012266722742,0.33580069546173447,-0.4061355823239926,FALSE
366,-0.032108891324116526,0.0655147785143438,0.5033785731244699,-0.4901015015579517,FALSE
367,-0.046373381068725336,0.03887751942872535,0.7270063035717275,-1.1928070964955015,FALSE
368,-0.018210948474419376,0.0070977998634784226,0.28549728378230443,-2.565717380694745,TRUE
369,-0.014603748002578883,0.005933416957655813,0.2289463612306693,-2.461271154007785,TRUE
370,0.03426003462984533,0.04047278397197996,-0.5371025481098882,0.8464956266305814,FALSE
371,-0.0020206318603875296,0.027893072511577997,0.03167791663761858,-0.07244206817118463,FALSE
372,0.033413235383605,0.04316591021938494,-0.5238270789573556,0.7740653495730014,FALSE
373,0.030250781578224122,0.03515202910234115,-0.474248553555919,0.8605699969737849,FALSE
374,0.03943612980311685,0.038261237306138125,-0.6182493985687483,1.0307071223959148,FALSE
375,0.04439395519687593,0.03683282378957065,-0.6959743828205793,1.2052824255480037,FALSE
376,-0.003958593762290691,0.03339001753468881,0.06205979706763181,-0.11855620495491258,FALSE
377,0.04101840674232793,0.05604238341372977,-0.6430551229367397,0.7319175995694515,FALSE
378,0.041608420537177546,0.05164247059606568,-0.6523049067170997,0.8057015874129662,FALSE
379,0.04282160330748574,0.04508394975702201,-0.6713242557719283,0.9498192491623052,FALSE
380,-0.0018165073579372855,0.0312911857890454,0.028477809236028828,-0.058051726456886756,FALSE
381,0.05134118673924847,0.041942161257829,-0.8048877509485591,1.2240949250001998,FALSE
382,0.046614164630918525,0.055690474157817034,-0.7307811235972822,0.8370222257189293,FALSE
383,0.04146064356036521,0.030585252104584973,-0.649988172608234,1.355576322163123,FALSE
384,0.0363027559431908,0.09757124069125574,-0.5691267662500665,0.3720641009174359,FALSE
385,0.04543206656684474,0.1011751133379927,-0.7122490967272129,0.44904389101172715,FALSE
386,0.047494234373076386,0.06412922311353758,-0.7445781820688934,0.7406020542146631,FALSE
387,-0.010787179233774428,0.015652141904645096,0.16911312308864626,-0.6891823048558683,FALSE
388,0.042644566589293616,0.06309799409649623,-0.6685488098776861,0.6758466287228871,FALSE
389,0.02004953534471268,0.0711152693725248,-0.3143212386797597,0.28193010476676567,FALSE
390,0.05962778012434636,0.025455160699623166,-0.9347986068590604,2.342463315316217,TRUE
391,0.02677719150895606,0.07204707768687235,-0.4197922724268914,0.37166242363547125,FALSE
392,0.057945149967074824,0.06721893379050867,-0.9084196217015325,0.8620361362419691,FALSE
393,0.037366798147148717,0.035508832641828345,-0.5858080038850222,1.0523240379108307,FALSE
394,0.060581703440306924,0.05330104343024535,-0.9497534850207281,1.136595074720999,FALSE
395,0.014143632838446914,0.04915409073963431,-0.22173302856042162,0.2877407073475272,FALSE
396,0.027695057475573513,0.045916680823713286,-0.43418187111877704,0.6031589605072375,FALSE
397,-0.004230798646103422,0.040977929417473594,0.06632721647579584,-0.10324578880013753,FALSE
398,-0.011263317846340352,0.005443411604212637,0.17657765909468648,-2.069165197359632,TRUE
399,-0.011512782276272554,0.0039801879200825965,0.18048857110709418,-2.892522289760038,TRUE
400,-0.002041534952770354,0.017013739842421848,0.03200561928892913,-0.11999330962379103,FALSE
401,0.03391106233386135,0.025948270907120926,-0.5316316280884159,1.3068717547786666,FALSE
402,-0.005827243260480101,0.013467031280334062,0.0913550507895142,-0.43270436811041185,FALSE
403,0.029247414188249048,0.03182931827019137,-0.45851852912166136,0.9188828343722236,FALSE
404,0.038145114400789104,0.04495304030918923,-0.5980098492007716,0.8485547170653003,FALSE
405,0.05248188061804774,0.03630005229963601,-0.8227706747557264,1.4457797521843787,FALSE
406,0.048083613183696694,0.035616580086182126,-0.7538180110534903,1.3500345363689565,FALSE
407,0.03534621285981634,0.030651957031736937,-0.5541308173840442,1.1531470184177468,FALSE
408,0.04884337967188796,0.03331353763867454,-0.7657290473727748,1.4661721070170712,FALSE
409,0.04281862928002825,0.04435852208815399,-0.6712776312503006,0.9652852995177454,FALSE
410,0.05900363828751646,0.03221535642387745,-0.9250137898101221,1.8315376527631404,FALSE
411,0.021070056871188434,0.027065759589788047,-0.33032019251016903,0.7784764658568164,FALSE
412,0.04354895126457873,0.03550425892586295,-0.682727059223179,1.2265838685864148,FALSE
413,0.03573333633743417,0.03598377343723725,-0.5601998423721442,0.9930402768836933,FALSE
414,0.025535302395629313,0.08800949371660252,-0.4003228873417795,0.2901425893649041,FALSE
415,0.04622887505759756,0.041491351558193924,-0.7247408491542847,1.1141809876392914,FALSE
416,0.012543573076630475,0.035600889049494065,-0.1966485187376833,0.3523387592706406,FALSE
417,0.00659445475209896,0.01854655712995462,-0.10338280416279028,0.3555622052056351,FALSE
418,0.003773672604231802,0.015016008174334494,-0.05916074497191858,0.251309972691797,FALSE
419,0.026343725060785434,0.039861856861565584,-0.412996717887966,0.660875511953027,FALSE
420,0.0425856668252422,0.05687787962969125,-0.6676254245484861,0.7487210687617079,FALSE
421,0.02779186001616697,0.06537287527163053,-0.43569946711008295,0.42512831049099703,FALSE
422,0.02482700368568419,0.08356415734516426,-0.3892187233780028,0.2971011073938735,FALSE
423,0.05357936591945155,0.042980379698798026,-0.8399762076241502,1.2466005720500868,FALSE
424,0.02181052888040626,0.07254688043922249,-0.34192874478549223,0.30064047893387286,FALSE
425,-0.009227699405125484,0.0686264798883159,0.14466479433641402,-0.1344626654338504,FALSE
426,0.04736007763490362,0.03700800196663698,-0.7424749756157414,1.2797253328509637,FALSE
427,0.021095929211301052,0.030236695562936598,-0.3307257992163557,0.6976929462212771,FALSE
428,0.029410965726163602,0.03869089096310272,-0.46108256470161,0.7601521958801918,FALSE
429,-0.0035218998178943553,0.0060817720448016165,0.05521364431812162,-0.5790910596369183,FALSE
430,-0.00588439932326972,0.006385853194825563,0.09225109970761688,-0.9214742562572266,FALSE
431,0.056843163864684354,0.038663358790806575,-0.8911435287270089,1.4702075981614044,FALSE
432,0.05029585659807755,0.03347973500732803,-0.7884998666832622,1.5022776191946805,FALSE
433,0.05947745005293487,0.04275147478154674,-0.9324418472910968,1.3912373867066625,FALSE
434,0.043864242890969796,0.04537073171306175,-0.6876699595372618,0.9667960210203475,FALSE
435,0.06977064952437333,0.04378998897044495,-1.0938107345104005,1.5933013724087355,FALSE
436,0.06124381659849547,0.04868414469241818,-0.9601335873248382,1.2579827988234795,FALSE
437,0.04779271541383883,0.03289414797888034,-0.7492575389139196,1.4529245580254608,FALSE
438,0.06887131445766406,0.04171362943234884,-1.0797116490554974,1.6510506372829425,FALSE
439,0.06104039677897005,0.04171546502814644,-0.9569445274017062,1.4632558150265043,FALSE
440,0.06092416941089032,0.02907710640951498,-0.9551224038624222,2.0952624567537415,TRUE
441,0.05231638778815996,0.027560559642458994,-0.8201762050890434,1.8982338699524395,FALSE
442,0.03413044627682579,0.022366243035365222,-0.5350709612955677,1.525980300887331,FALSE
443,0.058566723596242536,0.06000329510541614,-0.918164176360361,0.9760584563456094,FALSE
444,0.056782920508085664,0.03531935335598046,-0.8901990795842849,1.6076998900794113,FALSE
445,0.06363425992834916,0.05403959518946993,-0.9976091245637363,1.1775487900166364,FALSE
446,0.05502088893277249,0.04432152548448078,-0.862575299889493,1.241403321102702,FALSE
447,0.00949350845169084,0.024971266636222053,-0.14883194471332997,0.38017728896138725,FALSE
448,-0.0070724907170826145,0.010125149072045309,0.11087708540491199,-0.6985073174487051,FALSE
449,0.006186245634020274,0.019942529869317535,-0.09698321467461285,0.3102036539274832,FALSE
450,0.03317113187360553,0.042193311585192655,-0.5200315658023925,0.7861703816878556,FALSE
451,0.013885542637333607,0.028516695641901516,-0.21768688832274094,0.4869267748164565,FALSE
452,0.016332625049182477,0.027147687185615995,-0.256050369651331,0.6016212334226467,FALSE
453,0.027208739828255005,0.061761045254811034,-0.4265577560124241,0.4405485644875078,FALSE
454,0.05361560570727555,0.039715299759079656,-0.8405443472245191,1.349998767037331,FALSE
455,0.044620450417194486,0.07135233842627202,-0.6995252011802849,0.6253537221250366,FALSE
456,-0.012365122763633468,0.024940344680523786,0.1938509115882088,-0.4957879661258066,FALSE
457,0.06472771333181268,0.0284101423708363,-1.0147514484284081,2.2783311849312398,TRUE
458,0.025752869295695566,0.021587792566415322,-0.4037337343439059,1.1929366662416407,FALSE
459,0.0378215539138329,0.021534127132484537,-0.5929373160323299,1.7563541666278428,FALSE
460,-0.0011801577138696939,0.010997235124385912,0.018501607547669153,-0.10731403853071607,FALSE
461,-0.006853326561530265,0.008968733189324977,0.10744119785624694,-0.7641354042828956,FALSE
462,-9.931757384860653e-4,0.010716759626682469,0.015570247538427368,-0.09267500374024135,FALSE
463,0.0641258241203452,0.044222748441182555,-1.0053154909738464,1.450064195029268,FALSE
464,0.040815059901149385,0.02277984073250019,-0.6398672071121613,1.7917184049016723,FALSE
465,0.04899126224373361,0.03696901152510667,-0.7680474369195894,1.3251980570392665,FALSE
466,0.06962797532091039,0.047490425242398895,-1.0915739977686711,1.466147649036997,FALSE
467,0.07099127879427207,0.03494708797791481,-1.112946824074916,2.0313932548295806,TRUE
468,0.03942605844414699,0.021896035128640228,-0.6180915075267781,1.8006026302258402,FALSE
469,0.07770009476140245,0.04508965329144422,-1.2181224956606953,1.7232355782195838,FALSE
470,0.04571337444073901,0.05524230347421009,-0.7166592258325807,0.8275066672786433,FALSE
471,0.02541902813717826,0.052798221256024326,-0.3985000286912152,0.48143720626341985,FALSE
472,0.05815171807397729,0.03231962024632759,-0.9116580380596669,1.799269843852356,FALSE
473,0.012686481217666327,0.020576030497757285,-0.19888892297326857,0.6165660193325,FALSE
474,0.00842904915102917,0.015531103295822123,-0.13214416815613406,0.5427205646939834,FALSE
475,0.05878285953884046,0.06400649574104643,-0.9215525899087335,0.918388967530117,FALSE
476,0.06521514752662816,0.046239165991677315,-1.0223930679101123,1.4103876254681231,FALSE
477,0.07946809788365627,0.04528700147970819,-1.2458398926887044,1.7547661643984898,FALSE
478,0.026713651307368518,0.04380993103621576,-0.41879613787685926,0.609762459687177,FALSE
479,-0.004999110935167757,0.00824537255683243,0.07837222730719494,-0.6062929116556781,FALSE
480,-0.005939497975380908,0.008940959447180517,0.09311489411897918,-0.6643020819486992,FALSE
481,0.006713282266047151,0.019973594181171533,-0.1052456907948878,0.3361078734830583,FALSE
482,0.008820619784445028,0.018986367092913885,-0.13828291224220826,0.46457649013523344,FALSE
483,0.005326586880638347,0.018411014187955977,-0.0835061440313691,0.2893152341451601,FALSE
484,0.02216014498563518,0.02719818857837844,-0.3474097579545544,0.8147654731407988,FALSE
485,0.07037264599993644,0.05110170058298514,-1.1032483735691903,1.3771096694846152,FALSE
486,0.037594736404883235,0.05196938080287447,-0.5893814450786363,0.7234016612105534,FALSE
487,0.031323730184192634,0.05864214825358859,-0.49106941893107003,0.5341504552107841,FALSE
488,-0.003934226986720799,0.02240282529253174,0.06167779344769355,-0.17561298342277937,FALSE
489,0.05395790398896525,0.05157738315489155,-0.8459106371683424,1.0461543546504635,FALSE
490,0.04330084334431763,0.040853459721551355,-0.678837413529056,1.0599063981226347,FALSE
491,0.03685014129139568,0.01690767861682706,-0.5777082539366768,2.1794914681381066,TRUE
492,0.0018708173855253019,0.011359971384381655,-0.02932924019693132,0.16468504384592111,FALSE
493,-0.005514858854029917,0.00900179863309078,0.08645772764004994,-0.6126396600071894,FALSE
494,0.041314733903405856,0.056097090384060876,-0.6477007129079325,0.7364862173875742,FALSE
495,0.02482175187977801,0.01900237729339475,-0.3891363895927377,1.3062445554328659,FALSE
496,0.031849799827166445,0.02105603342737023,-0.49931673533857734,1.5126210706792313,FALSE
497,0.05462589200947883,0.02309370976915681,-0.856382841058416,2.3654013389583404,TRUE
498,0.056348802908771055,0.030387114598087125,-0.8833933167971071,1.8543650377491987,FALSE
499,0.04753976633972165,0.0313752718238184,-0.7452919973224343,1.515198548929608,FALSE
500,0.05203628341398115,0.053005427107300884,-0.8157849435292228,0.9817161421724259,FALSE
501,0.031991773564060424,0.026851824026506346,-0.5015424907026426,1.1914190087228436,FALSE
502,0.026642154703203306,0.03173274792492899,-0.4176752689491645,0.8395791869721261,FALSE
503,0.040753995961274346,0.026280425263032824,-0.6389098934941551,1.5507357873162224,FALSE
504,0.009987067990423473,0.022684842012656775,-0.15656959263929865,0.44025292240745123,FALSE
505,-0.010479312009929721,0.017086084375355675,0.16428661686373836,-0.6133243743689272,FALSE
506,0.005838423584699991,0.020583730286503066,-0.09153032733818314,0.2836426392804174,FALSE
507,0.06884554310443754,0.045034686641246484,-1.0793076255442617,1.5287225967146645,FALSE
508,0.04962104761715643,0.03908086982684698,-0.7779207290070722,1.2697017194604194,FALSE
509,0.03974487644516685,0.027428239950605345,-0.6230896916378326,1.4490494656872681,FALSE
510,2.200145217760129e-4,0.02355839611076266,-0.003449218938154019,0.009339112932034419,FALSE
511,0.003794940638525888,0.023183352753087087,-0.059494168902631456,0.1636924856789989,FALSE
512,-0.005853546917393794,0.011536152763087738,0.09176741934972124,-0.5074089289215556,FALSE
513,-0.005742125278919561,0.009516907731989223,0.09002063635356641,-0.6033604024150124,FALSE
514,-0.007684405038113171,0.011316549422412014,0.12047020883871418,-0.6790413536209621,FALSE
515,-0.006589629755210265,0.015812729716533774,0.10330716156197156,-0.41672942454206086,FALSE
516,0.016962480103414307,0.0197346532291266,-0.26592475414109745,0.8595276494840653,FALSE
517,0.0121421077098673,0.07138897866406177,-0.19035465261069084,0.17008378515968053,FALSE
518,0.0358032552492001,0.04510787023699753,-0.5612959774483719,0.7937252426481051,FALSE
519,0.008866264199229439,0.03464841220824537,-0.1389984903714357,0.25589236660950115,FALSE
520,-0.008202933396891396,0.015500367935944231,0.12859929877618925,-0.5292089472192067,FALSE
521,0.025408437452722844,0.024331704438786853,-0.3983339960625652,1.0442522642277203,FALSE
522,0.06387749486305697,0.0292684942716404,-1.0014223753275606,2.1824660425032807,TRUE
523,0.05890023318812835,0.030788846576759996,-0.9233926839656894,1.9130379906010302,FALSE
524,-6.291289739049713e-5,0.013279449169975551,9.863001559249883e-4,-0.004737613479687197,FALSE
525,-0.004053377272991355,0.007445956616216019,0.06354574025671951,-0.5443729371406479,FALSE
526,-0.006183795382329757,0.015312324410001209,0.0969448015077639,-0.4038443293619632,FALSE
527,0.05933516311233,0.08062416546274637,-0.9302111817594554,0.7359476252780157,FALSE
528,0.03919923598336631,0.034100971841354764,-0.6145355589420756,1.1495049515224902,FALSE
529,0.05449624440375542,0.03847508461602191,-0.8543503253256465,1.416403497162471,FALSE
530,0.06398243608774666,0.054453020872457895,-1.0030675633663813,1.175002507897752,FALSE
531,0.048721023495916296,0.02746969434867964,-0.7638108410836862,1.7736281619113874,FALSE
532,0.031614038773409354,0.029234985294358515,-0.49562065434840535,1.0813769343509787,FALSE
533,0.04998990977199225,0.033329734366729216,-0.7837034669816285,1.4998592314583143,FALSE
534,0.05989994586674797,0.042497774620702825,-0.9390654126381993,1.409484294209788,FALSE
535,0.037294410585202095,0.06668306526586171,-0.5846731672045267,0.5592785879969875,FALSE
536,0.06688474626039179,0.05289829702854036,-1.048567756403985,1.2644026370887758,FALSE
537,-0.0060638711384839025,0.011396219996710893,0.09506472118543847,-0.5320949525574287,FALSE
538,0.0024491832752626124,0.023781311474842342,-0.0383964170539897,0.10298772958142122,FALSE
539,0.031194112476361346,0.06892301807560183,-0.4890373719145238,0.45259353619924836,FALSE
540,0.058106339032669097,0.05894022115219786,-0.9109466202522787,0.9858520700596715,FALSE
541,0.08119342131684996,0.07334810239489381,-1.2728881902836744,1.1069600802992596,FALSE
542,0.015727120128474777,0.062131341164626167,-0.24655772788027244,0.2531270021486169,FALSE
543,2.1555137850331994e-4,0.04033929636559835,-0.0033792492008130463,0.005343459056641944,FALSE
544,0.03621817525343811,0.06421684694638775,-0.5678007750630206,0.5639980312903763,FALSE
545,-2.048349835608289e-4,0.01955230551883796,0.003211245779557023,-0.01047625730702078,FALSE
546,0.016301284524809913,0.02701517956959859,-0.25555903694599447,0.6034120366593635,FALSE
547,0.021780910229128047,0.04793399258666754,-0.34146440628598446,0.45439382479452034,FALSE
548,0.03206447032331007,0.05437380740194332,-0.5026821747413243,0.5897043421344831,FALSE
549,-0.018599216068048634,0.035133738405675866,0.2915842453437823,-0.5293833480881137,FALSE
550,-0.005163739387320627,0.017990519544640246,0.0809531459226614,-0.2870255844756308,FALSE
551,0.027270677619862606,0.019895970137223457,-0.42752876920771615,1.3706633771449916,FALSE
552,0.06686946202145352,0.01677837972250556,-1.048328141827749,3.985454085996078,TRUE
553,0.06807933562226721,0.04684476885870245,-1.0672956122611217,1.4532964358862446,FALSE
554,0.002823325869404123,0.010178038760044757,-0.04426193770628906,0.2773939003344597,FALSE
555,-7.626566256487944e-4,0.010385411453266578,0.011956345677829978,-0.07343537895255099,FALSE
556,0.03426627942049638,0.052382597029508156,-0.5372004491484402,0.6541538862839027,FALSE
557,0.02721244770086925,0.07484708178450913,-0.42661588519561655,0.3635739303666656,FALSE
558,0.03590270467056146,0.033248686125332855,-0.5628550692064027,1.0798232608417706,FALSE
559,0.03642101159974211,0.035460809362113474,-0.5709806877404665,1.0270778432557301,FALSE
560,0.045201195880064576,0.06504591787281432,-0.7086296831599691,0.6949121076044688,FALSE
561,0.04220954689204403,0.03172703787061847,-0.6617289046909236,1.3303967128659406,FALSE
562,0.055325798864635754,0.041480828528993645,-0.8673554439587319,1.333767931514795,FALSE
563,0.051279328321073264,0.09952002822829012,-0.8039179821090668,0.5152664165593184,FALSE
564,0.050699040819246276,0.06987975069948016,-0.7948206796913955,0.7255183413186308,FALSE
565,0.06584327885424733,0.06886750592818318,-1.0322404291360117,0.9560862988549406,FALSE
566,0.06370411540977111,0.07582765366591238,-0.9987042652276773,0.8401171911561957,FALSE
567,0.04981811346849036,0.06370960931675201,-0.781010176289904,0.78195603461958485,FALSE
568,0.020263205566228286,0.023912237733315706,-0.31767099654402237,0.8473989675168121,FALSE
569,0.023387990181807008,0.03578857416787275,-0.3666589732771179,0.6535043858439689,FALSE
570,0.0806288570354245,0.051983314944052755,-1.2640373844569548,1.5510526237544031,FALSE
571,0.05992677128679836,0.05245613003803471,-0.9394859610007112,1.142416934748081,FALSE
572,0.02711030501058724,0.04780073130068278,-0.4250145704329784,0.5671525157231224,FALSE
573,0.037447307554198485,0.055260901298646914,-0.5870701686242129,0.6776456169583936,FALSE
574,0.04255775574940604,0.07953003670273076,-0.6671878561071795,0.5351155049566922,FALSE
575,0.005833280494217332,0.013539974698928054,-0.09144969790995164,0.4308191576369154,FALSE
576,0.008273973458977993,0.019558629458482548,-0.1297130103873082,0.42303441948942816,FALSE
577,0.004795633752857616,0.01874284243683563,-0.07518226809431687,0.25586480647314597,FALSE
578,0.03032362678447432,0.05750259218081148,-0.4753905648328279,0.5273436489458516,FALSE
579,0.04499398740297304,0.04170531243495072,-0.705381227569125,1.0788550612862997,FALSE
580,0.05316845071457318,0.031206450474149654,-0.833534194182488,1.7037647635900175,FALSE
581,0.03998826959678882,0.04725241429992486,-0.6269054228050969,0.8462693428312806,FALSE
582,0.0068609621903283026,0.027842403091987017,-0.10756090338860139,0.24642133682429418,FALSE
583,0.05444766854429518,0.027895951027352817,-0.8535887902549846,1.951812594268882,FALSE
584,0.06114435122473938,0.04297330786254867,-0.9585742454773972,1.4228448836266294,FALSE
585,0.038477942749004165,0.0701447588759279,-0.6032276767902915,0.5485505027833081,FALSE
586,0.01601019438182731,0.024009565545196378,-0.2509955489281094,0.666825659618422,FALSE
587,0.0024805669847682045,0.014696768510470538,-0.038888426782722134,0.16878315685526066,FALSE
588,0.058854105889923916,0.03604115037935564,-0.9226695355605373,1.6329696824448625,FALSE
589,0.06045395452005884,0.08758546794563209,-0.9477507354226947,0.6902281387317026,FALSE
590,0.04483491008843571,0.05620238355449967,-0.7028873354318985,0.7977403670959813,FALSE
591,0.03711999736066439,0.05621182217847763,-0.5819388504317802,0.6603592611320273,FALSE
592,0.08289115252344631,0.06826368097410891,-1.299503918111171,1.214278974421044,FALSE
593,0.06636123429252452,0.04439763940363346,-1.0403605372652576,1.494701862169131,FALSE
594,0.09368677227684777,0.03145856480476059,-1.468749365193299,2.978100649482593,TRUE
595,0.05859216166306991,0.0439147939044236,-0.9185629748630358,1.334223765016186,FALSE
596,0.06923227607529382,0.033098626134209386,-1.085370528466843,2.091696368138319,TRUE
597,0.08813221657515416,0.042263873947949,-1.381669300820013,2.0852848625210108,TRUE
598,0.06412937173145813,0.06056348906842119,-1.0053711077001295,1.058878421931874,FALSE
599,0.055620412286829055,0.060900525905688126,-0.8719741672459976,0.9132993756566903,FALSE
600,0.05952462615947279,0.04449836584858338,-0.9331814381089457,1.3376811715293087,FALSE
601,0.06623838777635556,0.10245234574618055,-1.038434643798609,0.6465287572864084,FALSE
602,0.06322982382232273,0.06347422923461525,-0.9912686854649034,0.9961495332004876,FALSE
603,0.06201019016147326,0.05354477114657779,-0.9721482042955066,1.1580998262504765,FALSE
604,0.011695557851585024,0.0859778812529903,-0.1833539864020063,0.13602984489895478,FALSE
605,0.04513120827474362,0.08413828605547817,-0.7075324711588684,0.5363932448657857,FALSE
606,0.10748655578403762,0.05303845199788865,-1.6850917876443163,2.0265779210207047,TRUE
607,0.015579990667922117,0.054959952302486216,-0.24425114503473072,0.2834789699629584,FALSE
608,0.009522181196155421,0.041433024913203345,-0.1492814540112515,0.22982104772951334,FALSE
609,0.007164457932221425,0.02835226113965921,-0.11231887687206348,0.2526944111064131,FALSE
610,0.008352494863801806,0.025836497317218265,-0.1309440087522456,0.32328278718475656,FALSE
611,0.034104554512995953,0.025556196283938154,-0.5346650500792389,1.3344925877889884,FALSE
612,0.005570599514132574,0.059896214085278704,-0.08733158696033164,0.09300420066953308,FALSE
613,0.050666434411446276,0.034593323941567375,-0.794309501436519,1.4646304153087017,FALSE
614,0.028180495263121545,0.040473790160717456,-0.44179219245843326,0.6962652904810634,FALSE
615,0.020562715535338297,0.03375810296145605,-0.3223664841385726,0.6091194033863859,FALSE
616,0.07702005440733824,0.023540058049227743,-1.2074613445284295,3.271871897948228,TRUE
617,0.09432252544436838,0.07037083611026501,-1.4787162157798068,1.340363858922653,FALSE
618,0.06779439124379684,0.08695483408741375,-1.0628284728259296,0.7796506307590059,FALSE
619,0.011802527590069615,0.09917801370440898,-0.1850309759243891,0.11900346809975415,FALSE
620,0.06146725348747545,0.054452312635522526,-0.9636364595113232,1.1288272345548949,FALSE
621,0.06566694398081262,0.05209203093125261,-1.029475986225615,1.2605948128126396,FALSE
622,0.08698252238650475,0.07058741815987117,-1.3636452770575618,1.2322666652788012,FALSE
623,0.0922432877085912,0.05699159663339736,-1.4461195211740374,1.618541910695237,FALSE
624,0.09409591674167944,0.05982689050403884,-1.4751636183305306,1.5728030647911935,FALSE
625,0.10460502768425937,0.06682687361389401,-1.639917400006865,1.5653138030762355,FALSE
626,0.07983686457486155,0.04927092924232214,-1.2516211340576744,1.620364498956603,FALSE
627,0.07079801635825128,0.028519145923571756,-1.109917003820436,2.48247323212211,TRUE
628,0.10338361566544428,0.07002867129441427,-1.6207690391051472,1.4763041159355899,FALSE
629,0.08843766994068643,0.044602559445389385,-1.3864579644255424,1.982793611854674,TRUE
630,0.08103977822950637,0.0379222498838141,-1.270479491792756,2.1369981601248718,TRUE
631,0.09466324212460216,0.04752496825785581,-1.4840577105889712,1.9918633424642942,TRUE
632,0.09102153645961465,0.04936087418750236,-1.4269658420820117,1.844001711028455,FALSE
633,0.07633914454543678,0.035747959576610804,-1.1967865619191371,2.135482568783702,TRUE
634,0.10050253342423897,0.04025556712142984,-1.5756016412964629,2.496612036816567,TRUE
635,0.09906733531790315,0.05586393771407169,-1.5531017060721146,1.7733682832198359,FALSE
636,0.047155837950054964,0.054652006474924616,-0.7392730624728453,0.8628381827424939,FALSE
637,0.07365556010933196,0.055232181026686304,-1.1547153832331614,1.3335624040221064,FALSE
638,0.0836538519531467,0.04282099171844916,-1.3114609348380943,1.9535711013695407,FALSE
639,0.09063621709469187,0.03045770087555126,-1.4209251005891288,2.9758062653851387,TRUE
640,0.08612964240806653,0.04780921170215225,-1.3502744788490855,1.8015281855021508,FALSE
641,0.05350101235826053,0.05592184240442419,-0.8387478405829645,0.9567104740817314,FALSE
642,0.05160780675766781,0.054421760457961134,-0.8090676151202486,0.9482935929191963,FALSE
643,0.0380321305506186,0.043935218760013786,-0.5962385750477391,0.8656410875830737,FALSE
644,0.037235427441404734,0.04481770944424417,-0.5837484747116155,0.8308195109285486,FALSE
645,0.05856100861122328,0.027655481265176987,-0.918074581208184,2.1175190570616347,TRUE
646,0.06549955590190014,0.039672589908597816,-1.0268518042982333,1.6510027717576643,FALSE
647,0.05270754999925878,0.04383579087305826,-0.8263085462432597,1.2023861997127365,FALSE
648,0.03753802994042429,0.023546091252835334,-0.5884924446183545,1.5942361531408784,FALSE
649,0.07213013508710722,0.043768494877219954,-1.1308009396186254,1.6479921297144846,FALSE
650,0.07481731336246909,0.03907217757656367,-1.1729284597602743,1.9148488260184946,FALSE
651,0.07911530035424655,0.047448883428619276,-1.2403090035912436,1.6673796017405829,FALSE
652,0.04749539790910967,0.03297845981719659,-0.7445964230944804,1.440194544329303,FALSE
653,0.07746111543647986,0.05248036415555094,-1.2143759610833575,1.4760018662768113,FALSE
654,0.0681971201324016,0.03212948499410242,-1.0691421474793303,2.122571219081776,TRUE
655,0.06532073708048541,0.020519895312715003,-1.0240484199564035,3.1832880277907605,TRUE
656,0.059088213433510756,0.03152701988224497,-0.9263396940863755,1.8742086519502401,FALSE
657,0.05982709325637353,0.04841853916462011,-0.9379232852851089,1.2356236740841153,FALSE
658,0.06844616056552924,0.03205622685029908,-1.073046412395009,2.135190797256622,TRUE
659,0.07952972354308255,0.05038405385410776,-1.2468060125150389,1.5784701201965425,FALSE
660,0.0552294292596547,0.09622685945210278,-0.8658446351999287,0.5739502418983685,FALSE
661,0.051876474329513186,0.03825465534721316,-0.8132795792642352,1.3560826482074781,FALSE
662,0.052701072027409965,0.02950486208599037,-0.8262069895687212,1.7861826255555935,FALSE
663,0.06453696381678894,0.02290059126380213,-1.0117610238221026,2.818135264428715,TRUE
664,0.051673621776794285,0.030613997770608758,-0.8100994125150456,1.6879083275560962,FALSE
665,0.05969843402768315,0.04392168443983627,-0.9359062645694539,1.3592018336513894,FALSE
666,0.06357990667037579,0.044469162032367004,-0.9967570158700065,1.4297527491995234,FALSE
667,0.05304445551227186,0.02732620602926402,-0.8315902924956106,1.9411569778646112,FALSE
668,0.06100628483298418,0.0356238640874545,-0.956409746473784,1.7125117220079586,FALSE
669,0.06422193682110891,0.09375448883688016,-1.006822272185356,0.6850011942665081,FALSE
670,0.04439020198962364,0.031436961485455224,-0.6959155429156997,1.412038565182625,FALSE
671,0.05978247945474059,0.0675736426796556,-0.9372238643184692,0.8847011509820427,FALSE
672,0.05562238797499829,0.03076335043537473,-0.8720051405699137,1.808073151584887,FALSE
673,0.05456866699856298,0.05724336017334931,-0.8554857112244681,0.9532750494260541,FALSE
674,0.05928944199613838,0.023917744853002614,-0.9294944011643897,2.4788893083578167,TRUE
675,0.04034254286076457,0.02961573000646049,-0.6324594473373086,1.3621998462291522,FALSE
676,0.034737230786535074,0.023085558096614153,-0.5445836634816466,1.504716959458295,FALSE
677,0.025413606087324774,0.056849759943533154,-0.39841502595190825,0.4470310184698617,FALSE
678,0.03230975605673018,0.025793814660938767,-0.5065275763545548,1.2526164307778376,FALSE
679,0.05821661514684536,0.043818708383210836,-0.9126754445970191,1.3285789858915853,FALSE
680,0.0514577244021027,0.01463793577749499,-0.8067147390513455,3.5153675480128888,TRUE
681,0.033742012137238125,0.024324900065734775,-0.5289813887542819,1.3871387773867465,FALSE
682,0.041351668806229994,0.0616365105316152,-0.6482797499881738,0.6708956826006477,FALSE
683,0.05072965427143547,0.04196767617169036,-0.7953006139166496,1.2087792057844646,FALSE
684,0.06512893918336048,0.04940748866105865,-1.0210415596195437,1.3181997496402393,FALSE
685,0.02520950343374779,0.024897196738512276,-0.39521526108019706,1.012543849756082,FALSE
686,0.030011489834095614,0.02861440822515542,-0.4704971211098724,1.0488244103441564,FALSE
687,0.057232449466727446,0.04535563119043724,-0.8972464498436644,1.2618598388901774,FALSE
688,0.05281966714218288,0.033309370922427584,-0.828066232824781,1.5857299516460932,FALSE
689,0.05124679528953089,0.044342228793889854,-0.8034079541908835,1.1557108581017572,FALSE
690,0.04832546722075514,0.04059856607664378,-0.7576096131630106,1.1903244841092213,FALSE
691,0.04683547442448597,0.03584764652365523,-0.7342506488132082,1.3065146241491772,FALSE
692,0.05294128082937566,0.07668127788602777,-0.8299727989442262,0.6904068670851164,FALSE
693,0.04780123697775809,0.04745590146925808,-0.7493911334576602,1.0072769771052335,FALSE
694,0.052786523605967604,0.03210120102724931,-0.8275466338825461,1.6443784630101355,FALSE
695,0.05072853206192028,0.02900509550979616,-0.795283020776519,1.7489524226799136,FALSE
696,0.04575773897790527,0.04065705574093074,-0.7173547390220786,1.125456286590854,FALSE
697,0.03700716010328283,0.05201946475058395,-0.5801698744480673,0.7114098593809042,FALSE
698,0.048139236992236115,0.043260095233327765,-0.7546900384645798,1.1127862001364583,FALSE
699,0.0443132429208071,0.034242389139177834,-0.6947090376564926,1.2941048809619091,FALSE
700,0.049283616837971785,0.03619872279063065,-0.7726307480345224,1.3614739150611113,FALSE
701,0.0537956015201576,0.07021426823458835,-0.8433661835359116,0.7661633863422831,FALSE
702,0.0589757114852855,0.040268675980898505,-0.9245759748224588,1.4645555148935292,FALSE
703,0.052602847959613286,0.04383249053415749,-0.8246671079641253,1.20008804698472,FALSE
704,0.04990701310806861,0.02903528488987227,-0.7824038766600119,1.7188401387264003,FALSE
705,0.0313147588717585,0.02604676987372734,-0.4909287735750356,1.2022511437529468,FALSE
706,0.07646787088691409,0.06666075833311794,-1.1988046347775954,1.1471197267932047,FALSE
707,0.056771947749943485,0.03162968207184036,-0.890027057097395,1.7948946695384926,FALSE
708,0.044509254834050105,0.04777842588834844,-0.6977819621062245,0.9315764177342732,FALSE
709,0.06110909625688771,0.03526680987432447,-0.958021545129273,1.7327650693287506,FALSE
710,0.03186871229284493,0.029385438179134565,-0.49961323047107514,1.0845069622093857,FALSE
711,0.02142338834920351,0.03343217152021935,-0.3358594524443668,0.6408015804850403,FALSE
712,0.020807097437763985,0.03042948614541547,-0.3261977161826417,0.6837807690321054,FALSE
713,0.061433282474380284,0.05430443872179157,-0.9631038880211766,1.1312755259125442,FALSE
714,0.04825225859473867,0.031837993900370426,-0.7564619044697211,1.5155558715707043,FALSE
715,0.07789582873000625,0.04784414350595196,-1.2211910627075357,1.6281162755127128,FALSE
716,0.05158821944572844,0.06656890690215708,-0.8087605402656279,0.7749596898376708,FALSE
717,0.05073127279002523,0.06478794456943339,-0.7953259878098203,0.7830356886172921,FALSE
718,0.07937777919445702,0.04508899321873667,-1.2444239455469404,1.7604690973998436,FALSE
719,0.07212719400434525,0.02756189439932998,-1.130754831578668,2.61691714507471,TRUE
720,0.021529732870496886,0.04686524966341324,-0.3375266402911193,0.45939652567997985,FALSE
721,0.036811390898190986,0.052070100197633265,-0.5771007549905908,0.7069583265342779,FALSE
722,0.06087239754497993,0.07056490182349055,-0.9543107642537263,0.8626441187042925,FALSE
723,0.06462886947154438,0.061731934606049754,-1.0132018501927755,1.0469276539603332,FALSE
724,0.0731419619486786,0.04409407381461734,-1.1466635851608045,1.658770796642332,FALSE
725,0.03331816555134664,0.04717392219762047,-0.5223366470384729,0.7062835566601936,FALSE
726,0.05136477375281349,0.06499917033903137,-0.8052575300578025,0.7902373751064549,FALSE
727,0.04400502455335251,0.054506585356529164,-0.6898770264713692,0.8073340912022715,FALSE
728,0.0434122394262283,0.055070161126417466,-0.6805837958690072,0.7883078338298742,FALSE
729,0.039501994878534084,0.09355537303449199,-0.6192819807076826,0.4222311728046928,FALSE
730,0.043688703468177104,0.07967161370589258,-0.6849179870919813,0.5483597160395641,FALSE
731,0.04598429225489781,0.09293334517254724,-0.7209064675497939,0.49480939451302236,FALSE
732,0.05039019621143149,0.05704355348605169,-0.789978850790183,0.8833635552482353,FALSE
733,0.04917435812408898,0.029970971361701824,-0.7709178737113148,1.6407328788457638,FALSE
734,0.05293494283324312,0.0402069949361757,-0.8298734367016167,1.3165605367243105,FALSE
735,0.06535145500097361,0.03325547507752869,-1.0245299919555304,1.9651337065135701,TRUE
736,0.0849821509498588,0.04969138892818397,-1.332284987805174,1.7101987443474056,FALSE
737,0.07485446568240785,0.04936519997796358,-1.1735109053392965,1.5163407768189447,FALSE
738,0.0608092182898072,0.0470523196616376,-0.9533202883447673,1.292374504107303,FALSE
739,0.05523969055313201,0.05848647003484769,-0.8660055038894416,0.9444866568322354,FALSE
740,0.08658953104171567,0.050701002420473054,-1.357484260148155,1.7078465298104408,FALSE
741,0.0710410374477387,0.05402808914108225,-1.113726902082898,1.3148908017500107,FALSE
742,0.07194034105673743,0.042422374459016636,-1.1278254943679409,1.6958112782262453,FALSE
743,0.06697073107552139,0.031190996405020467,-1.0499157603918337,2.1471173990691064,TRUE
744,0.05784428985075924,0.0518720887260058,-0.9068384141499041,1.115133230055556,FALSE
745,0.003150268951076758,0.02845919723457998,-0.04938750060050451,0.1106942309408838,FALSE
746,0.024629780018374712,0.058592657741812736,-0.3861268019773391,0.42035608159140514,FALSE
747,0.03022068834612024,0.04431886898861158,-0.47377677494219345,0.6818921384001454,FALSE
748,0.031542993479537686,0.03832601892847762,-0.49450686071737243,0.8230177399432452,FALSE
749,0.04570367536726587,0.03301222821522376,-0.7165071711971137,1.3844468500974856,FALSE
750,0.0721194097440192,0.029883446494361518,-1.1306327959152063,2.413356496802565,TRUE
751,0.0834402706175758,0.041314454455087704,-1.3081125704595042,2.0196386886406166,TRUE
752,0.078403004899981,0.04813904485561024,-1.2291421817352075,1.6286780332917994,FALSE
753,0.09882808608225001,0.04226180508191562,-1.5493509400413439,2.338472904569328,TRUE
754,0.08397643419033962,0.02881342943108875,-1.3165181317569898,2.9144893838888817,TRUE
755,0.042553530436283155,0.03189543435320515,-0.6671216148885296,1.3341574209352938,FALSE
756,0.015376887643341794,0.03713600462283691,-0.24106705157979047,0.41406952092756166,FALSE
757,0.015004568506691964,0.04461569072146801,-0.23523011769559374,0.33630698671380477,FALSE
758,0.03046017012185559,0.05167011945251039,-0.47753118655803245,0.589512283784273,FALSE
759,0.028541609694517855,0.04809961824434131,-0.4474534675668142,0.5933853684561341,FALSE
760,0.03332077244761242,0.07325467415282313,-0.5223775159588384,0.4548620662498474,FALSE
761,0.010851986122794258,0.09971220851240094,-0.17012911579278975,0.10883307354930992,FALSE
762,0.034019992758291616,0.0860419038003574,-0.5333393557413594,0.39538865663907247,FALSE
763,0.01146617856982998,0.10613772235477595,-0.17975795393895314,0.10803113459984691,FALSE
764,0.023489492679184872,0.1119881890693454,-0.3682502515863837,0.2097497323100715,FALSE
765,0.02390983498447956,0.12137427945033713,-0.3748400558785103,0.1969926008439274,FALSE
766,0.04727938447272568,0.10630841320539082,-0.741209930104577,0.4447379379220024,FALSE
767,0.07799475266692617,0.07196732506529238,-1.2227419163234998,1.0837522805824087,FALSE
768,0.09179669674705478,0.08036084773185548,-1.4391182105800573,1.1423062267008175,FALSE
769,0.08856605201795939,0.06399946581534147,-1.388470640173829,1.3838561133228866,FALSE
770,0.06864813782705058,0.08123958656877073,-1.0762128570000844,0.8450084586402804,FALSE
771,0.06224787431558709,0.08394764593853848,-0.9758744341782013,0.7415082772084082,FALSE
772,0.06647726913018132,0.04684797435629103,-1.042179642460227,1.4189998616504609,FALSE
773,0.053065559140855006,0.05538614863021629,-0.8319211389996738,0.9581016274510326,FALSE
774,0.10569050251521013,0.054447625873663356,-1.6569346419306346,1.9411406984107504,FALSE
775,0.10887564993927469,0.08047836401742557,-1.7068689404815303,1.3528561529369607,FALSE
776,0.11734685691788566,0.06044675692580595,-1.8396740267266738,1.941325935184918,FALSE
777,0.08398071984376655,0.05017340461778934,-1.3165853189446501,1.6738094710437608,FALSE
778,0.1587799301806907,0.08454583860990579,-2.4892299733540617,1.8780336535935347,FALSE
779,0.09605448779124884,0.05971856643217235,-1.5058685931720208,1.608452672760429,FALSE
780,0.031230513614659346,0.04594790903899835,-0.48960804104388084,0.6796939026790622,FALSE
781,0.0921743823301147,0.04471943061132857,-1.445039275495419,2.061170749941628,TRUE
782,0.027995653486043034,0.05884803740769566,-0.43889438483685134,0.4757279039246599,FALSE
783,0.03019966145202712,0.029465812846240367,-0.4734471314226153,1.0249050860947277,FALSE
784,0.02382873863576356,0.03784743175020782,-0.3735686895180155,0.6295998838978741,FALSE
785,0.05733200906378006,0.034411895521540545,-0.8988072688516864,1.6660520495853648,FALSE
786,0.0634207950541938,0.045211324309446826,-0.994262585977902,1.4027634895211893,FALSE
787,0.0702181479941752,0.07180883745774284,-1.100826272322977,0.977848277177531,FALSE
788,0.07879608376744705,0.04836454790205969,-1.2353045707580208,1.6292116268100456,FALSE
789,0.08212806648984325,0.05875326363092504,-1.2875408405047568,1.3978468839748805,FALSE
790,0.10695512823596025,0.057768035499242816,-1.6767604741096973,1.8514586364523706,FALSE
791,0.11017914303682175,0.04402048917825835,-1.7273041055857208,2.5029059216188596,TRUE
792,0.09549775623131727,0.052933034041367566,-1.4971405827457867,1.8041239834596494,FALSE
793,0.05816204848402428,0.05721036477908975,-0.9118199903057522,1.0166348127408265,FALSE
794,0.009083727288940205,0.02236353424755493,-0.1424077099144233,0.406184782261478,FALSE
795,0.01499936450360252,0.038632648744154556,-0.23514853332622837,0.38825617686574104,FALSE
796,0.030942273047534573,0.05611312331555885,-0.4850892264908888,0.5514266756018374,FALSE
797,0.03153272179283481,0.09596778767459256,-0.49434582909084,0.3285761040960527,FALSE
798,0.013975771755825626,0.08906299080761836,-0.21910143124365075,0.15692008127162682,FALSE
799,0.028135070166120185,0.11129383007140334,-0.4410800526252086,0.2527999094655061,FALSE
800,0.0027791857276553695,0.1107220252857434,-0.043569942416052714,0.025100568025946488,FALSE
801,0.015588158201379957,0.11349876677077265,-0.2443791893604115,0.13734209317765117,FALSE
802,0.040759886438177004,0.06007365136480447,-0.6390022398734914,0.6784985682101741,FALSE
803,0.035156324424184184,0.07647749724122455,-0.5511538921200579,0.4596950173891604,FALSE
804,0.06892405520042709,0.08683287433865294,-1.0805384779724347,0.7937553112847505,FALSE
805,0.08674347723749798,0.11113277053921469,-1.3598977105407144,0.7805391408548514,FALSE
806,0.0599584172143625,0.0536356371678021,-0.9399820815830644,1.1178839365099593,FALSE
807,0.06500581687707814,0.057731724737529015,-1.0191113425270075,1.125998178170148,FALSE
808,0.07063414997166056,0.08731100010100529,-1.1073480322844074,0.8089948562030879,FALSE
809,0.02533197616795343,0.05102476105925148,-0.39713529467988673,0.49646437615919814,FALSE
810,0.08580384308943254,0.0700306457702767,-1.3451668469946114,1.225232784099936,FALSE
811,0.03562827672564146,0.1124854543939472,-0.558552798351116,0.31673674536499535,FALSE
812,0.08273532717116464,0.06425986924230091,-1.297061007744183,1.287511601668522,FALSE
813,0.10279512410094273,0.06079850517173761,-1.6115431196847503,1.6907508467614,FALSE
814,0.09397660902758556,0.05674906702630702,-1.4732932034888258,1.6560027142652596,FALSE
815,0.0895828118895283,0.06393424278506228,-1.4044106216635093,1.4011710780824105,FALSE
816,0.09063862891545295,0.08205146811738145,-1.4209629112653397,1.1046557849006047,FALSE
817,0.03480811326249377,0.06737963924416623,-0.5456949045783087,0.5165969075072998,FALSE
818,0.011072742185576936,0.062039428112468264,-0.17358996004214122,0.17847911437068215,FALSE
819,0.05172079544695326,0.09341321876445535,-0.810838965137214,0.5536774787449411,FALSE
820,0.03283094909271894,0.04627847919456631,-0.5146984410577339,0.709421520847507,FALSE
821,0.009204501553976525,0.039734640035755636,-0.14430111621707187,0.231649300099202,FALSE
822,0.004587863288644006,0.04810014477073897,-0.07192500210037388,0.0953814860747564,FALSE
823,0.03514597856127566,0.04412507627279348,-0.5509916976158609,0.7965080523372573,FALSE
824,0.031782545112461466,0.04789414702134106,-0.4982623675006365,0.6635997734399476,FALSE
825,0.07204119832346938,0.054051947205831154,-1.1294066572459824,1.332814117669706,FALSE
826,0.09805228490149155,0.060495325216555325,-1.5371885241093695,1.6208241636935325,FALSE
827,0.09985128079542392,0.06230300636065147,-1.565391802042678,1.6026719516136658,FALSE
828,0.10261933836679303,0.054050519463864195,-1.6087872857589165,1.898581907901918,FALSE
829,0.11954550940818666,0.043796896775983314,-1.8741428142719172,2.729542917610118,TRUE
830,0.06652140948312536,0.08691175034210379,-1.0428716410614212,0.7653902863684421,FALSE
831,0.08464368101222902,0.04586688159737016,-1.326978715703476,1.8454204442161637,FALSE
832,0.021611971853833536,0.03943539496328431,-0.3388159200008836,0.5480348776512829,FALSE
833,0.00316358250309179,0.03149775003936728,-0.049596220258523706,0.10043836461772046,FALSE
834,-0.00561569178988908,0.05236067904746687,0.08803850907732784,-0.10725017115989367,FALSE
835,-0.004709930658713547,0.05176754006888255,0.07383868071202095,-0.09098231541321941,FALSE
836,-0.007437662010685433,0.04303317459829575,0.11660196088766463,-0.1728355409544893,FALSE
837,-0.01677695840007814,0.12695060627762322,0.2630162871570992,-0.13215343267750354,FALSE
838,-0.0193209879913359,0.1202365892383467,0.3028996320134167,-0.16069141775999343,FALSE
839,-0.05596213852128749,0.11531856945160092,0.8773314890720453,-0.4852829755642671,FALSE
840,-0.04097676347666238,0.379797353286305,0.6424022717548237,-0.10789112436434652,FALSE
841,-0.07093958381734744,0.19580117698444818,1.112136389872771,-0.36230417462190195,FALSE
842,-0.01676420077808866,0.3326282934864541,0.26281628294366494,-0.050399202672671506,FALSE
843,0.030710799920629066,0.08718557817815817,-0.4814603683293852,0.35224632975276604,FALSE
844,0.033055317066069734,0.13143723437217142,-0.518215910070914,0.2514912705213492,FALSE
845,0.040392940952506555,0.14697572546583923,-0.6332495499681715,0.274827294265643,FALSE
846,0.06389074847546922,0.08804256024955587,-1.0016301552984563,0.7256802652532076,FALSE
847,0.0625587865798021,0.12100537213621124,-0.9807486782107225,0.5169918118129665,FALSE
848,0.06425525207838287,0.0495698914279733,-1.0073445632386517,1.2962556549422322,FALSE
849,0.03969035490454837,0.0794671077189131,-0.6222349447378527,0.49945639200735753,FALSE
850,0.06439185713644502,0.08038535224484797,-1.0094861525733563,0.8010396837014794,FALSE
851,0.06507232857928151,0.09564864671641493,-1.0201540619847818,0.6803267041739963,FALSE
852,0.04532497220581522,0.09904855664569986,-0.7105701534681467,0.4576035607257178,FALSE
853,0.06097166188310574,0.07077218128674446,-0.9558669544187347,0.8615201732453264,FALSE
854,0.07876163879353089,0.07975879778089043,-1.2347645688736142,0.9874978182331824,FALSE
855,0.05862881313308075,0.11244897772882573,-0.9191375685010016,0.521381468442212,FALSE
856,0.023898811226648067,0.06072952830795522,-0.37466723385760425,0.39352868188698675,FALSE
857,-0.00715229590560739,0.06503124034557978,0.11212820994614951,-0.10998246177682719,FALSE
858,0.06427693822728553,0.03857903447162648,-1.0076845420495362,1.6661105988683815,FALSE
859,0.07495522023388812,0.04196123359890186,-1.1750904579263968,1.7862968698768122,FALSE
860,0.040596536589799066,0.05522787644914099,-0.6364413662274173,0.7350732854482313,FALSE
861,-0.004304142598382005,0.02029349084161923,0.0674770467104378,-0.2120947367790851,FALSE
862,0.012949574318269682,0.04118317246772486,-0.20301349483231432,0.314438484029326,FALSE
863,0.028723121363397806,0.053985223665325675,-0.45029906830599653,0.5320552442546693,FALSE
864,0.05050139850170875,0.05265325240763284,-0.7917221950135289,0.9591316052185191,FALSE
865,0.057022492296197866,0.04912780071232515,-0.8939549023451356,1.1606970283506322,FALSE
866,0.07506177426625647,0.049523257060832826,-1.1767609303271038,1.515687350168688,FALSE
867,0.07830112942333207,0.09247749490682185,-1.2275450561429764,0.846704698286069,FALSE
868,0.10093566487814004,0.046447355754187285,-1.5823919440521452,2.173119723161863,TRUE
869,0.10005057061706146,0.056202833740776705,-1.5685161150263154,1.7801695031699445,FALSE
870,0.05651842355490286,0.08878238932834999,-0.8860524992011457,0.6365949822084299,FALSE
871,0.06676482399259556,0.06264725518386705,-1.0466877070606502,1.0657262444562594,FALSE
872,0.022015128587172986,0.03960392211317953,-0.34513630207591056,0.555882534165643,FALSE
873,-0.0023399213005101394,0.03887711310485605,0.036683491609368325,-0.06018763003824646,FALSE
874,-0.0031235677584074304,0.05185768691786879,0.04896889977960004,-0.06023345706403136,FALSE
875,-0.0014940278450011903,0.05157413262291136,0.023422222749250245,-0.028968550104853948,FALSE
876,-0.010910454857961759,0.114462749200807,0.1710457437817139,-0.09531882585504801,FALSE
877,0.00934782181346558,0.12281680778981365,-0.14654798132970323,0.07611190993877048,FALSE
878,-0.0547707398835143,0.18495924337683145,0.8586536549403431,-0.2961232911832675,FALSE
879,-0.045761675277557895,0.14779701590462893,0.7174164493091928,-0.3096251639281214,FALSE
880,-0.00460000759813764,0.13925679118306636,0.07211539127086186,-0.033032554886967706,FALSE
881,-0.06479757531310489,0.19289209188299128,1.0158466909923303,-0.3359265518900133,FALSE
882,-0.060492664593898966,0.13799624534789456,0.9483576022727048,-0.43836456884311825,FALSE
883,0.01657259234009032,0.0877200040563771,-0.25981239280169144,0.18892603253231977,FALSE
884,-0.03656426094499269,0.12213022624073253,0.5732264411140527,-0.2993874822840366,FALSE
885,-0.03769093496183599,0.11717300815555161,0.5908895722776324,-0.3216690904768771,FALSE
886,0.08405743556062995,0.13799160749365172,-1.317788009118568,0.6091488974392664,FALSE
887,0.07095140963128559,0.09252034541798516,-1.1123217859142016,0.7668735920812206,FALSE
888,0.05498746255248218,0.05078481478900195,-0.8620512667347695,1.0827540236376005,FALSE
889,0.0549698167609963,0.08540206939739936,-0.8617746295488214,0.6436590723019439,FALSE
890,0.10807560467883284,0.16003587924902432,-1.6943264444616277,0.6753210916575868,FALSE
891,0.11411878436846785,0.054083161970924984,-1.7890667809807663,2.1100612502985294,TRUE
892,0.08160258728487843,0.08596716775607968,-1.2793027805315338,0.9492296816898148,FALSE
893,0.07010587070536539,0.041841082971057104,-1.099066075097079,1.6755271548267525,FALSE
894,0.08702433085897765,0.26792490317155593,-1.3643007182251028,0.32480866776036416,FALSE
895,0.03971813102893139,0.08344122463281461,-0.6226703975137743,0.47600129556717446,FALSE
896,0.044694771012624604,0.0695042510209495,-0.7006903424772464,0.6430508976947757,FALSE
897,0.0365676102607626,0.0610202464679377,-0.5732789491180253,0.5992701173368183,FALSE
898,0.07060280711567937,0.032127593320462645,-1.106856663025899,2.1975753493714443,TRUE
899,0.006507104235960082,0.08790940821046132,-0.10201338976190596,0.07402056694980377,FALSE
900,0.008878315110973273,0.1965602494451127,-0.13918741532363121,0.045168415974423386,FALSE
901,-0.004660786899203676,0.030779369761603365,0.07306824253991656,-0.15142567685118466,FALSE
902,-0.0017642833562909123,0.030631263032383914,0.02765908139001764,-0.0575974733534716,FALSE
903,0.034441130149580376,0.029509729399718125,-0.5399416247819312,1.1671110122043125,FALSE
904,0.04577120932591045,0.05165726188007241,-0.7175659168073809,0.886055661102847,FALSE
905,0.0789033973063497,0.07265410103163061,-1.2369869501196893,1.0860143637590174,FALSE
906,0.10424456945847177,0.07129606367854628,-1.634266412386758,1.4621363940719216,FALSE
907,0.08049047705957799,0.09601805215397027,-1.2618679693224528,0.8382848355484971,FALSE
908,0.09075782209592811,0.07497768399444332,-1.4228315305368089,1.2104644643685483,FALSE
909,0.08550306023705084,0.06898893054470716,-1.3404514041123314,1.2393736148966967,FALSE
910,0.060869750729407465,0.11747298378517107,-0.9542692695090855,0.5181595696992181,FALSE
911,0.07887227932991016,0.06292471501100119,-1.2364991063501696,1.2534388008927944,FALSE
912,0.010444491863121758,0.03033994462127005,-0.163740733306463,0.3442488769672825,FALSE
913,-0.009413624622614086,0.019240974569705888,0.1475795873058298,-0.48924884695993753,FALSE
914,-0.012675388725334103,0.034391149995121585,0.19871502338557415,-0.36856542241629364,FALSE
915,0.012200483571822112,0.05439137726249281,-0.1912698246046131,0.22430914946210267,FALSE
916,-0.01175163970004733,0.03106620603465342,0.18423319461172533,-0.37827727296145297,FALSE
917,-0.014890272757051081,0.03350545941576964,0.23343827658879082,-0.4444133289526793,FALSE
918,-0.07221214373136693,0.18902230753607382,1.1320866082489938,-0.38202974385753735,FALSE
919,-0.007510104210650736,0.16950044380077517,0.1177376541411138,-0.04430728346338637,FALSE
920,-0.09038113056035546,0.25722917758690106,1.4169260495355944,-0.35136422472843903,FALSE
921,-0.014680429549252028,0.06854941561745981,0.2301485157105505,-0.214158347186739,FALSE
922,-0.03082821552490345,0.2687295485702789,0.4833011201244431,-0.11471836904024407,FALSE
923,0.05701491226057196,0.1127654323883719,-0.8938360683598982,0.5056062931077024,FALSE
924,-0.031885440165159325,0.15287144638704683,0.49987547722422615,-0.2085768200585368,FALSE
925,0.0446681250238061,0.1589297856588792,-0.700272607099978,0.2810557180243108,FALSE
926,-0.022630487432284914,0.1755697291905602,0.35478342611657493,-0.12889743315444882,FALSE
927,0.10307828140193132,0.0921477615117557,-1.6159822426897341,1.1186194836516041,FALSE
928,0.08427180204110225,0.120423270068054,-1.3211486823967766,0.6997966588473996,FALSE
929,0.07567494308970799,0.04049834407601849,-1.1863737208877547,1.8685935145313677,FALSE
930,0.06862776172613573,0.1290430699803861,-1.0758934161168467,0.5318205908815313,FALSE
931,0.08727774353177156,0.13803804236834735,-1.3682735277610971,0.6322731185862187,FALSE
932,0.07691367278510655,0.09139682218884186,-1.2057935750416195,0.8415355254495547,FALSE
933,0.08898661821559715,0.066613398666287,-1.3950639544784023,1.3358666574181752,FALSE
934,0.08837358729186204,0.066973092610803725,-1.3854533258037465,1.3195386960166464,FALSE
935,-0.012976422099137769,0.057679559819299044,0.20343439375057706,-0.22497436075779445,FALSE
936,0.1315228402473394,0.1680440480178681,-2.061914221474757,0.7826688406920226,FALSE
937,0.011883548437201028,0.09055736194712528,-0.18630115862894467,0.13122675154936167,FALSE
938,0.04593175964758381,0.09596621324220415,-0.7200829016208026,0.4786242792727376,FALSE
939,0.12420819760540357,0.1601125786217183,-1.9472408639039356,0.7757554008224279,FALSE
940,0.06673674373741055,0.04179182088167884,-1.0462474863552598,1.596885283518894,FALSE
941,0.028513091838730284,0.06076932184313591,-0.4470063864947831,0.4692020739071474,FALSE
942,0.021428616144807452,0.08103543213000478,-0.33594140981452747,0.26443514375822197,FALSE
943,-0.007771271547140829,0.06617946967901203,0.12183203534730509,-0.11742722606925615,FALSE
944,0.0019500658364378738,0.034407823724887536,-0.030571636632859733,0.05667507053133881,FALSE
945,0.041281315782097996,0.042737081258304215,-0.6471768092312018,0.9659367127247758,FALSE
946,0.04515134947024649,0.0633336159951407,-0.7078482293752113,0.7129128624790781,FALSE
947,0.05942491192415326,0.03653726321315468,-0.9316181948007707,1.6264193510464744,FALSE
948,0.08287850628908408,0.06104953036779616,-1.299305660147531,1.357561733723062,FALSE
949,0.0724786967523774,0.07296407832087501,-1.136265422086689,0.9933476639509783,FALSE
950,0.04975336572053276,0.03461871252033379,-0.7799951107539774,1.4371812842926903,FALSE
951,0.10790729456044422,0.07383951827812729,-1.6916878075064725,1.4613759281851717,FALSE
952,0.0585576820496608,0.0903143575650069,-0.9180224299272248,0.6483762230995429,FALSE
953,0.09440179749557957,0.052277511776946506,-1.4799589822031174,1.8057821477496019,FALSE
954,-0.0013849660222473937,0.0177919214511933,0.021712435134162898,-0.07784240876100003,FALSE
955,-0.010342979849215516,0.01677875474452828,0.1621493058043637,-0.6164331028551726,FALSE
956,-0.011005154550001285,0.01830025661819678,0.17253037292611476,-0.6013661327053937,FALSE
957,7.656947216563597e-4,0.04638869552792433,-0.012003974617050148,0.016506062801344326,FALSE
958,0.03163599577885862,0.0877599668120586,-0.4959648794405011,0.36048322404916516,FALSE
959,-0.010946827088521785,0.11979754774497776,0.171615959717725,-0.09137772262104343,FALSE
960,0.009959866539567588,0.14561349490804287,-0.15614314915420496,0.06839933720330932,FALSE
961,-0.007142029758701588,0.1572838815215251,0.11196726516830702,-0.0454085294030855,FALSE
962,0.06873057013728938,0.19770287576008805,-1.0775051675407537,0.34764577840887734,FALSE
963,0.09552737836119889,0.1616797256464552,-1.4976049757801706,0.5908432735103006,FALSE
964,-0.017922757777284987,0.13310195776117195,0.2809792510527752,-0.1346543512864343,FALSE
965,-0.04512269786430492,0.12780200747869164,0.707399051470842,-0.35306720727237567,FALSE
966,-0.005037347947659134,0.10300428155146193,0.07897167786418116,-0.04890425787924579,FALSE
967,0.10460585458663268,0.12256187635970754,-1.639930363548103,0.8534942324122419,FALSE
968,0.05573993757589067,0.09903903091769914,-0.8738479930611834,0.5628077845613235,FALSE
969,0.00882534957132441,0.11385823661413044,-0.1383570622135197,0.07751173594259876,FALSE
970,0.05098601582011705,0.08016225915956539,-0.7993196536672494,0.63603516610763,FALSE
971,0.09242629671021364,0.09906298524846419,-1.4489885959476172,0.9330053650048524,FALSE
972,0.094568047655773535,0.10770122182072837,-1.4825653247135266,0.8780591905743153,FALSE
973,0.10975801718708664,0.16056237813436727,-1.7207020174847758,0.6835848999149428,FALSE
974,0.08116057902188188,0.08168693473986258,-1.272373313970684,0.9935564271121581,FALSE
975,0.11111181264197655,0.07210131765983542,-1.7419257843693405,1.5410510688055319,FALSE
976,0.07686420821931124,0.12405606734839962,-1.2050181075146058,0.6195924944440279,FALSE
977,-0.002831708041187837,0.04285369098612881,0.04439334696703177,-0.06607850983254686,FALSE
978,0.0035388005867088516,0.12213450457418157,-0.055478601610002884,0.02897461777117595,FALSE
979,0.007089843167519482,0.07137520369322936,-0.11114912381486365,0.09933202009470445,FALSE
980,0.08108772166091607,0.058240050356695855,-1.2712311121414654,1.3923017092926229,FALSE
981,0.009990571828809278,0.06464620656569857,-0.1566245231303362,0.15454227493853134,FALSE
982,0.04882265276547968,0.06204557317769669,-0.7654041068300521,0.7868837414984151,FALSE
983,0.003491657066771933,0.11302714824924251,-0.05473952165989302,0.03089219820951586,FALSE
984,-0.007372958943994564,0.05419842764035133,0.11558759583037084,-0.13603639930146819,FALSE
985,-0.0069699253763906175,0.02990619020534185,0.10926914465328645,-0.23305962172158085,FALSE
986,0.024044529762673742,0.04189337410055852,-0.3769516973104827,0.5739458871218774,FALSE
987,-0.006417799997900636,0.03187556064129136,0.10061334640710574,-0.20133920372798297,FALSE
988,0.08070720557826125,0.03174000650699251,-1.2652656728242309,2.5427595788451076,TRUE
989,0.06443659524019743,0.09652793648297019,-1.010187522253295,0.6675434862483108,FALSE
990,0.06556509384038649,0.11296183337602193,-1.027879257835254,0.580418110089773,FALSE
991,0.019053068600427953,0.09351653660817749,-0.29869939727636974,0.20374010085786123,FALSE
992,-0.005850593229212337,0.11306285265918065,0.09172111369166447,-0.05174637904147443,FALSE
993,0.0215192794297717,0.07004779157691104,-0.3373627592644165,0.3072085349920557,FALSE
994,0.08390983662292635,0.07735452425993004,-1.3154740661703068,1.0847437486780847,FALSE
995,0.0500546709735791,0.09048378335565345,-0.7847187434332366,0.5531894127021124,FALSE
996,0.026557195416681056,0.03700033955359397,-0.41634334241232013,0.7177554513577826,FALSE
997,-0.011364213902538809,0.01748106697435339,0.17815943008423535,-0.6500869723347743,FALSE
998,-0.010021052454904958,0.026778840403270703,0.15710237500996369,-0.3742153246367237,FALSE
999,-0.009576056788000362,0.027187000818370246,0.15012607422175295,-0.35222924558599433,FALSE
1000,-0.013883532092717844,0.02856106003458123,0.21765536854618842,-0.48610002835706756,FALSE
1001,-0.014375184806249471,0.024049234183422454,0.2253631227290443,-0.5977398156053771,FALSE
1002,-0.027706736179040462,0.10996705782102044,0.4343649608750627,-0.25195487383262755,FALSE
1003,-0.05316299910656629,0.20797110126037807,0.833448728053121,-0.25562685769503457,FALSE
1004,2.1543011333375266e-4,0.1804198164711747,-0.0033773480984856477,0.001194049065936011,FALSE
1005,-0.05422892392088082,0.1812827164847989,0.8501594798094299,-0.2991400668106608,FALSE
1006,0.024726020749496053,0.2187423078998249,-0.38763559035060596,0.11303721253969565,FALSE
1007,-0.13830788607001798,0.35072009315960834,2.168284966273373,-0.39435404120708817,FALSE
1008,0.01819342753749818,0.17361244217396388,-0.2852226039704676,0.10479333917362861,FALSE
1009,-0.04694741064608272,0.11752180817517377,0.7360054990489121,-0.39947828726481643,FALSE
1010,-0.013422836739180304,0.1931925213660007,0.21043294011140093,-0.0694790701227555,FALSE
1011,0.08878560104727586,0.1285621212585032,-1.3919125614781993,0.6906046678302106,FALSE
1012,0.09038668947189243,0.1121835236895579,-1.4170131978874128,0.8057037834006427,FALSE
1013,0.09572511590956907,0.15033529722070121,-1.5007049534139967,0.6367441158481821,FALSE
1014,0.1102455427066745,0.08569803681864475,-1.7283450686862223,1.2864418696075557,FALSE
1015,0.11299388411848058,0.08782970117462426,-1.7714314575736123,1.2865110846025143,FALSE
1016,0.05698625619670589,0.09318549210615688,-0.8933868205676072,0.6115357112863359,FALSE
1017,0.12928967908855685,0.11312945699052988,-2.02690443349056,1.1428471640182958,FALSE
1018,-0.025111775195293177,0.07906884936239476,0.3936831527077631,-0.317593785641155,FALSE
1019,-0.014068548462240354,0.05941462961055825,0.2205559132942084,-0.2367859322603655,FALSE
1020,-0.018788646421073692,0.09790295649802931,0.29455398913996866,-0.1919109196814898,FALSE
1021,0.04884516983172802,0.08609158829766422,-0.7657571121258321,0.5673628608505211,FALSE
1022,0.06434936383463008,0.10536852471482036,-1.0088199751766025,0.6107076473623548,FALSE
1023,0.05383726664576318,0.05166988710783595,-0.8440193774212027,1.0419466667965398,FALSE
1024,0.0288153697738659,0.09519774105303883,-0.45174526813786525,0.30268963795907294,FALSE
1025,0.03839281047630934,0.07077928746599718,-0.6018930383089006,0.5424300222682163,FALSE
1026,0.0023226375675506022,0.04170125253595289,-0.03641253049932521,0.05569706966351027,FALSE
1027,-0.0013537746350434413,0.020284814126692634,0.021223440486979127,-0.06673833078223869,FALSE
1028,9.095953305549868e-5,0.026271073468524538,-0.0014259938002641331,0.0034623455019635037,FALSE
1029,0.014437034787316285,0.05646690583667164,-0.2263327592980218,0.25567249654292823,FALSE
1030,0.097769241829534,0.05882433625160018,-1.5327511918995294,1.662054313904382,FALSE
1031,0.0990929289717569,0.08310047832587597,-1.5535029437488654,1.1924471551555578,FALSE
1032,0.0038938828069892896,0.13080923798340757,-0.06104530833875206,0.029767643837839704,FALSE
1033,0.04444213261480333,0.09752744832241861,-0.6967296714304635,0.4556884587801466,FALSE
1034,-0.03272104472557021,0.148199820687615,0.5129754446777897,-0.2207900426178093,FALSE
1035,0.09575783116402337,0.09556807923578212,-1.5012178380832422,1.0019855157680118,FALSE
1036,0.09345219320952969,0.06252748231773925,-1.465071814480025,1.4945778999167698,FALSE
1037,0.0854112841421037,0.0549495919988798,-1.3390126088809704,1.5543570213195557,FALSE
1038,-0.012910096903807164,0.02068657749908878,0.20239459820451766,-0.6240808516718553,FALSE
1039,-0.01162182804660304,0.019166117576645922,0.18219810706459985,-0.6063736174072278,FALSE
1040,-0.014286400000582003,0.022689058436286873,0.22397122263692074,-0.6296603290391989,FALSE
1041,-0.013238474836574182,0.02647894735779611,0.2075426555937702,-0.4999622778688904,FALSE
1042,-0.012073350161138025,0.025818300127129247,0.18927672449347546,-0.4676276169108298,FALSE
1043,-0.013779346699895426,0.027955250932485725,0.21602202985971777,-0.4929072800374321,FALSE
1044,-0.04042742884498881,0.12382865368699594,0.633790224696942,-0.3264787885619591,FALSE
1045,-0.04556978800028722,0.11945561963095079,0.714408187738956,-0.38147881314476184,FALSE
1046,-0.017277259265648593,0.022528010429478548,0.270859620435151,-0.7669234404757201,FALSE
1047,-0.0428631485819996,0.1332663568418372,0.6719755707237199,-0.3216351793338983,FALSE
1048,-0.06414140196190907,0.16648292878571486,1.005559708426876,-0.3852731474016016,FALSE
1049,-0.059674421548134265,0.1418116610460829,0.9355298153308153,-0.4208005259083917,FALSE
1050,-0.13260851870290363,0.18797944318731483,2.0789346556690522,-0.7054415975195967,FALSE
1051,0.012740991395967056,0.15857643620725154,-0.19974349174354475,0.08034605708577794,FALSE
1052,0.08555755004771906,0.17747149535944665,-1.3413056535744856,0.48209178535647534,FALSE
1053,0.08518348137356012,0.1857366774463659,-1.3354412917829819,0.4586249875076938,FALSE
1054,0.0927029651271793,0.11391838379265498,-1.4533259912053653,0.8137665058162142,FALSE
1055,0.06163569343488988,0.0890682259046282,-0.966277131826376,0.692005401577075,FALSE
1056,0.10929265287480185,0.1664976998712009,-1.713406392695482,0.6564213977691484,FALSE
1057,0.12658491248555712,0.1293777675414852,-1.984501177037102,0.9784131763207883,FALSE
1058,0.07120037743809372,0.08745188659522465,-1.1162249122501422,0.8141662828573174,FALSE
1059,0.09386678511717465,0.16204818622999015,-1.4715714684479129,0.5792523032868281,FALSE
1060,0.0670652820144299,0.1323097354239598,-1.0513980574987287,0.5068809320760318,FALSE
1061,-0.02355936498501262,0.0717402418390746,0.3693456560104558,-0.3283981818441626,FALSE
1062,-0.07241326333159234,0.1852445885961659,1.135239607098032,-0.3909062277087813,FALSE
1063,-0.0037198413848857806,0.07932301484195918,0.058316820399424915,-0.046894856332642954,FALSE
1064,0.06365301519261317,0.0515330454710847,-0.9979031552130193,1.235188307051036,FALSE
1065,-0.008667851598623745,0.07049628117428083,0.1358879297863745,-0.12295473540221351,FALSE
1066,0.005719854075232999,0.1077156637484483,-0.08967148550247224,0.05310141418791932,FALSE
1067,0.0028927518595963366,0.05793806562244001,-0.04535034513611711,0.049928347253553176,FALSE
1068,-0.03530671733010071,0.11401958054012182,0.5535116367592023,-0.30965486070769044,FALSE
1069,-0.006619401494210594,0.03752779965069277,0.10377390005338014,-0.1763866135457904,FALSE
1070,-0.0025997284785453344,0.023079010827473816,0.04075654929444086,-0.11264470986124563,FALSE
1071,0.01570888391114678,0.05688672743386692,-0.24627183445078302,0.27614321687618576,FALSE
1072,0.05218949366180826,0.05654674707304026,-0.8181868562941562,0.9229442251451913,FALSE
1073,0.07606575213488144,0.08972756155199939,-1.1925005253774443,0.8477412159562524,FALSE
1074,0.09952794748062498,0.08217781315442124,-1.5603228303050942,1.2111291802521065,FALSE
1075,0.10482305628867335,0.06726707768989013,-1.6433354852556632,1.5583114338922395,FALSE
1076,0.13187001032543957,0.11785880311901895,-2.06735688770641,1.118881295547109,FALSE
1077,-0.0133580223493887,0.12808382973162546,0.2094168298159101,-0.10429124720409917,FALSE
1078,0.019669972236303554,0.05731222899733271,-0.308370739361891,0.3432072453022022,FALSE
1079,0.06564406691591487,0.033686966498162926,-1.029117337147101,1.9486488021856965,FALSE
1080,0.07991571972562156,0.06486405879586965,-1.252857364635442,1.232049322986713,FALSE
1081,-0.011765109291346868,0.016394476322835267,0.18444436053397684,-0.7176264163411964,FALSE
1082,-0.013013797696954195,0.023925683646226572,0.20402033970892833,-0.5439258451035592,FALSE
1083,-0.010911297136753048,0.024708989319486223,0.17105894838264055,-0.4415922074217776,FALSE
1084,-0.01037304492459167,0.025837209368661178,0.16262064299850598,-0.4014769852495559,FALSE
1085,-0.013951734618456328,0.029242161629317143,0.21872459543861422,-0.4771102353961692,FALSE
1086,-0.002501062507575098,0.10064933756888736,0.03920973987079581,-0.02484926943372377,FALSE
1087,-0.014944512892944451,0.032077007759744564,0.23428861184130623,-0.4658948554328453,FALSE
1088,-0.03955179438046929,0.1487384317132817,0.6200626991066273,-0.26591509621879045,FALSE
1089,-0.01588214865694925,0.031454622186521286,0.2489881462547136,-0.50492256949616,FALSE
1090,-0.056412047299589485,0.17043434537689658,0.8843848138527652,-0.3309899021517085,FALSE
1091,-0.07922697831233276,0.2403424199508766,1.2420598049696976,-0.3296420928462229,FALSE
1092,-0.025698160441844316,0.14795691873347283,0.40287605089071754,-0.17368677762299553,FALSE
1093,-0.043860519883162016,0.1339852164373773,0.6876115930761127,-0.32735342785867555,FALSE
1094,-0.03809377138129281,0.17751495941548057,0.5972049327172637,-0.21459471081607762,FALSE
1095,0.03175243816357909,0.17058763981727057,-0.49779037384577746,0.1861356320867769,FALSE
1096,-0.033560209627606946,0.1210039896132491,0.5261312284368543,-0.2773479596405996,FALSE
1097,0.07955650352804783,0.09890490547706939,-1.2472258485811318,0.8043736874759221,FALSE
1098,0.08131964894697684,0.1504285313449964,-1.2748670902619001,0.5405866042823778,FALSE
1099,0.09659501624263599,0.13882466095567125,-1.5143425836890363,0.6958058861997163,FALSE
1100,0.10480861102887734,0.08043974302907021,-1.6431090235509869,1.3029456221783358,FALSE
1101,0.07317762220592754,0.10610571324068582,-1.1472226393252731,0.6896671250862283,FALSE
1102,0.09449098546315915,0.08930241332894315,-1.481357202758505,1.058101141288355,FALSE
1103,0.08331582787280735,0.03936046875094065,-1.3061616525450577,2.116738710608375,TRUE
1104,-0.0229342709578615,0.08178284205872838,0.35954591125191837,-0.28042888190890175,FALSE
1105,-0.013926139917433055,0.04597125292778044,0.21832334134514245,-0.30293148501544287,FALSE
1106,-0.02449214908993529,0.10877654738293199,0.38396912983362363,-0.22516019931864767,FALSE
1107,0.04564562199377402,0.04901552390166869,-0.7155970549299898,0.9312482732071757,FALSE
1108,0.03565563941564313,0.10385086183797038,-0.5589817696198793,0.34333503626839007,FALSE
1109,-0.023082605682013115,0.0698794559953425,0.36187138929581986,-0.3303203402664094,FALSE
1110,0.04616809506638051,0.0761572740241472,-0.7237879870655718,0.606220425533377,FALSE
1111,-0.0026917843699881512,0.05530614787381294,0.04219973096067864,-0.04867061752573608,FALSE
1112,-0.019915018090666887,0.06867350168879181,0.31221238033523835,-0.2899956693764636,FALSE
1113,-0.0026041717694245538,0.023407288551060963,0.040826207801182214,-0.1112547386145892,FALSE
1114,9.843019852777612e-4,0.02976055878382144,-0.015431131641115156,0.03307404247439237,FALSE
1115,0.013539208421925046,0.05345969483927113,-0.2122573261053248,0.2532601142343079,FALSE
1116,0.04553109314468012,0.08734326778589528,-0.7138015594687319,0.5212890964451956,FALSE
1117,0.0841856523080387,0.06883239385288249,-1.319798092952039,1.2230528040034636,FALSE
1118,0.032344526062155425,0.08866597252192092,-0.5070726738336866,0.36479074375639287,FALSE
1119,0.12878389511074098,0.1293073556258663,-2.018975140183851,0.9959518117697815,FALSE
1120,0.10012565079006812,0.12706038752399693,-1.569693164397984,0.7880162554293969,FALSE
1121,-0.04727964116741998,0.18994794829020772,0.7412139543671291,-0.24890840671353204,FALSE
1122,-2.9634517562940305e-4,0.036912568679435875,0.004645872389514958,-0.008028300013553324,FALSE
1123,0.10359074484812249,0.07810466730971047,-1.6240162515789918,1.326306716567288,FALSE
1124,0.01405915663609028,0.03563942747159431,-0.22040867544663728,0.39448323481896136,FALSE
1125,0.0051206617723734155,0.04200419609560693,-0.08027780811274313,0.12190833888876562,FALSE
1126,-0.013021135578620575,0.02337931581970179,0.20413537739010185,-0.5569510963895548,FALSE
1127,-0.010313387728573115,0.027009167801329535,0.16168538323181725,-0.3818476675932768,FALSE
1128,-0.010971713442280564,0.02759095926580107,0.17200610888603204,-0.3976561067189852,FALSE
1129,-7.629109217488016e-4,0.09312578514825773,0.011960332337060302,-0.008192262975654223,FALSE
1130,-0.003298266945121559,0.0931037241644733,0.05170769964803751,-0.035425725176094706,FALSE
1131,-0.061396593420859145,0.17283351249218978,0.9625287051777601,-0.35523546640662995,FALSE
1132,-0.020609533247413027,0.03929339115828066,0.32310045632288875,-0.5245038068715987,FALSE
1133,-0.019909511192557957,0.03952848004355297,0.3121260474100547,-0.5036751013603713,FALSE
1134,-0.1410090376199445,0.17039113878461778,2.2106315486972172,-0.8275608615902637,FALSE
1135,0.04728176683032946,0.13260592681793038,-0.7412472788800037,0.3565584734025345,FALSE
1136,-0.07702711890891369,0.14644953014177453,1.2075720963661989,-0.5259635782671712,FALSE
1137,-0.17373234302907833,0.20363556766177493,2.7236424346381467,-0.8531532336120974,FALSE
1138,0.013454377002683484,0.1546277237440187,-0.21092740417364264,0.08701141475093288,FALSE
1139,0.11172116556595822,0.08727308675077007,-1.7514787521846054,1.280133082550474,FALSE
1140,0.08703426933596582,0.13086642750512964,-1.3644565260452743,0.6650618573090817,FALSE
1141,0.05417117251710612,0.07531586301376716,-0.8492540975919439,0.7192531606151024,FALSE
1142,0.08206889044235205,0.106244575491634,-1.286613123815676,0.772452523459086,FALSE
1143,0.10023919156919288,0.09228825669198053,-1.5714731696560396,1.0861532676226535,FALSE
1144,0.07750456271060072,0.09163390189030678,-1.2150570941263,0.8458066404656649,FALSE
1145,0.07727860680010162,0.0829165166342817,-1.2115147306523346,0.9320049844948612,FALSE
1146,0.0880602486097423,0.0643175476032878,-1.380541042252191,1.369148107961144,FALSE
1147,0.06573187496631304,0.13011927989161431,-1.0304939244192086,0.505166298346147,FALSE
1148,-0.12657205124530788,0.2174259932055866,1.9842995483760584,-0.58213854461103,FALSE
1149,-0.059494020170296036,0.1641153602847397,0.932701620883077,-0.3625134177999797,FALSE
1150,-0.018325967945044472,0.0918139952589089,0.2873004708316594,-0.19959885084367096,FALSE
1151,0.058727988043070056,0.02758876299163812,-0.9206923566802705,2.1286923252365435,TRUE
1152,0.008277653758051246,0.06071382002793693,-0.12977070729367177,0.1363388723398125,FALSE
1153,0.021870059000984918,0.03725077286962079,-0.34286201236089137,0.587103496551092,FALSE
1154,0.016618275180813862,0.035931681130266915,-0.2605285733433228,0.4624964559984231,FALSE
1155,-0.017063979644498756,0.04058514879857008,0.26751598610386235,-0.4204488624444803,FALSE
1156,0.0028549740929087763,0.05689538269316576,-0.04475809428263684,0.05017936355759347,FALSE
1157,-0.001072004320938731,0.016221130601349963,0.01680606159864825,-0.06608690524010183,FALSE
1158,0.002839601431928745,0.03870607433016449,-0.04451709349344291,0.07336319895701181,FALSE
1159,0.04462570819314359,0.09130854250765393,-0.6996076285593045,0.4887353030457457,FALSE
1160,0.09019452846962851,0.07597465062405795,-1.4140006450666578,1.1871660840657783,FALSE
1161,0.0619621513219555,0.07395521607584923,-0.9713950882116497,0.8378334160825989,FALSE
1162,0.0967846398785495,0.08716219577842972,-1.5173153576261147,1.1103969905092854,FALSE
1163,0.10063519147909644,0.04165813703638003,-1.5776813525419728,2.415739124176671,TRUE
1164,0.06554362768028173,0.09662537000954285,-1.0275427278400286,0.6783273137666489,FALSE
1165,-0.11604021407318421,0.199271907137066,1.8191894823022112,-0.5823209891465926,FALSE
1166,0.07624500267389099,0.08032743238013566,-1.1953106778566316,0.9491776397516943,FALSE
1167,0.08163310076199175,0.04122732358751487,-1.2797811474242218,1.980072768699281,TRUE
1168,-0.011001510653885771,0.013809001707118632,0.17247324671740435,-0.7966912371525321,FALSE
1169,-0.0034817539304030825,0.14525577096662184,0.05458426788284763,-0.02396981481171685,FALSE
1170,-0.011285567033497097,0.022293168990115447,0.17692646478751117,-0.5062343105415384,FALSE
1171,-0.008945466470544915,0.024779711305220078,0.14024016283905702,-0.36099962426359944,FALSE
1172,-0.008362956831694095,0.027295703799629648,0.13110802346133457,-0.30638363066526114,FALSE
1173,-0.008471235122878952,0.027902619755393328,0.13280552746939264,-0.30359999158292433,FALSE
1174,-0.018003636202005218,0.03309136825470347,0.28224720096799527,-0.5440583799204572,FALSE
1175,-0.007933900026183438,0.11301049549798423,0.12438159991817474,-0.07020498398155378,FALSE
1176,-0.01941739565749417,0.031948352227870964,0.30441103746616616,-0.6077745581055322,FALSE
1177,-0.01648088505606138,0.026185187518444987,0.2583746763351333,-0.6293972515740877,FALSE
1178,-0.016708046174826876,0.02657987291832785,0.2619359341399971,-0.6285976696038315,FALSE
1179,-0.04539943417072955,0.12110282792397624,0.7117375110474621,-0.3748833528415174,FALSE
1180,-0.061114347203318264,0.14310952160032864,0.9581038654403383,-0.4270459891131236,FALSE
1181,-0.06870950366227065,0.1432337731583468,1.0771749035017792,-0.4797018339125326,FALSE
1182,-0.08263637874289814,0.19490700842565128,1.2955097701716705,-0.4239784880512411,FALSE
1183,0.006792461244544857,0.1725273328284923,-0.10648699809557594,0.03937034864671081,FALSE
1184,0.09333091947078685,0.13041012458975162,-1.4631705778116637,0.7156723434195793,FALSE
1185,0.045649947842054166,0.13914053213127375,-0.7156648722617324,0.3280851894326895,FALSE
1186,0.06866762417164494,0.056116613118178935,-1.0765183489661043,1.2236594540556853,FALSE
1187,0.00596192875720616,0.0979257451725462,-0.09346654671374756,0.060882138264060984,FALSE
1188,0.05394669198084855,0.08971659076679922,-0.8457348639038385,0.6013011809718947,FALSE
1189,0.0770574838875532,0.09706170400549455,-1.2080481352137011,0.7939020304361343,FALSE
1190,0.0731226328815305,0.09515116640803735,-1.1463605588699672,0.7684890857560089,FALSE
1191,0.09600682097274743,0.06307021882482117,-1.5051213093483466,1.5222211490879451,FALSE
1192,0.11255641111320232,0.11670290598369833,-1.7645730913050752,0.964469651929017,FALSE
1193,-0.06983691727199612,0.17171275838429922,1.0948496294353547,-0.4067077946281582,FALSE
1194,-0.06652048734367408,0.14785354652511168,1.042857184466314,-0.4499079589705759,FALSE
1195,-0.04259863308026456,0.18888831955224966,0.6678286995506042,-0.2255228548871762,FALSE
1196,0.047900587371969464,0.045405324311077876,-0.7509486727439797,1.0549552965153648,FALSE
1197,0.026299391522337255,0.10082338145407313,-0.4123016906725965,0.26084615634833774,FALSE
1198,-0.006533320539692724,0.1211474358521942,0.10242438886593368,-0.05392867371674044,FALSE
1199,0.048402762681440795,0.06962601818185755,-0.7588213921159549,0.6951821164757214,FALSE
1200,0.03816006424912327,0.037376714025117413,-0.5982442214575686,1.0209582421686252,FALSE
1201,0.001999007397742526,0.06368975965829962,-0.03133890489657321,0.031386637482498786,FALSE
1202,0.017156642246367898,0.0511695145731946,-0.2689686793108637,0.3352903069234018,FALSE
1203,-4.454522567426134e-4,0.027815707520244568,0.0069834588535218275,-0.01601441402913834,FALSE
1204,0.02382110962997715,0.040984390530052255,-0.37344908781615804,0.5812239567771554,FALSE
1205,0.06436778512372394,0.06070537678094475,-1.0091087700193013,1.0603308724364728,FALSE
1206,0.07707647668447495,0.0370407424819927,-1.2083458897178232,2.0808566869831395,TRUE
1207,-0.016950066821041762,0.08146461565689463,0.2657301482200955,-0.2080666149881629,FALSE
1208,0.09690395290568977,0.07515270500094587,-1.5191858557616864,1.2894273453559675,FALSE
1209,0.09780269840994595,0.04938620047133835,-1.5332756985085987,1.9803649091552704,TRUE
1210,0.12483565829413648,0.11548533670577184,-1.9570777113677047,1.0809654442293999,FALSE
1211,-0.23097566417215376,0.11362658601499907,3.6210593222858534,-2.032760749686383,TRUE
1212,0.08893087290145149,0.051706514311524315,-1.3941900221956034,1.7199162249780708,FALSE
1213,0.06431312163636717,0.0467921507490006,-1.0082517977872207,1.374442520955094,FALSE
1214,-0.24712947329831764,0.23428266119896016,3.874306353034186,-1.0548346686588452,FALSE
1215,0.006570057857706161,0.047196719075589706,-0.10300032836304532,0.13920581740403679,FALSE
1216,-0.011940354877145776,0.022715922694273378,0.18719172642821935,-0.5256381190342714,FALSE
1217,-0.010644026254363614,0.030426248212573826,0.1668688804647906,-0.3498303892086474,FALSE
1218,-0.01021868524729038,0.030379736731264085,0.16020071035980052,-0.3363651679303143,FALSE
1219,-0.013618547861102207,0.022329687380883454,0.21350114898548442,-0.60988528987473,FALSE
1220,0.001590279802436378,0.06967919157145008,-0.02493118712005588,0.022822879636967105,FALSE
1221,-0.01562042729809278,0.025243546725400415,0.2448850795107549,-0.6187889312073285,FALSE
1222,-0.013838073095074026,0.024052117561588707,0.21694269724469048,-0.5753369972369279,FALSE
1223,-0.0824238041498063,0.16895280728415982,1.2921771887295725,-0.48785104831776266,FALSE
1224,-0.0291897581448074,0.13153799543964403,0.4576146418903429,-0.22191122836595958,FALSE
1225,-0.10019897650794171,0.19302592090623227,1.570842708767609,-0.5190959640939424,FALSE
1226,0.0034523765099487183,0.1566262329151273,-0.05412371121519064,0.022042134613679265,FALSE
1227,0.023167972107923953,0.14147877598517103,-0.36320969865175384,0.16375581387806382,FALSE
1228,0.07181369993802986,0.11585080498684852,-1.125840112032861,0.619880888580638,FALSE
1229,-0.016711452557134753,0.13845697147088984,0.26198933678938624,-0.12069780509859185,FALSE
1230,0.0647931481146313,0.06842929714065156,-1.0157772847699829,0.9468626863352635,FALSE
1231,0.0766166352838914,0.11172036284974424,-1.2011368489025318,0.6857893523576826,FALSE
1232,-0.02627064431692584,0.0979409316911265,0.41185101403305624,-0.26822947120591845,FALSE
1233,0.07026282205396926,0.09459601081952661,-1.1015266379708535,0.742767284214754,FALSE
1234,0.10829069935980956,0.10966271981515494,-1.6976985339088708,0.9874887249043429,FALSE
1235,0.07750397082896562,0.11845258033840407,-1.2150478150599526,0.6543037779974616,FALSE
1236,0.10000108736544229,0.09671269670803792,-1.5677403545572857,1.0340016437276232,FALSE
1237,-0.10089023778886012,0.28578800789284187,1.5816797729855052,-0.3530247421252525,FALSE
1238,-0.1743944706303134,0.2516693871396374,2.7340227633692638,-0.6929506707685174,FALSE
1239,-0.032245166550317436,0.0993039688368933,0.5055149916082096,-0.32471176054685286,FALSE
1240,-0.007998929622369769,0.04902803107523287,0.1254010840544753,-0.16315012956762462,FALSE
1241,0.05762539426852503,0.06811189396650848,-0.9034067370877457,0.8460401100703528,FALSE
1242,0.011595865123117553,0.0589613380911599,-0.18179108026176383,0.19666896136565337,FALSE
1243,0.03800401399769229,0.06661707888808442,-0.5957977852941985,0.5704845458855738,FALSE
1244,-0.030162796151780163,0.07126623436014959,0.4728691855181991,-0.42324105409232193,FALSE
1245,0.053475043334974534,0.031179277074688653,-0.8383407181521341,1.7150828483571734,FALSE
1246,0.009923051809186196,0.068517654814818793,-0.15556599604535787,0.14482474387083177,FALSE
1247,-0.0013477069508457814,0.017523638138423076,0.02112831598757625,-0.076907942300562665,FALSE
1248,-0.0024869071455542882,0.03173261845338521,0.03898782296110969,-0.07837068816768214,FALSE
1249,0.08410790778546273,0.11336689172638402,-1.3185792739511741,0.7419089163038964,FALSE
1250,0.079677448309993,0.07383878473809957,-1.249121928117104,1.079073126577079,FALSE
1251,-0.044359667864294225,0.09254722567068016,0.6954368523161155,-0.47931926152106996,FALSE
1252,0.015244951206015817,0.1271498599684063,-0.23899865330051404,0.11989750684588896,FALSE
1253,0.12210452980466624,0.08599701528961012,-1.9142611734757056,1.4198693919022385,FALSE
1254,0.04827978329617285,0.06728623917850232,-0.7568934156294729,0.7175283369321976,FALSE
1255,0.1278907794759572,0.13658106957476976,-2.0049735582128485,0.9363726603850092,FALSE
1256,-0.028116840316552337,0.11901402954352225,0.44079425902457925,-0.23624811649848632,FALSE
1257,0.047192600239713625,0.03515833803653647,-0.7398493934562594,1.3422875731688788,FALSE
1258,0.02750862156906324,0.05636185943150303,-0.4312590719585388,0.4880715761781186,FALSE
1259,-0.17767139210601166,0.1433307347399844,2.785395825118019,-1.239590325329208,FALSE
1260,-0.006896641960342103,0.11057452682106436,0.10812026345923285,-0.06237098325098415,FALSE
1261,0.014127356716166363,0.05265795301418642,-0.2214778639978436,0.2682853378740407,FALSE
1262,-0.004882576908415312,0.040369122106032614,0.07654529620842371,-0.12094830538030645,FALSE
1263,-0.009445631180434181,0.027905795704905825,0.14808136157276014,-0.33848277541764,FALSE
1264,-0.014843922165276824,0.019217579954881096,0.23271162755830013,-0.7724137066231692,FALSE
1265,-0.039766123685417,0.14086764692133405,0.623422789575472,-0.2822942283377811,FALSE
1266,-0.01096613966681647,0.022553823109240298,0.17191872750896392,-0.48622087766236155,FALSE
1267,-0.012529328563552692,0.022228517940530563,0.19642520418609796,-0.5636600963264056,FALSE
1268,-0.011101715441629162,0.022979794736130578,0.17404418053026455,-0.48310768521244457,FALSE
1269,-0.06972944159145351,0.296507877887136,1.093164708141405,-0.23516893408813785,FALSE
1270,-0.08139857378693811,0.20131697070274837,1.2761044133735189,-0.4043304123978996,FALSE
1271,-0.0832776949562602,0.22809651193703925,1.3055638339244513,-0.365098502598966,FALSE
1272,-0.11629711065072984,0.18622878511717517,1.8232169098250155,-0.6244851491543355,FALSE
1273,-0.05391909815494404,0.15529103309557826,0.8453022690636539,-0.34721321044826847,FALSE
1274,-0.0839671867342767,0.18389555440844388,1.3163731572329243,-0.4566025916416672,FALSE
1275,0.024748219003897513,0.06755950686218837,-0.38798359755875483,0.36631734234502783,FALSE
1276,-0.0783286901453025,0.12106122052835544,1.2279771320050705,-0.6470171852179207,FALSE
1277,0.07076796429418332,0.0719210406454959,-1.109445870607605,0.9839674684770459,FALSE
1278,-0.011307281976639124,0.09767394860826735,0.17726689501239729,-0.11576558680952159,FALSE
1279,0.03680826252369141,0.13063686418610324,-0.5770517107344095,0.2817601505747638,FALSE
1280,0.09966625247766711,0.09656605918475666,-1.5624910699794041,1.0321043782782826,FALSE
1281,0.0827543998148097,0.1417375430493834,-1.2973600140239967,0.5838565988545241,FALSE
1282,0.09189024023817272,0.07776710432458891,-1.440584713693127,1.1816080981315162,FALSE
1283,0.05099038140042237,0.09249470979799296,-0.7993880938872112,0.5512788948879843,FALSE
1284,0.08913197785662749,0.10626982770979689,-1.3973427914507885,0.8387326843140306,FALSE
1285,0.056371279198082234,0.09976633140381833,-0.8837456828233391,0.5650330968862783,FALSE
1286,-0.004429652416405129,0.07474557764931028,0.06944469338100781,-0.05926307021384033,FALSE
1287,0.011579228806362737,0.046559823741595174,-0.1815302688464598,0.24869571823611084,FALSE
1288,0.045492300505550816,0.06181685689338493,-0.7131933982234393,0.7359206338169384,FALSE
1289,0.023629340712032224,0.13305642587918373,-0.3704426817926577,0.17758887296046752,FALSE
1290,0.04127047486242559,0.06621425297908534,-0.647006853606731,0.62328687564385,FALSE
1291,-0.006489006659781472,0.10693009400254877,0.10172966984202951,-0.06068456892618836,FALSE
1292,0.03966984221715328,0.11248040881727958,-0.6219133625565292,0.3526822371493646,FALSE
1293,0.005859864993780698,0.031426925653404304,-0.09186646930583549,0.18646001388767505,FALSE
1294,7.142554081065724e-4,0.030340014904674577,-0.011197548509221694,0.02354169601928986,FALSE
1295,0.03661592233405449,0.05515584719194734,-0.5740363487514437,0.6638629301917486,FALSE
1296,0.09222732453528382,0.04970320205515762,-1.4458692627854528,1.8555610246787617,FALSE
1297,0.05154289296716729,0.09575604243289298,-0.808049946496676,0.5382730077142567,FALSE
1298,-0.09418359258557375,0.0882932627709387,1.4765381329704632,-1.0667132420954526,FALSE
1299,0.07520597973326534,0.08238549184236159,-1.1790216730443448,0.91285465500608165,FALSE
1300,0.10143615740757472,0.07044784604638818,-1.5902382820892689,1.4398759238257122,FALSE
1301,0.08661718881371001,0.07048695705620711,-1.357917857486094,1.2288399504129603,FALSE
1302,0.08117780995473531,0.09835733256803582,-1.2726434473211572,0.8253356189644826,FALSE
1303,-0.049247602154008203,0.10380458280064175,0.7720661374398395,-0.47442608818715604,FALSE
1304,0.03372843523726392,0.05452998825218043,-0.5287685405289264,0.6185300294084559,FALSE
1305,0.00522639716842151,0.04669143866890612,-0.08193544656105244,0.11193480683862495,FALSE
1306,-0.2597301394012143,0.17880041075892555,4.071849932451702,-1.4526260778640232,FALSE
1307,0.0067560783926866,0.05470979916844614,-0.10591661564699688,0.12348936562324589,FALSE
1308,-0.006090604254254761,0.041612540941341224,0.09548382247224617,-0.14636463230736935,FALSE
1309,-0.010706042730893253,0.03169270091328613,0.16784112722194502,-0.3378078365799708,FALSE
1310,-0.010746289340829197,0.030414867109020225,0.1684720827064602,-0.3533235671328033,FALSE
1311,-0.014844331078854788,0.019139167898101862,0.23271803819177014,-0.7755996058912772,FALSE
1312,-0.01155766194555138,0.022688236521556503,0.18119216014278616,-0.509412088267426,FALSE
1313,-0.007773682559872381,0.02328221420685378,0.12186983335584865,-0.3338893152861714,FALSE
1314,0.0326456157474,0.19061445397235294,-0.5117929270062734,0.1712651641419332,FALSE
1315,-0.0042978037807234765,0.07442915654398961,0.06737767158857398,-0.05774355078420592,FALSE
1316,-0.006110729737209077,0.09401206324046057,0.09579933435930331,-0.06499942163357567,FALSE
1317,0.07029362943735426,0.15186141814603957,-1.102009612500665,0.46288010671515956,FALSE
1318,-0.09812272994467847,0.2018210934489695,1.5382929074705132,-0.4861866927179681,FALSE
1319,0.0798131494180947,0.13509676920426883,-1.2512493460175886,0.5907850342254723,FALSE
1320,-0.015368762560323055,0.10257898261155941,0.24093967275953768,-0.14982369847165145,FALSE
1321,0.07100318498622497,0.10733395949399065,-1.1131334802212183,0.6615164978629179,FALSE
1322,0.08784061329278446,0.1812023637189187,-1.3770977681963554,0.4847652728694142,FALSE
1323,0.07047453030732487,0.0694459772599108,-1.1048456376029827,1.014810836969931,FALSE
1324,0.032974579436134376,0.09362657426189666,-0.5169501674283524,0.3521925232882742,FALSE
1325,0.08138556114177925,0.09643275469949421,-1.2759004111024181,0.8439617990318192,FALSE
1326,0.0989339567663124,0.14359307565463186,-1.551010699431386,0.6889883534792933,FALSE
1327,0.0756587745582973,0.1304243231155159,-1.1861202430523206,0.5800971226148274,FALSE
1328,0.08454105621211927,0.07648111920736271,-1.3253698427926999,1.1053846634082813,FALSE
1329,0.009194938907684042,0.0985101486619387,-0.14415120038231402,0.09334001656254412,FALSE
1330,-0.03859377983844666,0.1756368318119878,0.6050436818404148,-0.21973625600215652,FALSE
1331,0.013665663557416817,0.09158880415937616,-0.21423979273818233,0.14920670362325975,FALSE
1332,-0.02315202857542939,0.09413543883007337,0.36295974817676974,-0.2459438109936662,FALSE
1333,0.029908669327556536,0.07400291149019297,-0.468885180063789,0.40415530585604187,FALSE
1334,0.007183351678056354,0.03976012153599772,-0.11261507852921068,0.18066724649100344,FALSE
1335,0.006910383785060574,0.05937683730176645,-0.10833569724824428,0.11638180979462494,FALSE
1336,0.00406412718676557,0.0560429325535058,-0.06371426916051293,0.07251810356079119,FALSE
1337,0.008486710527958085,0.056892343327591195,-0.13304813900177545,0.1491714004306493,FALSE
1338,-0.017345227092137105,0.064005296681867,0.2719251678927321,-0.27099674544671065,FALSE
1339,-0.005223832228248791,0.010056020750086018,0.08189523539613677,-0.5194730955784977,FALSE
1340,7.570586850078229e-5,0.03226936233131379,-0.0011868585457651612,0.0023460602575129984,FALSE
1341,0.09224379092314293,0.04646456276440967,-1.4461274101858523,1.9852503808299826,TRUE
1342,0.10476434305560559,0.08239768991822308,-1.64241502421617,1.2714475752849461,FALSE
1343,0.11454460689011656,0.08132670648528226,-1.795742499901986,1.4084500878053603,FALSE
1344,0.06402730415027212,0.14178107719577182,-1.0037709704402955,0.45159273308287107,FALSE
1345,0.07791015893171528,0.08122682049782394,-1.2214157206197653,0.9591679011220499,FALSE
1346,0.08300454547155148,0.1082747421255437,-1.3012816057878764,0.7666104194024159,FALSE
1347,0.060098042196483924,0.06117969186886075,-0.9421710149711202,0.9823201189915217,FALSE
1348,0.11278834098939938,0.13271505132819772,-1.7682091100316804,0.8498534255205118,FALSE
1349,-0.009487344884482576,0.10681791671375737,0.14873531703362172,-0.0888179172217527,FALSE
1350,0.070591757660351,0.06497540411684656,-1.1066834381393449,1.0864381471703422,FALSE
1351,-0.05872923640654913,0.09210281944047853,0.9207119275654965,-0.637648627515718,FALSE
1352,-0.03632329451230483,0.07326501615583576,0.5694487541851303,-0.4957795195874201,FALSE
1353,0.008923336617865018,0.07393615238008962,-0.13989322798063997,0.12068976178246459,FALSE
1354,-0.03200829651482796,0.070689146434935,0.5018015248529409,-0.45280355088584384,FALSE
1355,-0.0058036644007512786,0.028762895450848047,0.09098539950986126,-0.20177608372804356,FALSE
1356,-0.013339364389229492,0.020116550017930317,0.20912432462575734,-0.6631039804210874,FALSE
1357,-0.010273379782708933,0.022513999855297645,0.16105816933958214,-0.4563107332654424,FALSE
1358,-0.008680875253305404,0.022613552345515826,0.1360921046563301,-0.3838793269040185,FALSE
1359,-0.00558318892888155,0.07800597690378858,0.08752895414965131,-0.0715738607538724,FALSE
1360,-0.03922098191053338,0.16546347786282065,0.6148764749107439,-0.23703709372681006,FALSE
1361,-0.08906617287877173,0.21007546257680054,1.396311151475333,-0.4239722801810346,FALSE
1362,-0.11304062015722241,0.179344683507649,1.7721641493460525,-0.6302981384580673,FALSE
1363,-0.08077650862484491,0.132536531573526,1.2663521528384523,-0.6094659914955849,FALSE
1364,0.08413768518575028,0.103563996214195,-1.319046101195902,0.8124221569408495,FALSE
1365,0.08740802567724913,0.0759510702876708,-1.370315991321489,1.1508465298274821,FALSE
1366,0.10523820317157256,0.08422175065952196,-1.6498438396999637,1.2495371130079271,FALSE
1367,0.05536298454536898,0.0829914640184638,-0.8679384125427047,0.6670925160815565,FALSE
1368,0.03460427782201701,0.10939322790946483,-0.5424993288686509,0.3163292507526694,FALSE
1369,0.06717410036627766,0.09826740379715722,-1.0531040281636748,0.6835847673857132,FALSE
1370,0.0649296070495318,0.1223618014824429,-1.017916583297824,0.5306362464665758,FALSE
1371,0.0690847203525148,0.14448020708394932,-1.0830572630090267,0.47816044665809176,FALSE
1372,0.0773735767585801,0.1618355872872514,-1.2130035968266917,0.478099891720634,FALSE
1373,-0.07496199734612433,0.2630222663350606,1.175196704294511,-0.2850024767508893,FALSE
1374,0.035071042323790054,0.10386975566226678,-0.5498169047549037,0.3376444095798568,FALSE
1375,-0.05014332790219245,0.16701632594653354,0.7861086387669775,-0.3002300979740429,FALSE
1376,-0.03715380177181569,0.09651116964710252,0.5824688100644216,-0.3849689306188108,FALSE
1377,0.06039282796030176,0.04960200032778291,-0.9467924400982025,1.2175482351762077,FALSE
1378,0.061207965316255546,0.06593751597280667,-0.9595715384170623,0.9282722349064281,FALSE
1379,0.038289337838616405,0.0854514139515614,-0.6002708736507215,0.4480831395056953,FALSE
1380,-0.003647399822580265,0.06892027885035938,0.05718113714271686,-0.052922011974146935,FALSE
1381,0.025744780450958238,0.03710020005608121,-0.4036069236396371,0.6939256503210778,FALSE
1382,-0.004413651391534314,0.020516475081867297,0.06919384158464104,-0.21512717822737254,FALSE
1383,0.01921095035398268,0.03941922750372003,-0.3011745463254145,0.48734974200521114,FALSE
1384,0.056636116031231296,0.06154884740702752,-0.8878975915839274,0.9201815861260905,FALSE
1385,0.07390546156864553,0.0644690616310777,-1.1586331466570423,1.146370983210014,FALSE
1386,-0.015092482012854853,0.08791517228320087,0.23660835822230436,-0.17167095986842282,FALSE
1387,0.01748621866993221,0.13460517069706648,-0.2741355257196858,0.12990748111218953,FALSE
1388,0.1747966036413447,0.20955948695099275,-2.7403270963110598,0.8341144855075082,FALSE
1389,0.06848020454366188,0.05552124392965099,-1.0735801277750545,1.233405444417469,FALSE
1390,0.07848466761003421,0.09601893425976449,-1.2304224270743913,0.8173874060891573,FALSE
1391,-0.002279651740712133,0.12168834918021745,0.035738631672981365,-0.018733525075075384,FALSE
1392,0.027757100794741994,0.12513693875667356,-0.435154538694237,0.22181380710227505,FALSE
1393,0.07091467921454843,0.05801403714275525,-1.1117459546100068,1.222371045132552,FALSE
1394,0.011639474962261023,0.0843069121870209,-0.18247476187445594,0.1380607433046626,FALSE
1395,0.009879880179784622,0.04260254325030258,-0.15488918434892596,0.2319082248620087,FALSE
1396,-0.120939723089568,0.26558213673325526,1.8960002271137375,-0.45537596984934703,FALSE
1397,-0.07035682758170567,0.1290220194911699,1.1030003845396807,-0.5453086834260937,FALSE
1398,-0.015213167775239017,0.0222004187428645,0.23850037704824714,-0.685264902047342,FALSE
1399,-0.005808365341729875,0.07336241319715726,0.0910590972572628,-0.07917358615399178,FALSE
1400,-0.010168289982312293,0.023280720460913056,0.15941065204477403,-0.43676869877735297,FALSE
1401,-0.009934361085906273,0.023125627638219556,0.15574329421242805,-0.42958233356174197,FALSE
1402,-0.010474656880764918,0.02364208083456112,0.16421363731881933,-0.4430513944209414,FALSE
1403,-0.014100024512611496,0.09832097759107168,0.22104937067221256,-0.1434080992487191,FALSE
1404,-0.03468067988681877,0.1424490330114678,0.5436971018460937,-0.24346026893721923,FALSE
1405,-0.04849908721191722,0.1584309289479031,0.7603314942312431,-0.3061213333405701,FALSE
1406,0.06457676537038183,0.11643707607107988,-1.0123850020545953,0.5546065527354918,FALSE
1407,0.02555841379567294,0.054206647497341644,-0.40068521014699365,0.4714996218300782,FALSE
1408,0.09271718602936212,0.10082032583564236,-1.4535489356034472,0.9196279149157878,FALSE
1409,0.08265975479196035,0.1153137307192928,-1.2958762419412324,0.7168249112777234,FALSE
1410,0.05569804434954617,0.09228317358150842,-0.8731912231874434,0.6035557966626635,FALSE
1411,0.06107969578309973,0.05802945354325048,-0.9575606270491316,1.0525636905675122,FALSE
1412,0.0688640513100459,0.08209369409397833,-1.0795977829974166,0.8388470280215732,FALSE
1413,0.06100267301574071,0.04928166569675755,-0.9563531231730273,1.2378370769994962,FALSE
1414,0.08412565765067154,0.0764437421487055,-1.3188575427251337,1.1004910969301118,FALSE
1415,0.08052756753801898,0.07011993057837836,-1.262449445397901,1.1484262302286112,FALSE
1416,0.021613709835916536,0.15055057102940572,-0.338843166751082,0.14356444939484767,FALSE
1417,-0.06326942168840285,0.15815438704169144,0.9918894704407838,-0.4000484771359789,FALSE
1418,-0.17046940217610604,0.17729902740893683,2.6724885503704243,-0.961479623816106,FALSE
1419,-0.07895564881724361,0.11868125465023757,1.237806109234586,-0.6652748072973423,FALSE
1420,0.02885534121278171,0.08330748394791114,-0.4523719097021618,0.34637153644952,FALSE
1421,0.017653873507828016,0.10376089806863528,-0.27676388968982446,0.17013994516653483,FALSE
1422,-0.02308471775289825,0.06869570540984848,0.3619045007233607,-0.33604309927631565,FALSE
1423,-0.016934079229157458,0.06589328752517842,0.26547950701578915,-0.2569924777647009,FALSE
1424,-0.07920564754363114,0.08514998239835549,1.241725397537056,-0.9301898287316717,FALSE
1425,-0.010117507983532056,0.03208086833848277,0.15861453081379262,-0.31537512877715806,FALSE
1426,-0.0047162696461989844,0.014969045942080473,0.07393805849630081,-0.31506815226886087,FALSE
1427,0.00490976761453342,0.040095261721629354,-0.0769715712457589,0.12245256431098066,FALSE
1428,0.01768372667359269,0.046345211702737185,-0.2772319047275963,0.3815653445930483,FALSE
1429,0.05544186861664801,0.0875747117872811,-0.8691750965141896,0.6330808002122378,FALSE
1430,0.08350082749291547,0.04407029977450295,-1.3090619347086043,1.8947188451217483,FALSE
1431,0.04399199527004263,0.11597467844721877,-0.6896727633600971,0.3793241409163624,FALSE
1432,0.16595470496514042,0.29480679611620214,-2.6017105899231265,0.5629269988054383,FALSE
1433,0.09668105509109108,0.18400453894270682,-1.5156914347699226,0.5254275554647839,FALSE
1434,0.08352000650808536,0.05982913779732801,-1.3093626085996053,1.3959754324224174,FALSE
1435,0.08016727176785418,0.05889374648418031,-1.2568010046324571,1.361218746533441,FALSE
1436,0.12129183165500636,0.12619167067952192,-1.9015203151624376,0.9611714545173171,FALSE
1437,0.07598610960153744,0.10833198137321864,-1.191251950819387,0.7014189959265564,FALSE
1438,0.0715497629881523,0.059858315591736454,-1.1217023109520619,1.195318683475114,FALSE
1439,0.0434024515528739,0.036707828675435206,-0.6804303490971045,1.1823758887138622,FALSE
1440,0.015482666231724692,0.047553943114687754,-0.24272536716439963,0.32558112361754155,FALSE
1441,-0.19574662827488531,0.2806285878681687,3.068765515454899,-0.6975291781991987,FALSE
1442,0.026649700246602383,0.06257637098438795,-0.41779356219172264,0.4258748122873914,FALSE
1443,-0.014694083613889632,0.023610664492300835,0.23036257366431934,-0.6223494310666776,FALSE
1444,-0.010319242462665149,0.022968437934071256,0.1617771692627805,-0.4492792453838422,FALSE
1445,-0.01505504228097803,0.0815130992796777,0.23602140681934008,-0.18469475966461568,FALSE
1446,-0.010371161178279898,0.022989523998106526,0.16259111106851884,-0.4511255291381454,FALSE
1447,-0.01657035608927009,0.09759215054708968,0.2597773345763646,-0.16979189408552528,FALSE
1448,-0.02287858584560258,0.1087850843364955,0.35867292276812984,-0.21030995182054765,FALSE
1449,-0.010106629735704782,0.023358390267425342,0.1584439899871377,-0.4326766365317167,FALSE
1450,0.07063560649811704,0.09924083230880976,-1.107370866589148,0.7117595132446971,FALSE
1451,0.062279376021108744,0.1103829383879165,-0.9763682937579796,0.5642119781432309,FALSE
1452,0.06536293045749128,0.0720150491714503,-1.02470989536202,0.9076287693962141,FALSE
1453,0.07755225320930992,0.039094904200359847,-1.215804749190111,1.9836921152653981,TRUE
1454,0.065805340462349,0.08012840701158183,-1.031645660123664,0.8212485798305891,FALSE
1455,0.07860679321251239,0.07778030826870537,-1.2323370186090812,1.0106258892797364,FALSE
1456,0.0210051869051106,0.060386681017778575,-0.32930321093228543,0.3478446993787656,FALSE
1457,-0.007566309280485863,0.024844254295549133,0.11861879412101455,-0.3045496632934309,FALSE
1458,-0.004621413894246547,0.050894219433306,0.0724509827642713,-0.09080429851768626,FALSE
1459,0.016286760168561048,0.07649498980699514,-0.25533133522779117,0.21291276996904304,FALSE
1460,0.04861013446231817,0.1178314725079174,-0.7620724078583119,0.4125394805623933,FALSE
1461,0.038968551992766796,0.1421702094318279,-0.6109190722543704,0.27409787288421084,FALSE
1462,0.09765426666646326,0.16515664867139382,-1.5309486994700312,0.5912826849663341,FALSE
1463,-0.05935414319637901,0.11664129580652705,0.9305087369609081,-0.5088604579190353,FALSE
1464,-0.0035990735256171786,0.08058852628219787,0.05642351452148993,-0.044659875191342464,FALSE
1465,0.037029470991714705,0.07216017969312967,-0.5805196474461634,0.513156579559353,FALSE
1466,-0.014105612288562594,0.055448496271300225,0.22113697153817863,-0.25439125020715064,FALSE
1467,0.05616993163333855,0.046787782851505554,-0.8805891101214147,1.2005256118164422,FALSE
1468,-0.04101278130769421,0.06447173111810217,0.6429669316868288,-0.6361358784141407,FALSE
1469,-0.0572759612818041,0.07347572428129573,0.897928594710214,-0.7795222414212322,FALSE
1470,-0.005174719913922967,0.02239481901750341,0.08112529019751183,-0.23106772641826193,FALSE
1471,-7.744598109389869e-4,0.021308481482752512,0.012141386964672488,-0.03634514320346334,FALSE
1472,0.009041467468033386,0.035380356633771745,-0.14174519285228507,0.2555504898275389,FALSE
1473,0.08352617334169798,0.07853773709962496,-1.309459287487496,1.0635164244132118,FALSE
1474,0.07506752042724041,0.0510814329328503,-1.1768510142321456,1.4695656742034098,FALSE
1475,0.13830931241756106,0.13569004466600318,-2.168307327456254,1.0193033155675137,FALSE
1476,0.13792515660598595,0.2492775629374804,-2.1622848272604003,0.5532995227515843,FALSE
1477,0.014872118921189552,0.07231476430607181,-0.23315367467275244,0.20565812616415918,FALSE
1478,0.07661821659285857,0.0765203985222838,-1.2011616394517766,1.0012783267267784,FALSE
1479,0.04863537116868763,0.07045195523115058,-0.7624680495861557,0.6903338737600192,FALSE
1480,0.09612491243981737,0.13975800529748483,-1.5069726568019783,0.6877953948699301,FALSE
1481,0.04681655991605789,0.0774166790668425,-0.7339541216560489,0.6047347997921211,FALSE
1482,0.06610624894379756,0.07990630139788475,-1.0363630725221065,0.8272970690337508,FALSE
1483,0.018024677453112224,0.05893173732952245,-0.2825770695658264,0.3058568823845378,FALSE
1484,-0.2826051216810976,0.20093830582854785,4.430466361280143,-1.4064273136762313,FALSE
1485,-0.3417448642783727,0.20435115008381485,5.357613890077102,-1.6723412818484538,FALSE
1486,-0.016246952617434463,0.023285869867155754,0.25470726297056473,-0.6977172298102747,FALSE
1487,-0.014204356889900292,0.02632498787667704,0.22268501366842128,-0.539576958456449,FALSE
1488,-0.011529072282477038,0.02350249951814598,0.1807439533311837,-0.49054664477604126,FALSE
1489,-0.05046725818144062,0.11391324636357877,0.7911869692553704,-0.44303239344407275,FALSE
1490,-0.011185633302509495,0.0235425870408046,0.1753597803945885,-0.47512337038925573,FALSE
1491,-0.010901662148405617,0.023503481717611453,0.170907898424626,-0.4638317964711103,FALSE
1492,-0.010033470416405801,0.02325258785360523,0.15729705428675061,-0.4314990864490013,FALSE
1493,-0.01781317696314166,0.09152976287144214,0.2792613270887094,-0.19461622541468948,FALSE
1494,-0.010392444523685198,0.018429805760396368,0.1629247750350909,-0.5638933290342876,FALSE
1495,0.04757598145306329,0.11066739623801801,-0.7458597500951925,0.42990061273999075,FALSE
1496,0.04040849540718324,0.13936297141258636,-0.6334934007795198,0.2899514483481644,FALSE
1497,0.07724543563798043,0.08821663355167281,-1.2109946986123337,0.8756334551435132,FALSE
1498,0.05055420933775087,0.1277194895497496,-0.7925501227991398,0.39582220001011575,FALSE
1499,0.054962659776169626,0.055503015700102486,-0.8616624278295669,0.9902643862298844,FALSE
1500,0.03068288833124329,0.056926550114634836,-0.48102279183704166,0.5389908271176835,FALSE
1501,0.036063661916950804,0.06970597468985074,-0.5653784334734416,0.5173683041864374,FALSE
1502,-0.011092442489930113,0.027132440628293213,0.17389880630516905,-0.40882582742531154,FALSE
1503,0.0647012171199108,0.07664212463466752,-1.0143360611387713,0.8441991584696297,FALSE
1504,0.03413782101566335,0.056992876055818424,-0.5351865767952043,0.5989840025309305,FALSE
1505,-0.01826431034340456,0.11286760377258653,0.2863338502397966,-0.16182066184557933,FALSE
1506,-0.0026168407766526598,0.032710260606729206,0.041024822780348365,-0.08000060923129176,FALSE
1507,0.007846143789273828,0.07189999450417348,-0.12300582493820358,0.10912579122406463,FALSE
1508,-0.01227897938079194,0.09282628320348472,0.19250042169738177,-0.13227912350939613,FALSE
1509,0.015591187029228895,0.07019989755035028,-0.24442667300054866,0.22209700545568814,FALSE
1510,0.04672556178850736,0.032718827135923854,-0.7325275228008907,1.4280940326618468,FALSE
1511,-0.0417975300688903,0.09770912450517609,0.6552696209227972,-0.42777509552525056,FALSE
1512,0.007037188699089732,0.045909051081643414,-0.11032364744075766,0.1532854313755034,FALSE
1513,-0.09393930147557693,0.1050656118606666,1.472708324300463,-0.8941013126174443,FALSE
1514,-0.0037515181673160457,0.04723354656472745,0.05881342470070594,-0.07942486728526889,FALSE
1515,-0.0025790570928120324,0.01792049770293584,0.04043247916228031,-0.14391659961483752,FALSE
1516,0.0065587677895278754,0.04242066965027037,-0.10282333133276184,0.15461254722286244,FALSE
1517,-3.1514279458900535e-4,0.0195892286060991,0.00494056704323273,-0.016087555101117444,FALSE
1518,0.04363524675369439,0.07795766550831858,-0.6840799337195179,0.5597300338481561,FALSE
1519,0.054362302117833744,0.1051674651534109,-0.8522504808904187,0.5169117848236985,FALSE
1520,0.11438562994068492,0.11397339378300489,-1.7932501812119142,1.0036169507987531,FALSE
1521,0.05936246036011442,0.15320530390060286,-0.9306391270753258,0.387470008209558,FALSE
1522,0.15403784360385867,0.1765728125059465,-2.4148871768189,0.8723757718854429,FALSE
1523,0.1371218936266725,0.10919873331683913,-2.1496918863117718,1.2557095623885541,FALSE
1524,0.08168030097860188,0.06286403703252876,-1.2805211162212922,1.2993168245993607,FALSE
1525,0.07007926111354354,0.05200819112040339,-1.0986489103240105,1.3474658434342406,FALSE
1526,0.012872688911204867,0.08808186275499903,-0.2018081443855578,0.14614460353785247,FALSE
1527,0.04504444936866444,0.06049392056886061,-0.7061723315667805,0.7446111765460806,FALSE
1528,0.06428001531716053,0.05873311496112789,-1.0077327823047046,1.0944424684388665,FALSE
1529,-0.0937313454196428,0.16169990838776982,1.4694481487418605,-0.5796623285330951,FALSE
1530,-0.283403788588823,0.2521921225334964,4.442987248543248,-1.1237614630535537,FALSE
1531,-0.013753873160148844,0.02332717751652582,0.21562267523982054,-0.589607257474896,FALSE
1532,-0.012689121412720234,0.024178594286647207,0.1989303139264968,-0.524808070406636,FALSE
1533,-0.010227301283009764,0.023274632060961004,0.16033578595997094,-0.4394183872046775,FALSE
1534,-0.009229031166368149,0.02265642103288304,0.14468567266781787,-0.40734726605642313,FALSE
1535,-0.01314811634092351,0.02485195164032044,0.20612608439698937,-0.5290576986151732,FALSE
1536,-0.00901471101225967,0.022955988693806762,0.14132572565881255,-0.39269539345485593,FALSE
1537,-0.008956640722711724,0.022741341741314664,0.14041534419473456,-0.3938483852269811,FALSE
1538,-0.008889221782696601,0.02277278217658738,0.13935840175832953,-0.3903441272026736,FALSE
1539,-0.023305975014150146,0.23933886355901676,0.36537320237793186,-0.09737647562784262,FALSE
1540,0.05528832626486553,0.2003251101299659,-0.866767977278142,0.27599299073888367,FALSE
1541,0.07727116215751263,0.1685220850885577,-1.2113980192552938,0.4585224667550662,FALSE
1542,0.13299623807303548,0.10247634354346206,-2.085013022602983,1.297823804736255,FALSE
1543,0.0579146115340364,0.14626549219065396,-0.9079408635689901,0.3959554004614153,FALSE
1544,0.07417061603660965,0.0941809215071497,-1.1627900350526597,0.787533343799137,FALSE
1545,0.046202472118678097,0.12071086017233752,-0.7243269241269329,0.3827532340728527,FALSE
1546,-0.024445258549862316,0.10039552858442635,0.3832340159078046,-0.24348951486724216,FALSE
1547,-0.04220029185458299,0.11235000279220908,0.6615838113115127,-0.37561451540532914,FALSE
1548,0.03342812689269053,0.11846425286964016,-0.524060536616154,0.2821790209530578,FALSE
1549,0.0673175556385293,0.042639496801066386,-1.0553530099028534,1.5787605550928014,FALSE
1550,0.0011917922503718549,0.03938395840811851,-0.018684004888153583,0.030260854889745715,FALSE
1551,-0.015487554834424712,0.1069445898919791,0.2428020069283475,-0.14481849759831833,FALSE
1552,-0.01432093363147087,0.1035144718412431,0.22451261441735224,-0.13834716418622545,FALSE
1553,0.0030662361235399486,0.11950623286835334,-0.04807009837711094,0.02565754145156327,FALSE
1554,0.05977446853009308,0.05665836101869408,-0.9370982751856097,1.054998193653552,FALSE
1555,-0.018557487421690232,0.09216692894796576,0.290930055628844,-0.2013464876557528,FALSE
1556,0.04784662746287115,0.07089234323121131,-0.7501027306722448,0.674919536893034,FALSE
1557,-0.054854682456255265,0.08445594835496824,0.8599696422182658,-0.6495064412242594,FALSE
1558,-0.022248513697505412,0.037643267490731415,0.3487951348472369,-0.5910356666828531,FALSE
1559,-0.004022235100273903,0.022493621685855524,0.06305751715651135,-0.1788166955258775,FALSE
1560,-0.0025198859709181943,0.02565872101362954,0.039504839692937346,-0.09820777776022692,FALSE
1561,0.03675837868008223,0.056310510116387553,-0.5762696700913839,0.6527800690156554,FALSE
1562,0.06652646251609427,0.07265383631797749,-1.0429508586370193,0.9156634513411502,FALSE
1563,0.08268288492755087,0.06286935069929164,-1.296238858467982,1.3151541094010768,FALSE
1564,0.0655256540773165,0.045693828188548224,-1.0272609514771138,1.4340154168509462,FALSE
1565,0.011050054801639479,0.1383619858770411,-0.17323428463625182,0.07986337238220469,FALSE
1566,0.0025161481924286643,0.12183534575254276,-0.039446241668367694,0.020652038018090093,FALSE
1567,0.11929866423567234,0.08737050514243762,-1.8702729649685377,1.3654340677232342,FALSE
1568,-0.0015027264539432341,0.10850110472778747,0.023558592869078236,-0.013849872383450316,FALSE
1569,0.07233068771276312,0.09354535136225674,-1.1339450498751886,0.7732152016048419,FALSE
1570,0.027402662919442978,0.06276195508245888,-0.4295979335119434,0.4366126403079762,FALSE
1571,0.0272951716957835,0.04852336169303289,-0.4279127685449278,0.562516090052817,FALSE
1572,0.038406682531432805,0.08700781143059952,-0.6021105137503249,0.4414164877835977,FALSE
1573,-0.007617873614229052,0.02629260131163232,0.11942718019955426,-0.2897344969384512,FALSE
1574,-0.004739056849449693,0.028871145478856233,0.07429529879282963,-0.16414509264692453,FALSE
1575,-0.05859014089882668,0.10287356642727302,0.9185312948710016,-0.569535430078117,FALSE
1576,-0.011512256717900626,0.07807841430664533,0.18048033180600204,-0.1474448068666887,FALSE
1577,-0.009066880868393846,0.022541479451190317,0.14214360465300896,-0.4022309577340126,FALSE
1578,-0.010524829599721707,0.023382099163567614,0.1650002067279996,-0.45012338396549,FALSE
1579,-0.009670439576945088,0.022799239034463625,0.1516057352024739,-0.42415624321176365,FALSE
1580,-0.008462674981280553,0.022852014251185965,0.1326713281343845,-0.3703251226898461,FALSE
1581,-0.010250921333484582,0.02355210743609183,0.16070608299654945,-0.43524433477132574,FALSE
1582,-0.009332964717098678,0.0199970980833468,0.14631506316711546,-0.46671595439495256,FALSE
1583,-0.10647062372579007,0.16279006556585202,1.669164783977019,-0.6540363710506675,FALSE
1584,-0.053075126627090234,0.12300881982037414,0.8320711307113422,-0.4314741553052387,FALSE
1585,0.12123602684259102,0.1552193088916766,-1.9006454501113976,0.7810627924338872,FALSE
1586,0.01547894207663481,0.13140615257862792,-0.24266698271704154,0.11779465247925025,FALSE
1587,0.05812845954629475,0.1069569957487042,-0.9112934087001656,0.5434750587317145,FALSE
1588,0.05643672283540025,0.06870166535360205,-0.8847716579789645,0.8214753244324559,FALSE
1589,0.057478069321100424,0.057802768251095905,-0.901097089548949,0.9943826404890336,FALSE
1590,-0.035852209591332646,0.06736429243521622,0.5620634460801032,-0.5322138524027618,FALSE
1591,-0.028912825299861025,0.08921094014713364,0.4532731011335089,-0.3240950633652749,FALSE
1592,0.03499560413505625,0.0546368215188585,-0.5486342426872355,0.6405131770518008,FALSE
1593,0.05544870200343055,0.050828647302405855,-0.869282225111483,1.0908947010440315,FALSE
1594,0.07462959667516782,0.08224551075820655,-1.1699855815010551,0.9074002457662553,FALSE
1595,-0.16298640178502508,0.23831927807319142,2.555175809125976,-0.6838993601473126,FALSE
1596,-0.003777336349110806,0.07361196680121121,0.059218182354320505,-0.0513141614502909,FALSE
1597,0.0288469417456208,0.07965069312385697,-0.45224022929775964,0.36216811950102873,FALSE
1598,-0.010191101821701931,0.07111284853633541,0.15976827856779496,-0.14330886796771675,FALSE
1599,-0.0458115129349901,0.09395468825668679,0.7181977658807571,-0.487591559133609,FALSE
1600,0.02391679140131951,0.0852983536530182,-0.3749491132466893,0.2803898361111362,FALSE
1601,-0.05505777704741284,0.04739231634151064,0.863153603460472,-1.1617447995296246,FALSE
1602,-0.006433223152504635,0.028280611582724914,0.10085513879661151,-0.22747821890932304,FALSE
1603,-0.0018834918794813384,0.01829326535421533,0.02952794119281007,-0.10296094453401257,FALSE
1604,0.008182531307325496,0.04512982865716614,-0.12827945046281175,0.1813109322768545,FALSE
1605,0.0383443065279119,0.03344091497415276,-0.601132630604731,1.1466285105401297,FALSE
1606,0.04900108334665829,0.07961294142021452,-0.7682014046392106,0.6154914323290714,FALSE
1607,0.06117096591544609,0.0503839654875782,-0.9589914901868721,1.2140958998260536,FALSE
1608,0.0879226713154636,0.0506803308359391,-1.378384210943714,1.7348480143131726,FALSE
1609,0.08716063952583013,0.05337178801054447,-1.3664376609657312,1.633084496037684,FALSE
1610,0.133154580010505,0.06835278082566915,-2.0874953860625185,1.9480492000773177,FALSE
1611,0.1521476065202749,0.18607220697605537,-2.3852534894892257,0.8176804531579182,FALSE
1612,0.029974077211715952,0.09372814013768839,-0.4699105947088137,0.31979805816784024,FALSE
1613,0.06629468903539805,0.06286838042286452,-1.0393172917591331,1.0544997117706474,FALSE
1614,0.045249754659598386,0.11729540591736645,-0.7093909504646435,0.38577601829927105,FALSE
1615,-0.022543731022046636,0.0854980292418745,0.3534233256523666,-0.26367544634590667,FALSE
1616,0.024159773653984945,0.06535371157101855,-0.378758402655241,0.36967714722263345,FALSE
1617,-0.007841436464920326,0.02417204883984407,0.12293202711714583,-0.3244009854884486,FALSE
1618,-0.007711925034442653,0.028363096763330285,0.120901646235443,-0.27189996560647595,FALSE
1619,-0.012607691876507964,0.021405549022328708,0.19765372410796472,-0.5889917545845957,FALSE
1620,-0.01066787225922365,0.07542634591166758,0.16724271984093086,-0.14143429766194537,FALSE
1621,-0.009458581477400248,0.022703579733889007,0.1482843863967104,-0.41661189945661675,FALSE
1622,-0.00919234426638955,0.02273857985264459,0.14411052358598966,-0.40426202190109256,FALSE
1623,-0.010447704307407622,0.023086163357768672,0.16379109554427856,-0.4525526457340903,FALSE
1624,-0.0089749759866883,0.02294148349277627,0.14070279040161923,-0.3912116663908987,FALSE
1625,-0.009120643190655675,0.022907874977878544,0.14298644910985542,-0.39814444593674486,FALSE
1626,-0.008966149496386036,0.02285439641117787,0.1405644154559009,-0.39231618000643315,FALSE
1627,0.06388255664990496,0.11737100329361577,-1.0015017301397613,0.5442788666472936,FALSE
1628,-0.11706764682825907,0.2802490579232057,1.8352967850742155,-0.41772717344990373,FALSE
1629,0.004066822724763675,0.0549523536484838,-0.06375652773797648,0.07400634285435895,FALSE
1630,-0.019110842848426464,0.08577097508258341,0.29960513762807683,-0.22281247041934465,FALSE
1631,0.03477049984697678,0.055100789376076105,-0.5451052302964359,0.6310345140368094,FALSE
1632,0.08639393992273085,0.15458998693740175,-1.3544179325880858,0.5588585757350146,FALSE
1633,0.03919702483232526,0.1467308368713295,-0.6145008942118372,0.2671355637853938,FALSE
1634,0.054982232561683934,0.09257307395555035,-0.8619692749500362,0.5939333135689548,FALSE
1635,-0.13609767105989853,0.2148101881902079,2.1336349104099814,-0.6335717696005563,FALSE
1636,-0.12786908953087542,0.21651966583567273,2.0046335198883796,-0.5905657069871957,FALSE
1637,-9.593187649486905e-4,0.040116107368894566,0.015039463873008313,-0.023913555623109435,FALSE
1638,0.024781397692920704,0.08280181949970358,-0.38850374759975265,0.2992856659751229,FALSE
1639,-0.10066077406761448,0.14341483810283498,1.578082416744877,-0.7018853516080122,FALSE
1640,-0.06777638849036374,0.09168745143885126,1.0625462394643357,-0.7392111725950369,FALSE
1641,0.03462482928185347,0.06460965851251553,-0.5428215188945746,0.5359079444003917,FALSE
1642,-0.004780062137694022,0.09266956638529258,0.07493814825401562,-0.051581790269957024,FALSE
1643,-0.03932193314969472,0.1263469785173572,0.6164591110164638,-0.31122179264692723,FALSE
1644,0.05118363118400218,0.05414684988768461,-0.802417715786425,0.945274402669242,FALSE
1645,-0.007317403998946494,0.08917075341782152,0.11471664800828578,-0.08206058285343645,FALSE
1646,-0.01945644831078097,0.014329749235061966,0.30502327501400917,-1.3577661403295895,FALSE
1647,-0.002166170140836884,0.023158585970088835,0.03395955418181369,-0.09353637323257413,FALSE
1648,-0.0010077896126437448,0.02651160831309564,0.01579935264975172,-0.038013145062419255,FALSE
1649,0.006088781473096251,0.026368087607164636,-0.09545524630717629,0.2309147922977103,FALSE
1650,0.04107520365552678,0.06037985837889853,-0.6439455413829986,0.6802798939634759,FALSE
1651,0.022304374049261683,0.06193538807281973,-0.3496708706014697,0.36012326302109554,FALSE
1652,0.04180516902361759,0.044239981878273944,-0.6553893785965197,0.9449635205241329,FALSE
1653,0.09768964738392205,0.10653458578670034,-1.5315033712240556,0.916975897193731,FALSE
1654,0.07833571090105453,0.1067009629768392,-1.22808719802937,0.7341612363710184,FALSE
1655,0.13066636327342993,0.12113488036676001,-2.048487032329902,1.0786848748916205,FALSE
1656,0.010067588363041113,0.1251893058171248,-0.1578319292882528,0.08041891675434112,FALSE
1657,-0.15230447814282327,0.12265707773265412,2.387712802479046,-1.2417096588163403,FALSE
1658,0.0719178829998429,0.06763820338003328,-1.1274734141755542,1.063273112027588,FALSE
1659,0.05473806628847977,0.12179850524189274,-0.858141423375531,0.44941492656063026,FALSE
1660,-0.0432786076916424,0.09352521761905627,0.6784888200194525,-0.4627480030885718,FALSE
1661,-0.008520284351147161,0.018845209747425852,0.13357448365318847,-0.4521193696085544,FALSE
1662,-0.009318604356567393,0.028725817123607753,0.14608993244800023,-0.3243982343990166,FALSE
1663,-0.00847209099944583,0.029166002910436528,0.13281894524581653,-0.29047830192783275,FALSE
1664,-0.011564022916373842,0.022934205282413446,0.18129188256496434,-0.5042260141118314,FALSE
1665,-0.010505278699556116,0.02296395328278839,0.1646937027092432,-0.45746821421335504,FALSE
1666,-0.009167655584982835,0.022645345879250815,0.14372347337321878,-0.4048361916778165,FALSE
1667,-0.009161959602514742,0.022744320856106205,0.14363417612846535,-0.40282405706807534,FALSE
1668,-0.010114992057238002,0.02299286785385485,0.1585750880508768,-0.439918679197827,FALSE
1669,-0.008410684832825472,0.02270996254123759,0.13185626645935894,-0.370352210733639,FALSE
1670,-0.009042836230527937,0.02231816788848691,0.14176665126093888,-0.4051782509976005,FALSE
1671,-0.0031186433841395083,0.24038704289045337,0.04889169921644463,-0.012973425466865546,FALSE
1672,-0.033043345227710644,0.16987391956354522,0.5180282247706013,-0.1945168823596257,FALSE
1673,0.1808763221003081,0.23536459020299277,-2.8356402596332972,0.7684941984871613,FALSE
1674,0.17710228085754853,0.14888062816507103,-2.776473735429258,1.189558930804529,FALSE
1675,0.0746327458424326,0.06199944662043761,-1.1700349517302628,1.2037647093745272,FALSE
1676,0.03857772328425939,0.07330147290116028,-0.6047919594980113,0.5262885145060809,FALSE
1677,0.07083982924700617,0.06618982161643244,-1.1105725142230591,1.0702526085886792,FALSE
1678,-0.015257324589533763,0.060934563266781865,0.239192633717873,-0.25038867551630106,FALSE
1679,-0.019579330892272543,0.117314841974119,0.30694973388512625,-0.16689559959166947,FALSE
1680,-0.11937496275883266,0.13137267559841406,1.8714691146995346,-0.9086742141398068,FALSE
1681,0.03925813271548185,0.08382790271602077,-0.6154588967389103,0.46831820245431277,FALSE
1682,-0.033625251774239896,0.06259117741747315,0.5271509093294318,-0.5372203106192561,FALSE
1683,0.021152291592017963,0.10305769549367594,-0.3316094053956157,0.2052470850497133,FALSE
1684,-0.008020286556967321,0.0744343880998475,0.1257359016959662,-0.1077497479553238,FALSE
1685,0.04490117502271309,0.030065811995622107,-0.703926186251381,1.4934296479087665,FALSE
1686,-0.029518128059113264,0.06385545835410444,0.46276257357231104,-0.462264758878141,FALSE
1687,-0.05591407615425876,0.09714489155569901,0.8765780041419152,-0.575574024108101,FALSE
1688,0.021911891315275656,0.0658029502642692,-0.34351782730216746,0.3329925364634258,FALSE
1689,-0.02347097586671805,0.027175176641901395,0.3679599592015027,-0.8636917498644023,FALSE
1690,-0.005219832999409598,0.030568852234391927,0.08183253855349745,-0.17075659103539878,FALSE
1691,-0.0012512267870816902,0.018963424810644874,0.019615773972962804,-0.06598105561498206,FALSE
1692,0.007124348214383831,0.02240877644606592,-0.11169006747688051,0.31792669410268404,FALSE
1693,0.05302852781205548,0.06257639982079383,-0.8313405902269415,0.8474205605295043,FALSE
1694,0.034861559844814496,0.135523453298466,-0.5465327991065069,0.25723636017478235,FALSE
1695,0.035170442089927284,0.06480920188282119,-0.5513752180564123,0.5426766734995054,FALSE
1696,0.068746649632092,0.040533096955372466,-1.0777572495285308,1.6960621022317408,FALSE
1697,0.082581180522665,0.08686436368843915,-1.2946444148076532,0.950691135191678,FALSE
1698,-0.03877386211197245,0.10804226861767777,0.6078668736154711,-0.3588767859843727,FALSE
1699,0.1375821024047465,0.19619975543939014,-2.156906686589608,0.7012348312903389,FALSE
1700,0.08205977590146964,0.22410913026892632,-1.2864702330338749,0.36615989631033596,FALSE
1701,0.10325013749082579,0.059137856915784076,-1.6186764706509928,1.7459228804631912,FALSE
1702,0.07349419388328844,0.08443156875971632,-1.1521856072967605,0.8704587035738429,FALSE
1703,0.05723761880594009,0.06857430022476917,-0.8973274907793539,0.8346803192789382,FALSE
1704,-0.009208359494550981,0.027416676806391226,0.14436159805065388,-0.33586709139031684,FALSE
1705,-0.01112627027961326,0.025522565507066688,0.1744291324485033,-0.4359385531416353,FALSE
1706,-0.009715842054464767,0.028950217067483307,0.15231752042481214,-0.335605153903234,FALSE
1707,-0.011524569624231755,0.02130569600457151,0.18067336410840742,-0.5409149563458973,FALSE
1708,-0.011226416096029326,0.07602549915949187,0.17599914175412018,-0.14766645691437982,FALSE
1709,-0.009308059491621131,0.022540112390444646,0.14592461814247473,-0.4129553273907838,FALSE
1710,-0.009124818451100766,0.022707630318134088,0.1430519056410093,-0.4018393079005596,FALSE
1711,-0.008748093486988998,0.02264714664850122,0.1371459005727958,-0.38627795469183057,FALSE
1712,-0.008337376553935941,0.02255457047315775,0.13070699548475176,-0.3696535282664006,FALSE
1713,-0.0367681691211026,0.22615689268490316,0.5764231571171844,-0.16257814955182665,FALSE
1714,-0.03547371814177163,0.16060256419201072,0.5561297474077751,-0.22087890265164456,FALSE
1715,-0.023512444946523416,0.12162302991543013,0.3686100796310901,-0.19332230880017262,FALSE
1716,0.016736328798227434,0.1045363712256252,-0.26237932741906983,0.1601005334507424,FALSE
1717,0.06847641689349604,0.1412546673496248,-1.0735207479005915,0.48477277373077843,FALSE
1718,0.10275994270445352,0.14746474820087907,-1.6109915727320232,0.6968441200908038,FALSE
1719,0.06672755308887664,0.060862875972793884,-1.0461034024160671,1.0963588562378206,FALSE
1720,0.10725657463903396,0.10365084115306646,-1.6814863196308343,1.0347873055911117,FALSE
1721,-0.16568684866521852,0.2773026614199706,2.597511344278173,-0.5974946212805665,FALSE
1722,-0.20207640497441287,0.38594620986804595,3.167998900097225,-0.5235869657678521,FALSE
1723,-0.0672625273603917,0.10175269523600178,1.0544903187606778,-0.6610392698137898,FALSE
1724,-0.07428516091172048,0.12873526191834045,1.1645857817575203,-0.5770381774563146,FALSE
1725,0.005300193814578288,0.14236248058338385,-0.08309237378313529,0.03723027157758666,FALSE
1726,-0.06035047144018499,0.09226979738847789,0.9461284070600116,-0.65406528623982,FALSE
1727,0.03172731265117777,0.05194550257332827,-0.497396475331689,0.6107807428831837,FALSE
1728,0.05537507206671557,0.05203068505900575,-0.8681279114321754,1.0642772049592868,FALSE
1729,-0.07056845454063693,0.09592302423023637,1.1063181097001717,-0.7356779574761645,FALSE
1730,0.03315492412439208,0.0940868525317656,-0.5197774731403237,0.35238636676892043,FALSE
1731,-0.010652184807811058,0.04358874863451419,0.16699678400875537,-0.2443792295376084,FALSE
1732,-0.01874482024667748,0.015319345274581958,0.2938669159890966,-1.2236045281764822,FALSE
1733,-0.0012086443054502675,0.02420837425598446,0.01894819848344022,-0.049926702746322715,FALSE
1734,6.934620001273349e-4,0.027864496158213545,-0.010871565405871066,0.02488693842479276,FALSE
1735,0.00554804005114743,0.03027439312237542,-0.08697791700102704,0.18325850591690124,FALSE
1736,-0.007091931694282691,0.0881545034834665,0.11118186613571752,-0.08044888705672074,FALSE
1737,0.0018825276185022981,0.0835554368666836,-0.029512824248694832,0.022530282757134697,FALSE
1738,0.05134410577988498,0.08209917006099957,-0.8049335134289781,0.6253912888734,FALSE
1739,0.022125769986612268,0.08440600411407431,-0.34687085308285887,0.2621350248580586,FALSE
1740,0.08107996367278908,0.038880869881544065,-1.271109488353392,2.085343355737934,TRUE
1741,0.027794489502708186,0.142821096868331,-0.43574069018346184,0.19461053102212456,FALSE
1742,-0.08179861113604323,0.11877772569174821,1.282375892134848,-0.6886696193217815,FALSE
1743,0.005934598021553132,0.04422144926266891,-0.09303807640075577,0.13420179845989424,FALSE
1744,0.0829901497977825,0.06385424103039426,-1.3010559214549031,1.2996810933557201,FALSE
1745,0.036325322294796375,0.0758004428766598,-0.5694805442038792,0.4792230878374134,FALSE
1746,0.06536079675655602,0.058706888080670316,-1.024676444835142,1.1133411920376777,FALSE
1747,-0.006207667722563869,0.05371082530841865,0.09731905374970175,-0.11557572774050966,FALSE
1748,-0.01006332030230624,0.030752359521595878,0.15776501790532643,-0.3272373391459365,FALSE
1749,-0.010935716781474258,0.0228169796707327,0.17144178084458658,-0.47927977056058313,FALSE
1750,-0.009222779370938601,0.02272690132704182,0.14458766181372065,-0.4058089238925321,FALSE
1751,-0.00953443370119637,0.022719549071569076,0.14947353938855262,-0.41965769968241257,FALSE
1752,-0.008387376207355348,0.022440018722413167,0.13149085170516495,-0.3737686813504308,FALSE
1753,-0.008644255271365487,0.022449321815774997,0.13551800466419134,-0.38505641026942844,FALSE
1754,-0.007464884642877076,0.02245658299123428,0.11702873643749587,-0.33241409192978844,FALSE
1755,-0.06173723738305464,0.20069203850564343,0.9678690599692892,-0.30762175641221856,FALSE
1756,-0.041422527277128154,0.14393729469714187,0.6493906147519071,-0.2877817549946676,FALSE
1757,0.09055903561838673,0.19330808496000032,-1.4197151085958848,0.4684699847765052,FALSE
1758,0.20536737184740553,0.13801200580950895,-3.2195921548130206,1.4880399037954988,FALSE
1759,0.12052325929025258,0.18948397600874545,-1.8894712270638374,0.6360604301689867,FALSE
1760,0.06363365510940837,0.07396843922954752,-0.9975996426762322,0.8602811654837405,FALSE
1761,0.039011112990870865,0.04858189880687824,-0.6115863109416273,0.8029968763869653,FALSE
1762,-0.03385610586721843,0.125407184763331,0.5307700627517798,-0.2699694274384026,FALSE
1763,-0.014625496180842601,0.01225886010123618,0.2292873124903045,-1.19305515032085,FALSE
1764,0.0639734947851048,0.08333988965269053,-1.0029273884808552,0.7676215441573901,FALSE
1765,-0.1488305550624286,0.27133778045465395,2.3332513006569693,-0.5485065692401844,FALSE
1766,0.013958871069084083,0.059079071831778684,-0.21883647523844632,0.2362743800178593,FALSE
1767,-0.07232760107971738,0.08818298105254341,1.1338966600095082,-0.8201990930270471,FALSE
1768,0.043856083317287825,0.06444642587167748,-0.6875420399988426,0.6805045078001979,FALSE
1769,0.012715219772887946,0.062283649909874984,-0.1993394640017672,0.20415020300330802,FALSE
1770,-0.02558782331228905,0.06572125407994973,0.4011462699936592,-0.38933863436570354,FALSE
1771,-0.06591892748624317,0.06330207410139314,1.0334263903717484,-1.0413391412840363,FALSE
1772,0.03591358492940878,0.06912747844545435,-0.5630256415602876,0.5195269050316469,FALSE
1773,-0.02202430561446878,0.021952618234523304,0.3452801724717785,-1.0032655503402659,FALSE
1774,-0.003628003174011826,0.03189782839207646,0.056877051362201475,-0.11373824980866208,FALSE
1775,-0.0024700566829880945,0.02604225327791132,0.038723654332008285,-0.09484804009195173,FALSE
1776,0.008771271866087074,0.02424094993915733,-0.13750927342425778,0.36183696959492934,FALSE
1777,0.036999604720295946,0.03557661355825323,-0.5800514269479977,1.0399979374010038,FALSE
1778,0.055484533400370094,0.08171386597115905,-0.8698439622727702,0.6790100155089148,FALSE
1779,-0.093546152184525,0.1008753274499898,1.4665448312306797,-0.927344223302786,FALSE
1780,0.0753302111851315,0.03582574566769189,-1.1809692784707144,2.102683692444823,TRUE
1781,-0.0184056435431518,0.08565428756641068,0.28854956375371804,-0.21488292140520437,FALSE
1782,0.0912413232755846,0.12497689333141908,-1.4304114912231711,0.7300655412647116,FALSE
1783,-0.012198279757454642,0.013609052097970697,0.19123527489311634,-0.8963357381278287,FALSE
1784,0.00691207188499646,0.04500877545120953,-0.10836216198439604,0.15357164943288212,FALSE
1785,0.004577769380684211,0.04903857918407794,-0.07176675755263284,0.09335036734038456,FALSE
1786,0.054107701099871536,0.06213732147478831,-0.8482590413902452,0.87077620688599,FALSE
1787,0.026466473540699795,0.052130322399602365,-0.41492107441740117,0.507698251659032,FALSE
1788,0.013272301639186215,0.03481558490478429,-0.20807296626256053,0.381217253005632,FALSE
1789,0.006219957189986932,0.04437368838056696,-0.09751171859488234,0.14017219250836277,FALSE
1790,-0.010225048262576267,0.0303115453481406,0.16030046483350832,-0.3373318036126951,FALSE
1791,-0.009740670417588911,0.022601808268618618,0.15270676046042375,-0.43096863320946327,FALSE
1792,-0.00861286531508499,0.02285794903482477,0.13502589700331274,-0.37679956771112894,FALSE
1793,-0.008173793084993221,0.02241590497932738,0.12814245931463214,-0.36464256484542285,FALSE
1794,-0.0076332025360349,0.02276352022723929,0.11966749527951995,-0.3353261033370777,FALSE
1795,-0.0073268464704967385,0.02255394766253936,0.11486467983559961,-0.3248587156503051,FALSE
1796,-0.025709182594539744,0.15008596031623306,0.4030488477475314,-0.1712963860201858,FALSE
1797,0.03537932497241087,0.18915203064616892,-0.5546499236908526,0.18704174018936148,FALSE
1798,0.08881863741473031,0.18856651321509607,-1.392430480310792,0.4710202034303711,FALSE
1799,0.1860765391575134,0.22563036832791478,-2.917165274488838,0.8246963409069266,FALSE
1800,0.13083875649506793,0.10753964264315598,-2.0511896810463743,1.2166560468238152,FALSE
1801,0.10695222913430028,0.10219228567243606,-1.6767150242172608,1.046578305109268,FALSE
1802,0.09983028508084078,0.0828861398797911,-1.5650626473315452,1.2044267621296347,FALSE
1803,0.007524314557661484,0.033876786556414636,-0.1179604330633029,0.22210827302440053,FALSE
1804,-0.026301116786413264,0.05698832917199475,0.412328738039635,-0.46151759787578017,FALSE
1805,-0.13251762831030336,0.2723989819998548,2.0775097457998197,-0.48648356663232317,FALSE
1806,0.018410373091365267,0.14165248098013705,-0.28862370998340836,0.12996858907078956,FALSE
1807,-0.04990200320138366,0.18907271139090084,0.7823253351852192,-0.2639302246965355,FALSE
1808,0.020165757518046622,0.06917814546082628,-0.3161432807798033,0.29150474306175134,FALSE
1809,0.061435773502053745,0.04678528228779412,-0.9631429404426142,1.3131431616494023,FALSE
1810,0.05417176729344968,0.032589836915480785,-0.8492634220393104,1.6622288547788673,FALSE
1811,-0.0541889711555207,0.08166536220819907,0.8495331309948183,-0.6635490211550206,FALSE
1812,0.03259180719844239,0.049525044445058924,-0.5109493578427429,0.6580873891915113,FALSE
1813,-0.034032527569266,0.09107750058581898,0.533535866894578,-0.3736655853571476,FALSE
1814,-0.01808328845684917,0.01592975220544238,0.28349592793227324,-1.1351895637567442,FALSE
1815,-0.0017319379753441496,0.024378794624883623,0.02715199531395871,-0.07104280593004984,FALSE
1816,8.16839040022421e-4,0.0296078734270202,-0.01280577601662681,0.027588575114515727,FALSE
1817,0.03356633116106085,0.029998985320277775,-0.5262271971435983,1.1189155500660128,FALSE
1818,0.01760725601224497,0.03504937640961055,-0.2760330563461143,0.502355756817889,FALSE
1819,-0.004725235416237874,0.02734874126354959,0.07407861696291311,-0.17277707118958593,FALSE
1820,0.03120381360461571,0.05358555156364299,-0.48918945876327496,0.5823176713513021,FALSE
1821,0.06427931808243859,0.09622345571974081,-1.0077218515934594,0.6680213010604992,FALSE
1822,0.017285248408817514,0.10027535502770091,-0.2709848680946938,0.1723778330582075,FALSE
1823,-0.012020148767520483,0.028206006884400957,0.18844267384572488,-0.42615563474772117,FALSE
1824,-0.014189383645642798,0.044563521503546255,0.22245027462828132,-0.31840804242801235,FALSE
1825,-0.015299079458153541,0.03492275960768834,0.23984723452531467,-0.43808334822387307,FALSE
1826,0.02851541377268378,0.10160476126842471,-0.4470427879945609,0.2806503693006107,FALSE
1827,-0.016822660595670013,0.09625934487329016,0.2637327711295126,-0.17476392154771386,FALSE
1828,0.049040350496127164,0.04544407285232435,-0.768817004893694,1.0791363409589039,FALSE
1829,-0.08500617040660363,0.14659855271351402,1.3326615464269398,-0.5798568187281118,FALSE
1830,-0.01238787557082541,0.0322772629942787,0.19420761264970743,-0.383795725586188,FALSE
1831,-0.010008911707248089,0.02256784947625457,0.15691204167922085,-0.44350312234133166,FALSE
1832,-0.008992261414338431,0.022247497585834494,0.14097377807972178,-0.40419203911113205,FALSE
1833,-0.007554836722364343,0.022771665911932353,0.11843893615335684,-0.3317647795985628,FALSE
1834,-0.00733402985222204,0.022615230522837475,0.11497729538518649,-0.3242960466317572,FALSE
1835,-0.007519199228496408,0.022660246464786007,0.11788023885571768,-0.33182336477148355,FALSE
1836,-0.007253834332301023,0.02287010362341204,0.11372005152767291,-0.3171754029516202,FALSE
1837,0.042003513089160456,0.1861815606630539,-0.6584988647414269,0.225605118678628,FALSE
1838,-0.012722337143196621,0.12118120848000097,0.1994510446749899,-0.10498605602943992,FALSE
1839,0.13554281078462127,0.2228322073828185,-2.1249362365494253,0.6082729798200271,FALSE
1840,0.05956323891293148,0.07503733071309199,-0.9337867792446529,0.7937814198198724,FALSE
1841,0.11912401597168731,0.15162507914185072,-1.8675349634275933,0.7856484998780611,FALSE
1842,0.09598496793291732,0.09013207037625916,-1.5047787141494944,1.064936903504214,FALSE
1843,-0.008708532059642282,0.019412275274135693,0.1365256868554321,-0.4486095491982466,FALSE
1844,-0.11396120408844249,0.2720821591146185,1.786596358202508,-0.4188484995094246,FALSE
1845,-0.0016588215983838472,0.17855749428879794,0.026005732830623945,-0.009290125877891622,FALSE
1846,-0.11816756262894779,0.2171170452525584,1.8525404214464214,-0.5442574188106282,FALSE
1847,0.07143094416801737,0.06603201091508616,-1.1198395606149012,1.0817623631040703,FALSE
1848,-0.02369184354419366,0.08753885445362267,0.37142255326041007,-0.27064374662048374,FALSE
1849,0.003386424201981831,0.07077263850462161,-0.05308976151124362,0.04784934225337226,FALSE
1850,-0.024508420280856473,0.07833231897303064,0.38422421708613147,-0.3128775019324345,FALSE
1851,-0.08190445203050076,0.07623080948949898,1.2840351845063114,-1.07442715850713,FALSE
1852,0.017816079594024255,0.03946489334542257,-0.2793068323095916,0.4514412198732242,FALSE
1853,-0.02004798354046525,0.020956376473233496,0.31429691068288323,-0.9566531487956189,FALSE
1854,-0.002946230960688288,0.03295605567508602,0.04618874946867114,-0.0893987736194889,FALSE
1855,-2.3443511575259093e-4,0.02056098405361923,0.0036752939510301262,-0.011401940449018766,FALSE
1856,0.032666785827561565,0.03687966597740747,-0.51212481528722,0.885766857204544,FALSE
1857,0.006928947652117865,0.040027322076123854,-0.10862672731890739,0.17310545129500324,FALSE
1858,0.008941703373194844,0.10135648328900711,-0.14018116788480944,0.08822033956820047,FALSE
1859,0.06278310783181326,0.05084932981429468,-0.9842654147625717,1.234688993170639,FALSE
1860,-0.034580897108537095,0.0956896619138857,0.5421327839739254,-0.3613859263047412,FALSE
1861,0.0739261626896798,0.059836496081151144,-1.1589576829564467,1.2354694464298184,FALSE
1862,-0.007975374253436685,0.01977279931097852,0.12503180104550232,-0.4033507915598218,FALSE
1863,0.019842210972249467,0.03700422877892055,-0.31107096617016133,0.5362146875373491,FALSE
1864,0.04917611310849545,0.07733207828792958,-0.7709453870109011,0.6359083345128607,FALSE
1865,-0.07045891414197612,0.09869450894403665,1.1046008193390453,-0.7139091616731066,FALSE
1866,-0.013186147067927074,0.08226067355986781,0.2067223009683028,-0.16029709577238554,FALSE
1867,-0.00852173097006717,0.031054259065562733,0.1335971626351707,-0.2744142422485696,FALSE
1868,-0.29203313083684457,0.20857161698044116,4.578271458264598,-1.4001575816724383,FALSE
1869,-0.013704195543285738,0.03531091564742333,0.21484386766155975,-0.38810082638810717,FALSE
1870,-0.00920563015285275,0.02286576274656028,0.1443188095247046,-0.4025944926870005,FALSE
1871,-0.012585953363151171,0.02622101122474416,0.19731292436732806,-0.47999496492622296,FALSE
1872,-0.007546860016530146,0.0227448722325811,0.11831388347680938,-0.33180489823634085,FALSE
1873,-0.007694095051463236,0.022772598679287312,0.12062212143652006,-0.3378663612274236,FALSE
1874,-0.007396375711299189,0.022895371175961847,0.11595470594930966,-0.32305113791143697,FALSE
1875,-0.0077403055690897895,0.022968531038031995,0.12134657449194916,-0.33699610812172337,FALSE
1876,-0.027902496877270012,0.1996315165992195,0.43743394696847626,-0.13976999900915998,FALSE
1877,0.21157151061803373,0.2400630152610791,-3.3168558843607103,0.8813165592706581,FALSE
1878,0.13062418170196233,0.30241075639441606,-2.0478257420024604,0.43194290857695916,FALSE
1879,0.05802787231948216,0.06592515851909152,-0.9097164793008798,0.8802083092857129,FALSE
1880,0.036644641098132216,0.0947161673290714,-0.5744865795095666,0.38688897715654097,FALSE
1881,0.0638893312278284,0.059065964094854005,-1.001607936776864,1.0816606857585285,FALSE
1882,-0.012563212668545574,0.01661816165214967,0.19695641319766874,-0.7559929269866283,FALSE
1883,-0.180959739651471,0.39290147165651945,2.8369480160255707,-0.46057282221042123,FALSE
1884,-0.025473261869665375,0.0791587703562582,0.3993502635560382,-0.3217996155703483,FALSE
1885,0.04718725399829162,0.1174327581624455,-0.739765579183402,0.401823603027506,FALSE
1886,0.0651042157420024,0.03901229956354559,-1.0206539644669137,1.66881256604617,FALSE
1887,0.037636243457491114,0.04764543545280738,-0.5900321608166993,0.7899233809032906,FALSE
1888,0.018731015916641624,0.05428107792168155,-0.293650502289656,0.34507450171986864,FALSE
1889,-0.0725198754435879,0.058500026764626574,1.1369109900265917,-1.2396554233277506,FALSE
1890,0.03839320858010338,0.05793049171790655,-0.6018992794748685,0.6627461193849298,FALSE
1891,-0.04289136561932086,0.06532811386813885,0.672417935794541,-0.6565529460393528,FALSE
1892,-0.01766039636508271,0.01536583497172475,0.2768661500433327,-1.149328780217949,FALSE
1893,-0.003315550828034619,0.020668841341619573,0.05197866310893695,-0.16041299912435336,FALSE
1894,0.05414455225528054,0.057767668040644427,-0.84883676554274,0.9372812525024427,FALSE
1895,0.019399286922410337,0.047423740009437644,-0.30412714260553164,0.40906277991887074,FALSE
1896,0.00557671534662935,0.057409070762040215,-0.087427466291842,0.09713996886911401,FALSE
1897,0.02344352191060862,0.13043954898143068,-0.3675295571326961,0.17972710035930922,FALSE
1898,0.0873357187503144,0.06429063719648566,-1.3691824187748691,1.35845159666715,FALSE
1899,0.10535730979195936,0.08409194115260638,-1.6517111019487525,1.2528823612331832,FALSE
1900,0.0720655332498658,0.05473399868890942,-1.1297881615590049,1.3166502535190838,FALSE
1901,0.07206121124736004,0.05124524877060935,-1.1297204045183635,1.4062027793040837,FALSE
1902,0.0662631039447168,0.09255440076398729,-1.0388221249307725,0.7159368263178213,FALSE
1903,0.07395956315723048,0.06514035018738931,-1.1594813098711114,1.135387865500737,FALSE
1904,0.012773714605665414,0.07607557950634052,-0.20025650112900553,0.16790821297129638,FALSE
1905,9.743934285837609e-5,0.08438748668552548,-0.001527579288836904,0.0011546657767103439,FALSE
1906,-0.002159971679573169,0.07281403810233149,0.03386237945986518,-0.029664220469926214,FALSE
1907,-0.04945214358550186,0.1864452050593448,0.7752727811352194,-0.26523687519752215,FALSE
1908,-0.008643940143240153,0.02314192089250348,0.13551306432712146,-0.37351869723313436,FALSE
1909,-0.007771609525545183,0.022831129301747688,0.12183733391352507,-0.34039531828810055,FALSE
1910,-0.007525853376511897,0.022686216518063403,0.11798455748508374,-0.33173682224709444,FALSE
1911,-0.008399083704492459,0.02284314829618829,0.1316743928665289,-0.3676850316597545,FALSE
1912,-0.007045202917795382,0.02372485841275361,0.11044928821533424,-0.29695447682874854,FALSE
1913,-0.044022683952479574,0.12992376475794684,0.6901538769874797,-0.3388347315404198,FALSE
1914,0.20786809551509783,0.19149973479375174,-3.258796582611998,1.0854745868915958,FALSE
1915,0.06902381315669687,0.08223963219567923,-1.0821024067041372,0.8393010925980685,FALSE
1916,0.11112951630088425,0.17194316428507136,-1.7422033287563479,0.6463154075531508,FALSE
1917,0.0858723027988844,0.056732261528606345,-1.3462401058160554,1.51364145347149,FALSE
1918,-0.002450080950573423,0.057184482654932964,0.03841049011906453,-0.04284520619619646,FALSE
1919,-0.17935633579228852,0.34459366372237965,2.8118110800089933,-0.5204864589059482,FALSE
1920,-0.09539334702151614,0.17163392015726295,1.495503735228374,-0.55579542163990725,FALSE
1921,0.04069747161431885,0.089767400904077,-0.6380237481324222,0.4533658232770609,FALSE
1922,0.02032761727297914,0.04858311382225855,-0.3186807938836273,0.41840910706851314,FALSE
1923,0.039693351785773844,0.049359813900190626,-0.6222819275433278,0.8041633192952647,FALSE
1924,0.004024044505546191,0.0996648837788624,-0.06308588362469533,0.040375750745616557,FALSE
1925,0.04479863961251787,0.03127051115846155,-0.7023187147271296,1.4326161598543528,FALSE
1926,-0.05798010425647935,0.08255665713054794,0.9089676082435596,-0.7023068311110834,FALSE
1927,0.002044101793991827,0.04683784976915534,-0.03204586025702919,0.04364209296682857,FALSE
1928,-0.019442143182985327,0.01898493399761866,0.3047990101913641,-1.024082737681575,FALSE
1929,0.0109336613274461,0.03199412695708772,-0.17140955701270857,0.34173963684369096,FALSE
1930,0.015991662585237054,0.06112996788787938,-0.25070502163363284,0.26160103035826754,FALSE
1931,0.014442649375992963,0.12947384234975243,-0.22642078051333622,0.11154878169892035,FALSE
1932,0.07859717506118954,0.112018730974232,-1.2321862326090254,0.7016431482273218,FALSE
1933,0.06958817748273846,0.1275240636295096,-1.0909500777836987,0.5456866375032567,FALSE
1934,0.1144149042911443,0.061500206069267385,-1.7937091220272365,1.8603987141486866,FALSE
1935,0.09060649196359559,0.06627079510465662,-1.4204590927806953,1.3672160085073277,FALSE
1936,0.057840199981626705,0.0946605443941867,-0.9067742963182599,0.6110275442825236,FALSE
1937,0.06529440816957728,0.056909515315442895,-1.0236356554834396,1.147337274050884,FALSE
1938,0.08415473498985857,0.11335603690009702,-1.3193133949488207,0.7423930589954009,FALSE
1939,0.04068984867374205,0.07205678784206021,-0.6379042415162695,0.5646914037152099,FALSE
1940,0.009994798372774671,0.032464898342548634,-0.15669078364519085,0.30786476727313344,FALSE
1941,2.9592401208518423e-4,0.11961367674421393,-0.004639269710468806,0.002473998125799598,FALSE
1942,-0.014520556032447328,0.08484321502709957,0.22764214132480223,-0.17114575429289605,FALSE
1943,-0.05607567305502433,0.10100839064467672,0.8791113964196988,-0.5551585635324603,FALSE
1944,-0.009474616165718475,0.023353227677638765,0.14853576594278842,-0.40570906499535525,FALSE
1945,-0.007855600717269925,0.02277981415626403,0.1231540834025885,-0.34484920128770147,FALSE
1946,-0.007803921765135859,0.02269890844160302,0.12234390042482014,-0.34380163192484947,FALSE
1947,-0.008176778064083142,0.02289037189007297,0.12818925552755409,-0.35721473217432625,FALSE
1948,0.2198822147873848,0.2732011871183539,-3.4471447306556118,0.8048362348152217,FALSE
1949,-0.025152239808332914,0.1871784785931437,0.3943175258777479,-0.13437570385965428,FALSE
1950,0.22651712241487573,0.3453108232726638,-3.5511617239745474,0.6559803723152159,FALSE
1951,0.0846553757925889,0.04600378036522999,-1.3271620575009595,1.8401830267099544,FALSE
1952,0.13214199619376468,0.11661426225362209,-2.0716208735577273,1.1331546728510071,FALSE
1953,0.07943039593833547,0.08916566774016088,-1.2452488305044629,0.8908181585069813,FALSE
1954,-0.01049440273440794,0.015157995084870408,0.16452319766868054,-0.692334485903263,FALSE
1955,-0.09536038135008647,0.26290978411757066,1.4949869247138392,-0.36271142084024627,FALSE
1956,-0.0013651321496678936,0.058586333845060665,0.021401494890919352,-0.0233012045655249,FALSE
1957,-0.01548331133868601,0.11432062008053731,0.24273548065659162,-0.13543760808660965,FALSE
1958,0.068249552361126,0.056687615403227656,-1.0699641397497766,1.2039587813961925,FALSE
1959,0.030946079850725682,0.08093047556084486,-0.4851489066317932,0.3823785741560349,FALSE
1960,0.005335440020626221,0.07645459669224394,-0.08364493677042016,0.06978573233605825,FALSE
1961,-0.027808668736930543,0.05784679252373956,0.43596298134321565,-0.48072965714595556,FALSE
1962,0.0426409927697841,0.04533730953226239,-0.6684927822762611,0.9405276406938181,FALSE
1963,-0.012655013403449928,0.015271522898294232,0.19839559471538196,-0.8286674150135638,FALSE
1964,-0.017736209102518254,0.015905167029741353,0.2780546839982968,-1.1151224673939608,FALSE
1965,0.009535152837397034,0.032612133241397376,-0.14948481345438436,0.29238053109918144,FALSE
1966,-0.05345717226795264,0.10601354488882503,0.8380605492691016,-0.5042485120558176,FALSE
1967,-0.1313399813044229,0.13626177974278492,2.0590474992064856,-0.9638798315444531,FALSE
1968,0.059054465503613526,0.09699557100085154,-0.9258106199235185,0.6088367220715168,FALSE
1969,0.17730880180534656,0.17686278000406014,-2.7797114124631204,1.002521852259001,FALSE
1970,0.09263632728228874,0.13233790435661866,-1.4522812941792833,0.699998445136748,FALSE
1971,0.07880376195846824,0.08706992013479356,-1.2354249435482678,0.905062986579884,FALSE
1972,0.089330209150802,0.10194035384746179,-1.4004505096526698,0.8762987941406506,FALSE
1973,0.08413765360891567,0.10498201445309682,-1.319045606158506,0.8014482675649756,FALSE
1974,0.0696177029038039,0.05644612554625976,-1.091412954691431,1.2333477670978414,FALSE
1975,0.06005393418053131,0.09879449558909874,-0.9414795233244776,0.6078672078078592,FALSE
1976,0.0783223298624268,0.05505390931080951,-1.227877420367994,1.4226479253317745,FALSE
1977,-0.05511137489828444,0.16718407062041574,0.8639938694609993,-0.3296448919670849,FALSE
1978,-0.049649050817971635,0.10878768757561688,0.7783597417131474,-0.4563848347586324,FALSE
1979,-0.07219186096113293,0.1336708706677714,1.1317686305325931,-0.5400717493683438,FALSE
1980,-0.009079066099516357,0.02347542963598061,0.14233463536141075,-0.386747601228177,FALSE
1981,-0.007292971139637913,0.022898477303420435,0.11433360837817351,-0.3184915329958876,FALSE
1982,-0.008040476937321238,0.02363511755518138,0.12605243099468294,-0.3401919587896686,FALSE
1983,0.16477181551948372,0.17190640682703592,-2.583166156379529,0.9584972344007475,FALSE
1984,0.01950340532458203,0.1309068111295542,-0.3057594310639569,0.14898694083442415,FALSE
1985,0.09925545350499146,0.11518079071745241,-1.556050878737075,0.8617361704737115,FALSE
1986,0.08155064526873929,0.07393571646313948,-1.2784884734380437,1.1029939137655642,FALSE
1987,-0.028446377694202524,0.13638472624964998,0.44596049330150483,-0.20857451179783798,FALSE
1988,0.02954136164833179,0.052082982328512516,-0.46312681196569955,0.5671979661610036,FALSE
1989,-0.08424308159641115,0.24766556331490716,1.3206984252912863,-0.3401485473751389,FALSE
1990,0.035175658659142815,0.1037423608975423,-0.5514569994278653,0.3390674586043293,FALSE
1991,-0.09506592179457657,0.18755837260758904,1.490370613630432,-0.5068604534838558,FALSE
1992,0.062005178682418144,0.07134645491235656,-0.9720696381703002,0.8690716134191471,FALSE
1993,0.057455538472239234,0.05113973059322929,-0.9007438681799349,1.1235010002154007,FALSE
1994,-0.013714221656302386,0.10021025630533717,0.21500104937217565,-0.1368544714077532,FALSE
1995,0.05219499352416459,0.050575050891618074,-0.8182730789182066,1.032030469648326,FALSE
1996,-0.0713496522512315,0.08952999750999313,1.1185651282881925,-0.7969357113325912,FALSE
1997,0.008455914033781792,0.04035832431716358,-0.13256533518462668,0.20952093965372248,FALSE
1998,-0.019303468031178193,0.018205837386079147,0.3026249675145288,-1.060290038948625,FALSE
1999,0.011166677025198421,0.03403384597195716,-0.17506259841691513,0.3281050585467014,FALSE
2000,0.05487703524035286,0.0703001963409156,-0.8603200720244782,0.7806099854149872,FALSE
2001,-0.05876138772203462,0.09984223086714797,0.9212159712320869,-0.5885424154857244,FALSE
2002,0.05262547107158406,0.0920270117899458,-0.8250217757634127,0.5718480916418666,FALSE
2003,0.07710138730260131,0.09866418927566674,-1.2087364192842762,0.7814526006713624,FALSE
2004,-0.06136399887184507,0.068038250319118,0.9620177128358346,-0.9019044226450729,FALSE
2005,0.07690688974234729,0.04723274552272834,-1.2056872356993131,1.6282536382590715,FALSE
2006,0.06553449322529102,0.10071539828250171,-1.0273995248601102,0.6506899078278975,FALSE
2007,0.0359549808290213,0.08132090589156009,-0.5636746147269351,0.4421369933700271,FALSE
2008,0.039680028604126207,0.10563346607785877,-0.6220730569193138,0.37563880157903207,FALSE
2009,0.06670062789202716,0.042111637823496945,-1.0456812898294203,1.5839001126384675,FALSE
2010,0.016828707737383524,0.045824720422183184,-0.2638275735796035,0.36724081636157574,FALSE
2011,-0.06175850886988729,0.09749998847226743,0.9682025380262539,-0.6334206786850408,FALSE
2012,-0.011747321594219916,0.026190605213974254,0.18416549866021883,-0.4485318876080045,FALSE
2013,-0.1477776079275353,0.25423708848621324,2.3167440030057427,-0.5812590476371389,FALSE
2014,-0.011266737030672963,0.025037633846122436,0.17663126244440122,-0.4499920839132263,FALSE
2015,-0.009047409815156176,0.023844799041076593,0.14183835241315204,-0.3794290654146643,FALSE
2016,-0.009011400762774381,0.023894673560590857,0.14127383010608946,-0.37713010558289256,FALSE
2017,-0.009082076660252526,0.023947918027695657,0.1423818326237634,-0.37924284899209804,FALSE
2018,-0.012766236200934568,0.025531262057231614,0.20013926043499772,-0.5000237031885617,FALSE
2019,-0.03800990532797255,0.09825035348227473,0.5958901450521341,-0.38686787355762425,FALSE
2020,0.19512901570688926,0.1611005224413588,-3.05908305927529,1.2112252198183713,FALSE
2021,0.11310162836112173,0.06575686477441198,-1.7731205891781765,1.719997277077192,FALSE
2022,0.09950358246805045,0.10561777279781577,-1.5599408543240452,0.942110213387384,FALSE
2023,0.09944699262964908,0.053427499316213524,-1.5590536822376508,1.8613446989361548,FALSE
2024,-0.014831573665037743,0.05484478697601638,0.23251803724190365,-0.2704281388042147,FALSE
2025,-0.03834127750309871,0.31759978561169333,0.6010851438767393,-0.12072198798640205,FALSE
2026,-0.04896508158083246,0.10858252421473151,0.7676369965651841,-0.4509480870420704,FALSE
2027,0.02017194101306302,0.05601756372583534,-0.31624022087240433,0.3601002912548963,FALSE
2028,0.03969977625868717,0.05354566234560312,-0.6223826455025854,0.7414190901673867,FALSE
2029,-0.010272987710094009,0.06632145291993179,0.16105202272581495,-0.15489690375897414,FALSE
2030,0.023768307221737506,0.07064997943673912,-0.372621292155171,0.3364234131592345,FALSE
2031,0.0017786902054792006,0.1195880178538753,-0.027884940922644135,0.014873481786884232,FALSE
2032,0.05216497867068827,0.04525946674122656,-0.8178025290644935,1.1525760780378689,FALSE
2033,-0.013402039833003894,0.01330300039352269,0.2101069021659979,-1.0074448948772057,FALSE
2034,-0.01355602417879683,0.09949502274126,0.21252095064516585,-0.13624826453931976,FALSE
2035,0.01841080521802174,0.035681940975333885,-0.28863048453372053,0.5159698355744916,FALSE
2036,-0.040642385763441695,0.1038988498771895,0.6371601544089895,-0.3911726242540875,FALSE
2037,0.06553289701963894,0.08858456653630133,-1.027374500772064,0.7397778143756455,FALSE
2038,0.08751182741448858,0.050749771281316525,-1.3719433153499643,1.724378754918763,FALSE
2039,-0.0854884626079446,0.11814801095431929,1.3402225536784649,-0.7235708999028162,FALSE
2040,0.0692207497155048,0.10000039884636919,-1.085189827037904,0.6922047363215899,FALSE
2041,0.07502025921916991,0.08323619801472251,-1.1761100892577352,0.9012936800152813,FALSE
2042,-0.0014423560308754176,0.05949715815433707,0.022612151675701585,-0.02424243569976756,FALSE
2043,-0.04518884547725457,0.1282659523731117,0.7084360630165247,-0.352305850782639,FALSE
2044,-0.04948287001856348,0.19372621656798383,0.7757544865879438,-0.2554268126183045,FALSE
2045,0.06533308230556281,0.05160870020864762,-1.0242419589273268,1.265931558854015,FALSE
2046,0.057107555396877056,0.0500915901571047,-0.895288456400715,1.140062737432927,FALSE
2047,0.012948753933580817,0.05391953709538306,-0.2030006334703344,0.24014957529540018,FALSE
2048,-0.01317681370082807,0.031170025825094393,0.20657597959690077,-0.42273990322522187,FALSE
2049,-0.12053136706354761,0.1832769557101598,1.8895983345155172,-0.6576460559185622,FALSE
2050,-0.012259599484100804,0.02551717317957099,0.19219659853995133,-0.48044504764798246,FALSE
2051,-0.010571530803120557,0.024915481425237987,0.16573235237864845,-0.42429566672599744,FALSE
2052,-0.00917227253991979,0.023842602859061927,0.14379585445187032,-0.38470097388858104,FALSE
2053,-0.009395257478557987,0.02377694677371512,0.14729164130750794,-0.3951414606750196,FALSE
2054,-0.007815698748592637,0.022847295296520912,0.12252853093941317,-0.34208420065296646,FALSE
2055,-0.008280639873056411,0.023561572935281452,0.12981752131460175,-0.35144681960756774,FALSE
2056,-0.045033925083735334,0.1016373538412916,0.7060073398989807,-0.4430843915324335,FALSE
2057,-0.03876669669628921,0.18736909978562422,0.6077545397237131,-0.2069001598483613,FALSE
2058,0.1246111122543934,0.19409521239265304,-1.9535574507661895,0.6420102315677222,FALSE
2059,0.06995426102229269,0.05259463187113424,-1.096689254758855,1.3300646574291553,FALSE
2060,0.09892534977119578,0.10638134138997764,-1.5508757655628522,0.9299126000728893,FALSE
2061,0.06980902684961154,0.08071614457956093,-1.0944123847830225,0.8648706800013426,FALSE
2062,0.15427179574412106,0.2832845978035676,-2.4185548990506,0.5445823632497475,FALSE
2063,0.046596798366458386,0.1870676009854021,-0.730508868621668,0.2490906929954941,FALSE
2064,-0.11112264454628577,0.1771555756742225,1.7420955986578615,-0.6272602153410799,FALSE
2065,0.06144262564558171,0.06070370869068498,-0.9632503630937774,1.0121725174760223,FALSE
2066,0.0714501440491177,0.07090678094517056,-1.120140561625957,1.0076630626394858,FALSE
2067,0.014832484523552505,0.07574471805298787,-0.23253231698313953,0.1958220309589946,FALSE
2068,0.055469357981792325,0.03275730864139431,-0.869606053698689,1.69334296016302,FALSE
2069,-0.01927039565662615,0.09686188149040952,0.3021064841902746,-0.19894715403121865,FALSE
2070,-0.019371057381612204,0.018221836618715324,0.3036845815147895,-1.063068327685286,FALSE
2071,-0.001594156106361063,0.05170842652740694,0.024991956840159518,-0.030829716033152058,FALSE
2072,0.005808091463451598,0.029350173057709317,-0.0910548036036596,0.19788951336101254,FALSE
2073,0.024939237852965077,0.04764837453976046,-0.3909782445776411,0.5234016499797781,FALSE
2074,0.044431411456490044,0.06840962724465469,-0.6965615933327333,0.6494906235578382,FALSE
2075,0.035216622536015145,0.17068417249268383,-0.5520991996733204,0.20632623413002552,FALSE
2076,-0.0531557564319858,0.18233392724228858,0.8333351829556235,-0.29152970725712213,FALSE
2077,0.09395370331177987,0.13628576773767828,-1.4729341052433498,0.6893874897679791,FALSE
2078,0.17011077816068654,0.2214136436305731,-2.6668663180937697,0.7682940191550031,FALSE
2079,0.021727531765986373,0.07962028757437604,-0.3406275796780333,0.27288939073084784,FALSE
2080,0.06867684381892442,0.056538640828723424,-1.07666288752539,1.2146886237851406,FALSE
2081,-0.057416067122499484,0.12467119642483197,0.9001250666302106,-0.46053995444823825,FALSE
2082,0.0628801228668855,0.09754636830490397,-0.9857863420793491,0.644617774701145,FALSE
2083,0.011948942295803185,0.16552037979773954,-0.18732635339203924,0.07219015755283065,FALSE
2084,0.10677515172082588,0.08328154038659744,-1.6739389403335931,1.2820986646641,FALSE
2085,0.07947078416664814,0.060805917203327106,-1.245882006173278,1.3069580695725407,FALSE
2086,0.024245077809583813,0.05439180239157866,-0.3800957357849805,0.44574874785428353,FALSE
2087,-0.04961380819581595,0.08513531326840464,0.7778072349113766,-0.5827641467577543,FALSE
2088,-0.07046650650607136,0.13578549077728447,1.1047198466005699,-0.5189546107076389,FALSE
2089,-0.009551969618377093,0.024072716743044544,0.14974845404940956,-0.3967964945683579,FALSE
2090,-0.00822044240809002,0.022952270708480698,0.12887379162569365,-0.3581537753932392,FALSE
2091,-0.008438720056571742,0.02284410029000875,0.13229578119638827,-0.36940478939599813,FALSE
2092,-0.008428602735570707,0.022860135830994704,0.13213716959694266,-0.36870309073767027,FALSE
2093,-0.008346818360967683,0.022881793811051668,0.13085501689425416,-0.3647798957499677,FALSE
2094,-0.016060289210963967,0.023798342707350248,0.25178089724042513,-0.674849060224839,FALSE
2095,-0.03426373696438687,0.06898147094709599,0.5371605904714242,-0.49670928285459126,FALSE
2096,0.10779159879193306,0.210159531904124,-1.6898740179775285,0.512903687095707,FALSE
2097,0.017930659523111587,0.05088104377134659,-0.2811031285638121,0.3524035317296134,FALSE
2098,0.0924524032023316,0.09823920938139637,-1.4493978735093669,0.941094739915928,FALSE
2099,0.11273100552735336,0.08998373166875011,-1.7673102486296213,1.2527931820202898,FALSE
2100,-0.015868671944245613,0.15980854519749854,0.24877686868855017,-0.0992980189177894,FALSE
2101,-0.08364560350572009,0.33082732205366233,1.311331622005266,-0.2528376525447685,FALSE
2102,0.026389107853714053,0.06810477419026954,-0.4137081945103822,0.3874780904491185,FALSE
2103,0.07974802571164534,0.13048513551165256,-1.2502283864927597,0.6111655967474066,FALSE
2104,0.02370397413180856,0.038547683935654095,-0.3716127273098069,0.6149260269793778,FALSE
2105,0.07270922419509517,0.11279175077376244,-1.1398794545367643,0.6446324637777389,FALSE
2106,0.05381940419924996,0.06288287659763082,-0.8437393436838938,0.8558674016079866,FALSE
2107,0.008337953736414591,0.08347913904850741,-0.1307160441089974,0.09988068673743314,FALSE
2108,0.03955424971628639,0.037672407587643,-0.6201011919785137,1.0499527969977862,FALSE
2109,-0.01163530383756854,0.015618661046070795,0.18240937018045966,-0.7449616713780755,FALSE
2110,-0.01909175279079285,0.015244523752370337,0.2993058583451059,-1.2523679388688227,FALSE
2111,0.018224944655131047,0.06415894179638446,-0.2857167051695057,0.28405930872379315,FALSE
2112,0.011608672806658255,0.04313467236228591,-0.18199186930180475,0.2691262543773975,FALSE
2113,0.04322881938634605,0.044473285129727855,-0.6777082771528249,0.9720176789335053,FALSE
2114,0.047267014885520466,0.07840408051612181,-0.7410160092028977,0.6028642205146606,FALSE
2115,-0.040672397322768845,0.16981953352300375,0.6376306526195582,-0.23950364530508714,FALSE
2116,0.09353983084204802,0.05943233176105932,-1.46644573007131,1.5738879507220729,FALSE
2117,0.03914746144668746,0.08575332292538855,-0.6137238774631201,0.45651247218429675,FALSE
2118,0.05772099558207652,0.10426195629524322,-0.9049055011627367,0.5536151213068112,FALSE
2119,0.0029164417479154514,0.0620501691888663,-0.045721737036858244,0.04700135045624904,FALSE
2120,-0.002929016219541736,0.07592358623335241,0.045918869959360585,-0.03857847560755831,FALSE
2121,0.047655770512300494,0.0902722781931385,-0.7471106217738294,0.5279114636980853,FALSE
2122,0.07024652361011284,0.15656515534340523,-1.101271123467728,0.4486727807093236,FALSE
2123,-0.18606707435101083,0.21155389830053029,2.9170168925112705,-0.8795256237097874,FALSE
2124,0.04886716091758829,0.1243398491299493,-0.7661018715044745,0.393012869643396,FALSE
2125,0.07049012480844873,0.05008071804559368,-1.1050901162318172,1.4075302343763172,FALSE
2126,-0.008832832534684358,0.09737957565791008,0.13847437437421847,-0.0907051861235634,FALSE
2127,-0.0124610826519827,0.0272460301957086,0.1953552971238794,-0.45735406451782434,FALSE
2128,-0.02791565561765248,0.08468337474394744,0.4376402396084488,-0.32964741547038656,FALSE
2129,-0.010549871618217641,0.025402986467025972,0.16539279628867282,-0.4153004463436521,FALSE
2130,-0.010120481528522185,0.025350347238825007,0.1586611477716671,-0.39922457208090184,FALSE
2131,-0.009395078077757467,0.025274906406419908,0.14728882879934402,-0.37171564264906976,FALSE
2132,-0.012246776930346977,0.023727103191874186,0.19199557637611334,-0.51615137470895,FALSE
2133,-0.05341473928000617,0.138078059610231,0.8373953174269214,-0.38684450977067725,FALSE
2134,0.12940481294871348,0.12685875322648235,-2.0287094138512622,1.0200700358270558,FALSE
2135,0.10874108153027609,0.162447024384378,-1.7047592801688907,0.6693941113564242,FALSE
2136,0.06849356286744422,0.09028563902634999,-1.073789549330505,0.7586318666632494,FALSE
2137,0.17207301502724046,0.14139577449252524,-2.697628762802543,1.2169600940679945,FALSE
2138,0.05315939086173974,0.08856850502700314,-0.8333921607579772,0.6002064824909519,FALSE
2139,-0.001100509535117542,0.09704770034911038,0.01725294448523238,-0.011339882667581729,FALSE
2140,-0.020811588230281602,0.10435091366973696,0.32626811938363975,-0.19943848595469668,FALSE
2141,0.015414167100969716,0.03565949125993857,-0.24165149032599853,0.4322598712530334,FALSE
2142,0.07341755668370432,0.04443462630797428,-1.1509841480565302,1.652260022957113,FALSE
2143,0.0967257846858736,0.09199768097309835,-1.516392671052757,1.0513937271327287,FALSE
2144,-0.01597516234412777,0.1198946501610972,0.2504463435079399,-0.13324332922830703,FALSE
2145,-0.00656477077867587,0.044618507297789343,0.10291744159279219,-0.14713111612770438,FALSE
2146,-0.022564468798901557,0.04214204419250434,0.353748436613615,-0.5354384019870355,FALSE
2147,0.010494969459999958,0.02790229795175685,-0.16453208235787717,0.3761328001781713,FALSE
2148,-0.014977167372447704,0.03904660292627386,0.23480054372747894,-0.3835715849782619,FALSE
2149,0.020017455291821078,0.04662491329119635,-0.31381831221346335,0.42932959825151557,FALSE
2150,0.007542748555350396,0.05888940789530784,-0.1182494271416084,0.12808328059198204,FALSE
2151,0.009807765677634027,0.023261632102881256,-0.1537586284904967,0.42162844095617896,FALSE
2152,0.02302912519642803,0.03886193362880597,-0.3610329632582443,0.5925882488605239,FALSE
2153,0.03476560978347224,0.05540574095821481,-0.5450285676311151,0.6274730593295615,FALSE
2154,-0.04003436716448143,0.16667645213857438,0.6276281051180855,-0.24019210062856966,FALSE
2155,0.0873267648941921,0.2099050479899482,-1.369042047085504,0.41602984649694535,FALSE
2156,0.09753845976567843,0.06690105341950049,-1.5291331676945303,1.4579510303681955,FALSE
2157,0.09161240416016016,0.11399764967754143,-1.4362290127409918,0.8036341487679691,FALSE
2158,0.016041557618495333,0.1979445657143029,-0.2514872376993955,0.08104065681524399,FALSE
2159,0.0029046874884108413,0.08846273301137704,-0.04553746277095977,0.03283515430206384,FALSE
2160,0.05334572077904453,0.06411790337334637,-0.8363132983007373,0.8319941540886409,FALSE
2161,-0.027497491647980994,0.17299074109790777,0.4310845855916065,-0.15895354556818858,FALSE
2162,0.07019994152690194,0.1626252881131395,-1.1005408452920298,0.43166682341594603,FALSE
2163,0.07916564842548805,0.11579432039434943,-1.241098322039062,0.6836747100883819,FALSE
2164,0.047356141045471235,0.1254250652827441,-0.7424132607856823,0.37756520946364985,FALSE
2165,0.09605361355659922,0.03799179255856383,-1.5058548875916549,2.528272742291217,TRUE
2166,0.010068990050274527,0.05135742988398996,-0.15785390386571174,0.1960571249966971,FALSE
2167,-0.010001049401506581,0.05013922120535823,0.1567887824795905,-0.19946559122936275,FALSE
2168,-0.007560972565399985,0.023409464955442143,0.11853512919474898,-0.3229878418747131,FALSE
2169,-0.008119673579800021,0.02280464294939302,0.12729401521771952,-0.35605352812665453,FALSE
2170,-0.007394326933197118,0.02268764721518425,0.11592258677748095,-0.325918631538324,FALSE
2171,-0.007309207090080035,0.0228483341697094,0.11458814315747735,-0.319901093698552,FALSE
2172,-0.009141153154836386,0.022573852678313203,0.1433079885987124,-0.4049443081383414,FALSE
2173,-0.02491603248563078,0.11431566489109089,0.39061444862530953,-0.21795816443326826,FALSE
2174,0.02532013652683106,0.14042714672135773,-0.3969496818664662,0.18030798971563874,FALSE
2175,0.0454044330376775,0.15268961515295,-0.7118158794497248,0.2973642509491929,FALSE
2176,0.03503671928415966,0.07032417331408483,-0.5492788144627153,0.49821729332923925,FALSE
2177,0.14310078732437975,0.1415115278435801,-2.2434243963518887,1.0112306008211314,FALSE
2178,0.02144899421407442,0.06543944566533984,-0.33626088155608,0.32776858049448504,FALSE
2179,0.008304367071926635,0.07164412713894906,-0.13018949814154882,0.1159113440773849,FALSE
2180,-0.0016081937339398537,0.08404972188280631,0.025212027999556946,-0.0191338376607863,FALSE
2181,-0.04291415458989526,0.11185860620537143,0.6727752037978153,-0.3836464269106415,FALSE
2182,0.08458653940338158,0.04497043769477257,-1.3260828933831939,1.880936538298671,FALSE
2183,-0.05575292979086051,0.06822765446256267,0.8740516750434489,-0.8171602883029316,FALSE
2184,0.05284317658742829,0.07188293473952476,-0.8284347958773987,0.7351282578947423,FALSE
2185,6.730040995318169e-4,0.03220132212841003,-0.010550842129973982,0.02089989028550012,FALSE
2186,0.06414069082775364,0.035688891945527275,-1.0055485598109726,1.7972172104881532,FALSE
2187,0.04548514035523669,0.05471288376898726,-0.7130811468781001,0.8313424046023122,FALSE
2188,-0.01067538236459821,0.0896323805622944,0.16736045751331888,-0.11910185022006452,FALSE
2189,-0.022246259233242954,0.05280925695601109,0.3487597910855311,-0.421256812073186,FALSE
2190,0.003664499081904766,0.06409474821940765,-0.05744920621658699,0.057173156673625394,FALSE
2191,0.00944388871962604,0.0529362351902842,-0.1480540446085438,0.17840121583408997,FALSE
2192,0.011424823910068112,0.03469139933885513,-0.1791096272990563,0.32932727211358287,FALSE
2193,0.0821703735347168,0.07503336271984562,-1.2882040979080285,1.095117832337048,FALSE
2194,0.02937211800521294,0.13826721877783238,-0.4604735399257657,0.21243009199749674,FALSE
2195,0.043066236404421435,0.0928744674188426,-0.6751594258508784,0.463703723976177,FALSE
2196,0.10448786668901848,0.0767459659606433,-1.6380806397769685,1.3614769894563803,FALSE
2197,6.606511440158308e-4,0.10910641107778679,-0.010357181967163044,0.006055108379880842,FALSE
2198,-0.017875758772353454,0.10491592766386679,0.28024243669808785,-0.1703817444156279,FALSE
2199,-0.03330056950800392,0.1265324892171078,0.5220607897657603,-0.2631780162869152,FALSE
2200,0.0771751357216096,0.04672976875340948,-1.2098925904381115,1.6515197438459135,FALSE
2201,-0.015187592886043268,0.17297312181440952,0.23809943354941313,-0.08780319581870474,FALSE
2202,0.12866561676469054,0.09074743292141409,-2.0171208629848847,1.4178430466029053,FALSE
2203,-0.19440808054338748,0.15848366852543772,3.047780790683842,-1.2266757979052185,FALSE
2204,0.02923718305401508,0.054468992541766285,-0.45835813324563585,0.5367674651150616,FALSE
2205,-0.046649423164940126,0.06294697877334109,0.7313338798530836,-0.7410907413509861,FALSE
2206,-0.010040380078619127,0.02508785086113642,0.15740537867175058,-0.40020885544136725,FALSE
2207,-0.007159075737167432,0.02317458659036777,0.11223449894573745,-0.3089192426044404,FALSE
2208,-0.007242896734466786,0.022852781194340043,0.11354858025712573,-0.31693721096234173,FALSE
2209,-0.0074023326695097464,0.022745882291314214,0.11604809457160509,-0.32543616355283855,FALSE
2210,-0.006817858445640804,0.022793189496595246,0.1068851559366544,-0.2991182276907419,FALSE
2211,-0.04532682407795423,0.13895523263804369,0.7105991856992983,-0.32619731705982896,FALSE
2212,0.003875635592926508,0.050228501405613905,-0.06075924251088834,0.0771600880868275,FALSE
2213,0.12452637153816704,0.14944804906328948,-1.9522289508068174,0.8332418677839788,FALSE
2214,0.11408088849085996,0.08524285062217145,-1.788472678474859,1.3383044754862738,FALSE
2215,0.09147622994010866,0.08435587778859915,-1.4340941777541987,1.0844084886337564,FALSE
2216,0.12084504715564615,0.09437097512923341,-1.894515970430885,1.2805319325158888,FALSE
2217,0.0913091151109393,0.08420773432519892,-1.431474279626728,1.08433169283852,FALSE
2218,3.7361655743351537e-4,0.05278182547289227,-0.005857273852221189,0.007078507688700491,FALSE
2219,0.011693246470955402,0.08301282387351576,-0.18331775034914663,0.14086072398611646,FALSE
2220,0.07675118498691358,0.07712910897113863,-1.2032462159572193,0.9951001121461617,FALSE
2221,0.02761736780067189,0.06096173727174891,-0.4329639119776867,0.4530278997391766,FALSE
2222,0.020886103363419294,0.08768294487966588,-0.327436310493585,0.23820029530352702,FALSE
2223,-7.142254888588347e-4,0.02309584318466019,0.011197079458201427,-0.030924417140709082,FALSE
2224,-0.01580595453986744,0.05125004079607943,0.24779363332214424,-0.3084086235708241,FALSE
2225,-0.021940349958375117,0.048556092336350457,0.343963980083086,-0.45185575903417485,FALSE
2226,0.01873583716064014,0.04021028413535928,-0.2937260860555406,0.4659464006165679,FALSE
2227,-0.016071367671818552,0.04235235867716193,0.2519545768533742,-0.37946806680414874,FALSE
2228,0.03143541353225202,0.05036301439796141,-0.49282030480938976,0.624176569016577,FALSE
2229,0.008746461149690861,0.04791410659474545,-0.137120310040513,0.18254459430221434,FALSE
2230,0.00929701550849824,0.023446350306193978,-0.14575147904496139,0.39652292945747664,FALSE
2231,0.01488595056655301,0.04355992892684555,-0.23337051660095043,0.34173495993421943,FALSE
2232,0.029248115620698737,0.1850780147976461,-0.4585295256416627,0.15803128022891852,FALSE
2233,0.09938850528855923,0.15762199155444545,-1.5581367625593454,0.6305497368000751,FALSE
2234,0.06359471707979357,0.055991876264964546,-0.9969892021104113,1.1357847123902562,FALSE
2235,0.09656899164067798,0.07983454191062533,-1.5139345899384107,1.2096141510874683,FALSE
2236,0.05394590701897118,0.1039806678065513,-0.8457225578735305,0.518807083633409,FALSE
2237,-0.10704654279210374,0.24598075557640317,1.6781936014129673,-0.43518259199286996,FALSE
2238,0.06040345163952875,0.18596694507697958,-0.9469589899935769,0.3248074630387955,FALSE
2239,-0.08482290032910028,0.10978505315781362,1.3297883787059241,-0.7726270370081182,FALSE
2240,-0.05751223554872458,0.14038292884456754,0.9016327214627665,-0.40968112021941305,FALSE
2241,0.15221174393411047,0.09270946331771147,-2.3862589866748665,1.6418145298984976,FALSE
2242,-0.2597700988433616,0.22110791270510677,4.072476385939862,-1.1748566374909382,FALSE
2243,0.025273165284167322,0.14081844696246365,-0.3962133027473218,0.17947339875793472,FALSE
2244,0.007965062987802751,0.051859572014739765,-0.12487014893084278,0.15358906135088976,FALSE
2245,7.227845263734142e-4,0.0350136861171498,-0.011331261484230207,0.02064291442937773,FALSE
2246,-0.005832493876392924,0.02010500175956522,0.09143736591897605,-0.29010163471475636,FALSE
2247,-0.009309794055304445,0.026815419941564493,0.14595181130162452,-0.34718061755482926,FALSE
2248,-0.008866297390144577,0.023369490412421354,0.13899901071314832,-0.3793962655442398,FALSE
2249,-0.008402368899655281,0.023134396808578976,0.1317258956367991,-0.36319809715286866,FALSE
2250,-0.006857110397234675,0.022822025596468523,0.10750051793050915,-0.30046020096900355,FALSE
2251,-0.00887898417157215,0.021195064551053532,0.13919790434258228,-0.41891753385251224,FALSE
2252,0.1886337511677742,0.1562138583007769,-2.9572552832003813,1.2075353186948081,FALSE
2253,0.19641039772312482,0.19478393320402967,-3.079171583804181,1.0083500958849183,FALSE
2254,0.012085579187884226,0.06156502687847854,-0.18946844179607755,0.1963059191339201,FALSE
2255,0.013529901269979243,0.07666213308324292,-0.21211141571498965,0.17648740943965016,FALSE
2256,0.14489065303235982,0.15304119583243328,-2.271484538231989,0.946742818129848,FALSE
2257,0.0141623783217108,0.11392522330829265,-0.22202690587068605,0.12431293009965,FALSE
2258,0.054841674863842296,0.06771240047039316,-0.8597657191602402,0.8099207011250692,FALSE
2259,-0.005966496619355121,0.1264010214175544,0.09353815815331933,-0.04720291460023362,FALSE
2260,0.01259066528281543,0.0439458925115485,-0.1973867942301436,0.286503801908375,FALSE
2261,0.0559512987621513,0.04570847022885635,-0.8771615516415714,1.224090381542205,FALSE
2262,0.013343750294696604,0.07680695613843806,-0.20919308348801788,0.1737310129911361,FALSE
2263,-0.005451938862208275,0.0132886801787667,0.08547131626307435,-0.41026940139018836,FALSE
2264,-0.001849791133519835,0.02972901767379326,0.02899960674351097,-0.06222173748951228,FALSE
2265,-0.027603343783705755,0.030707196288500077,0.4327440541950362,-0.898921006150056,FALSE
2266,0.04822128461543722,0.047339217698199314,-0.7559763181768976,1.0186329001645384,FALSE
2267,0.005545787786295805,0.04853596929916605,-0.08694260771999753,0.11426139966655809,FALSE
2268,-0.009676292814546867,0.04101082715793998,0.1516974977726106,-0.23594483420882356,FALSE
2269,-0.01678990560653604,0.06328307962669626,0.2632192635304326,-0.2653142942091134,FALSE
2270,0.01585748366900352,0.03788619819505137,-0.24860146748985298,0.4185556858295378,FALSE
2271,0.012451485691790016,0.03563072192988154,-0.1952048433421103,0.3494592592396405,FALSE
2272,0.0186306943010771,0.045913027575217195,-0.29207773693981404,0.4057823080944791,FALSE
2273,0.05640177350628433,0.11628111926547287,-0.8842237492005378,0.48504670287458784,FALSE
2274,0.0035616962534221453,0.10095164241168145,-0.05583754231351496,0.03528121156164577,FALSE
2275,0.05969103682770329,0.12253464334602791,-0.9357902969412543,0.48713600658338424,FALSE
2276,-1.9487217065456176e-4,0.07064584533192621,0.0030550564395253393,-0.0027584378067664695,FALSE
2277,0.04371646970097537,0.12788233207114014,-0.6853532847952232,0.34184917488567673,FALSE
2278,-0.018945128146796213,0.09899512442211379,0.29700718962637396,-0.19137435563002536,FALSE
2279,-0.0686991844648363,0.14695005415018716,1.077013127038436,-0.4675002323893244,FALSE
2280,0.0796126971551483,0.05951999513370775,-1.2481068091706142,1.3375790266162424,FALSE
2281,-0.08021428342617859,0.1093353447628221,1.2575380173573338,-0.7336537292692042,FALSE
2282,-0.040948979412546604,0.13617431713965367,0.641966694505861,-0.3007100037120168,FALSE
2283,0.00902632469590626,0.1417024223188767,-0.14150779608421987,0.06369915593675657,FALSE
2284,0.06127909287177038,0.055511102993237846,-0.9606866216830484,1.1039069585634997,FALSE
2285,-0.006574063052921583,0.023894307352650985,0.1030631187419554,-0.2751309320624527,FALSE
2286,-0.00812375696113401,0.022052065746209753,0.12735803133863374,-0.3683898395110807,FALSE
2287,-0.008295472317207746,0.023208852129188016,0.1300500529986602,-0.35742708303850834,FALSE
2288,-0.006886767672418427,0.02281983420042818,0.10796546194598637,-0.30178868136952575,FALSE
2289,0.2047482839161466,0.19993673348905533,-3.2098865690196665,1.0240653647937819,FALSE
2290,0.01287611143116786,0.14475150371095094,-0.2018618000287275,0.08895321361828269,FALSE
2291,0.04300772394229569,0.056086041695643456,-0.6742421123442381,0.7668168878039464,FALSE
2292,0.07853878558722889,0.06783099891698391,-1.231270847216515,1.1578597815336595,FALSE
2293,0.09366357766689411,0.08548334717946571,-1.468385737886931,1.0956938486539916,FALSE
2294,-0.03545465474834553,0.08493593406631572,0.5558308861458001,-0.4174282079556984,FALSE
2295,0.07099673287715833,0.0763790984873927,-1.1130323290035438,0.9295309094133547,FALSE
2296,-0.0014424041227599216,0.12283486672828456,0.022612905623384055,-0.011742627815525496,FALSE
2297,-0.032742645515873345,0.11861750574784223,0.513314085302014,-0.2760355253589453,FALSE
2298,0.056766698779362884,0.06655707810794759,-0.8899447677621899,0.8529025070375553,FALSE
2299,-0.029125540235303102,0.09982999936613324,0.4566078827553419,-0.29175138155098274,FALSE
2300,-0.006451326686158709,0.018645998222200418,0.10113895211321937,-0.3459898799345368,FALSE
2301,0.0022810906333471615,0.06850559354206108,-0.03576118952819314,0.03329787416478067,FALSE
2302,0.011452566414315708,0.060314781130829456,-0.17954455300427882,0.18987992992088987,FALSE
2303,-0.0026096001075869577,0.09089187916823695,0.04091130912377368,-0.028711037019673678,FALSE
2304,0.022694642604439427,0.07496740912458053,-0.35578920170352074,0.30272678313753065,FALSE
2305,-0.01615168928720334,0.04087035089573609,0.25321379753886325,-0.39519331087730913,FALSE
2306,-0.003590102882854576,0.06483698587947333,0.05628287966405227,-0.05537121805026971,FALSE
2307,0.020689580417524018,0.04507802838992723,-0.32435537446585366,0.45897261163594155,FALSE
2308,0.00986945369012293,0.023243475993594876,-0.1547257258403272,0.4246117789285312,FALSE
2309,0.011897705809141764,0.03203138503279585,-0.18652310704861394,0.37143900574265226,FALSE
2310,0.023249528254419727,0.05485880048345073,-0.3644882733692103,0.42380671924158125,FALSE
2311,-0.008603694588927579,0.04595696206781621,0.1348821253918599,-0.18721199578491657,FALSE
2312,-0.06240033527266364,0.20502441445138975,0.9782646001373959,-0.3043556321798858,FALSE
2313,-0.03457475360151269,0.15919368438801773,0.542036470782395,-0.2171867165109414,FALSE
2314,0.0950440098613136,0.07587249549285803,-1.4900270951455061,1.2526806880928307,FALSE
2315,-0.0407208653227947,0.10758346923052438,0.638390496752728,-0.37850485408255524,FALSE
2316,0.0027068759610043383,0.1408568023133215,-0.042436325350538505,0.019217218597531203,FALSE
2317,-0.04648137886356205,0.1350128890758053,0.7286994101731585,-0.3442736407000689,FALSE
2318,0.03203259764327005,0.06064058611155457,-0.502182499307556,0.528236939932322,FALSE
2319,0.06822362561935812,0.16705821635060997,-1.0695576801761606,0.40838234185486094,FALSE
2320,-0.038038738905367464,0.10617908287114192,0.596342175765391,-0.35825077667633437,FALSE
2321,-0.021677351806736276,0.04984582604119839,0.3398408967610873,-0.43488800423970486,FALSE
2322,-0.006854312904971429,0.045818624615976314,0.1074566609922678,-0.14959665337884076,FALSE
2323,0.07547995033004741,0.042675508973865184,-1.1833167739462758,1.7686947887668294,FALSE
2324,-0.006762148379118396,0.01546627089569002,0.10601177623906091,-0.4372190571809267,FALSE
2325,-0.00970247186452219,0.022204100502570434,0.15210791284080186,-0.43696757107539635,FALSE
2326,-0.009015116652576911,0.023023360737704664,0.14133208497661126,-0.39156388831684014,FALSE
2327,-0.009657750599371111,0.02025621520163341,0.1514068071435409,-0.47677962063674834,FALSE
2328,-0.008791732126741239,0.021985989694359206,0.13783003369934435,-0.39987884325247697,FALSE
2329,-0.006991596130409001,0.02283476283674326,0.10960888211498175,-0.30618212154841706,FALSE
2330,-0.006650466599039206,0.022858521300464354,0.10426091494233221,-0.2909403679976494,FALSE
2331,-0.009518239562123904,0.021375735046250198,0.14921966009583615,-0.44528244486234053,FALSE
2332,0.030061576913534928,0.09241561912143526,-0.47128234792837664,0.3252867556298427,FALSE
2333,0.040553820015537936,0.036986952182295314,-0.6357716885364849,1.0964358408247,FALSE
2334,0.05298190765399198,0.08733834988205258,-0.8306097151429048,0.6066282191676647,FALSE
2335,0.03313584640603951,0.05387507192309669,-0.5194783873031378,0.6150496922461444,FALSE
2336,0.06308652033513175,0.09702452534346646,-0.9890220832954982,0.6502120995882814,FALSE
2337,0.13074867878014296,0.0855005811745824,-2.0497775117144736,1.5292139185951161,FALSE
2338,0.07599844654537494,0.05743409766379419,-1.1914453599633823,1.3232287027516672,FALSE
2339,0.1303439974187233,0.182105601896146,-2.0434332276896776,0.7157605041335185,FALSE
2340,0.07590401021481409,0.053351935240986,-1.1899648595982661,1.4227039726293405,FALSE
2341,0.02651760633713425,0.050486666071615324,-0.41572269518497057,0.5252397989504601,FALSE
2342,0.016761877345945808,0.07650451247606142,-0.26277985795642345,0.21909658402425175,FALSE
2343,-0.004474233289233564,0.019087592791012322,0.07014359811510451,-0.23440531963466466,FALSE
2344,0.04963868975777488,0.05669483756442486,-0.7781973089575205,0.8755416170188023,FALSE
2345,-0.026436092859108043,0.10042441603395853,0.4144447893910565,-0.2632436802039125,FALSE
2346,0.047874621393812454,0.07238495038489687,-0.7505415980523463,0.6613891580949609,FALSE
2347,-0.02628593640122618,0.06512462100855111,0.4120907516028621,-0.4036251726942831,FALSE
2348,-0.023357754142005683,0.044237361089746324,0.36618495583383437,-0.5280096634746986,FALSE
2349,0.023577365369281098,0.05643210570072785,-0.36962785223010397,0.41780056009813227,FALSE
2350,0.00136558348631293,0.0285690327300312,-0.021408570600699672,0.04779943021583142,FALSE
2351,0.012118501179806413,0.03624414902197182,-0.18998456753679283,0.33435744821764124,FALSE
2352,0.015816906414253363,0.05529179779728713,-0.24796532840951974,0.286062436823666,FALSE
2353,0.022331381136920788,0.22626768867767466,-0.35009426700942586,0.09869452093415129,FALSE
2354,-0.0033428626730812486,0.07855647553595664,0.052406837269489255,-0.042553623368084575,FALSE
2355,0.018561077663456563,0.07478987480465048,-0.2909863406858167,0.24817634354834384,FALSE
2356,0.06833547727728433,0.04616562635473945,-1.0713112046874915,1.4802241986752311,FALSE
2357,-0.010869802443528054,0.062063136721070056,0.17040842640550374,-0.17514104213552942,FALSE
2358,-0.20968828012651186,0.22626013899415823,3.2873320410078644,-0.9267574971830357,FALSE
2359,-0.18727457615893006,0.14584682881376326,2.9359471797946273,-1.2840496957123921,FALSE
2360,0.07598812591094495,0.1229015246141257,-1.1912835609719232,0.6182846482134791,FALSE
2361,0.05322141894476629,0.051954008331339716,-0.8343645894728888,1.0243948571849084,FALSE
2362,0.008570427793516593,0.11199297697162124,-0.13436059408648504,0.07652647536718593,FALSE
2363,0.028465968372370237,0.03933389898472133,-0.44626762092927186,0.723700652798936,FALSE
2364,-0.00682075522101716,0.021422573801398725,0.10693056935940054,-0.3183910245449507,FALSE
2365,-0.006257376876224418,0.02020367153962197,0.09809835573768655,-0.30971483890702267,FALSE
2366,-0.0039006232242743376,0.021988050608423602,0.06115097943156437,-0.17739740979038918,FALSE
2367,-0.009866054376822427,0.022435507438443962,0.1546724340134143,-0.4397517820308635,FALSE
2368,-0.0072037098621479875,0.021651256314997036,0.11293423852623477,-0.33271555965822824,FALSE
2369,-0.007110648907845162,0.022821109386687504,0.11147530025528384,-0.31158208776621077,FALSE
2370,-0.008506473202650681,0.0221766638563026,0.13335796305915143,-0.38357767686653843,FALSE
2371,-0.019577212943486976,0.08238577502954685,0.3069165303083703,-0.2376285582852841,FALSE
2372,0.012995089072773773,0.039411491368595904,-0.2037270402471064,0.3297284274588146,FALSE
2373,0.004183067257997284,0.04653550003661474,-0.06557892037937871,0.08988981003118032,FALSE
2374,0.020223930792595875,0.031226260011106677,-0.31705527676375017,0.6476577978087209,FALSE
2375,0.10947443558423918,0.15333256431511197,-1.7162562426006556,0.7139672911180142,FALSE
2376,0.09576047943846168,0.12312732565653513,-1.5012593556988627,0.777735396491811,FALSE
2377,0.04084040566339961,0.11805264506124502,-0.6402645585344661,0.3459507886690031,FALSE
2378,0.05485237057367362,0.11575579885789176,-0.8599333982961873,0.47386283119183886,FALSE
2379,0.04687121584369912,0.05075991840749869,-0.7348109753727069,0.9233902912809825,FALSE
2380,0.019383942625816206,0.03984324383974938,-0.3038865864914266,0.4865051325584572,FALSE
2381,-0.03922789396504487,0.08290094063038457,0.6149848368003599,-0.4731899742844075,FALSE
2382,-0.004223799896038527,0.023684644377749108,0.0662174954397825,-0.17833495106249678,FALSE
2383,-0.0032314434903934716,0.06382345899534245,0.05066009277327109,-0.050630967692134765,FALSE
2384,-0.0665181263789274,0.10856901266954068,1.0428201710716944,-0.6126805866918346,FALSE
2385,0.00805469226803489,0.03781591941793998,-0.12627528804754407,0.21299739347904686,FALSE
2386,0.029297409718523043,0.06729131310548861,-0.4593023207025629,0.4353817508746668,FALSE
2387,-0.012862034363367438,0.06581866061005338,0.20164111055578296,-0.19541622761923605,FALSE
2388,0.03340180461739175,0.048983981465578925,-0.5236478761711845,0.6818923986581862,FALSE
2389,0.003708373061340047,0.03856147384627156,-0.05813702881819877,0.09616782481198143,FALSE
2390,0.01081030273918273,0.02373194050459786,-0.1694756356724839,0.4555170167011133,FALSE
2391,0.013041343826644205,0.03469864252234214,-0.20445218680444122,0.37584593743824424,FALSE
2392,0.013780437774206235,0.043472250611206825,-0.21603913488599238,0.31699388875564083,FALSE
2393,0.008897824476156852,0.037367936031796174,-0.1394932681887938,0.2381138864235301,FALSE
2394,-0.020044860347391256,0.08361589780351454,0.3142479476571185,-0.23972546936581157,FALSE
2395,-0.09035505042046162,0.1472525723517605,1.4165171851038043,-0.6136059219707163,FALSE
2396,0.0952992968620642,0.05066020186046112,-1.4940292889577398,1.8811471996214577,FALSE
2397,0.061187179092178724,0.03568751099049865,-0.9592456679374243,1.7145263817493197,FALSE
2398,0.008439551012084687,0.09793742656765507,-0.13230880827964114,0.08617288924019925,FALSE
2399,0.07922659744713705,0.10913116547667297,-1.2420538340572536,0.7259759125734977,FALSE
2400,-0.11116462263227801,0.16477018802443108,1.742753698896078,-0.6746646584866143,FALSE
2401,0.009124560874548533,0.13471230662623104,-0.14304786755336482,0.06773368449450785,FALSE
2402,0.06797161412018897,0.05437803147833668,-1.0656068371656626,1.2499829852661686,FALSE
2403,0.057743680852051366,0.07134711188923241,-0.9052611434275415,0.8093345241738642,FALSE
2404,-0.006396445514528897,0.023333402581575225,0.10027856719405323,-0.2741325656284578,FALSE
2405,-0.005374139952253922,0.02036322057707795,0.08425164461860224,-0.2639140469903554,FALSE
2406,-0.006604558808154229,0.019260270064316732,0.10354120780458936,-0.3429110176596337,FALSE
2407,-0.008302280909535541,0.020737641056573514,0.13015679288750767,-0.40034837554022784,FALSE
2408,-0.006947168689936319,0.022847009780292613,0.10891238277568771,-0.30407343266114467,FALSE
2409,-0.006751229811624946,0.022879669536144922,0.10584060331160178,-0.29507549490430646,FALSE
2410,0.02818779567963129,0.03880388827934252,-0.44190664278961395,0.7264167826871419,FALSE
2411,0.06606080752786783,0.048293196917591895,-1.0356506768532383,1.3679112534337872,FALSE
2412,0.038204738170604186,0.04687894137707602,-0.5989445849370777,0.8149658897648753,FALSE
2413,0.14756939951470713,0.1813709699959128,-2.313479871189293,0.8136329618683332,FALSE
2414,0.13664806172007787,0.1080370714494192,-2.1422635130728835,1.264825674065534,FALSE
2415,0.20791185252363648,0.13047168935520306,-3.2594825714336,1.593539974466079,FALSE
2416,0.05033654042388473,0.040286663358554735,-0.7891376765028956,1.249459156641622,FALSE
2417,0.03237132267878735,0.11959504276009834,-0.5074927706382938,0.2706744521486781,FALSE
2418,0.040410732212917,0.07571675886510369,-0.6335284677043553,0.5337092186541212,FALSE
2419,-0.0025728851261513706,0.06879108400384758,0.04033571980239913,-0.03740143309861879,FALSE
2420,0.015139209000477383,0.10429850915686459,-0.23734090809823755,0.14515268840236312,FALSE
2421,0.005940259371748911,0.06208938811723672,-0.09312683070730415,0.09567269950434296,FALSE
2422,-0.0010190866729749512,0.10036527555377181,0.015976459297646243,-0.010153777462893171,FALSE
2423,-0.020884877816197703,0.08831904524117018,0.32741709730414553,-0.2364708286776424,FALSE
2424,0.027567881981134034,0.07741601656673842,-0.43218811125079737,0.356100497076964,FALSE
2425,-0.007666123224095329,0.041554441597790766,0.12018360057929052,-0.18448384647534036,FALSE
2426,-0.024662270951740888,0.04466278839424234,0.386636169912602,-0.5521883392959003,FALSE
2427,-0.00930017221332922,0.029483613276614685,0.1458009674423512,-0.3154352937028167,FALSE
2428,0.013108500059474103,0.03696226939176789,-0.20550501071907257,0.3546454337133743,FALSE
2429,0.01241713015045005,0.03663347795709395,-0.19466624351304548,0.3389558088094531,FALSE
2430,0.024870974358114497,0.05414584321954626,-0.38990806185823446,0.4593330324041616,FALSE
2431,2.7658479563514196e-5,0.11689571712792468,-4.3360843066596197e-4,2.3660815163352968e-4,FALSE
2432,0.10118420874720425,0.10088249930188177,-1.5862884242172641,1.0029907015330741,FALSE
2433,-0.09031577390671978,0.12151039404027696,1.4159014380434312,-0.7432761174059141,FALSE
2434,0.05135456260148309,0.16065486908541293,-0.8050974474584138,0.31965767918419075,FALSE
2435,0.06176251858281215,0.05331381811398131,-0.9682653992303477,1.1584711200156044,FALSE
2436,-0.06003678298946891,0.12961208275198544,0.9412106401046485,-0.4632035973401504,FALSE
2437,-0.060582220227912806,0.07849690426811742,0.9497615868204766,-0.7717784642944078,FALSE
2438,-0.016646982956309897,0.08436471212061672,0.26097863183088943,-0.1973216352888114,FALSE
2439,0.08135241022658218,0.09424325068281085,-1.275380696478166,0.8632173618499787,FALSE
2440,0.0036263640146343996,0.03877343422321646,-0.0568513538785916,0.09352702661718401,FALSE
2441,0.03003526246980044,0.036966597700588286,-0.4708698102606659,0.8124973445777094,FALSE
2442,-0.0038450503904581806,0.02115327372695918,0.06027975116309253,-0.18177093721232307,FALSE
2443,-0.006663999412329892,0.01720440921960612,0.10447307201047454,-0.38734253104928523,FALSE
2444,-0.006774593118320372,0.011841710173971863,0.10620687531610976,-0.5720958390968698,FALSE
2445,-0.016416941086878304,0.08916689451413519,0.2573722118263972,-0.18411475667435975,FALSE
2446,-0.008792609839958332,0.022310661735378677,0.13784379381402326,-0.3940990161674869,FALSE
2447,-0.007251717986706268,0.022797356119474237,0.11368687308451297,-0.3180946925907613,FALSE
2448,-0.00823091219175634,0.021937416106730168,0.12903792886449378,-0.37519971138402136,FALSE
2449,-0.005481109755753052,0.02369255010694116,0.08592863516023311,-0.23134317458496212,FALSE
2450,7.909834217307149e-4,0.023956578153351935,-0.012400431462324044,0.03301737905419697,FALSE
2451,0.09806121933328067,0.11431460201190033,-1.537328591278936,0.857818840353154,FALSE
2452,-0.006326974127214493,0.07060272747747016,0.0991894480629596,-0.08961373523754412,FALSE
2453,0.07241211111006532,0.08612516493514037,-1.1352215434525967,0.8407776189990213,FALSE
2454,0.0836311009917696,0.05461516719003492,-1.3111042627138652,1.5312797761979373,FALSE
2455,-0.0053652685594681735,0.13169508421247575,0.08411256572618458,-0.040740082225179296,FALSE
2456,0.04695301324327743,0.11156085335185655,-0.7360933322709687,0.4208735576375551,FALSE
2457,0.032532925052783976,0.049636043408971736,-0.5100262487211963,0.6554294584830594,FALSE
2458,-0.031151692072000817,0.09912758105636567,0.48837233734815344,-0.3142585720344313,FALSE
2459,0.031395502084817256,0.18769379638478365,-0.49219460374552415,0.16726979095491562,FALSE
2460,-0.0051291856337114935,0.07325431304740024,0.08041143867365415,-0.07001888926857565,FALSE
2461,-0.032136039315333105,0.10681274682241754,0.503804178510338,-0.30086333580355495,FALSE
2462,-0.05634778266611499,0.13333430747729635,0.883377322215193,-0.4226052824079779,FALSE
2463,-0.003508358354080555,0.09799677278473881,0.055001351633712184,-0.03580075398796109,FALSE
2464,0.009490483948682647,0.09448916513287767,-0.14878452887472918,0.1004399174798129,FALSE
2465,-0.015594755775201261,0.05851296183477359,0.24448262106294918,-0.2665179694584094,FALSE
2466,0.04281930975416243,0.04590273634096286,-0.6712882992019048,0.9328269547179732,FALSE
2467,0.002641395762197802,0.035141422745342696,-0.04140977701193599,0.0751647359681209,FALSE
2468,0.025040342503574807,0.029532433295962335,-0.392563285750394,0.8478929674581984,FALSE
2469,0.02856739888190261,0.052146579876944495,-0.4478577706683052,0.5478288115791288,FALSE
2470,0.022975671521358293,0.09381353031025126,-0.36019495753536673,0.24490786611883508,FALSE
2471,0.042325995919730026,0.10260885886312884,-0.6635545032395188,0.41249845665069884,FALSE
2472,0.0064824730945618435,0.1014907425496549,-0.1016272416172592,0.0638725555820055,FALSE
2473,0.06133282175865362,0.09435763405382837,-0.9615289419656718,0.6500038112831971,FALSE
2474,0.06376487067204595,0.05982720476572455,-0.9996567396349995,1.0658173137411446,FALSE
2475,-0.025331624755095043,0.13463611206609596,0.3971297854985996,-0.18814881361591285,FALSE
2476,-0.16593044031700568,0.15622800046310564,2.601330187378793,-1.0621043591746624,FALSE
2477,0.05749518407390725,0.07430638194131853,-0.9013654015177528,0.7737583579202192,FALSE
2478,-0.1912917716193843,0.16155334748088662,2.9989256893430625,-1.184078043582576,FALSE
2479,0.015489206789323931,0.030936022607754153,-0.24282790501033485,0.500685139318509,FALSE
2480,0.03638323489157324,0.037055727397560474,-0.5703884534816304,0.9818518606105812,FALSE
2481,-0.014745043156144135,0.0999917924500979,0.23116147828572808,-0.1474625346225574,FALSE
2482,7.096406065602549e-4,0.05038982261744751,-0.011125201189777091,0.0140830145791095,FALSE
2483,0.034605665591222336,0.07060817068353886,-0.5425210852499395,0.49010851373451714,FALSE
2484,-0.006988797257609511,0.023312086620074998,0.10956500353375193,-0.2997928658857663,FALSE
2485,-0.007117404422762515,0.02300519757940257,0.1115812080371967,-0.30938245143067145,FALSE
2486,-0.0069660876108409,0.022920066478465353,0.10920897910826957,-0.30392964249845944,FALSE
2487,-0.008847132232353363,0.014700229800632942,0.13869855406750262,-0.6018363217677342,FALSE
2488,-0.005875442386132976,0.014016333626434438,0.09211067971647027,-0.41918539774567337,FALSE
2489,0.24011019759307795,0.252414782625522,-3.764263531773118,0.9512525181589743,FALSE
2490,0.09859452266575539,0.15432823763848008,-1.545689311922754,0.638862493179744,FALSE
2491,0.14977077523203355,0.12234050919749984,-2.3479913513993353,1.2242124559924121,FALSE
2492,0.08623653279085938,0.07193689440290865,-1.3519502242937929,1.1987803130318697,FALSE
2493,0.065934688080279,0.11208518967720571,-1.033673472877876,0.5882551322807624,FALSE
2494,0.037709942279515435,0.056986371580906206,-0.5911875544270571,0.6617361525812689,FALSE
2495,-0.09580486846313443,0.1760315900147364,1.5019552527847075,-0.5442481571353993,FALSE
2496,-0.042503732474125276,0.21191766611823343,0.666340920629033,-0.20056719787774338,FALSE
2497,0.04057150068764219,0.08126747004811226,-0.636048872554017,0.4992342035949059,FALSE
2498,0.019907468538453776,0.09712723702360243,-0.3120940242455682,0.2049627802509831,FALSE
2499,0.020950309064076404,0.07761622769771914,-0.32844287822764306,0.26992176359908376,FALSE
2500,-0.032009138592049464,0.11015541868734041,0.5018147262938112,-0.29058160709190883,FALSE
2501,0.0516016810283124,0.0373302146035405,-0.8089715806333787,1.3823033587226778,FALSE
2502,0.017187502472301195,0.07178719950208257,-0.26945248226562146,0.23942294157613128,FALSE
2503,-0.011914094952770671,0.06018918483338296,0.18678004347321278,-0.19794411547110222,FALSE
2504,0.02908495860996466,0.03258216052652479,-0.45597167515627746,0.8926651314693176,FALSE
2505,0.012172986313549041,0.04762360299948466,-0.19083874367769435,0.25560826033428774,FALSE
2506,0.011978694414739255,0.030403965035319228,-0.18779278429512744,0.39398461354708253,FALSE
2507,0.06887543442589086,0.07995471709089172,-1.079776238757658,0.8614305313293018,FALSE
2508,0.03317889454754652,0.13284233981391128,-0.5201532630510645,0.24976144348273532,FALSE
2509,0.08779800105115598,0.09952644207844476,-1.3764297261524225,0.8821575374105642,FALSE
2510,0.016542446919804703,0.10045197032936712,-0.259339796021677,0.1646801637196809,FALSE
2511,-0.025545029520205986,0.11152218373016203,0.4004753817409347,-0.22905783105910557,FALSE
2512,-0.013677139236912125,0.031037420425036856,0.21441969964034444,-0.440666107221953,FALSE
2513,0.004224062845900876,0.11555049737379522,-0.06622161776606206,0.03655599016797324,FALSE
2514,0.02096493285117385,0.0759337712314406,-0.3286721387464346,0.2760949773885754,FALSE
2515,0.07582825305832572,0.1692218452539263,-1.1887771969987655,0.4480996702555833,FALSE
2516,0.03046741762950168,0.08016542491303422,-0.4776448074246258,0.3800568345088125,FALSE
2517,0.06209616273082411,0.06488549186958203,-0.9734960163034276,0.9570115127683028,FALSE
2518,-0.004497749596343588,0.014104785308111243,0.07051226874277297,-0.318881110069578,FALSE
2519,0.03177991928607341,0.05674374293026682,-0.4982212018083319,0.5600603281515673,FALSE
2520,0.04840155064311805,0.03181140823635915,-0.7588023907086713,1.5215154979463326,FALSE
2521,-0.006622920279844159,0.01603963873632666,0.10382906487590468,-0.4129095666503095,FALSE
2522,-0.00849924919697991,0.022000343827185746,0.13324471063850293,-0.38632347129399947,FALSE
2523,-0.007850882728231577,0.022865974246533093,0.12308011838878075,-0.3433434606190863,FALSE
2524,-0.00892955180325108,0.024342787648202312,0.1399906648905525,-0.36682535838949065,FALSE
2525,-0.008366883435112613,0.018400658325582072,0.13116958173832666,-0.4547056571057732,FALSE
2526,0.06589577818569821,0.14256185588270978,-1.0330634733915411,0.46222587225514783,FALSE
2527,0.17777103548377826,0.19416522793735128,-2.7869579575758214,0.9155657651592348,FALSE
2528,0.10329539845931245,0.11237352818571997,-1.619386037403238,0.9192146951957931,FALSE
2529,0.09214725373721966,0.05878499426291919,-1.444613974221559,1.5675301986946855,FALSE
2530,0.09027800577636833,0.09102603187392169,-1.4153093382610378,0.9917822837911967,FALSE
2531,0.08062882592511098,0.057490400338702834,-1.2640368967333186,1.4024745948904314,FALSE
2532,0.04670197105417387,0.05269822514490227,-0.7321576853602927,0.8862152553669362,FALSE
2533,0.06697480677268033,0.08475831086621435,-1.0499796560461447,0.7901857185237663,FALSE
2534,0.06871803817929548,0.08054330471575304,-1.0773087011143752,0.8531812597187272,FALSE
2535,0.01472117589152657,0.08852499850748087,-0.23078730561541386,0.16629399762466585,FALSE
2536,-0.030924158477247766,0.07370807483657094,0.48480524015041726,-0.41954912736242655,FALSE
2537,-0.0615795931456441,0.08825082042665376,0.9653976345161964,-0.6977792710360533,FALSE
2538,-0.021138619678244295,0.06498811712566151,0.33139506761678056,-0.32526899705942397,FALSE
2539,0.01695719653251315,0.05561310960203135,-0.26584192236860243,0.30491365532082676,FALSE
2540,-0.020320867231489376,0.045576132669707344,0.3185749719099145,-0.44586642264616394,FALSE
2541,0.01545217367260081,0.07547292410990432,-0.24224732820790768,0.2047379753048818,FALSE
2542,0.03441261657075442,0.05224145326887474,-0.5394946107608242,0.6587224209410983,FALSE
2543,0.021878537343870016,0.03188124196440639,-0.34299492931840575,0.6862510992606928,FALSE
2544,0.031494971827633444,0.0425952326727917,-0.49375401408773867,0.7394013332330333,FALSE
2545,0.0988764798313198,0.18221787275924278,-1.5501096201249691,0.5426277803273521,FALSE
2546,0.03594665591344197,0.26543799178095284,-0.5635441030850536,0.13542392960502125,FALSE
2547,0.053323669638261136,0.13807974918739982,-0.8359675974270676,0.3861802324531386,FALSE
2548,-0.003476116577253852,0.13831780369811608,0.05449588978359115,-0.02513137487955354,FALSE
2549,-0.013538325929346952,0.02890998067042474,0.21224349106348953,-0.46829245870775776,FALSE
2550,0.028716587854314118,0.1655741705034386,-0.4501966409612824,0.17343639872692426,FALSE
2551,-0.05591365017605419,0.18069408004850387,0.8765713259823166,-0.30943819609942524,FALSE
2552,-0.009643458230667553,0.03141726172442789,0.15118274234815626,-0.3069477637883848,FALSE
2553,-0.003019392820988319,0.045018236147268076,0.047335725004923945,-0.06707043810226115,FALSE
2554,0.021246074204526916,0.15442152594532116,-0.33307965727046585,0.13758492589983795,FALSE
2555,0.03414668212529952,0.03567537946503588,-0.5353254944762893,0.9571497945457152,FALSE
2556,0.035970912903040074,0.03363592960083874,-0.5639243855647236,1.0694193182680198,FALSE
2557,-0.004324161238497421,0.022277743199508756,0.06779088359740691,-0.19410230200484455,FALSE
2558,0.061677539945490814,0.03998171029454613,-0.9669331693265159,1.542643861183302,FALSE
2559,0.006184575756672087,0.03441628023411832,-0.09695703561821574,0.17969913409006516,FALSE
2560,-0.006158060520070461,0.02467954295074052,0.09654135007392664,-0.24952084940801894,FALSE
2561,-0.007937162776293352,0.023055231042184175,0.12443275081211908,-0.34426732752192846,FALSE
2562,-0.008691889251457408,0.02368367579513003,0.13626477367246606,-0.36699916544393346,FALSE
2563,-0.012942696336608604,0.023195628103008854,0.20290566711071595,-0.5579799899848249,FALSE
2564,-0.01930053498293024,0.028551215732122128,0.30257898543352024,-0.675996958028508,FALSE
2565,0.12104034108671577,0.18214307603582067,-1.8975776389067396,0.664534407351898,FALSE
2566,0.17902684505214753,0.1294042625357168,-2.8066455768791694,1.3834694587648102,FALSE
2567,0.12187018699992161,0.13438102211942213,-1.9105873267058628,0.9069002830743291,FALSE
2568,0.1871373042192414,0.17838984895059792,-2.9337951356012293,1.049035611163424,FALSE
2569,0.07802562758438902,0.06681080998797165,-1.2232259496007907,1.1678593269328188,FALSE
2570,0.059372363566461486,0.08917058247029326,-0.9307943819494359,0.6658290427366121,FALSE
2571,-0.14157072709015361,0.19196304876504122,2.2194372854384463,-0.7374894699835344,FALSE
2572,0.033006368822305295,0.08070851219935715,-0.5174485370447209,0.408957716142464,FALSE
2573,0.002710795446588689,0.061089210660232304,-0.042497772039585366,0.044374373433398374,FALSE
2574,-0.00659047083073005,0.1134658006718883,0.1033203472989304,-0.058083323712559594,FALSE
2575,-0.03359634068484851,0.08393196722965927,0.52669766344254,-0.40028062958324745,FALSE
2576,-0.04732913321276538,0.09060227590085165,0.7419898526974544,-0.5223834913877753,FALSE
2577,0.018850315514301358,0.08258734742209996,-0.29552078988813113,0.22824701486001606,FALSE
2578,-0.00540364851540677,0.050108672987409585,0.08471425724090967,-0.10783858747894805,FALSE
2579,0.011193085908529162,0.06737677941497529,-0.17547661663618805,0.16612675770076013,FALSE
2580,0.012200202608043406,0.05132837801347284,-0.1912654198699682,0.23768922923769492,FALSE
2581,0.008860895964392343,0.05446881781114884,-0.13891433130268377,0.1626783234972041,FALSE
2582,0.02384262110333217,0.04185271075999572,-0.3737863281977692,0.5696792554264317,FALSE
2583,0.036633896386048206,0.07146631936068489,-0.5743181321538829,0.512603653214038,FALSE
2584,-0.010241788203304888,0.11306244842401288,0.16056290078600202,-0.09058523272816084,FALSE
2585,0.039055202121035665,0.12571968867774394,-0.6122775065113724,0.3106530292255614,FALSE
2586,0.01665298935205033,0.04451902316096498,-0.2610727954968634,0.3740645721681501,FALSE
2587,0.015940677455480428,0.07108473536939504,-0.24990571587098948,0.22424895264284206,FALSE
2588,-0.00955029961279618,0.016284316698343154,0.1497222729826781,-0.5864722352008712,FALSE
2589,-0.010732548587207335,0.023918188991390036,0.16825666570927994,-0.4487191146064943,FALSE
2590,-0.013372562048921354,0.02711934324614601,0.20964477207434956,-0.49310051233714,FALSE
2591,-0.008130654093725665,0.026262631919876087,0.12746615929383442,-0.30959022380282547,FALSE
2592,-0.01263555703633944,0.025442973727588646,0.1980905727133639,-0.4966226499946543,FALSE
2593,0.085476913037502,0.050529010526395066,-1.3400414883706997,1.6916403497125883,FALSE
2594,-0.01985709099592007,0.036993456440444494,0.311304243769433,-0.5367730649307632,FALSE
2595,-0.017453539193315874,0.041842406190765964,0.27362320194794504,-0.4171256096922941,FALSE
2596,0.03165248570915448,0.02961158131845275,-0.4962233959211688,1.0689225059868692,FALSE
2597,-0.007091758766485487,0.015035112921576712,0.1111791551063353,-0.47167978075563294,FALSE
2598,-0.009260392598293032,0.021907336188297943,0.14517733314572517,-0.42270737613638204,FALSE
2599,-0.008936161986931639,0.022983256081756644,0.1400942942807928,-0.38881183567479244,FALSE
2600,-0.009664949395279596,0.025149643755740147,0.15151966434487021,-0.38429766596887366,FALSE
2601,-0.01948727083920328,0.03200035938973037,0.3055064869761007,-0.6089703744220192,FALSE
2602,0.21620925969652127,0.28704312993384706,-3.3895629576156794,0.7532291741187103,FALSE
2603,0.07182934158890512,0.23145916292361632,-1.1260853298393376,0.31033267675218146,FALSE
2604,0.1113716579213188,0.17805428588257627,-1.7459994393774843,0.6254927106599752,FALSE
2605,-0.0334129168618379,0.10736967536858326,0.5238220854173727,-0.3111950999864403,FALSE
2606,0.11205505018446364,0.11897051294083254,-1.7567131391696593,0.9418724641474131,FALSE
2607,-0.0014942749680360498,0.10502812453433032,0.023426096954666374,-0.014227379329692013,FALSE
2608,-0.00999182090379814,0.1004123359118823,0.15664410517006697,-0.09950790222195954,FALSE
2609,0.015468034039685635,0.13299259240451355,-0.24249597487937943,0.11630748570294562,FALSE
2610,0.06151355388444216,0.09128939011298426,-0.9643623216261167,0.6738302644842948,FALSE
2611,0.012585446587001926,0.08566409730602914,-0.1973049795195186,0.14691623425437236,FALSE
2612,-0.001046284986305788,0.09224140978522619,0.01640285359502847,-0.011342898907789308,FALSE
2613,-0.08737000821156594,0.1889172603438205,1.369719982650986,-0.46247763731358715,FALSE
2614,-0.01861301640004468,0.08292679451363903,0.2918005963650209,-0.22445117418572574,FALSE
2615,0.01397535987351908,0.06447544378332976,-0.21909497406873082,0.2167547682259216,FALSE
2616,-0.006301118516342381,0.059087219588554375,0.09878410362497553,-0.106640971773919,FALSE
2617,0.029644747125140137,0.06696286736502179,-0.46474761018237576,0.442704267180547,FALSE
2618,-0.012924500146174843,0.05114278844119245,0.2026204011921768,-0.25271402948699867,FALSE
2619,0.02207553915750546,0.03330307920646365,-0.34608337266731265,0.6628678093292021,FALSE
2620,0.026701339139890073,0.03779222795405869,-0.4186031171576196,0.7065299027183309,FALSE
2621,0.015282750621488986,0.03598216151591279,-0.23959124354705214,0.42473131067266,FALSE
2622,0.0027761644476289246,0.04047466496930903,-0.04352257710488798,0.06859017733028856,FALSE
2623,-0.00620318324487249,0.020445455940271348,0.09724874954770647,-0.30340156086488146,FALSE
2624,0.01952309478976152,0.0515195079979082,-0.3060681073987325,0.37894567608359536,FALSE
2625,-0.013001318629257913,0.018513545250838925,0.2038247024560731,-0.7022598023827321,FALSE
2626,-0.01031529498991204,0.02397538938844954,0.16171528381236588,-0.43024514942316516,FALSE
2627,0.01972707693637954,0.05931477900443122,-0.3092659830547606,0.3325828278801442,FALSE
2628,-0.010251545190356192,0.02502292396135644,0.16071586334613222,-0.40968614244234297,FALSE
2629,-0.009149532620689,0.026432732275023626,0.14343935543794256,-0.34614403556511725,FALSE
2630,-0.011536208382024,0.024869554906735498,0.1808558276270404,-0.46386871117261586,FALSE
2631,-0.003767610785908529,0.046228384352013374,0.05906571243319567,-0.08149994508178046,FALSE
2632,0.059807018472747275,0.04155681071384478,-0.9376085682232347,1.439162857914464,FALSE
2633,-0.007658505138803956,0.017743522231390987,0.12006417008057906,-0.43162259662598984,FALSE
2634,-0.011620808262469641,0.03502532646879818,0.18218211967105258,-0.33178301058298126,FALSE
2635,-0.008392443979485915,0.023036733914660615,0.13157030035003575,-0.3643070241890909,FALSE
2636,-0.007689686776692025,0.021358100074671045,0.12055301188546538,-0.360036087002484,FALSE
2637,-0.008814630052160244,0.021874789639883395,0.1381890098131123,-0.4029583917044347,FALSE
2638,-0.020375085622145767,0.027097775403271043,0.31942496625728145,-0.7519099010498934,FALSE
2639,-0.09429959130945723,0.1313341677048807,1.478356672001391,-0.7180126311178718,FALSE
2640,0.09814768349646781,0.2466999355979263,-1.5386841101180075,0.3978423555668444,FALSE
2641,0.03618769926897161,0.09314440870778264,-0.56732299595129565,0.38851177189284114,FALSE
2642,-0.022295580741908856,0.10264489012575254,0.34953301587258384,-0.21721081989170668,FALSE
2643,0.06896758858511579,0.10703057013526303,-1.0812209609908197,0.6443728039377532,FALSE
2644,0.0942167877740659,0.05704326002602312,-1.4770585416774815,1.6516725679963633,FALSE
2645,0.08909781428666597,0.07390329154870176,-1.3968072012017676,1.2056000811269836,FALSE
2646,-0.028067027524012796,0.12068116678260171,0.44001333226573264,-0.23257172823472524,FALSE
2647,-0.11726071709170223,0.17304715206961863,1.8383235925944048,-0.6776229235169791,FALSE
2648,0.02777886396186364,0.05293189647273428,-0.4354957249376915,0.5248038671006772,FALSE
2649,-0.039761853359834474,0.16755114812529395,0.6233558426860012,-0.23731173319147147,FALSE
2650,-0.0029650437811012194,0.07795757204779562,0.04648368243911586,-0.038034070369499934,FALSE
2651,-0.03313778994326689,0.09790764889850034,0.5195088565892447,-0.3384596639392335,FALSE
2652,0.05531591302392068,0.04723665759137369,-0.867200461329682,1.1710378304586566,FALSE
2653,-0.002675966567004991,0.05675132104926737,0.04195175157654939,-0.04715249825958961,FALSE
2654,-0.0194562844618242,0.04636894929924171,0.30502070631572453,-0.4195972683414325,FALSE
2655,1.444997936773652e-4,0.03456188543210324,-0.002265356945023507,0.004180900198897852,FALSE
2656,-0.00551908208101943,0.04938480590133052,0.08652393615390058,-0.11175668265349475,FALSE
2657,0.01502085153742222,0.07181378357403204,-0.23548539056354797,0.20916390684160777,FALSE
2658,-0.001517307910393677,0.03593484533311578,0.02378718976045043,-0.042223860888456394,FALSE
2659,-0.010727660250335957,0.02074807847655543,0.16818003011278965,-0.5170435547782326,FALSE
2660,0.0074414420645339185,0.06183802488049982,-0.11666122167289003,0.12033764142555149,FALSE
2661,0.0231348636188586,0.06382907278428965,-0.362690649151857,0.36245025361785954,FALSE
2662,-0.01134168910622434,0.027542720738520064,0.17780630360240693,-0.4117853575141668,FALSE
2663,-0.009940449933960866,0.04584429922930429,0.1558387505025489,-0.21683066599492914,FALSE
2664,0.04167686724848254,0.08362772649897601,-0.6533779617635657,0.4983618351623233,FALSE
2665,-0.006658437454233108,0.014466999450393519,0.10438587589702811,-0.4602500661636502,FALSE
2666,-0.006078555336569874,0.0197793057285624,0.09529492878137752,-0.30731894334350207,FALSE
2667,-0.00834952552464276,0.018683043107718404,0.13089745773016528,-0.446903937249568,FALSE
2668,-0.009708603735093987,0.020153841034690978,0.15220404360495243,-0.48172473516996017,FALSE
2669,-0.00722904659866694,0.021945612559182863,0.11333144845004679,-0.3294073737596373,FALSE
2670,-0.006864375469255599,0.024577364513014354,0.10761441415790059,-0.2792966457254086,FALSE
2671,-0.022217885043372635,0.02997880158948165,0.34831496229757,-0.7411198535423775,FALSE
2672,-0.03981337706270094,0.2745406782881998,0.6241635917848163,-0.14501813469298253,FALSE
2673,0.028280001714446074,0.2636010279744774,-0.443352178288489,0.10728335140325866,FALSE
2674,0.0655592272367917,0.12038163033302891,-1.0277872857233294,0.544594944057709,FALSE
2675,0.13277948361725841,0.17893418187179091,-2.08161491247934,0.742057678573661,FALSE
2676,0.09665178569454304,0.09853453755480025,-1.515232571618223,0.9808924676871791,FALSE
2677,0.08836163271313585,0.07123397267458938,-1.3852659110867216,1.2404422973401883,FALSE
2678,0.0032963987781086204,0.15711342919988136,-0.05167841195834936,0.020981012220889834,FALSE
2679,-0.018168158211185653,0.1038775911862841,0.2848264508521735,-0.17489968725405483,FALSE
2680,-0.0502876499434329,0.08902927961537847,0.7883712090456174,-0.5648439497734233,FALSE
2681,-0.011230334824575208,0.13742240350306606,0.17606057657489851,-0.08172128079774595,FALSE
2682,0.016028093810294672,0.10456131214557739,-0.25127616244013296,0.15328895058221215,FALSE
2683,-0.01940649619575211,0.10301555495506484,0.3042401640640247,-0.18838413484465702,FALSE
2684,-0.006089840106980609,0.05191044818152079,0.09547184275732433,-0.11731434268657472,FALSE
2685,0.019846910981460856,0.0396717728117813,-0.31114464931003116,0.5002778947041895,FALSE
2686,-0.023496524353363444,0.05175587795796646,0.368360488781401,-0.4539875523403573,FALSE
2687,0.005754126293029804,0.05298470090514371,-0.09020877904893015,0.10859976926794726,FALSE
2688,0.007894410336090552,0.06053694850367543,-0.12376251084245962,0.13040647953392057,FALSE
2689,0.012148597085439168,0.025501485784732485,-0.19045638806405366,0.4763878147332273,FALSE
2690,0.02408348288503566,0.037599199338011056,-0.37756237448881796,0.6405318014495157,FALSE
2691,-0.02926033919089234,0.08771509806867023,0.4587211574006179,-0.333583839443297,FALSE
2692,-0.010490645307527708,0.0292014016181604,0.16446429161171025,-0.3592514306232328,FALSE
2693,0.005651913918440857,0.040460928397153706,-0.08860637182917033,0.13968819160458143,FALSE
2694,-0.003994077977544683,0.09468829799736499,0.06261609138071449,-0.042181326119684094,FALSE
2695,-0.009409734739587635,0.028346733759022122,0.14751860470298278,-0.33195128650731165,FALSE
2696,-0.004055646443732527,0.018132124040967017,0.06358131457531982,-0.22367188943608354,FALSE
2697,0.011435002393249565,0.1328156238935048,-0.1792691977522598,0.0860968164590219,FALSE
2698,0.004491515054964856,0.057621837456701394,-0.07041452838445189,0.07794814003180482,FALSE
2699,-0.007669243455540797,0.016836033770537558,0.12023251717491457,-0.4555255447967616,FALSE
2700,-0.008064174776934776,0.01685029309826961,0.12642394754972003,-0.47857771552726885,FALSE
2701,-0.009874948710158402,0.02167915082467027,0.15481187255018478,-0.4555044055932756,FALSE
2702,-0.008775905563042178,0.02311542504022207,0.13758191697143002,-0.37965581631190576,FALSE
2703,-0.013316615677078127,0.030970992993192368,0.20876768776316432,-0.4299705753704832,FALSE
2704,-0.0332976099015385,0.033410732105005496,0.5220143913253865,-0.9966141956090198,FALSE
2705,0.11231811222700781,0.18828393674968796,-1.7608372241242722,0.5965358180094137,FALSE
2706,0.1314174146165898,0.10286290145607886,-2.0602614392892313,1.277597780699423,FALSE
2707,-0.01699186954374026,0.15980778190079528,0.26638549924708294,-0.10632692189100273,FALSE
2708,0.19895610260063348,0.2748774283992767,-3.1190811925135242,0.723799344890688,FALSE
2709,0.03814437010467677,0.10639290021531814,-0.5979981806971405,0.35852364234342826,FALSE
2710,0.04821580261180444,0.07006975568727376,-0.7558903755282189,0.6881114703324349,FALSE
2711,0.03818099096323445,0.13355919188892681,-0.5985722944322202,0.2858731804471181,FALSE
2712,0.017642908692201958,0.0662732913917572,-0.2765919917196111,0.26621446319770853,FALSE
2713,0.020411926782236575,0.10675970697014918,-0.3200025337108432,0.19119504316309058,FALSE
2714,-0.13902368392177797,0.2804934952266717,2.179506696031257,-0.4956396005170476,FALSE
2715,0.006210933533589763,0.08378671816946381,-0.09737025263033933,0.07412790080914454,FALSE
2716,-0.011383144303777917,0.049449423631421935,0.1784562063966974,-0.23019771450975335,FALSE
2717,0.03235349409775304,0.0631860883716212,-0.507213267817991,0.5120350844867931,FALSE
2718,-0.0133984571614219,0.036933408988015476,0.21005073578856948,-0.3627733677595146,FALSE
2719,-0.02135833371921657,0.04882486227021679,0.33483957584733925,-0.43744790514739806,FALSE
2720,0.0021339054732652176,0.046790776827962365,-0.03345373346814856,0.04560525851304069,FALSE
2721,0.014556993371701741,0.04010159970232934,-0.22821337798499056,0.36300280985688915,FALSE
2722,0.02171559929218405,0.0468220815618142,-0.340440511505052,0.46378970280326515,FALSE
2723,0.027912127203708455,0.04986104995601279,-0.437584923840657,0.5597982238306738,FALSE
2724,-0.008102771209450377,0.029495620719243276,0.12702903281819847,-0.2747109913901231,FALSE
2725,-0.00985728551947052,0.030997389513475603,0.15453496259289162,-0.3180037310943629,FALSE
2726,-0.005486278841137534,0.029915672396285158,0.0860096721165993,-0.1833914601170323,FALSE
2727,0.010956803780756592,0.046994788016091776,-0.17177236664722517,0.23314933939067467,FALSE
2728,-0.007814929346835189,0.026154869218055207,0.12251646884873199,-0.2987944340949101,FALSE
2729,-0.008752107574356712,0.027197732834006488,0.13720883035604992,-0.32179548301958383,FALSE
2730,-5.002629754870129e-4,0.08795348041002572,0.007842739266382412,-0.005687813298062375,FALSE
2731,0.02078695811827743,0.08073086279214833,-0.3258819873770437,0.2574846520815223,FALSE
2732,-0.006551397725293151,0.021187765678540988,0.10270778911796338,-0.30920663484250344,FALSE
2733,-0.00825359381678731,0.01665199707651419,0.12939351398666393,-0.4956518896119731,FALSE
2734,-0.006530180011648129,0.022157872857509944,0.10237515407579446,-0.2947115029335888,FALSE
2735,-0.00560837736395026,0.023120115724980256,0.08792383911706227,-0.24257566141378167,FALSE
2736,-0.006538631452680948,0.02311389882341441,0.10250764928670045,-0.28288743074609746,FALSE
2737,-0.007516833819176357,0.028278583614281903,0.11784315578248529,-0.2658136603199614,FALSE
2738,-0.016494324521556275,0.033162341820167675,0.2585853699681238,-0.49738117443579494,FALSE
2739,0.1936876970074112,0.2849567449352252,-3.0364871700856826,0.6797091153306064,FALSE
2740,0.08549882268277711,0.2891057184112553,-1.3403849709863067,0.2957354947962472,FALSE
2741,0.09326545764345298,0.23835608295854094,-1.4621443174869202,0.3912862490682704,FALSE
2742,0.0843858220131759,0.14177070209878748,-1.3229362000743807,0.5952275100843818,FALSE
2743,-0.009694781070540523,0.10677842452179834,0.15198734247100593,-0.09079344552945129,FALSE
2744,0.08674615346195928,0.0583998593213747,-1.3599396663353598,1.4853829182120935,FALSE
2745,0.040069781947178265,0.0754543382880891,-0.6281833109207866,0.5310467609455335,FALSE
2746,0.0870635439435129,0.0906166002588905,-1.3649154708910205,0.9607902271192413,FALSE
2747,-0.003844038346209265,0.07655856366533378,0.060263885109518286,-0.05021042927363423,FALSE
2748,0.020722355475266446,0.06265987199234971,-0.3248691966851859,0.33071174288061883,FALSE
2749,0.007974557196929079,0.08563216559123982,-0.1250189918601957,0.09312572141402059,FALSE
2750,-0.025474664332353663,0.08858289917803903,0.39937225029048395,-0.2875799343748415,FALSE
2751,-0.013868813746157413,0.08264812001593339,0.21742462559665604,-0.16780555617579326,FALSE
2752,0.012297342029746522,0.030656744808132942,-0.19278829722494945,0.40113006474464813,FALSE
2753,-0.0343371090888305,0.05081174381728323,0.5383108623676638,-0.6757711211861813,FALSE
2754,0.006531647661296541,0.05126654077369204,-0.10239816276140765,0.12740566386426297,FALSE
2755,-0.003407483754374963,0.040381689952876894,0.05341991702260295,-0.08438190076619627,FALSE
2756,0.013111228010812945,0.02571820168058371,-0.20554777744803365,0.5098034525762132,FALSE
2757,0.010540224891081825,0.029594428096988735,-0.16524156229893674,0.35615572149388164,FALSE
2758,0.011701855738835167,0.03813885859753444,-0.18345271984831796,0.3068223897920127,FALSE
2759,0.01134892721419465,0.10390292664649586,-0.1779197771080922,0.10922625166090442,FALSE
2760,0.02087431959176654,0.190160221988266,-0.3272515735588615,0.1097722718953,FALSE
2761,-0.006178248484211398,0.026866050611085,0.09685784149310936,-0.22996489412039733,FALSE
2762,-0.007107166209099525,0.02627680044556461,0.11142070117531236,-0.27047304422860885,FALSE
2763,0.05191237050277538,0.09332911911210855,-0.8138423319390303,0.5562290847341798,FALSE
2764,0.0772357229731073,0.08910507148432607,-1.210842430901321,0.8667937939614734,FALSE
2765,-0.005686542597404867,0.022921698883980237,0.08914925370042935,-0.24808556408439425,FALSE
2766,-0.006444778359619115,0.02358055604079368,0.10103629247179542,-0.2733090071527505,FALSE
2767,-0.009073625059645178,0.02197348086137359,0.1422493349111703,-0.412935261230977,FALSE
2768,-0.006820192680299721,0.022785705586288924,0.10692175027745808,-0.2993189152941441,FALSE
2769,-0.00647526315518502,0.022972031378123522,0.10151420971717945,-0.2818759494361249,FALSE
2770,-0.008128067022640689,0.023224414293091158,0.1274256011774491,-0.34997941907446256,FALSE
2771,-0.012438507608245043,0.03078039265699855,0.19500138290148614,-0.40410490362659146,FALSE
2772,-0.027589603575347673,0.028023088050871,0.43252864574608335,-0.9845311667744678,FALSE
2773,0.14405449728401526,0.36827397563817926,-2.25837592967672,0.3911612191287323,FALSE
2774,-0.017887764795210818,0.19771841620880107,0.28043065791674765,-0.09047090877119102,FALSE
2775,0.025327120673752247,0.18621675458009052,-0.3970591739655919,0.1360088179544512,FALSE
2776,0.027883390081540758,0.09492810251999301,-0.43713440527847874,0.2937316699832716,FALSE
2777,0.023250048515369853,0.071294843459173,-0.3644964296213862,0.326111221896209,FALSE
2778,0.0853225083562293,0.15793026205113683,-1.337620850194245,0.5402543328181296,FALSE
2779,-0.03020896171574578,0.10329847816250422,0.4735929338246081,-0.292443434338137,FALSE
2780,0.003240088206280863,0.1619442026166345,-0.05079561799912008,0.020007435610097286,FALSE
2781,0.023422537808363203,0.11951413787650536,-0.36720058447088816,0.19598131421544324,FALSE
2782,-0.0014688338885400802,0.10633101775977039,0.023027251221683726,-0.013813785661852316,FALSE
2783,0.008491404201676047,0.07611474381679445,-0.1331217228186382,0.11156056994837377,FALSE
2784,-0.006629444302667248,0.044892767300767474,0.10393134350230034,-0.14767288142992052,FALSE
2785,0.03691936947603453,0.03912012463281135,-0.5787935603227409,0.9437436568151684,FALSE
2786,-0.003347727560930835,0.028034799283613906,0.052483105250199516,-0.11941328800194238,FALSE
2787,-0.02106720779706268,0.05517938085913508,0.3302755269110466,-0.38179492899429573,FALSE
2788,-1.354872711302781e-4,0.04367943845818756,0.0021240655284432853,-0.003101854692110436,FALSE
2789,0.009494639413960351,0.041038629649439225,-0.1488496750724301,0.23135858811723484,FALSE
2790,0.013542411991170204,0.03616398220696349,-0.2123075492070587,0.3744723662805743,FALSE
2791,0.03149723410194462,0.04377824783243261,-0.4937894802893985,0.7194722416142534,FALSE
2792,-0.008358183189934048,0.030322004216804706,0.13103318596683736,-0.27564745160551996,FALSE
2793,-0.00641026189107954,0.030863903290673237,0.10049516974951392,-0.20769446530169294,FALSE
2794,0.017741258085890988,0.046369217249551335,-0.2781338380874318,0.3826085307934037,FALSE
2795,-0.007486828217819644,0.027810736985040177,0.11737275097640783,-0.26920639398542096,FALSE
2796,-0.0056032625528407405,0.026940750096928253,0.08784365303115474,-0.20798465271683794,FALSE
2797,-0.006456188852210164,0.026621317892048742,0.10121517742366593,-0.2425195055477888,FALSE
2798,0.011388756378608849,0.05435707775518315,-0.17854418820186613,0.20951745106501588,FALSE
2799,0.03004485429466501,0.08858230201540705,-0.47102018353469916,0.33917445822800285,FALSE
2800,-0.00815038790052519,0.019716950104451476,0.1277755307825223,-0.41336960621942664,FALSE
2801,-0.00824711740490807,0.024358433729587108,0.129291981768132,-0.33857338679747145,FALSE
2802,-0.007386685706914985,0.021331824439451075,0.1158027934920637,-0.34627538436206373,FALSE
2803,-0.006618969622009378,0.02261926318717132,0.10376712949222229,-0.29262534182649125,FALSE
2804,-0.0071496538862954526,0.022807141524965095,0.11208679039360298,-0.3134831201213583,FALSE
2805,-0.007425337935573858,0.022946606302736348,0.11640875348968499,-0.32359198731223265,FALSE
2806,-0.007879135323516655,0.028203658844278067,0.12352304091008823,-0.2793657151726315,FALSE
2807,-0.01768065633466861,0.033552502384885455,0.27718377030865893,-0.5269549237148194,FALSE
2808,-0.02671848336062399,0.07748263314428264,0.41887189110198464,-0.3448318968570768,FALSE
2809,0.08738863400947983,0.15564062154261715,-1.3700119836261226,0.5614770305035776,FALSE
2810,0.12118556934572164,0.1383697091189346,-1.8998544161725064,0.875809959545102,FALSE
2811,0.1061495332087741,0.14859665487621257,-1.6641309731030227,0.7143467213121402,FALSE
2812,0.03120526709873721,0.16726782864854728,-0.4892122455293934,0.18655869063921293,FALSE
2813,0.0696270795361339,0.0871480941489265,-1.0915599543419434,0.7989512589586741,FALSE
2814,0.0718136880858432,0.06209839708822908,-1.125839926223368,1.1564499480366728,FALSE
2815,-0.03329185580302058,0.08372226433813673,0.5219241829817745,-0.39764638553684756,FALSE
2816,0.0064807652382903825,0.09651226503370222,-0.1016004671564299,0.0671496543576849,FALSE
2817,0.011516664613527268,0.06261989916434824,-0.1805494354131189,0.18391381601080764,FALSE
2818,0.017437153907420667,0.08827946484491231,-0.27336632600193655,0.19752219769403823,FALSE
2819,0.01698232204584546,0.05744184100048063,-0.26623582089728626,0.2956437633275606,FALSE
2820,-0.007595094988142018,0.10382924769865777,0.11907007436921951,-0.07314986053048521,FALSE
2821,0.011112106690583415,0.039859298825123235,-0.174207086562079,0.27878329569559507,FALSE
2822,-0.030322886367435287,0.05048781504516815,0.4753789571423329,-0.6005981114513944,FALSE
2823,-0.0032855610313936466,0.06299178992886124,0.051508506077071844,-0.05215855963299569,FALSE
2824,0.010848296645607674,0.05410340291638926,-0.17007127499900426,0.20051043115296277,FALSE
2825,0.013370850417203638,0.025385026128635184,-0.20961793842496934,0.5267219481850703,FALSE
2826,0.01477119517617614,0.03245687072835113,-0.2315714695991979,0.4551022586189579,FALSE
2827,-0.007262848566224967,0.026195933979039965,0.113861369773907,-0.2772509875783073,FALSE
2828,-0.0056942793567706495,0.026435497618332204,0.0892705446802655,-0.2154027678609629,FALSE
2829,-0.006308449526609967,0.02764461089088368,0.09889903358162859,-0.22819816677869376,FALSE
2830,-0.006849248930302828,0.027126244098706825,0.10737727188109335,-0.2524952922114768,FALSE
2831,0.014702409841006575,0.04735688388475788,-0.23049310586748167,0.3104598241046565,FALSE
2832,0.059881151882051835,0.045827474751952264,-0.938770774959677,1.3066648818458162,FALSE
2833,0.03739767176217975,0.06686476665770502,-0.5862920167437857,0.5593031073244658,FALSE
2834,-0.00626347144188209,0.024163603416671543,0.09819390166400348,-0.2592109849626419,FALSE
2835,-0.006052234737230558,0.021794935430323244,0.09488229461081511,-0.2776899595128003,FALSE
2836,-0.006177511832183201,0.022850223530402863,0.09684629282756685,-0.2703479825465973,FALSE
2837,-0.006228973620982258,0.023148659377565273,0.09765307128511656,-0.2690857176385395,FALSE
2838,-0.006851997768160514,0.023130206577810317,0.1074203660528785,-0.29623590888003115,FALSE
2839,-0.010232958924763476,0.02999790051721224,0.1604244821284087,-0.34112250351960444,FALSE
2840,-0.04231045480732213,0.06482665085516964,0.6633108615980281,-0.6526706878911369,FALSE
2841,0.2275033960223215,0.2981605184712642,-3.5666237651959296,0.7630232104129092,FALSE
2842,0.20787231302152887,0.3389701576091438,-3.25886270144332,0.6132466482822955,FALSE
2843,0.06389379398969183,0.14615629204970465,-1.001677900534763,0.437160748221246,FALSE
2844,0.1469099415202045,0.180885773857062,-2.303141394505144,0.812169682488654,FALSE
2845,0.10004679396546935,0.16627806505267567,-1.5684569075790562,0.6016836552300224,FALSE
2846,7.274185118803723e-4,0.07106518931263875,-0.011403909555097107,0.010235932935888245,FALSE
2847,0.07257749796464213,0.10767274762965022,-1.1378143517196293,0.6740563379535809,FALSE
2848,0.10558998369450776,0.18895972143473355,-1.6553587849498825,0.5587962497657386,FALSE
2849,0.05419255892777639,0.14897400786177,-0.849589377336697,0.3637719069628615,FALSE
2850,0.024619796151369958,0.0588497297510941,-0.3859702825672982,0.41835019898136816,FALSE
2851,-5.065497278473891e-4,0.08186915192066581,0.00794129814843189,-0.006187308845439786,FALSE
2852,-0.04367222056120592,0.11925872398535325,0.6846595807176115,-0.3661972818572964,FALSE
2853,0.04840556642077838,0.03644384661265341,-0.7588653469910367,1.3282233057136132,FALSE
2854,0.0013951657432640123,0.10511871211183839,-0.021872338537858336,0.013272287257283565,FALSE
2855,-0.0190284697145315,0.040773445757687696,0.29831375480874245,-0.4666878003790922,FALSE
2856,-0.003226119269213408,0.037292012629955795,0.05057662371687902,-0.08650965828060303,FALSE
2857,0.003819186124617425,0.030281856782005668,-0.059874271039147775,0.12612126634476697,FALSE
2858,0.01382913028421177,0.03644525607725215,-0.21680249871444154,0.3794493926698852,FALSE
2859,0.04290626492053586,0.06855062449239845,-0.6726515156123695,0.6259062588889139,FALSE
2860,0.024306275400718304,0.17324678051678433,-0.38105514468493207,0.14029856905977822,FALSE
2861,-0.0048629393953875675,0.026901696306824586,0.07623743433963988,-0.1807670170655338,FALSE
2862,-0.008464546971008454,0.027957085462964507,0.1327006757536661,-0.30276929196434527,FALSE
2863,-0.007324404687658975,0.02737344526847745,0.11482639943692917,-0.26757335862627313,FALSE
2864,-0.01752039615696165,0.03483143533714948,0.2746713341498242,-0.5030052878204322,FALSE
2865,0.05278287605649974,0.06607966836349767,-0.8274894503993795,0.7987763462453594,FALSE
2866,-0.008175393172099733,0.02154736709887397,0.12816754425314406,-0.3794149482201455,FALSE
2867,-0.0072829835562330586,0.023052795318038413,0.11417703070526204,-0.3159262664573372,FALSE
2868,-0.006868656227904923,0.022531213918527353,0.1076815246089914,-0.30485069525068276,FALSE
2869,-0.007062807564785639,0.022683994434902464,0.11072528036943456,-0.31135643173666683,FALSE
2870,-0.007127639104800569,0.022789379621275467,0.11174165953297378,-0.3127614363905906,FALSE
2871,-0.007639411277974187,0.022225121586889232,0.11976483117401558,-0.34372866074580816,FALSE
2872,-0.007719242733952738,0.02815714425386434,0.12101636751624828,-0.274148637530716,FALSE
2873,-0.014697689107127486,0.031032331969129457,0.23041909782216585,-0.47362502830108116,FALSE
2874,0.21496922251004333,0.2781677497153109,-3.3701226056194176,0.772804261924872,FALSE
2875,0.15888364142481773,0.13904119509149376,-2.4908558787009216,1.1427091181161595,FALSE
2876,0.11088664826659184,0.11476552135054119,-1.7383958299758517,0.9662017560822848,FALSE
2877,0.09485315632712658,0.11399383916616067,-1.487035039806533,0.8320901990928292,FALSE
2878,0.0734771995069997,0.07407842256927077,-1.1519191824986876,0.9918839651086135,FALSE
2879,0.0917505819537496,0.22524763157305813,-1.4383952582171255,0.40733206077681083,FALSE
2880,0.05858266192706718,0.05836734297284736,-0.9184140452875534,1.0036890312844973,FALSE
2881,0.006874983984761199,0.10971464353704662,-0.10778072632808029,0.06266241007691711,FALSE
2882,0.029314723636197963,0.053924259506193124,-0.4595737550254244,0.543627745742734,FALSE
2883,0.050302866415340826,0.09041571263459636,-0.788609761222324,0.5563509366854573,FALSE
2884,0.029905135689145098,0.08227072099457107,-0.46882978239080386,0.36349670122762745,FALSE
2885,0.0136833738211779,0.05834250455819736,-0.2145174406710157,0.2345352487829618,FALSE
2886,-0.007523128384546143,0.10389754349695425,0.11794183715090431,-0.07240910738921062,FALSE
2887,0.04297605189051449,0.06138404368587507,-0.6737455822064451,0.7001176414906599,FALSE
2888,-0.013974035097990913,0.04391264094164396,0.2190742052540014,-0.3182235182930851,FALSE
2889,-0.0013573592719998385,0.03468996592642296,0.021279637676040127,-0.03912829649007966,FALSE
2890,0.005461098673629681,0.024365257945595846,-0.08561491676166687,0.2241346545898893,FALSE
2891,0.01575954972655043,0.03324388657113976,-0.24706613424789003,0.4740585819538884,FALSE
2892,0.04323566254609835,0.06266927283239374,-0.6778155589632432,0.6899020938336122,FALSE
2893,0.16778832192866583,0.1654450140899512,-2.630456630433812,1.014163665503033,FALSE
2894,0.01837135156306507,0.04030684517328718,-0.2880119603892349,0.4557873850975675,FALSE
2895,-0.0076438468581343354,0.02790619762218317,0.11983436879801687,-0.2739121596436376,FALSE
2896,-0.008968947152222528,0.027324454576317502,0.14060827495851813,-0.32823883555194705,FALSE
2897,0.08674517246659393,0.05470659394693797,-1.35992428704237,1.5856438174661616,FALSE
2898,0.008881268765366648,0.06600011027865453,-0.13923372045198434,0.1345644534209057,FALSE
2899,-0.006843451018257722,0.022517128682341823,0.10728637666260368,-0.3039220104304165,FALSE
2900,-0.0071702672600973075,0.022681339685714043,0.11240995105919299,-0.31613067655847227,FALSE
2901,-0.007038496953965153,0.02219021659879989,0.11034415725736345,-0.31718919563614423,FALSE
2902,-0.007588987081280418,0.022280081540496918,0.11897431928973908,-0.3406175631577675,FALSE
2903,-0.010609535782547263,0.02993428040301432,0.1663281652991983,-0.3544276207648173,FALSE
2904,-0.02067863172668755,0.03251216173397788,0.324183729287725,-0.6360275854889305,FALSE
2905,0.13357498826836878,0.1122051287104919,-2.0940862243084424,1.1904535006863608,FALSE
2906,-0.0014711270282770294,0.08181033594997428,0.023063201307817454,-0.01798216583753672,FALSE
2907,0.014024903879779624,0.15175683796525,-0.21987168700243376,0.09241694850673624,FALSE
2908,0.03302326731646732,0.12195546154867955,-0.5177134586763452,0.2707813729464326,FALSE
2909,0.03526980412965011,0.18440968536486663,-0.5529329399121292,0.19125787270807657,FALSE
2910,0.06574846540175593,0.14315867928722484,-1.0307540165424918,0.45926985167167,FALSE
2911,0.035806376402276276,0.05551290543240997,-0.5613449084926153,0.645009950809952,FALSE
2912,0.04452553813505421,0.06925792058928808,-0.6980372392113248,0.6428945275313513,FALSE
2913,0.04207459278141842,0.14218980763759667,-0.6596131976439793,0.29590442156483654,FALSE
2914,0.0951565030009183,0.17081837498390792,-1.4917906763146251,0.5570624530872782,FALSE
2915,0.013459079641412608,0.07990833977276736,-0.21100112853707492,0.1684314763601113,FALSE
2916,-0.006441938572051457,0.06797425629989233,0.10099177246020877,-0.0947702692565047,FALSE
2917,0.05268210388034121,0.04100582681191469,-0.82590962150609,1.2847467781099307,FALSE
2918,-9.397959225696356e-4,0.047480343705496864,0.01473339972271106,-0.019793368144064932,FALSE
2919,-0.01975945604162947,0.035683023559209645,0.30977359783458064,-0.5537494884322838,FALSE
2920,-0.002232172223712835,0.03138625929452376,0.03499428421861148,-0.07111940938123525,FALSE
2921,-0.007373987102580418,0.025634850841101713,0.11560371451216116,-0.28765476921587213,FALSE
2922,-0.020290990126825593,0.20335725023395412,0.31810658157644167,-0.09978001818711478,FALSE
2923,-0.007498183537682355,0.02794394317716213,0.11755077097255667,-0.26832947269268814,FALSE
2924,-0.010070585721754292,0.0276240450927763,0.15787891957941394,-0.3645586910943667,FALSE
2925,-0.008458540866356333,0.027359552931603713,0.1326065166511514,-0.3091622471866365,FALSE
2926,-0.006258140851236076,0.025655473035787284,0.09811033275200913,-0.24393005120219308,FALSE
2927,0.04271840249604427,0.046254325265728806,-0.6697063525972499,0.9235547648923461,FALSE
2928,-0.00822523425910544,0.02267529456797329,0.1289489145909315,-0.36273990771977915,FALSE
2929,-0.007250236610425447,0.02310998903322695,0.11366364920328416,-0.3137273929468873,FALSE
2930,-0.007215519312107425,0.02279158585349699,0.11311937802575718,-0.31658697900568966,FALSE
2931,-0.007448736431362537,0.022776778566595435,0.11677557716180965,-0.32703204316552914,FALSE
2932,-0.007393580722580694,0.024062923848397987,0.11591088825972291,-0.3072602801372756,FALSE
2933,-0.008409222932740441,0.02340793736410771,0.13183334791099097,-0.35924664364638237,FALSE
2934,-0.008494478188938599,0.029032928150085072,0.1331699144334282,-0.2925808290857396,FALSE
2935,-0.016428131882635758,0.03243895734445889,0.25754765253980116,-0.5064321799307756,FALSE
2936,0.08820690222571238,0.2843320812130575,-1.3828401651713034,0.3102249378592514,FALSE
2937,0.15906155413246958,0.11213207986343533,-2.493645057686097,1.4185196094301402,FALSE
2938,-0.03671846103684376,0.1617920193156664,0.5756438718944595,-0.2269485305403336,FALSE
2939,0.0817651593443906,0.24297721661792507,-1.2818514606002749,0.3365136883305567,FALSE
2940,0.10589441804484168,0.11139546552752275,-1.6601314732166388,0.9506169532428417,FALSE
2941,0.07073721714511505,0.12570153270100473,-1.108963840385216,0.5627394958927947,FALSE
2942,0.05232511594481213,0.06443540888680466,-0.82031303843521,0.8120553100971705,FALSE
2943,-0.017471525947531864,0.058024986779542514,0.2739051844860835,-0.30110348863865116,FALSE
2944,0.07687270071814661,0.07259153673024644,-1.205151246398252,1.058976076010199,FALSE
2945,0.036268141372711143,0.05042665918292827,-0.5685841055608051,0.7192255437970709,FALSE
2946,0.020638921075221948,0.11198797787368804,-0.3235611761490688,0.18429586342295348,FALSE
2947,0.0018528198717676406,0.05635478340392736,-0.02904708897895031,0.032877774695493155,FALSE
2948,-0.004253868910462947,0.0639867288973034,0.06668889438730254,-0.06648048718493278,FALSE
2949,0.03426580558179148,0.05732917979161465,-0.5371930206686227,0.5977027005504695,FALSE
2950,-0.014474348586537527,0.04552544896595716,0.22691773642539256,-0.3179397219643259,FALSE
2951,-0.00396050888153036,0.056432132914148,0.062089820838321874,-0.07018180382364082,FALSE
2952,0.00718090454753702,0.07384227481331972,-0.11257671429368983,0.0972465239687026,FALSE
2953,0.029357841367693517,0.06867284789796357,-0.4602497217518213,0.42750289621473664,FALSE
2954,0.004344717775365395,0.10246876943670838,-0.06811315321713712,0.042400409405218685,FALSE
2955,0.013449108632396893,0.038436371274395045,-0.2108448107047251,0.34990578419550794,FALSE
2956,-0.008334941888917051,0.027852773561377896,0.13066882667378682,-0.29924997848238405,FALSE
2957,-0.008791270280406839,0.027112328026348758,0.1378227932267143,-0.3242536115623549,FALSE
2958,-0.00621308595680948,0.028603012923431266,0.09740399667083466,-0.21721788447397405,FALSE
2959,0.026897043987598828,0.07870166078106602,-0.4216712276694012,0.34175954764692457,FALSE
2960,-0.0069870304273499835,0.023655488176717632,0.10953730452396626,-0.29536614823391416,FALSE
2961,-0.006756856567048248,0.022884368149505584,0.1059288152678388,-0.2952607877528063,FALSE
2962,-0.007132081276949753,0.022795813805331883,0.11181130050112363,-0.3128680264655249,FALSE
2963,-0.007322959890819088,0.024123480179331944,0.11480374902012169,-0.3035615025850671,FALSE
2964,-0.00740984982945868,0.02335547412352152,0.11616594284019979,-0.3172639437876429,FALSE
2965,-0.008764261233265805,0.02339242078753841,0.13739936609950318,-0.37466243074486305,FALSE
2966,-0.00955429661343805,0.02979651865292844,0.14978493489334865,-0.3206514400130782,FALSE
2967,-0.03864898606684285,0.10951965169047753,0.6059091627502706,-0.3528954436056089,FALSE
2968,0.0752499256692256,0.19959698757826858,-1.17971062372517,0.37700932555265954,FALSE
2969,0.13524987356746554,0.20739130700015512,-2.1203437915192183,0.6521482289870731,FALSE
2970,-0.006359569782620578,0.18332029037979883,0.09970045775005049,-0.034691030487923435,FALSE
2971,0.07592734895903291,0.09234607712010844,-1.1903307465311035,0.8222043786470673,FALSE
2972,0.013235182213830918,0.13859921266552183,-0.2074910363795902,0.09549247762157977,FALSE
2973,0.06129343979053395,0.14716805880658015,-0.9609115416724382,0.4164860248044082,FALSE
2974,0.05831675013078001,0.08940588622460392,-0.9142452840793001,0.6522696949088752,FALSE
2975,0.06268018733342735,0.07658599441046522,-0.9826519061209997,0.8184288500256427,FALSE
2976,-0.0012497029513539048,0.06938147206793219,0.019591884445087623,-0.018012055871779523,FALSE
2977,0.07120926431208621,0.11222811740615662,-1.1163642338450461,0.6345046674388909,FALSE
2978,0.020663538810535034,0.08027806019106948,-0.323947114123394,0.25739957793391904,FALSE
2979,-0.016901253061582487,0.0948651609687609,0.26496488353569964,-0.1781608009619893,FALSE
2980,0.05557848653912754,0.04449578315231273,-0.8713168875273636,1.249073116633947,FALSE
2981,-0.013542579055087225,0.052471569875406514,0.21231016830702454,-0.2580936512333062,FALSE
2982,-0.006053420279932297,0.05842112281038355,0.09490088064007272,-0.10361697941992284,FALSE
2983,-0.007646444189575285,0.035998819498004375,0.11987508776839423,-0.2124081927186299,FALSE
2984,0.009048868617910124,0.036572296974462466,-0.1418612224039387,0.24742412608726014,FALSE
2985,0.025210707762275398,0.055103537089029965,-0.3952341416192254,0.4575152357559703,FALSE
2986,0.007422327678054985,0.03642483177031268,-0.11636156098094055,0.20377109014143485,FALSE
2987,-0.010383182699518913,0.028285041793865606,0.1627795752589201,-0.36709094422376964,FALSE
2988,0.061644678597598375,0.061182471288590674,-0.9664179943163898,1.0075545707663152,FALSE
2989,-0.0067314980855217,0.020425658710258497,0.10553126444247443,-0.3295608812919654,FALSE
2990,-0.0076559078528021796,0.023238123917075276,0.1200234518225622,-0.32945464445073597,FALSE
2991,-0.007422318543846353,0.022525045766133782,0.11636141778182287,-0.3295140272258957,FALSE
2992,-0.0073329369884475555,0.02181091197069829,0.11496016230507275,-0.33620496925112237,FALSE
2993,-0.010680205735888269,0.021531987964895884,0.16743607462924887,-0.49601577677362924,FALSE
2994,-0.011727634079922646,0.02581942955212825,0.18385685290987852,-0.4542173968733541,FALSE
2995,-0.016946443341277678,0.026749320306775886,0.265673342083285,-0.6335279979800071,FALSE
2996,0.0770124627198322,0.16424846797332976,-1.2073423278739512,0.46887781463104594,FALSE
2997,0.10610978502238583,0.2772706947073107,-1.6635078315206355,0.3826938333111482,FALSE
2998,0.1571056683564232,0.2366873382293258,-2.4629821805035017,0.6637687910631024,FALSE
2999,-9.953798738563e-4,0.16322832131515827,0.015604802282359265,-0.006098083138001761,FALSE
3000,0.05710831742714289,0.12468125582680448,-0.895300402926804,0.45803450605656726,FALSE
3001,0.05174507824167941,0.0761346243327208,-0.811219652169891,0.679652374923989,FALSE
3002,0.06594356343794786,0.08662294644831299,-1.0338126139286905,0.7612713044492858,FALSE
3003,-0.014020031618871628,0.13528745905140616,0.2197953034325683,-0.10363142095487457,FALSE
3004,0.11664990420224852,0.13126766450533875,-1.828747736560151,0.8886415755306158,FALSE
3005,0.057882556500857746,0.08358462048539544,-0.9074383293425651,0.6925024743154925,FALSE
3006,0.019578199593631027,0.12347013938840545,-0.3069319982526438,0.15856627108877736,FALSE
3007,-0.025375363464075873,0.07459130626625247,0.3978154874337686,-0.34019197054277234,FALSE
3008,4.1138657477399724e-4,0.05974860364401802,-0.006449403217381118,0.006885291867656642,FALSE
3009,0.028723069109701835,0.058852842620283466,-0.45029824911262567,0.4880489680850609,FALSE
3010,-0.02721925198613774,0.04746772140939245,0.4267225575616915,-0.573426555519302,FALSE
3011,0.027205943760622717,0.050327411375547915,-0.4265139214084544,0.5405790406665144,FALSE
3012,0.009965271054463352,0.03101320303996078,-0.15622787699389265,0.3213235034647345,FALSE
3013,0.013678783888517315,0.02532388900342162,-0.21444548322688906,0.5401533661227592,FALSE
3014,0.01452119139137897,0.02184609187009543,-0.22765210199486097,0.6647043085659026,FALSE
3015,0.014269058267619768,0.0462465554125475,-0.22369935224731688,0.3085431583029495,FALSE
3016,-0.0036470314233417057,0.023096529340852056,0.05717536166198866,-0.15790387246152207,FALSE
3017,-0.0056369898086396884,0.02142523362046124,0.08837240308135429,-0.26310050608999314,FALSE
3018,-0.005771959874081731,0.022934703244806127,0.09048836025567447,-0.2516692634943454,FALSE
3019,-0.006761118757138242,0.02159550829865923,0.10599563461529708,-0.3130798619617585,FALSE
3020,-0.007551649350668112,0.021052642701087646,0.11838896698437275,-0.35870315465326214,FALSE
3021,-0.01762922978316971,0.028709713447522243,0.2763775442744767,-0.6140510533270815,FALSE
3022,-0.015567922854169615,0.03214119410667493,0.24406195510580583,-0.48436043796321004,FALSE
3023,0.13219025407638682,0.0910916465139804,-2.072377423631385,1.4511786660492383,FALSE
3024,0.15004311805306508,0.09040244890227014,-2.3522609332814284,1.6597240437067107,FALSE
3025,0.023143536007703438,0.09588378367964295,-0.3628266082131098,0.2413707002325674,FALSE
3026,-0.11519423092100105,0.12174408789205891,1.8059268072464252,-0.9461997943024131,FALSE
3027,0.006069909707261551,0.1076863802836914,-0.09515938923561569,0.056366549709172556,FALSE
3028,0.06350064622458591,0.0996277240698859,-0.9955144313875909,0.6373792718585249,FALSE
3029,0.0977121644639226,0.14279464477108952,-1.531856376735432,0.6842845165556628,FALSE
3030,0.025272253668094453,0.09596437202911291,-0.3961990111296709,0.26335037820523177,FALSE
3031,0.17679418712182077,0.17182415053779268,-2.771643678124765,1.0289251340307655,FALSE
3032,0.0804211729559621,0.17448266295295517,-1.260781472736891,0.4609121135298447,FALSE
3033,0.06297996734371644,0.09818924583543208,-0.9873516272140547,0.6414141060750443,FALSE
3034,0.010725164538535852,0.09283981325080302,-0.16814090425720699,0.11552333167196546,FALSE
3035,-0.030530930612411723,0.0941988375925218,0.4786405152611067,-0.3241115431220087,FALSE
3036,0.043216535259797385,0.053217620849962156,-0.6775156960377771,0.812071914707328,FALSE
3037,-0.02458458497277122,0.08296559841632589,0.38541826871349844,-0.29632263784086066,FALSE
3038,-0.004725998057551209,0.050902666509361906,0.07409057306853621,-0.09284382099476093,FALSE
3039,-0.0025228354040697882,0.027368178973825923,0.0395510786438992,-0.09218133974067291,FALSE
3040,0.003722381619191182,0.031283198390904814,-0.05835664424470027,0.11898980317413504,FALSE
3041,-0.010099584842147626,0.029781464573448945,0.15833354554884121,-0.3391231756665085,FALSE
3042,0.073772654828986,0.05532740434161633,-1.1565511044452355,1.3333836225802385,FALSE
3043,-0.004411311079997526,0.014360558090466383,0.0691571519752066,-0.30718242649121597,FALSE
3044,-0.008819755881304885,0.08605951825485669,0.1382693686313245,-0.10248437430460691,FALSE
3045,-0.005845969240229777,0.023878012812743588,0.09164862233864053,-0.2448264554540238,FALSE
3046,-0.005687103443240952,0.023059504559228113,0.08915804621132178,-0.24662730409639472,FALSE
3047,-0.007819420865749781,0.022289876123970438,0.12258688343762472,-0.35080593639283664,FALSE
3048,-0.009049046903319815,0.02116161793826191,0.1418640174258606,-0.42761602301487583,FALSE
3049,-0.01654952244242375,0.03366000941287618,0.25945072063891567,-0.491667195912695,FALSE
3050,-0.186772385937217,0.27976780301794313,2.928074226639963,-0.6675978576606909,FALSE
3051,-0.1433828233938438,0.3174623616486795,2.2478459415489294,-0.45165298540971216,FALSE
3052,0.14123899898756154,0.3043912882139654,-2.2142367066559996,0.4640047348801934,FALSE
3053,0.06476985302336158,0.11871020367927827,-1.015412082194603,0.5456131909128181,FALSE
3054,8.228514140215398e-4,0.15255005838753566,-0.012900033405155635,0.005393976395152741,FALSE
3055,0.11882035680157374,0.10231318310277403,-1.862774427841828,1.1613396553425397,FALSE
3056,0.10071687654880236,0.11665763979112367,-1.578961948418644,0.8633543137777915,FALSE
3057,0.08755781938149741,0.08194821730490168,-1.3726643421364204,1.0684530092427063,FALSE
3058,0.08391327653998767,0.12247229267399763,-1.315527994551842,0.685161310430857,FALSE
3059,0.11208950116815684,0.13292192421895657,-1.757253235270741,0.8432732359751024,FALSE
3060,0.046942344854962584,0.08451608037030195,-0.7359260814608035,0.5554250108297453,FALSE
3061,0.00884588704048327,0.06736843259037165,-0.1386790329043299,0.13130611326925143,FALSE
3062,0.001982055301869379,0.05460429889838348,-0.03107314293843033,0.036298521212732866,FALSE
3063,-0.0394507217212667,0.08806556697343954,0.6184781594706205,-0.4479698828619929,FALSE
3064,0.015550067391884786,0.0718948084943496,-0.2437820308618733,0.21628915519132244,FALSE
3065,-0.0198266173559693,0.03950965885974699,0.3108265014132276,-0.5018169715499352,FALSE
3066,-0.0032794988960417907,0.04816695578932269,0.05141346856821795,-0.06808607358094171,FALSE
3067,0.006451947835775783,0.02548071653107578,-0.10114869002054178,0.253209042528577,FALSE
3068,-0.010737975147406794,0.027973803656590666,0.16834173915833192,-0.3838582439208946,FALSE
3069,-0.013018428950405463,0.028706650289369064,0.2040929449487214,-0.4534987126389518,FALSE
3070,-0.01088090054881639,0.029041551877811177,0.17058241398881938,-0.37466663608737116,FALSE
3071,-0.008863990760798615,0.013437213914995106,0.13896284914727,-0.659659868248949,FALSE
3072,0.06739576143457483,0.05735298286482859,-1.0565790603954126,1.1751047298344603,FALSE
3073,0.013762987951152598,0.04278113929374828,-0.21576556994283233,0.3217069058552122,FALSE
3074,-0.00867095451360654,0.08556570020499302,0.13593657490777716,-0.1013368030978909,FALSE
3075,-0.0051402095958118545,0.023471684374209323,0.08058426389693085,-0.21899619617669683,FALSE
3076,-0.006225630853212836,0.024024056011289763,0.09760066593567385,-0.25914153922581556,FALSE
3077,-0.0069342039613214165,0.022330558569943617,0.10870913170341497,-0.3105253251772522,FALSE
3078,-0.012696978701159232,0.02613387819974665,0.19905349446870627,-0.48584364724261714,FALSE
3079,-0.019669316471296924,0.029303758604162015,0.3083604587810385,-0.6712216250820224,FALSE
3080,-0.014914954274016541,0.13807594392295922,0.23382521448294633,-0.10801993345298788,FALSE
3081,0.1665596114022216,0.31683995769432693,-2.6111938491268796,0.5256900443185607,FALSE
3082,-0.03035643497675308,0.09988103673306449,0.47590490651000905,-0.3039259099590816,FALSE
3083,0.10719980076164148,0.10276613028954962,-1.6805962623222812,1.0431433047016536,FALSE
3084,0.03169440240113042,0.12230536314138524,-0.49688053367108226,0.25914155836724534,FALSE
3085,0.0193092448934115,0.11813704837291512,-0.3027155327302127,0.16344783587667885,FALSE
3086,0.127927223189663,0.1266476982026879,-2.005544894806797,1.0101030259936294,FALSE
3087,0.007508401184733663,0.2006769540755683,-0.11771095540687608,0.0374153635095849,FALSE
3088,0.1069072650067252,0.11337950613885571,-1.6760101111091732,0.9429152467448221,FALSE
3089,0.06786631438931626,0.13315291256808373,-1.0639560287418512,0.5096870438685662,FALSE
3090,0.04594620962505486,0.07420975238662098,-0.7203094372855702,0.6191397780938876,FALSE
3091,0.022216174682052017,0.075047362699995,-0.34828814856450113,0.2960287195016048,FALSE
3092,-0.026504956007930455,0.07852047797431555,0.41552437302554496,-0.33755469517901254,FALSE
3093,0.040203185192216565,0.062403640141958636,-0.6302747046864479,0.644244231598678,FALSE
3094,-0.0033509136244611495,0.034909488776013325,0.052533053910761615,-0.095988619196383,FALSE
3095,-0.019657113712967026,0.043616137885072834,0.3081691532945214,-0.45068441788135644,FALSE
3096,-0.012831929281053974,0.03310665101620176,0.2011691461635598,-0.38759369755564443,FALSE
3097,-0.010784354551553656,0.02973200574052081,0.16906883988710344,-0.36271870272297174,FALSE
3098,0.059861477746929244,0.0663751239619213,-0.9384623389577764,0.9018661536703289,FALSE
3099,0.02353387134726253,0.036942723698010264,-0.3689459863094732,0.6370367149872619,FALSE
3100,-0.004453921769086905,0.07481769434517004,0.06982516967962206,-0.05953032645645053,FALSE
3101,-0.005573654825577161,0.019833972849625833,0.08737948578997053,-0.2810155518430241,FALSE
3102,-0.006290541370940629,0.02290374932402021,0.0986182832512255,-0.2746511622157622,FALSE
3103,-0.007214373506026498,0.021746397675364515,0.11310141495676572,-0.33175027945889757,FALSE
3104,-0.009019171789234321,0.01970661473580865,0.1413956582991476,-0.4576723049670065,FALSE
3105,-0.01710381723150835,0.028910237981103547,0.2681405292406274,-0.5916180019925064,FALSE
3106,0.08197873343198164,0.08520888958655325,-1.2851997113505955,0.9620913243882789,FALSE
3107,0.07137746055033463,0.2010839325247478,-1.1190010854747006,0.354963520228301,FALSE
3108,0.1200021423996559,0.16919105694795236,-1.881301556109718,0.7092700085003413,FALSE
3109,0.0831586431192292,0.14587327014523854,-1.3036974305271,0.5700745793690125,FALSE
3110,0.005923393790225698,0.0896665876945031,-0.09286242505478969,0.06606021197557878,FALSE
3111,-0.0036001953052039273,0.16558392036439765,0.056441100921532136,-0.021742420986778428,FALSE
3112,0.022045446433270822,0.16451167178037934,-0.3456116020155716,0.13400536384251913,FALSE
3113,0.09232582429575027,0.1653572898391703,-1.4474134664882903,0.558341421690862,FALSE
3114,-0.01448079061325858,0.12355789410323466,0.22701872957978522,-0.11719842522695992,FALSE
3115,0.09135233158633513,0.1156595220888427,-1.4321517943842643,0.7898383975351702,FALSE
3116,0.036888937961592524,0.09814773555616303,-0.5783164783779549,0.3758511365805641,FALSE
3117,0.010801790430159736,0.0552597881163011,-0.16934218621990904,0.1954728890278411,FALSE
3118,-0.0011636338520683266,0.07113815393760334,0.018242559114880978,-0.016357380500609735,FALSE
3119,-0.012742069392482274,0.11758588850880775,0.19976039174616975,-0.10836393341134495,FALSE
3120,-0.004185935404509412,0.048466763142467686,0.06562388498074764,-0.08636713353860431,FALSE
3121,-0.023473738374259465,0.024029357164366102,0.36800326767610575,-0.9768775008708688,FALSE
3122,-0.002488070450584721,0.01771946180941252,0.03900606036521115,-0.14041456096951355,FALSE
3123,-0.01429577217497347,0.03615980344000332,0.22411815239929178,-0.3953498308886868,FALSE
3124,-0.012160092794930251,0.034536334974153766,0.19063660898112805,-0.3520956350472798,FALSE
3125,-0.0011495268487848379,0.07728073329361261,0.018021400336391137,-0.014874688681038284,FALSE
3126,0.06972149236951825,0.06795500381118796,-1.093040086336347,1.0259949740160186,FALSE
3127,0.011201449820339885,0.06886240386646031,-0.17560773963107823,0.16266422883032106,FALSE
3128,-0.007210340048233898,0.01772404130444805,0.11303818149884585,-0.4068112866801084,FALSE
3129,-0.0074367489772549245,0.02429135438139526,0.11658764704976768,-0.30614797596262183,FALSE
3130,-0.008791014798706786,0.02460396748699361,0.13781878798055575,-0.35730069970845063,FALSE
3131,-0.011899962871909826,0.021873816227805317,0.1865584915476977,-0.544027742940574,FALSE
3132,-0.014059735143785949,0.02793939455297537,0.220417744846619,-0.5032226134008575,FALSE
3133,-0.008089857080773177,0.1907518418220329,0.12682657501294275,-0.04241037467056716,FALSE
3134,0.12391434027749654,0.1218301870787709,-1.942633994083024,1.0171070343787465,FALSE
3135,0.1463184190189404,0.13568159855208448,-2.29386795838268,1.078395453623527,FALSE
3136,-0.009583441233395908,0.13184364063508414,0.1502418418933615,-0.07268792933229815,FALSE
3137,0.1260716972800201,0.18325154746538125,-1.976455382641362,0.687970710336494,FALSE
3138,0.015291114699542311,0.14299084960515682,-0.2397223691481663,0.1069377148381588,FALSE
3139,0.10578181807578031,0.14188511846912785,-1.6583662172572282,0.745545545700037,FALSE
3140,0.03901386070563836,0.07856244759552782,-0.6116293875064657,0.49659680801313566,FALSE
3141,0.016689000729727718,0.11281129082847376,-0.261637354258127,0.1479373261946169,FALSE
3142,0.046610859341465756,0.1084347883514126,-0.730729305804145,0.42985152689569067,FALSE
3143,0.072533989492401793,0.07359301679760244,-1.137132259259504,0.985609676688303,FALSE
3144,0.02571795686613845,0.06276564195179805,-0.40318640404846307,0.4097457791619337,FALSE
3145,-0.012750053897754318,0.08218993856080609,0.19988556669632218,-0.15512913284783056,FALSE
3146,0.02655887481659282,0.06868085310757699,-0.416369670756166,0.38669983867254554,FALSE
3147,-0.008920480224092725,0.03244867291960299,0.13984844762971274,-0.27491047927274886,FALSE
3148,-0.01268097298898205,0.02873214499282741,0.19880256918834507,-0.44135141988694826,FALSE
3149,0.008340322050663538,0.30431357904270245,-0.13075317272347714,0.027406999309397207,FALSE
3150,0.06753665776175205,0.057810247649715846,-1.058787924956229,1.168247162180839,FALSE
3151,0.007685108762786861,0.06932781535074425,-0.12048124129444548,0.11085173712609075,FALSE
3152,-0.007059006713520757,0.028751615711283585,0.11066569353826491,-0.24551687057887486,FALSE
3153,-0.008993077540117663,0.029349854867988724,0.14098657267378276,-0.30640960851653903,FALSE
3154,-0.018138044213624034,0.0337567550672957,0.2843543466935271,-0.537315988384102,FALSE
3155,-0.04150385755244136,0.10626471515958737,0.6506656484341891,-0.390570449373635,FALSE
3156,0.08992205768987774,0.13771395590494717,-1.409729057145899,0.652962563590459,FALSE
3157,0.08586849548856762,0.14223438381310158,-1.3461804177248236,0.6037112348403766,FALSE
3158,0.10086265790128882,0.17039446685201756,-1.581247396659819,0.5919362275353987,FALSE
3159,-0.02841882163759451,0.20070087144565632,0.44552849057938465,-0.14159789856861413,FALSE
3160,0.06338311816695123,0.07117449573997836,-0.9936719166349934,0.8905313273803673,FALSE
3161,0.06098900370270639,0.15310773308849293,-0.9561388261665893,0.39834045265013546,FALSE
3162,0.08143926934110153,0.10722342270399744,-1.2767424070613265,0.7595287231776211,FALSE
3163,0.023832124401771945,0.1942509931056006,-0.37362176896087235,0.12268727186798009,FALSE
3164,0.09030880033488853,0.1065787400987931,-1.415792111732455,0.8473434781756365,FALSE
3165,0.06599278747863767,0.06165542636642818,-1.0345843106875645,1.0703484083693113,FALSE
3166,-0.06302875536807025,0.15778975711232177,0.9881164884432039,-0.39944769877048214,FALSE
3167,-0.018072216515913654,0.06519061743983094,0.2833223505336151,-0.27722112821824074,FALSE
3168,-0.013708797169651878,0.051350068178129454,0.21491600843063388,-0.26696745800019406,FALSE
3169,0.02184049082598437,0.058989741199363975,-0.34239846518975336,0.37024218757243593,FALSE
3170,-0.004019047695054367,0.019050676176848587,0.06300754746197461,-0.21096614407516576,FALSE
3171,0.05165705533004618,0.0379789602355278,-0.8098396964681218,1.3601492776446016,FALSE
3172,0.08068656506108306,0.04811383407630412,-1.2649420866256036,1.676993043895059,FALSE
3173,-0.008641230227691274,0.03032692619163152,0.13547058034944331,-0.2849359072227951,FALSE
3174,-0.010257637268601454,0.03026872065432775,0.16081137027670503,-0.3388857225168134,FALSE
3175,-0.012262002863636764,0.025306945393363978,0.19223427688110847,-0.48453113060622965,FALSE
3176,-0.06279965212662225,0.2706242160483581,0.9845247835283828,-0.23205481402817446,FALSE
3177,-0.028336533924667756,0.22472746408171443,0.4442384469244786,-0.1260928833974834,FALSE
3178,0.10006039642973535,0.08458798912094044,-1.5686701565817724,1.1829149441851976,FALSE
3179,0.12475268917859052,0.2067124279229231,-1.9557769852051181,0.6035084123007208,FALSE
3180,-0.0014181535500773358,0.1418470886106661,0.022232723743194294,-0.009997762830154404,FALSE
3181,0.06300893500921852,0.08427408703149417,-0.9878057600578203,0.7476667766886799,FALSE
3182,0.07792820476128455,0.1263586454914571,-1.2216986292959862,0.6167223814262329,FALSE
3183,0.11389756163183666,0.11456660499956065,-1.785598620576721,0.9941602234985792,FALSE
3184,-0.00307911031957998,0.13047581893849852,0.048271930149106385,-0.02359908789713256,FALSE
3185,0.10260132024558583,0.1390280982444713,-1.6085048114731457,0.7379898131467533,FALSE
3186,0.05889601800068586,0.07282746961172978,-0.9233266014896913,0.8087060873415258,FALSE
3187,0.01968457970699293,0.10128996510781578,-0.3085997440845503,0.19433889315728495,FALSE
3188,-0.014827490144743279,0.07828688482280484,0.23245401894247367,-0.18939941445241995,FALSE
3189,-0.024740227702062738,0.0889856819093706,0.3878583160573043,-0.27802481445565547,FALSE
3190,0.03760618519702198,0.07992978345696725,-0.5895609304614429,0.4704902674641734,FALSE
3191,-0.012802412547542087,0.016382296055218497,0.20070640545262938,-0.7814785244015867,FALSE
3192,-0.019236773515749768,0.03026908257638643,0.3015793820512159,-0.6355254893241064,FALSE
3193,0.08038132064374794,0.12379364387789592,-1.2601566987496617,0.6493170257031305,FALSE
3194,0.07207263426246438,0.08616493976055782,-1.1298994857885938,0.8364496564698555,FALSE
3195,0.056427479202052384,0.1597733428438746,-0.8846267433844939,0.3531720510923497,FALSE
3196,-0.013727427653532706,0.03293887434927204,0.2152080828687664,-0.4167546075792382,FALSE
3197,-0.01339930214761597,0.02708060136893948,0.21006398283408056,-0.49479337497226,FALSE
3198,-0.11787843679860945,0.20193948985005813,1.848007728415696,-0.5837314776130971,FALSE
3199,-0.08641092167943168,0.14929844464947595,1.3546841595459376,-0.5787797848953344,FALSE
3200,0.04420370460068448,0.16580514634307672,-0.6929917798810937,0.26660031715312454,FALSE
3201,0.00851960730756144,0.1740726861496773,-0.13356386948309198,0.04894281518833926,FALSE
3202,0.03427428085490233,0.2042225584527511,-0.5373258895005707,0.16782808478443392,FALSE
3203,-0.08885991722401346,0.15101709621722442,1.393077633502288,-0.5884096532765835,FALSE
3204,-0.00927672653079551,0.25314058509645804,0.14543340401262655,-0.03664653981604987,FALSE
3205,0.08489296979882237,0.0989915349621452,-1.3308868741143223,0.85757807302701,FALSE
3206,-0.009219760749011494,0.12343028779254397,0.14454033817419878,-0.0746960969945047,FALSE
3207,-0.11879011507793563,0.2660220081617156,1.8623003212917104,-0.4465424342098897,FALSE
3208,0.0050872869311535665,0.08247561346522932,-0.07975458294803976,0.0616823169590403,FALSE
3209,0.014446711880596345,0.11463276912484734,-0.22648446934487884,0.12602602197337073,FALSE
3210,7.187501978792287e-4,0.077230961224766,-0.011268014376118655,0.009306503330800756,FALSE
3211,-0.11087841538365634,0.13761855968765738,1.7382667611511782,-0.8056937642372427,FALSE
3212,-0.005613216592619158,0.03900145740053614,0.0879997048328163,-0.14392325227677247,FALSE
3213,0.013474949024361986,0.041545541159441764,-0.21124991655235667,0.3243416416854069,FALSE
3214,-0.024503931260070586,0.04103772169083273,0.3841538416609847,-0.5971074964803524,FALSE
3215,-0.003500041653468495,0.039134208334122934,0.05487096877978731,-0.08943688405769144,FALSE
3216,-0.002092673789052792,0.02203079610055567,0.03280733474460308,-0.09498856870633057,FALSE
3217,0.06862881643464432,0.07202515875108795,-1.075909951027964,0.9528450561534885,FALSE
3218,0.009747567429343889,0.05499503755339653,-0.15281488652123967,0.1772444908302799,FALSE
3219,-0.009884269150424542,0.02836295473641023,0.15495799126461504,-0.3484922231228561,FALSE
3220,-0.039552192350504736,0.08829768805301261,0.6200689381756305,-0.4479414265836518,FALSE
3221,-0.024300762498849954,0.055090404442677,0.3809687176374127,-0.4411069903132683,FALSE
3222,3.319671195989318e-4,0.21266272965268698,-0.005204325907772477,0.0015610028148377874,FALSE
3223,0.09682362158520876,0.08866041313776096,-1.5179264829271417,1.0920727544407418,FALSE
3224,0.001752633477191133,0.11148313231172732,-0.027476443520054347,0.01572106417220542,FALSE
3225,-0.005686994464788944,0.16397296669016923,0.08915633773072931,-0.03468251248716292,FALSE
3226,-0.06841583787705535,0.19594819743701117,1.07257103654029,-0.34915267796249094,FALSE
3227,-0.0903182292676503,0.2648609803817539,1.4159399313090264,-0.3410023973235745,FALSE
3228,0.009745866156725189,0.12423512107887635,-0.1527882152738692,0.07844694859304382,FALSE
3229,-0.007448955543830481,0.09966647500565463,0.11677901223903964,-0.07473882811053426,FALSE
3230,-0.1399467177583592,0.22643910889803556,2.1939773126250754,-0.6180324522535395,FALSE
3231,0.08393428206925634,0.08864672074206702,-1.3158573031300875,0.9468402369161253,FALSE
3232,0.036270159174495546,0.08614164143528973,-0.5686157391096819,0.42105256610116926,FALSE
3233,0.011797999144693611,0.08696587832847617,-0.18495998243075415,0.1356623927850386,FALSE
3234,0.0013397568297392759,0.09100700942339458,-0.02100368008600111,0.01472146857948365,FALSE
3235,0.04584397671037339,0.05066722939587695,-0.7187067080539924,0.9048052805923495,FALSE
3236,-0.01141524035099096,0.02358192495951858,0.17895938360969893,-0.48406736814686224,FALSE
3237,-0.020707599947744126,0.03699750346649041,0.32463787084104795,-0.55970262875979,FALSE
3238,-0.05456587259463101,0.11848428272008492,0.8554419027027161,-0.46053258155380006,FALSE
3239,0.06341874351681712,0.06850187162742162,-0.994230423548282,0.925795777694201,FALSE
3240,0.1048149492939011,0.12400220333994481,-1.6432083900090666,0.8452668297075095,FALSE
3241,-0.004369486775048663,0.029548568669030835,0.06850146259824987,-0.14787473545641552,FALSE
3242,-0.008603510093231655,0.024298175616590076,0.13487923300983323,-0.35408049678254166,FALSE
3243,-0.017342710041853084,0.027800424062777572,0.27188570750876356,-0.6238289747915577,FALSE
3244,-0.05963759964987273,0.1008934000338548,0.9349525498494404,-0.59109515220878,FALSE
3245,-0.0029133846104176376,0.17709284619170765,0.04567380957975732,-0.01645117051912883,FALSE
3246,0.061297868097502844,0.12235682460783912,-0.9609809652729251,0.5009762904028129,FALSE
3247,0.011565569472182754,0.24672279421787155,-0.1813161282808469,0.046876777270808787,FALSE
3248,-0.04562045625399682,0.17345821189097152,0.7152025257619536,-0.26300545679942733,FALSE
3249,-0.06843967196428055,0.18729657658029955,1.0729446890808911,-0.3654080240753277,FALSE
3250,0.04229803985801134,0.14479152844562232,-0.6631162295440467,0.29213062609458346,FALSE
3251,0.09355199014366229,0.14999081489657123,-1.4666363542767678,0.6237181270611316,FALSE
3252,-0.14437746224530856,0.21271861707198342,2.263439126650541,-0.6787250887234361,FALSE
3253,-0.019153658755417236,0.10806091281762248,0.30027637258136397,-0.17724872255839091,FALSE
3254,-0.00730504100394438,0.1229519849996084,0.11452283045411084,-0.05941377037522125,FALSE
3255,-6.15950927056465e-4,0.07542507210394112,0.009656406247309412,-0.00816639493837859,FALSE
3256,-0.046323740038110406,0.10090589552426088,0.7262280695646067,-0.45907862764047075,FALSE
3257,-0.013975491035485028,0.04419993535398492,0.2190970303254418,-0.3161880424385065,FALSE
3258,0.012892440225575823,0.06535204580194036,-0.20211779034452362,0.19727676566772506,FALSE
3259,-0.0274864938941807,0.04291404975711663,0.43091217124195846,-0.6405010491843057,FALSE
3260,-0.004260452336387649,0.03762463401339829,0.06679210428996767,-0.1132357150602577,FALSE
3261,-0.026543717191003804,0.09208757882810448,0.4161320411269167,-0.2882442727759376,FALSE
3262,0.09914206318427918,0.10568262746686204,-1.5542732322506203,0.938111263512693,FALSE
3263,-0.00056153863933672255,0.051951853263825704,0.008803372130487389,-0.010808827867700425,FALSE
3264,-0.015477092660535659,0.08502462488363098,0.24263798898979924,-0.18203070794747278,FALSE
3265,-0.009377534215184693,0.04630501407931052,0.14701378957672404,-0.20251660433841992,FALSE
3266,0.02236596391833634,0.09034732466105413,-0.3506364293341201,0.24755535376663562,FALSE
3267,-0.03618899315761882,0.12477071173725789,0.5673432805451935,-0.290043974693561,FALSE
3268,-0.04091502676584284,0.12993839377849736,0.6414344109499133,-0.3148801949606183,FALSE
3269,0.040754449993858036,0.09814099615576712,-0.6389170114687941,0.4152642788460545,FALSE
3270,-0.027436290102317847,0.12493144683331485,0.4301251146955875,-0.21961076092333823,FALSE
3271,0.059132776785753356,0.10136165672334642,-0.9270383241461645,0.5833840793185597,FALSE
3272,-0.019750319492625772,0.16052805206793877,0.3096303620263325,-0.1230334464176207,FALSE
3273,0.12366639102516933,0.114659318436386,-1.9387468358630822,1.0785550857236301,FALSE
3274,-0.02142791354864577,0.11719857506401583,0.33593039505074196,-0.1828342497930669,FALSE
3275,0.04983440881406902,0.09049267041483687,-0.7812656422206069,0.5507010522025476,FALSE
3276,-0.0033633260697644002,0.11147868107458059,0.05272764670883318,-0.030170127932481496,FALSE
3277,0.007256757628214032,0.1276573145069635,-0.11376588071905348,0.05684560776044045,FALSE
3278,-6.951241382458396e-4,0.07518257428047859,0.010897623132560628,-0.009245814537456333,FALSE
3279,-0.022400896950072392,0.10166983550845671,0.35118408261472395,-0.22032982386608788,FALSE
3280,0.04841131595933963,0.05340769723407902,-0.7589554838471453,0.9064482924092215,FALSE
3281,-0.013998976874444825,0.024849454489049013,0.21946522329681775,-0.563351476412252,FALSE
3282,-0.026831375365893435,0.049016454861827846,0.4206417253810963,-0.5473952663759184,FALSE
3283,0.005238922066513901,0.11303062717339184,-0.08213180230770949,0.046349579733617356,FALSE
3284,0.16569143023086913,0.1644569205858296,-2.597583170550734,1.0075065837341592,FALSE
3285,0.006246466373681631,0.06280698174977417,-0.09792730924633872,0.099454968216238,FALSE
3286,-0.00524644540588476,0.03761371700062741,0.08224974745254199,-0.13948223744537788,FALSE
3287,-0.02295315271352947,0.09362962600083943,0.35984192493642353,-0.24514839686878256,FALSE
3288,-0.01406390708436037,0.046004523981866344,0.22048314933138657,-0.30570704502678814,FALSE
3289,-0.024603661948545463,0.2319922760902711,0.3857173429091109,-0.10605379783838954,FALSE
3290,-0.05255412601209411,0.30560060584226945,0.8239032826369136,-0.17196996670621467,FALSE
3291,-0.03971235104147557,0.21549087555124039,0.6225797833032488,-0.18428785413715854,FALSE
3292,-0.11291201395257879,0.3346180440771241,1.7701479599007373,-0.33743552074123767,FALSE
3293,-0.05908348370147174,0.1477810616356407,0.9262655449748093,-0.399804163317923,FALSE
3294,0.039856196780076375,0.10997703091852835,-0.624834886474392,0.36240473530879447,FALSE
3295,0.05224380446273629,0.12649657887399907,-0.8190382993788904,0.4130056712029769,FALSE
3296,0.10766287840644957,0.18301272486845319,-1.6878560384925738,0.5882808339356514,FALSE
3297,-0.12572810240352944,0.20607791597153427,1.9710687656786379,-0.6100998343796158,FALSE
3298,-0.04971159503077537,0.12132535840757168,0.7793402619148739,-0.40973787906546144,FALSE
3299,0.06749405698579719,0.0649564079829246,-1.058120062662334,1.039066954003055,FALSE
3300,-0.001958302923039115,0.057444683252247566,0.030700771359380832,-0.034090237984948674,FALSE
3301,-0.03515945069024801,0.09292177631896366,0.5512029033218007,-0.37837686797505404,FALSE
3302,-0.009472009534510904,0.03947803844111801,0.14849490117780217,-0.23993110875147775,FALSE
3303,0.018088048296254513,0.09031604897931114,-0.2835705490440388,0.20027501757077498,FALSE
3304,-0.03072153932060529,0.05949763252385029,0.481628732405917,-0.5163489372167912,FALSE
3305,0.04465362395564513,0.0754781419603214,-0.7000452704745564,0.5916100051736751,FALSE
3306,-0.0018408302784451041,0.0510630419359991,0.028859125329937358,-0.03605014916174297,FALSE
3307,0.10463483442092911,0.09907141999072859,-1.640384687164894,1.0561555939212455,FALSE
3308,-0.014166063074940907,0.046029417410861126,0.22208467260590475,-0.3077610769759227,FALSE
3309,-0.05481096242695771,0.14756767848963925,0.8592842331288454,-0.3714293196718277,FALSE
3310,0.10779881613263015,0.12043247698571978,-1.6899871659098311,0.8950975586544844,FALSE
3311,0.07973505497707775,0.13385985781261392,-1.2500250412637668,0.5956606878269382,FALSE
3312,0.014686998270180742,0.11973806987199809,-0.23025149507956613,0.12265938715966758,FALSE
3313,-0.060780888898750524,0.18468700288898052,0.9528761618782493,-0.3291021455109501,FALSE
3314,-0.2176572972367133,0.4113873439785268,3.412264179637165,-0.5290811699060785,FALSE
3315,-0.23133662582461292,0.5460854577202199,3.6267182022432274,-0.4236271494765484,FALSE
3316,0.050231710048015826,0.1294239702446485,-0.7874942262668746,0.38811751759016094,FALSE
3317,-0.03502932867293559,0.15688197384258107,0.5491629501279758,-0.22328459933889416,FALSE
3318,-0.1173927927959285,0.2555916931121396,1.8403941741933372,-0.4592981538896219,FALSE
3319,0.040191435975968116,0.08978746419634852,-0.6300905094848518,0.4476285897558807,FALSE
3320,0.05796052049842555,0.06326793349925708,-0.9086605891040314,0.9161121170348665,FALSE
3321,-0.006943508681888119,0.04165521225825049,0.10885500397645327,-0.16669003242236138,FALSE
3322,-0.035142626577941344,0.11789918717270291,0.5509391477918594,-0.29807352722850566,FALSE
3323,0.05073343697309575,0.04889984949883027,-0.7953599162122377,1.0374967917704807,FALSE
3324,-0.048124965849961086,0.08023528890996504,0.7544663064408627,-0.599798000403088,FALSE
3325,-0.020851111621401495,0.019581646957073602,0.32688773679821015,-1.0648293101755324,FALSE
3326,-0.00681682237277114,0.10378768630581034,0.10686891318079215,-0.06568045415990273,FALSE
3327,5.715693949571476e-4,0.07759560783586922,-0.008960626624284793,0.007366001902660976,FALSE
3328,-0.09640644885565924,0.24349210258759163,1.5113863688127265,-0.3959325490689328,FALSE
3329,-0.14192118407684698,0.3262846838669238,2.2249314813022165,-0.43496121973880325,FALSE
3330,-0.03401453508343303,0.1105042883572833,0.5332537945005442,-0.3078119011404967,FALSE
3331,-0.08259698224025862,0.19275393892807186,1.2948921420173816,-0.42850995782286216,FALSE
3332,-0.2021056728831152,0.3594653994921492,3.1684577399236207,-0.5622395734572758,FALSE
3333,-0.18266157012718243,0.27595084044379986,2.8636280090504287,-0.6619351832138496,FALSE
3334,-0.0952973243982661,0.23256693476953758,1.4939983661830414,-0.4097629978771534,FALSE
3335,-0.031243586648980266,0.3018841311665054,0.4898129900499503,-0.10349529313863715,FALSE
3336,-0.08046556324885139,0.1855333085419966,1.2614773897048617,-0.4336987459620358,FALSE
3337,-0.03713121116893799,0.14193014049146155,0.5821146519177635,-0.2616161094490834,FALSE
3338,-0.047357361398254,0.13255693401179483,0.7424323925406936,-0.3572605367746373,FALSE
3339,-0.009674921181384763,0.154968663110044,0.1516759943598325,-0.06243146831895009,FALSE
3340,0.010227357649705992,0.058696494139665586,-0.16033666963380547,0.17424137164598738,FALSE
3341,0.015881039632139583,0.058892736658172434,-0.24897075981428454,0.2696604120184964,FALSE
3342,0.007662095047123284,0.04898379280761856,-0.12012044991002536,0.15642102434198565,FALSE
3343,0.011028518773696021,0.0651206519496685,-0.17289665930663464,0.16935516527414254,FALSE
3344,-0.02826658357662834,0.05618700235077204,0.4431418190144643,-0.503080470464713,FALSE
3345,-0.13543177493310504,0.3142312910536162,2.123195501625329,-0.43099391686614935,FALSE
3346,-0.20705412471618714,0.5550677246593689,3.2460357726798,-0.3730249760842265,FALSE
3347,-0.14517350801153356,0.3444341556084216,2.275918921667417,-0.42148406494441165,FALSE
3348,0.05367701820387122,0.1664787666848508,-0.8415071252474751,0.3224256118228182,FALSE
3349,-0.13018064542869281,0.2952217499317268,2.040872320468418,-0.4409588570584603,FALSE
3350,0.01762904755606094,0.08451993894985742,-0.2763746874576196,0.20857856471618616,FALSE
3351,-0.0544791270371568,0.314274200697991,0.8540819723798196,-0.17334902742942546,FALSE
3352,0.021329881062752343,0.1485071370893543,-0.3343935169202967,0.1436286597452788,FALSE
3353,0.03151344658692825,0.08351274966534958,-0.49404364719524035,0.3773489283158347,FALSE
3354,-7.640907885677916e-4,0.1028380510414856,0.011978829384181142,-0.007430039570271046,FALSE
3355,0.04257154325937856,0.07271972060953086,-0.6674040061145667,0.5854195107262143,FALSE
3356,0.01621553266422546,0.08075150238166147,-0.2542146850408464,0.2008078139225801,FALSE
3357,0.00804028920127297,0.057708194210272394,-0.12604948781289735,0.1393266469572141,FALSE
3358,-0.009918317108686367,0.024654196646745313,0.1554917690420734,-0.4022973147655054,FALSE
3359,0.056508864303780076,0.04616829922915505,-0.8859026365932545,1.2239754387160748,FALSE
3360,-0.04830404976794998,0.08177040500974679,0.7572738467634736,-0.590727779349904,FALSE
3361,-0.032460839165526625,0.03436214571632405,0.508896141465118,-0.9446685731882514,FALSE
3362,-0.17156609524460298,0.4602856588355652,2.6896816632189156,-0.37273830272842395,FALSE
3363,0.07843756270876631,0.15099427739878238,-1.2296839525581569,0.519473744700995,FALSE
3364,-0.07127427149584223,0.26496803863030766,1.117383366616453,-0.26899195791416375,FALSE
3365,-0.06595820879316222,0.24679730566199762,1.034042212575878,-0.267256599970729,FALSE
3366,-0.07926831948387575,0.26514803035916057,1.2427079201516433,-0.298958734019263,FALSE
3367,-0.13586594243517156,0.30050944305945454,2.13000204674958,-0.45211871231710693,FALSE
3368,0.027572697180728713,0.16132907074736083,-0.43226360025715427,0.17090966341650346,FALSE
3369,0.03768909898564581,0.14032943279122442,-0.5908607892509756,0.2685758663452869,FALSE
3370,-0.04494079988845842,0.15409930350632095,0.7045473945073059,-0.2916353212888792,FALSE
3371,-0.02026044355310101,0.12390135311378353,0.317627695820465,-0.16352076102425644,FALSE
3372,0.0679183971474597,0.07739714307617426,-1.0647725422805463,0.8775310618457121,FALSE
3373,0.009023784009104998,0.04035432401557974,-0.14146796514506144,0.22361380667958042,FALSE
3374,-0.014333902081863487,0.07572088966516993,0.22471592383680167,-0.18929917682222888,FALSE
3375,-0.0036590947550445303,0.07875512151453987,0.05736448132477609,-0.046461673662315205,FALSE
3376,0.01775292277530329,0.05921950005217566,-0.2783167081421165,0.29978170635790546,FALSE
3377,-0.026918681611978534,0.037204833129993224,0.4220104457500292,-0.7235264708196646,FALSE
3378,-0.0895949591658435,0.17190544730631693,1.4046010573455505,-0.5211874351264446,FALSE
3379,-0.1527606223286505,0.3352564280655284,2.3948638811968674,-0.45565307490179513,FALSE
3380,-0.09960588123794369,0.2275032061780633,1.5615446159831272,-0.43782187913423815,FALSE
3381,-0.10656265264951431,0.2252330809074233,1.670607542864047,-0.47312167564459306,FALSE
3382,-0.16913885339684925,0.29165138625364423,2.6516292270380197,-0.5799350230063782,FALSE
3383,0.05455796362153711,0.12353308500086839,-0.8553179118881252,0.44164657282827174,FALSE
3384,-0.09447857476974905,0.27027993860291283,1.4811626374252707,-0.34955822196095043,FALSE
3385,-0.036591940761317096,0.17983565828624767,0.5736603840460923,-0.20347433378909227,FALSE
3386,0.019442526158114728,0.0550352559258699,-0.3048050141817303,0.35327402100760585,FALSE
3387,-0.07336480823716987,0.18085844644504426,1.1501571983657726,-0.4056476746274747,FALSE
3388,0.06881805921353445,0.09560787721459515,-1.078876754180718,0.71979486647392,FALSE
3389,0.05561818032179165,0.07086431544665,-0.871939176209887,0.784854548742006,FALSE
3390,0.01822869338971081,0.06860031007938514,-0.2857754749552555,0.2657231923385818,FALSE
3391,-0.009740772334289194,0.054633587481277245,0.15270835823228848,-0.1782927459710993,FALSE
3392,0.056784442688205546,0.048754245328190754,-0.890222943156809,1.1647076537839784,FALSE
3393,-0.02321251736767792,0.054384440374961214,0.3639080450713815,-0.4268227678291059,FALSE
3394,-0.08897139547912838,0.25926118953576693,1.3948253040907153,-0.3431728275197709,FALSE
3395,-0.04890579063071411,0.062026071667080476,0.7667074785208363,-0.7884715139338773,FALSE
3396,-0.08719959555784357,0.19174614803448933,1.3670483837593514,-0.45476582685853484,FALSE
3397,-0.0953598904423668,0.21135103268258965,1.4949792286390988,-0.4511919777821943,FALSE
3398,-0.14545134747523283,0.25965379031019326,2.280274675697752,-0.5601741738546184,FALSE
3399,-0.0474555726678983,0.146437269481556,0.7439720735056716,-0.32406758768385396,FALSE
3400,-0.03937976594506907,0.12735468162695815,0.617365769229028,-0.30921333587420513,FALSE
3401,0.015413652262599305,0.04113209517829125,-0.24164341908486875,0.3747354029933866,FALSE
3402,0.01552523981522911,0.0793036574181444,-0.2433928031559112,0.19576953094822824,FALSE
3403,0.0038122646756245447,0.06960757773996847,-0.0597657618700575,0.054767954860689735,FALSE
3404,0.02027784697883088,0.0693189971001901,-0.3179005333819662,0.29252943387975344,FALSE
3405,-0.014915631403886225,0.07006764540407172,0.23383583000573657,-0.2128747343780366,FALSE
3406,-0.012672182814803853,0.08207793459946547,0.1986647635789682,-0.1543920771964257,FALSE
3407,0.014486193485672318,0.06456601480288401,-0.22710343166989938,0.22436251532478435,FALSE
3408,-0.0371646276270034,0.05073380050911011,0.5826385295194546,-0.7325417621794342,FALSE
3409,0.0055877109458134485,0.10148735619192709,-0.08759984686306974,0.05505819794188242,FALSE
3410,0.03315549382287542,0.08528254981024358,-0.5197864044362305,0.38877230918455724,FALSE
3411,0.01714355321340211,0.08874261786119009,-0.2687634794903097,0.19318286553387243,FALSE
3412,0.007589514854062684,0.059183626980001174,-0.11898259330665822,0.12823673102405955,FALSE
3413,0.0093452648485686,0.05466122230139134,-0.14650789519504417,0.17096699369510307,FALSE
3414,0.05593609220899038,0.04403451603314975,-0.8769231549633736,1.2702783463517795,FALSE
3415,-0.012242053545901422,0.1716013329815543,0.19192152677724922,-0.07134008421261705,FALSE
3416,-0.048364294983178034,0.1376355852232126,0.7582183250443632,-0.3513938267108939,FALSE
3417,-0.09194759176011812,0.15231478361722553,1.4414838268699717,-0.603668203286077,FALSE
3418,-0.02614067599223892,0.14440592362098423,0.4098134703143437,-0.18102218618710675,FALSE
3419,-0.006938870587935611,0.04288039517769825,0.1087822914965279,-0.16181918471554718,FALSE
3420,0.014636682203248107,0.044962062779527884,-0.22946267837075746,0.3255340457803123,FALSE
3421,0.0305847764489605,0.12649686191559656,-0.47948466899089487,0.24178288683056665,FALSE
3422,0.028723376184198755,0.06678766893025655,-0.4503030631910858,0.43007005101785073,FALSE
3423,-0.016419550609288656,0.0906176839765637,0.2574131219174433,-0.18119587577999915,FALSE
3424,-0.010243235745831226,0.07139016992885411,0.16058559424757596,-0.1434824396137369,FALSE
3425,0.04819671785866908,0.058457636712770614,-0.7555911794051035,0.8244725679808411,FALSE
3426,-0.05098436547264089,0.15362402089344998,0.799293780785208,-0.3318775616998233,FALSE
3427,-0.10376485696505622,0.18128129636985296,1.6267458478176497,-0.5723969270020748,FALSE
3428,0.021088261534490085,0.06948072614270773,-0.3306055912598329,0.3035123940871965,FALSE
3429,-0.0668795184774929,0.11599728322812564,1.0484857992330046,-0.5765610764000786,FALSE
3430,-0.017000350802255832,0.07613547992022134,0.2665184619136158,-0.2232907813816853,FALSE
3431,-0.1092549490029298,0.2045596283474554,1.7128153003082476,-0.5340982963527606,FALSE
3432,-0.06355488718132801,0.13048708584777255,0.9963647795087431,-0.48705882860677674,FALSE
3433,-0.06599654390849738,0.15751926181630496,1.0346432011140116,-0.41897443618965724,FALSE
3434,-0.01642115459403289,0.07943232858084717,0.2574382679601302,-0.20673137609605946,FALSE
3435,0.03325266371151491,0.06860295235431872,-0.5213097594284745,0.4847118465073111,FALSE
3436,-0.046988447085847096,0.15262757303265392,0.7366488368797386,-0.3078634230513129,FALSE
3437,0.028576410782726373,0.06548688450693725,-0.4479990523379839,0.4363684575603711,FALSE
3438,-0.07750952051454428,0.14965122801157635,1.215134818774272,-0.5179344101910643,FALSE
3439,-0.011968858390328602,0.03164953263216888,0.18763858264789293,-0.3781685666398543,FALSE
3440,0.022984128452137122,0.06842616198450983,-0.36032753881030044,0.33589679423113367,FALSE
3441,-0.0016103652395186494,0.09928494044207316,0.025246071198643208,-0.016219632427117197,FALSE
3442,0.025740596439208896,0.05513137881316268,-0.4035413299122468,0.46689556824694,FALSE
3443,-0.08801688732499868,0.15174296500166654,1.3798612572847577,-0.5800393271874714,FALSE
3444,0.021333129670944966,0.07525276725911677,-0.3344444461081075,0.2834863148286482,FALSE
3445,0.008892660674033187,0.08798573417345575,-0.13941231405933882,0.1010693467250285,FALSE
3446,-0.0060009135609258545,0.05337710774925808,0.09407772056811288,-0.11242485428613852,FALSE
3447,0.027687859747818476,0.06759619755972229,-0.43406903066313823,0.40960676409876196,FALSE
3448,-0.004150470364649642,0.040560552690772,0.0650678912847895,-0.1023277566332059,FALSE
