hex_id,cate,se,adj_cate,t_stat,sig_95
1,-0.01956773155647212,0.015663940142674554,-0.025262890180770266,-1.2492215482337135,FALSE
2,-0.015268895630332142,0.014275268717496174,-0.019712884571085592,-1.069604778200648,FALSE
3,-0.019056486049467213,0.0156758651856712,-0.02460284744349113,-1.2156576893048383,FALSE
4,-0.018267860603156237,0.012771090611953874,-0.023584693755802917,-1.4304072501104432,FALSE
5,-0.014431790809324038,0.024152826399332188,-0.01863214166014115,-0.5975197507204817,FALSE
6,-0.009542033125169403,0.01873396616913731,-0.012319227410021127,-0.5093439925651797,FALSE
7,-0.019365586848083406,0.01545507913829206,-0.02500191156125528,-1.2530241142604395,FALSE
8,-0.02084407573458369,0.010847324591710545,-0.02691071239825327,-1.9215867985099844,FALSE
9,-0.018705097564117455,0.01300290027703695,-0.024149187871835672,-1.4385327246683999,FALSE
10,-0.0036818784561398043,0.02986684685129269,-0.004753483602734663,-0.12327643672838688,FALSE
11,-0.0014352014644566432,0.034756326487404586,-0.0018529146763492138,-0.04129324383509715,FALSE
12,-0.00968763462573168,0.031585204387375033,-0.012507206006735041,-0.3067143244323579,FALSE
13,-0.016736886288790886,0.01491702174454994,-0.02160813168667542,-1.1219991882699942,FALSE
14,-0.01858994648286609,0.013483388090388279,-0.024000522242840574,-1.378729615898103,FALSE
15,-0.016604209096623197,0.014632065202729274,-0.02143683899873395,-1.13478233363299,FALSE
16,0.02323070449748976,0.030059321699188107,0.02999196584684841,0.7728286329933125,FALSE
17,0.004547488463656529,0.030250986044860897,0.0058710280915355555,0.15032529706346764,FALSE
18,-0.012799253931237896,0.03759650631153992,-0.01652445739698973,-0.34043732215908784,FALSE
19,-0.008008089502966295,0.02664120530685927,-0.010338831820508213,-0.3005903603357039,FALSE
20,-0.01795545058914246,0.014433875498113525,-0.023181357280513192,-1.2439798716213948,FALSE
21,-0.018355799625713504,0.011537523290319318,-0.02369822729764741,-1.5909653366520295,FALSE
22,-0.0032781251969459476,0.02431684909423517,-0.00423221856914068,-0.13480879797551967,FALSE
23,0.15963492388180586,0.03555546502551544,0.20609642662988195,4.489743665769751,TRUE
24,0.032172600905397294,0.03194879026929427,0.04153638765725879,1.0070052929771844,FALSE
25,-0.00638108190833381,0.02027492089987192,-0.008238286130382744,-0.3147278324708098,FALSE
26,-0.01445728667954534,0.018171961731921288,-0.018665058064763988,-0.7955820561821532,FALSE
27,-0.017380983603772753,0.014087023256551544,-0.022439692549372045,-1.2338294107443362,FALSE
28,0.041581966315811986,0.04693211813566927,0.05368433461513811,0.8860023363021609,FALSE
29,0.1631156024752701,0.04173574693937578,0.21059015145472815,3.9082947937222117,TRUE
30,0.057206975567023824,0.05826192869332066,0.07385697913694649,0.9818929247631004,FALSE
31,0.02302174334332623,0.04819598501766911,0.0297221868653428,0.47766931902909,FALSE
32,-0.020332899723257133,0.013125398032546007,-0.026250759383264384,-1.5491263329949503,FALSE
33,-0.016645151475977858,0.014314853513502538,-0.02148969759557187,-1.162788809559054,FALSE
34,-0.016572456803774352,0.0211112922229751,-0.02139584524915633,-0.785004377218501,FALSE
35,0.06739980152563259,0.11236339473663237,0.08701641164862503,0.599837711236924,FALSE
36,0.07072896255831834,0.07240233872567398,0.09131451995617804,0.9768878161008596,FALSE
37,0.0857287372723426,0.10607833518819622,0.1106799563759839,0.8081644298079256,FALSE
38,-1.5944073846206146e-5,0.02816549986667221,-2.0584572383791285e-5,-5.660852433537854e-4,FALSE
39,-0.019266806361288594,0.01256302770181492,-0.02487438116343178,-1.533611707192623,FALSE
40,-0.020552639969302247,0.014572281833588796,-0.026534454695013334,-1.4103927033533523,FALSE
41,-0.008613498942455985,0.018677886304256975,-0.01112044476016299,-0.46116026204168714,FALSE
42,0.0019969535318425853,0.033512941745148045,0.0025781638318905886,0.059587533288739156,FALSE
43,0.11899815483885558,0.18473756339035624,0.15363238752189326,0.6441470411050554,FALSE
44,0.16670489474177025,0.03871909687630129,0.21522410179759707,4.305495432250253,TRUE
45,0.16404454270727026,0.04113747407507672,0.21178945833390275,3.9877154928833414,TRUE
46,0.023700734759481763,0.07288536929064804,0.030598797704494942,0.3251782215024438,FALSE
47,-0.013191392660167797,0.01735526614129464,-0.017030727508882505,-0.7600801135962163,FALSE
48,-0.021181031890152007,0.014163701457556434,-0.027345739132409456,-1.4954446726813617,FALSE
49,-0.02041668195250026,0.011462083794218586,-0.02635892630339822,-1.7812364940830678,FALSE
50,-0.0161991490590873,0.015946123565830295,-0.02091388685094125,-1.0158675236782433,FALSE
51,-0.017750425597448813,0.014006999578398597,-0.022916660075601017,-1.2672539538605596,FALSE
52,0.043519379131533024,0.06380245766615016,0.05618562849568447,0.6820956546729054,FALSE
53,0.006103142961088055,0.06169067949424762,0.007879453473620034,0.09893136225962863,FALSE
54,0.09005929175361925,0.09376607605520354,0.11627091217822401,0.9604677463584808,FALSE
55,0.16165058001412616,0.04710135549492191,0.20869873642578476,3.4319729934641487,TRUE
56,0.02641489650032459,0.05636070869927807,0.0341029121080412,0.46867573367939114,FALSE
57,-0.019825123580987102,0.013129379075582212,-0.025595195764070103,-1.5099818100200577,FALSE
58,-0.01936932532578985,0.014610480950221383,-0.025006738117234372,-1.325714423213177,FALSE
59,-0.02168408479610208,0.01433154802717378,-0.02799520482450858,-1.5130315828399898,FALSE
60,-0.0220007814344791,0.010111081452143202,-0.028404075539688208,-2.175907843153186,TRUE
61,-0.016779652438042247,0.013462346577001006,-0.021663344858875458,-1.2464136428272101,FALSE
62,-0.014866211101797594,0.020243866955290474,-0.019192999320590175,-0.7343562934211292,FALSE
63,-0.017072590376656156,0.013271057231684922,-0.022041541940720475,-1.286452923727508,FALSE
64,-0.003701892552291991,0.03271277507447741,-0.004779322771250486,-0.11316351314933892,FALSE
65,-0.013036741740410007,0.022895847327385213,-0.01683106567322614,-0.5693932857779432,FALSE
66,0.01402124324941072,0.06732165194799798,0.018102104854896706,0.20827241821459322,FALSE
67,-0.014917746380483553,0.04195484308503728,-0.019259533864061474,-0.3555667304069551,FALSE
68,-0.009625983631840423,0.04012802104843097,-0.012427611584473303,-0.23988184267105306,FALSE
69,0.02929685845008666,0.07296965512333574,0.037823664717094474,0.4014937222954958,FALSE
70,0.08544664067633333,0.08180103224361353,0.11031575599308391,1.0445667778599996,FALSE
71,0.14998531729628575,0.10773142734930007,0.19363831666684939,1.3922150758291258,FALSE
72,-0.02579239546989431,0.030924673908953537,-0.033299233095796424,-0.8340393675881804,FALSE
73,-0.02076563559421629,0.012697283209622913,-0.02680944237386915,-1.6354392708574539,FALSE
74,-0.015892880817711834,0.04350796076769312,-0.020518479701911403,-0.36528673229642855,FALSE
75,-0.022324424275301614,0.013209940355476004,-0.02882191413901156,-1.6899716179299267,FALSE
76,-0.022696638725961883,0.010084013103582933,-0.029302461041629712,-2.250754584789024,TRUE
77,0.07135017505384966,0.06306652782812511,0.09211653540739366,1.1313477610230889,FALSE
78,-0.003377522464373189,0.023223144774739305,-0.004360545260665254,-0.14543777327035606,FALSE
79,-0.018150529084605547,0.01014232255040558,-0.023433213076535897,-1.7895831052897966,FALSE
80,-0.009512219295083122,0.015551888941004236,-0.012280736309856339,-0.611643983002163,FALSE
81,-0.014977854307595267,0.011391522686975204,-0.019337136112295237,-1.314824604152401,FALSE
82,-0.014979144822490739,0.014971481148854448,-0.019338802229595897,-1.0005118848001806,FALSE
83,-0.017737048013143263,0.01928303306816118,-0.022899388965650445,-0.9198266657764259,FALSE
84,-0.018014621398238315,0.0169265159098282,-0.02325774966395232,-1.0642840791458046,FALSE
85,-0.012788573139426714,0.020035832940091272,-0.016510667976903357,-0.6382850754278877,FALSE
86,-0.004981933674353285,0.05807081861493685,-0.006431917922618894,-0.08579065687687487,FALSE
87,-0.0058446344054020535,0.06168117988369787,-0.007545706394443401,-0.0947555545536309,FALSE
88,-0.0012052097467844685,0.0753233895819934,-0.0015559842176871776,-0.01600047148001134,FALSE
89,0.0894813928224125,0.1143673946729004,0.11552481663860936,0.7824030011205223,FALSE
90,0.11380746839266945,0.09171458828269141,0.1469309596494611,1.2408873061925685,FALSE
91,0.0358883594231985,0.2313035679620047,0.04633361206227293,0.15515696424144107,FALSE
92,-0.01963515893655179,0.022389058722740413,-0.0253499421976693,-0.8769979649304549,FALSE
93,-0.020873975083061155,0.01189568771663494,-0.026949313906807437,-1.7547514343261525,FALSE
94,-0.016834807681770102,0.01777249615977389,-0.02173455295272983,-0.9472393483968704,FALSE
95,-0.013262692358693404,0.03785447373383266,-0.01712277887664458,-0.35035997203257363,FALSE
96,-0.02247414975776274,0.009910901992368297,-0.02901521699630813,-2.2676190093564172,TRUE
97,0.1495077664429631,0.03335785759196204,0.19302177536115916,4.481935508921554,TRUE
98,0.15323225337481577,0.03883876630781663,0.19783026857191086,3.9453429637896735,TRUE
99,0.012820727908231043,0.030367079356657625,0.016552181342453547,0.422191668736172,FALSE
100,-0.015478966846585934,0.020276595365793675,-0.019984096696571085,-0.763390824117284,FALSE
101,-0.010115862213158957,0.015591210705213156,-0.013060068584716047,-0.6488182607766674,FALSE
102,-0.01679313558134257,0.012357988381215582,-0.021680752250606304,-1.3588890896570602,FALSE
103,-0.015697722396979686,0.016802425233233113,-0.020266520718491166,-0.9342533699201672,FALSE
104,-0.008784038676378685,0.02853719718935738,-0.011340619825275325,-0.3078101405016254,FALSE
105,-0.0204480152451317,0.0157893814555444,-0.02639937910337994,-1.295048530096246,FALSE
106,-0.013449419076669621,0.03563736289230248,-0.01736385212299585,-0.37739658563722284,FALSE
107,0.003255953086347229,0.04517977109549272,0.004203593299343065,0.07206661316334234,FALSE
108,0.005277168677956296,0.06288645125855429,0.006813080626738025,0.08391582880483267,FALSE
109,0.08080122725714181,0.14245913938923968,0.10431830203606171,0.567188792544713,FALSE
110,0.16311236102251217,0.040602883958485096,0.21058596658205583,4.017260478080531,TRUE
111,0.20998442419790597,0.048697661399165676,0.27110007273323333,4.312002222790591,TRUE
112,0.003046549597810744,0.10035282928040021,0.003933243242715389,0.030358382714833553,FALSE
113,-0.023253693968555297,0.009663741256083484,-0.030021646368638407,-2.406282758648646,TRUE
114,-0.02154544459065648,0.02045976109659781,-0.027816213597308653,-1.0530643289984067,FALSE
115,-0.003254630057264791,0.05284809846990338,-0.004201885204650579,-0.061584619910558934,FALSE
116,-0.023442514877429682,0.010811546371723327,-0.030265423316976042,-2.1682850973789995,TRUE
117,-0.022222852510249896,0.013123702299742086,-0.028690780065623284,-1.6933371393746588,FALSE
118,0.03254289038137114,0.052791870758688776,0.04201444932422438,0.6164375293712253,FALSE
119,0.17798475643955833,0.05831082472137409,0.22978695015347841,3.0523450369639042,TRUE
120,0.17242410561784766,0.08976881445939935,0.2226078803345232,1.9207572992493027,FALSE
121,0.046741083730240475,0.03901816729486782,0.060345005336946825,1.1979312963884,FALSE
122,0.03920391865646255,0.04385381734073658,0.050614159787289344,0.8939682115209008,FALSE
123,0.0027065723080134728,0.018024433757166124,0.0034943160777899493,0.15016129463359137,FALSE
124,-0.015409320572939814,0.016422059475606716,-0.01989417998049472,-0.9383305788064389,FALSE
125,-0.012604463955892268,0.02350933713118022,-0.016272974094427562,-0.5361471438161087,FALSE
126,0.010237421758866527,0.03577376813326523,0.013217007852038474,0.286171188920604,FALSE
127,-0.02172931551036713,0.017662033041062737,-0.02805359986963571,-1.2302839350287877,FALSE
128,-0.006112941312642612,0.06243158494770935,-0.007892103620549991,-0.09791424192998803,FALSE
129,0.025280953345423345,0.0716078200053958,0.03263893651583561,0.3530473814664149,FALSE
130,0.006078118412947207,0.03814668590571162,0.00784714556865511,0.1593354250476879,FALSE
131,0.0038993096782637955,0.07446215885406095,0.005034197852648432,0.052366325906640546,FALSE
132,0.10445775862271349,0.08701012007938745,0.13486003101581742,1.200524243931705,FALSE
133,0.03373091116406606,0.19626624669467005,0.043548241755865115,0.1718630265373189,FALSE
134,0.18645506777268137,0.05314288121335831,0.24072253276754205,3.5085615140831488,TRUE
135,0.05522671961703542,0.1416189124320839,0.07130037269281182,0.38996712140068485,FALSE
136,-0.02350502111925826,0.008667156405689729,-0.030346121905791553,-2.711964572812822,TRUE
137,-0.02268892518247873,0.036449506914188856,-0.02929250248300184,-0.6224755038770227,FALSE
138,-0.032965407775140745,0.04134152129605568,-0.04255993976533462,-0.7973922279992612,FALSE
139,-0.022554235944428996,0.012038135292200068,-0.029118612146272618,-1.8735655811280572,FALSE
140,0.10876734891277548,0.10290194809819488,0.1404239210307507,1.056999900613966,FALSE
141,0.23236119406124642,0.11468566126607001,0.2999895675643786,2.0260701424755263,TRUE
142,0.17191990508294994,0.03981445883100371,0.22195693299780986,4.318026921141399,TRUE
143,0.10086243165176659,0.056966429528407816,0.13021828957691511,1.7705591255542683,FALSE
144,0.0712010875480555,0.07185379309522955,0.09192405620890644,0.9909161991447132,FALSE
145,0.03873713628269612,0.06600973632509154,0.05001152111081588,0.5868397366703525,FALSE
146,0.017305265801834013,0.05253681215278178,0.02234193719589189,0.3293931453531809,FALSE
147,-4.308865018827964e-4,0.02856860063209435,-5.562953654605373e-4,-0.01508252040174249,FALSE
148,-0.006763254962462023,0.027362600694363363,-0.008731690072920848,-0.2471714965257392,FALSE
149,-0.02163316562306085,0.026184832117661382,-0.027929465703296505,-0.8261716372995004,FALSE
150,-0.019173948590191524,0.013053081839740454,-0.024754497278736905,-1.4689211962048632,FALSE
151,-0.020530773734971815,0.028728778936407975,-0.026506224326308486,-0.714641362948885,FALSE
152,0.09032195430878591,0.08554607730690442,0.1166100222721368,1.0558281238863543,FALSE
153,0.02680778778893187,0.03448357937470289,0.03461015381096533,0.7774073421333411,FALSE
154,0.030363391955961296,0.05774724217528113,0.03920061118405022,0.5257981301305923,FALSE
155,0.16630758842628598,0.03920823895401302,0.2147111600809122,4.241649022322747,TRUE
156,0.08507140769162982,0.17027983757500012,0.10983131201666234,0.4995976558537645,FALSE
157,-0.006415448180632439,0.10338286961072714,-0.008282654654168812,-0.06205523414845088,FALSE
158,0.28758082702396676,0.16219703816715192,0.37128079104287326,1.7730337759164305,FALSE
159,-0.021917096802579507,0.02396523149703037,-0.028296034622456882,-0.914537245563238,FALSE
160,-0.023519600215508665,0.007944278713237175,-0.030364944225918233,-2.960570879307025,TRUE
161,0.013184519136241836,0.08427571746327012,0.017021853456231317,0.15644505360619498,FALSE
162,-0.011797174136061756,0.059019874449822686,-0.015230723795583573,-0.19988477179990338,FALSE
163,-0.021416345671396442,0.007890330946107088,-0.027649540633183502,-2.714251888504472,TRUE
164,0.22829074671580998,0.13563864679940943,0.29473442268580136,1.6830803911913101,FALSE
165,0.24588127030939388,0.13619478756498873,0.31744464152156493,1.8053647625248912,FALSE
166,0.2655950848259895,0.10828928077327458,0.3428961318866862,2.4526442777107946,TRUE
167,0.1654632930929469,0.15694632100927103,0.21362113386991655,1.05426678388449,FALSE
168,0.09625867830495859,0.06018586679018937,0.12427462079322843,1.5993568496823458,FALSE
169,0.032617359857862314,0.04713662041508603,0.04211059302902667,0.6919749352124354,FALSE
170,0.03752370561469536,0.04803821729784949,0.048444923285247146,0.7811219425991308,FALSE
171,0.012722260203693643,0.06018821500166868,0.016425054761689612,0.21137460553267653,FALSE
172,-0.020691059247631125,0.011340454637438062,-0.02671316069459392,-1.8245352509346549,FALSE
173,-0.01632247774170592,0.026072843780899396,-0.02107311015979244,-0.6260336570444818,FALSE
174,-0.01044872526724333,0.022353621098977282,-0.013489810926402454,-0.4674287544276832,FALSE
175,4.3669030282388754e-4,0.052262972714642905,5.63788353872745e-4,0.00835563459446188,FALSE
176,0.04889133864375668,0.09934026488497813,0.06312108868539476,0.49216034102955014,FALSE
177,0.10185778659885915,0.036111761738886285,0.13150334107339112,2.820626347043475,TRUE
178,0.08472801083526536,0.06032368499746878,0.10938797002550099,1.4045562839674104,FALSE
179,0.027106051695102662,0.11484532043417091,0.03499522697515579,0.23602225665467835,FALSE
180,0.09488911934791829,0.10928305688233075,0.12250645377663034,0.8682875649249914,FALSE
181,0.010569591226125242,0.06180496126782128,0.013645854739504401,0.17101525523693345,FALSE
182,0.006797210046391758,0.04938723531465754,0.008775527732586207,0.13763090813011006,FALSE
183,0.17932947874603095,0.11030391209607361,0.23152305184998873,1.6257762334833306,FALSE
184,-0.018422804236048956,0.01571033395256485,-0.023784733498308668,-1.1726551638987452,FALSE
185,-4.667367867834977e-4,0.06352992807868584,-6.025798214682233e-4,-0.0073467230468986944,FALSE
186,0.022813342242191174,0.08438169932851255,0.029453130939451115,0.2703588861534405,FALSE
187,-0.015316005366009933,0.04060276103955276,-0.019773705523960912,-0.377215858574002,FALSE
188,-0.0185332681341651,0.01602877886165734,-0.023927347746618147,-1.1562495367940215,FALSE
189,-0.0036921176940709947,0.026067642139977396,-0.004766702955353229,-0.14163604342292066,FALSE
190,0.19245784543831504,0.1295355733371822,0.24847240977851964,1.485752835920567,FALSE
191,0.2639148471906638,0.11612280569806742,0.3407268636331676,2.272721930926063,TRUE
192,0.15981923617945826,0.0950615704748084,0.20633438274253202,1.681218134533248,FALSE
193,0.15671918299328733,0.0879268449769857,0.2023320637731224,1.7823815131124923,FALSE
194,0.1814492322180619,0.09535776900842365,0.23425975635861696,1.9028258956229687,FALSE
195,0.04787539521589353,0.09196533268912087,0.061809456462011525,0.5205808951698274,FALSE
196,0.048511779422332424,0.07865339356880183,0.06263105932760914,0.6167792287296147,FALSE
197,-0.010157712516891496,0.046747347286772156,-0.01311409935594652,-0.21728960265015443,FALSE
198,-0.0171428539304093,0.004496370354453518,-0.02213225559534383,-3.812598291292848,TRUE
199,-2.9686489393186384e-4,0.06183462667234496,-3.832669715589051e-4,-0.0048009490783363015,FALSE
200,-0.016591586561578654,0.026142716153186234,-0.021420542693987896,-0.634654274802907,FALSE
201,-0.017057172677335326,0.01889741238415982,-0.02202163694337021,-0.9026194872919734,FALSE
202,0.07322415423408625,0.09687001015607795,0.0945359333889501,0.7559011722627751,FALSE
203,0.15378512497594315,0.047094231190680055,0.19854405261494307,3.2654769191003847,TRUE
204,0.16028908429831076,0.037252951104501546,0.20694097944455425,4.302721785682688,TRUE
205,0.11101001142058477,0.05802673623774305,0.14331930706381274,1.9130838406241286,FALSE
206,0.06641081431145389,0.13545503324730912,0.0857395812040803,0.4902794139085501,FALSE
207,0.030567174888608717,0.08746659628145188,0.039463704830512494,0.34947255510262465,FALSE
208,-0.007398648576824664,0.08595221729867741,-0.009552014036119171,-0.08607862379064549,FALSE
209,0.04269957263085316,0.04225123185463515,0.05512721855499275,1.0106113066184796,FALSE
210,0.15438001606210136,0.05044143582190054,0.1993120858504646,3.0605793341646517,TRUE
211,-0.011588448155474645,0.026952575209795913,-0.014961248434567507,-0.42995699168897317,FALSE
212,0.10015412511271064,0.09176647369370873,0.12930383149275496,1.0914021328420833,FALSE
213,0.01962976725949404,0.19651268484643866,0.025342981281172308,0.09989058606996984,FALSE
214,0.06159660785800415,0.13629178011292725,0.07952420725590134,0.45194660901022105,FALSE
215,-0.014823228329037912,0.01894879159431498,-0.019137506476937908,-0.7822782922730113,FALSE
216,0.006413284166539664,0.027897524287404284,0.008279860807052826,0.2298872150972643,FALSE
217,0.2234694061175958,0.13610556655735395,0.28850983821083254,1.6418829278626699,FALSE
218,0.1685102182170887,0.07471617739454905,0.2175548619353327,2.2553377875215337,TRUE
219,0.1659850438175002,0.09680210968392022,0.21429473935239607,1.7146841567758926,FALSE
220,0.15760322063484844,0.0972074247609502,0.20347339923093835,1.621308465093298,FALSE
221,0.20305247664237816,0.052789770500977835,0.26215059234360505,3.846436055989616,TRUE
222,0.20445457790768515,0.11696053706529182,0.2639607730579891,1.7480646296412852,FALSE
223,0.12288670955132083,0.0782738161324447,0.15865270019224131,1.5699593506899936,FALSE
224,-0.016399401688384104,0.008832795418052828,-0.021172422704611137,-1.8566491028272134,FALSE
225,-0.01683095468662107,0.007844437270631128,-0.02172957854917998,-2.1455910865186802,TRUE
226,0.005145872949364479,0.03911692236460701,0.006643571475253258,0.13155106890567814,FALSE
227,-0.011224392632283947,0.025803253531409026,-0.014491235102898129,-0.4349991220533894,FALSE
228,-0.004030200771656649,0.03224133057282903,-0.005203184600472601,-0.12500106850593345,FALSE
229,0.025722041887785714,0.06304125208756818,0.03320840321020115,0.4080192102158157,FALSE
230,0.06876928718172233,0.06345151746629597,0.08878448403014194,1.0838083930498752,FALSE
231,0.06881064712769018,0.08061417069305474,0.08883788172572321,0.8535800410289219,FALSE
232,0.15257398665063263,0.03951393743234339,0.19698041431493166,3.8612701382106778,TRUE
233,0.14685589015720263,0.048942983158941966,0.18959807450003419,3.000550450312545,TRUE
234,0.08756891716450717,0.06677551287010634,0.11305571783788104,1.3113926557905853,FALSE
235,0.159804873948278,0.05102658922858475,0.2063158404057256,3.1317961157936143,TRUE
236,0.06382651824124311,0.08644016800883506,0.08240312967785639,0.7383895671595571,FALSE
237,0.03349210985889426,0.04926251684342755,0.043239937692608255,0.6798700514093338,FALSE
238,0.07418993772275473,0.10491598482380575,0.09578280669882862,0.7071366469785146,FALSE
239,0.1572151606693434,0.04341416833675549,0.2029723950003859,3.6212869367865155,TRUE
240,0.15470898607145409,0.0438922121580783,0.19973680208264818,3.524747978394616,TRUE
241,0.004519914865053334,0.08266282555152155,0.005835429238833044,0.05467893015871072,FALSE
242,0.03976975381512084,0.05109262563413683,0.05134468041163198,0.7783853994880472,FALSE
243,-0.004745816961062417,0.030621451598522746,-0.006127079797642743,-0.15498340912392825,FALSE
244,0.02453995344268136,0.07601414916235559,0.0316822697140192,0.3228340212065974,FALSE
245,0.270264925198789,0.12377381394647333,0.34892512222515704,2.1835388001832645,TRUE
246,0.1647421890857677,0.06459949134694813,0.21269015363392407,2.5502087655919383,TRUE
247,0.08604929446318477,0.0753749442376853,0.1110938112515749,1.1416166915074493,FALSE
248,0.19287658576756944,0.09442900559688859,0.2490130238462098,2.042556569863155,TRUE
249,0.11811570585303414,0.1224113422705135,0.15249310309566322,0.9649081830343258,FALSE
250,0.1313797336235278,0.113405404382884,0.16961760605368936,1.1584962316254184,FALSE
251,0.0017965383484342464,0.09371630389651377,0.0023194181129812773,0.01916996588361054,FALSE
252,-0.0123866142774339,0.007699805748873617,-0.01599171959709726,-1.6086917880033405,FALSE
253,-0.014679436906705626,0.011038695846630961,-0.01895186477898055,-1.3298162310709765,FALSE
254,0.033130580559080344,0.07453579979533187,0.04277318583780223,0.44449218563500664,FALSE
255,-0.0038120293757639007,0.030343481850283127,-0.004921514750336046,-0.12562926675892772,FALSE
256,0.019429132676267898,0.043765808209463485,0.025083952306460613,0.44393405425714805,FALSE
257,0.06649091134614815,0.09522106259591716,0.08584299035937491,0.6982794513469242,FALSE
258,0.05958240094716804,0.05087835935199432,0.0769237684752001,1.1710755163105027,FALSE
259,0.03689463600718648,0.09201183620116365,0.04763276392151647,0.40097706480418965,FALSE
260,0.06508226359253279,0.08540111549348926,0.08402435781117833,0.7620774414532615,FALSE
261,0.1602763436490183,0.03806924653166857,0.20692453064858735,4.210126499763782,TRUE
262,0.1549484940271901,0.028802042886789822,0.20004601846604542,5.379774436009116,TRUE
263,0.16120068965673795,0.04369175639157471,0.2081179061614649,3.689498957469768,TRUE
264,-0.008389709581154745,0.019542697705656704,-0.010831521844297047,-0.4293015072697109,FALSE
265,0.05881091984051166,0.08097756262665011,0.07592774896124921,0.726261916670195,FALSE
266,0.10532727523209214,0.10065207525247745,0.1359826191170336,1.0464491166017922,FALSE
267,0.06747770281293466,0.043667736250285104,0.08711698598757553,1.545253054249958,FALSE
268,0.07334387397410526,0.04605747782650934,0.09469049737792562,1.5924422577019766,FALSE
269,0.07513159602939233,0.13275509028858778,0.09699853322899596,0.565941357623791,FALSE
270,0.06363312046050429,0.04594573072169422,0.08215344376603216,1.3849626387693645,FALSE
271,-0.0029137161196936567,0.025279995707658685,-0.00376174878203572,-0.11525777746912091,FALSE
272,0.20938571787090643,0.08108800945931582,0.27032711383680375,2.5822032044819307,TRUE
273,0.27064949928720444,0.08747759189856784,0.3494216260193741,3.0939294671146,TRUE
274,0.18976677255538435,0.05551920408659537,0.24499810421000112,3.4180384189117343,TRUE
275,0.22777194992273744,0.07788831469192437,0.29406463087208484,2.9243404588179303,TRUE
276,0.2281718840578077,0.058578494674958535,0.29458096523126504,3.895147619000662,TRUE
277,0.29560149490424853,0.08738476680609833,0.3816358621583583,3.382757724354531,TRUE
278,0.11496178075376959,0.08144196180167708,0.14842123287447032,1.4115792180168512,FALSE
279,0.05531236498869768,0.07263959936914116,0.0714109450201432,0.761462968808657,FALSE
280,-0.011218575469675009,0.008108794915732787,-0.014483724863924892,-1.3835071161941197,FALSE
281,-0.014480298472817895,0.009062914520063293,-0.018694767405605536,-1.5977529569281173,FALSE
282,-0.009028412693920128,0.02050006755695302,-0.011656118530394322,-0.4404089239626899,FALSE
283,0.018592649625586977,0.029682891441804398,0.0240040121311551,0.6263759601061542,FALSE
284,0.005461780400800007,0.03532837735219023,0.007051423311827698,0.15460037539656196,FALSE
285,0.04312292723714811,0.02789580390260697,0.05567378987806546,1.545857125598668,FALSE
286,0.15792180351890148,0.05437828759154283,0.20388470518074034,2.904133442103135,TRUE
287,0.025593324388604653,0.036247871666592324,0.033042222677891114,0.706064196651651,FALSE
288,0.07001895918826415,0.10253741711163375,0.0903978711809283,0.6828625214153156,FALSE
289,0.05751598260389804,0.07033248964054041,0.07425592220375571,0.8177725955366324,FALSE
290,0.088436981635018,0.10089496537103683,0.11417643115741195,0.876525219170202,FALSE
291,0.07477899418841245,0.06433822914074101,0.09654330715639248,1.16227933511866,FALSE
292,-0.01177220147981762,0.016813183857494595,-0.01519848288557328,-0.70017681241082,FALSE
293,-0.004546843142254988,0.025717504901447932,-0.0058701949503177624,-0.1767995441112561,FALSE
294,0.19840979127355032,0.041934370410335035,0.25615666043187185,4.731436035215895,TRUE
295,0.07555084225385669,0.05419491152419229,0.09753980043193052,1.3940578576298854,FALSE
296,0.05417380808949697,0.05151879879875948,0.06994101286034962,1.0515347669713413,FALSE
297,0.1836617210381999,0.04616862442047287,0.23711618669792428,3.9780635300183973,TRUE
298,0.18124801683404615,0.05814393764564165,0.23399997754192578,3.11722982950798,TRUE
299,0.08883108067084114,0.05665480367980828,0.11468523212054937,1.5679355482878576,FALSE
300,0.11124581163915202,0.06204929458878558,0.14362373657875546,1.7928618266557688,FALSE
301,0.2726086076875909,0.12121852142231941,0.3519509299516338,2.2489022674830013,TRUE
302,0.12446194459401529,0.06182904437712274,0.16068640500762288,2.013001265794547,TRUE
303,0.19096095257662016,0.07514621955036738,0.2465398485172288,2.5411917421691053,TRUE
304,0.2572258462217714,0.11271309675808533,0.3320910390661496,2.282129172387588,TRUE
305,0.29788088955150205,0.081268716711512,0.3845786711644005,3.665381977285562,TRUE
306,0.266889194129149,0.07109220810441665,0.34456688974194816,3.754127227799081,TRUE
307,0.04810080517504402,0.060188976497900365,0.06210047164827552,0.7991630357216984,FALSE
308,0.008225458160413295,0.019775250006243254,0.010619465296390539,0.4159471135796732,FALSE
309,-0.010554809162411059,0.013444821173116201,-0.013626770378541108,-0.7850464521994602,FALSE
310,-0.016774075802253464,0.008618410749376335,-0.02165614515168898,-1.9463073053773061,FALSE
311,0.03826975694596004,0.09831220561453051,0.04940811172620484,0.38926760626255125,FALSE
312,0.02412001847211412,0.03210506865763929,0.031140113306471984,0.751283815316646,FALSE
313,0.037721097663444066,0.06142083729298491,0.048699765990734195,0.6141417037919853,FALSE
314,0.15666519190775668,0.044975457625104305,0.20226235866394485,3.483348478933756,TRUE
315,0.03419275080290998,0.0509394497518048,0.04414449912190515,0.6712430340239104,FALSE
316,0.055117606495262664,0.06996964161933525,0.07115950236225403,0.7877360126428258,FALSE
317,0.1581973673444767,0.03991777663180184,0.20424047144026863,3.963080629556994,TRUE
318,0.01969971245346331,0.03190520615735379,0.02543328391787901,0.6174450764024526,FALSE
319,0.008203127658797164,0.05366482272007164,0.010590635536109855,0.15285856251844174,FALSE
320,0.04119227600709373,0.03769444193446883,0.05318122553245021,1.092794425202151,FALSE
321,-0.01628854090449764,0.013706124421350257,-0.02102929605752917,-1.1884133255878453,FALSE
322,0.0024943100449572814,0.03150918361919684,0.003220275204649664,0.0791613668923378,FALSE
323,0.24045754850561762,0.09476724855001117,0.31044235370376577,2.5373486324098757,TRUE
324,0.062428947351891875,0.0636613732239663,0.08059879789848651,0.9806409159956597,FALSE
325,0.0489110936836578,0.05691607455183857,0.06314659339973012,0.8593546562862497,FALSE
326,0.24007369308653978,0.11117610192260967,0.30994677774650825,2.1594001672558774,TRUE
327,0.16954290773294575,0.07690843805946104,0.21888811417025006,2.2044773240858855,TRUE
328,-0.014405959896268307,0.0181116807686358,-0.018598792698974513,-0.7953960805898959,FALSE
329,0.18432583684035841,0.04024320655883757,0.23797359239816224,4.580296964429633,TRUE
330,0.27875783748594374,0.07821184129849003,0.35988988376668274,3.5641385352645507,TRUE
331,0.23139245792585258,0.070130415123605,0.2987388822444186,3.29945940742006,TRUE
332,0.2195782699335709,0.08301794703444859,0.2834861927355384,2.6449494088604255,TRUE
333,0.30206400733520566,0.09218607369030128,0.38997927904160623,3.276677216452329,TRUE
334,0.2994200671900052,0.09026745002786485,0.38656582412272794,3.3170325194472268,TRUE
335,0.2673596098866211,0.16681280075020075,0.3451742192929502,1.6027523588371821,FALSE
336,0.02111208327861672,0.0836054213363695,0.02725672313194432,0.252520505741805,FALSE
337,0.011718303613436978,0.024528162403182386,0.015128898126838096,0.47774894102611604,FALSE
338,-0.010742461888833578,0.010305435622781287,-0.013869039146694065,-1.0424073549192037,FALSE
339,-0.018047785832121188,0.0047297883120683195,-0.023300566556072516,-3.815770313878795,TRUE
340,-0.01137068220198048,0.009581271000806735,-0.014680102030225394,-1.186761359847047,FALSE
341,0.06083216229145251,0.0912212643466788,0.07853727096534377,0.6668638362680982,FALSE
342,0.06668323095435809,0.055992468126968044,0.08609128429818916,1.1909321590030246,FALSE
343,0.0754198410697371,0.0963215500463024,0.09737067155164038,0.7830006995680852,FALSE
344,0.06925378870845757,0.06657563560465198,0.08940999899221119,1.0402272254629208,FALSE
345,0.04925897749985773,0.05353589149965604,0.06359572827358928,0.9201112771265648,FALSE
346,0.15721245837825046,0.03685265381061134,0.20296890621156435,4.265973874939307,TRUE
347,0.005368303486844856,0.019667247196848224,0.0069307400836839,0.27295652681404003,FALSE
348,0.050685723462629846,0.04139023365698296,0.06543772648729881,1.2245817185445784,FALSE
349,0.013651865183407448,0.08210566577536753,0.017625219862392835,0.16627190163413955,FALSE
350,-0.01045612598346304,0.007970764715093453,-0.013499365609865787,-1.311809639000296,FALSE
351,0.006250396111639673,0.030641268016395374,0.008069564430550426,0.20398620932708278,FALSE
352,0.05341072846172263,0.05264911080801311,0.0689558400629811,1.0144659167461876,FALSE
353,0.07428330886206429,0.08154886751169013,0.09590335336677648,0.9109054623157787,FALSE
354,0.08335106199224104,0.0525266895714789,0.10761026230779895,1.5868325735398954,FALSE
355,0.1887954874737946,0.039901966539644174,0.2437441280769165,4.731483278805792,TRUE
356,0.2968656891887035,0.15780924168301275,0.38326799827404306,1.8811679596370519,FALSE
357,0.0698649989459769,0.060654237383758774,0.0901991010433739,1.151856852208721,FALSE
358,0.05517923705760966,0.06029575089425017,0.0712390704064015,0.9151430447294019,FALSE
359,0.2760597248317785,0.11875853206733997,0.3564064895121771,2.324546455956896,TRUE
360,0.018080450956961303,0.1594819350936391,0.023342738816009515,0.11336989952087959,FALSE
361,0.2387251317317233,0.07616528200610194,0.30820571965244975,3.1343037857143097,TRUE
362,0.21344469181305908,0.06410775100285236,0.2755674459954537,3.3294677862519655,TRUE
363,0.29943748796476655,0.08504075168225982,0.38658831518759107,3.5211058468011123,TRUE
364,0.2777942159104279,0.06730821240771415,0.35864580159150466,4.127196458995398,TRUE
365,0.17559296316604664,0.07726107139326407,0.22669902907129014,2.2727223425658516,TRUE
366,0.040849955367812794,0.02313548212988348,0.05273927298972407,1.7656842048278736,FALSE
367,0.033998332998271416,0.029310570356028555,0.0438934963097705,1.159934200709905,FALSE
368,-0.011595240329471916,0.00949759439607245,-0.014970017460516506,-1.2208607617805733,FALSE
369,-0.019011805138725493,0.005878563765866977,-0.024545162221369838,-3.2340901444524195,TRUE
370,0.06306073510790379,0.07171262659637527,0.08141446652372401,0.8793533036076412,FALSE
371,0.006755983919404957,0.031406661719963154,0.00872230280379769,0.21511308586835962,FALSE
372,0.15416420289733412,0.046885874139527196,0.1990334605910499,3.2880735557698775,TRUE
373,0.05772119938042363,0.05005021936530816,0.0745208670121846,1.1532656622167083,FALSE
374,0.05667324553154086,0.06717673589373678,0.07316790778323992,0.8436439308570928,FALSE
375,0.1514415816575504,0.06483730373470628,0.19551842456421217,2.33571683173627,TRUE
376,0.02179189948294762,0.03848643031282816,0.028134398812620712,0.5662229337929535,FALSE
377,0.049977351186303184,0.06746866843390903,0.0645231835331349,0.7407490372403007,FALSE
378,0.05091842658707534,0.08631332370070645,0.06573815750356776,0.5899254530347624,FALSE
379,0.1541713032982556,0.04096498108051667,0.19904262755290242,3.7634901623714145,TRUE
380,0.0058356165485923634,0.029697173496793256,0.00753406390407135,0.19650410666936036,FALSE
381,0.15909786755497254,0.05014682229051742,0.20540306087276688,3.172641062543605,TRUE
382,0.059603104145405275,0.07003745202794474,0.07695049730791885,0.8510175972938565,FALSE
383,0.21289695725008229,0.10864827388311399,0.27486029411774315,1.9595061167664858,FALSE
384,0.12775276753678683,0.07891014758364773,0.16493501698227453,1.6189650057537162,FALSE
385,0.24096394822115508,0.05630361522390566,0.31109614028931226,4.2797242639375925,TRUE
386,0.1086437249520044,0.11597874870805545,0.1402643165034881,0.9367554501341021,FALSE
387,-0.017151322131348054,0.01164591725325535,-0.02214318845333644,-1.472732611641543,FALSE
388,0.019633763170496796,0.1270116117388361,0.025348140196018592,0.15458242676951572,FALSE
389,0.0791398289678516,0.07268598286072916,0.10217335629170046,1.088790793673223,FALSE
390,0.18678053989545276,0.09559915487951715,0.24114273305855413,1.953788609646715,FALSE
391,0.17072831591947088,0.07739904318243114,0.2204185336135639,2.2058194636471242,TRUE
392,0.2883877793990988,0.08286683725938132,0.3723226056842505,3.480134984474149,TRUE
393,0.2878195619036023,0.10173932140678511,0.3715890093475422,2.8289903836964974,TRUE
394,0.21180746293149724,0.1452096694625688,0.27345370412832337,1.4586319472760427,FALSE
395,0.1930072170853515,0.05479636036901199,0.24918167521112522,3.5222634457032194,TRUE
396,0.13023558714214334,0.02198617683660619,0.1681404574722857,5.923521315688946,TRUE
397,0.11467018308377214,0.02549089154171696,0.14804476614439205,4.498476755750553,TRUE
398,-0.0123315645769334,0.004946515207937528,-0.015920647764666666,-2.492980221135336,TRUE
399,-0.020028519136878437,0.0022772927156237493,-0.02585778928835831,-8.794881307734142,TRUE
400,-0.01029684676067976,0.014512737227150508,-0.013293728410600269,-0.7095041134911727,FALSE
401,0.15791155605219304,0.04958162317688444,0.20387147520437138,3.1848807266522354,TRUE
402,-0.009712951826343312,0.022500164370974775,-0.012539891740229,-0.4316835942262282,FALSE
403,0.15971618753446035,0.04155361201158046,0.20620134194552667,3.8436174330633275,TRUE
404,0.1575510373442385,0.039818254132237246,0.20340602807265434,3.9567540259552376,TRUE
405,0.05559583167941797,0.0700689678207943,0.07177691426174415,0.7934444220957805,FALSE
406,0.0525889350751794,0.06853692736723553,0.06789486495630563,0.7673080351763747,FALSE
407,0.05940005923670388,0.08268643486264404,0.07668835648615398,0.7183773170941192,FALSE
408,0.04839310874917696,0.06803158666255094,0.06247784973481845,0.7113329428757204,FALSE
409,0.09009892076256248,0.0744498360847394,0.11632207515018202,1.2101963617490195,FALSE
410,0.07992611564647181,0.09340760605383312,0.10318849051690476,0.8556703144753374,FALSE
411,0.028863087326184093,0.061621588197702734,0.03726364516474553,0.4683924606678689,FALSE
412,0.16328813156614208,0.04095760255667181,0.21081289487611596,3.9867599999342045,TRUE
413,0.04990489512579798,0.06201488243951562,0.06442963924599095,0.8047244977763401,FALSE
414,0.09329692172916408,0.1088198485652616,0.12045084945312524,0.857352063610086,FALSE
415,0.2586735730510848,0.11167782950000554,0.33396012459582114,2.3162482133579787,TRUE
416,0.033200749804585206,0.05212654073754622,0.04286377773590452,0.6369260137891913,FALSE
417,-0.002851293862836143,0.023671609473481164,-0.0036811586218898646,-0.12045204894202025,FALSE
418,-0.0037247677010904838,0.01987550483142128,-0.004808855697450813,-0.1874049355064421,FALSE
419,0.03643125628347033,0.056782953609415064,0.047034518231235375,0.6415879056602956,FALSE
420,0.06347046147143855,0.06567122077471194,0.08194344312462803,0.9664882230402996,FALSE
421,0.06721293005083724,0.1074580137533676,0.08677515151420175,0.6254808525039471,FALSE
422,0.07899978627741301,0.05637174526307268,0.10199255438837512,1.4014074942817716,FALSE
423,0.28536872766362265,0.060072196607341116,0.3684248635150428,4.750429379649972,TRUE
424,0.2642290904554773,0.09835423242678001,0.3411325669241249,2.686504524878308,TRUE
425,0.20680593088444418,0.10773158729461177,0.26699648375632207,1.9196406186692068,FALSE
426,0.16678538013189997,0.04639113808041012,0.21532801233858828,3.5951991486565724,TRUE
427,0.07938771224353754,0.04241528795060218,0.10249338561923037,1.8716768429344224,FALSE
428,0.050363238666725554,0.028335093376887135,0.06502138298011269,1.7774156589795014,FALSE
429,-0.013789774367224134,0.00923851205195097,-0.01780326730522625,-1.4926401881255367,FALSE
430,-0.019807112065880646,0.0029949632091911173,-0.025571942024779453,-6.613474250733842,TRUE
431,0.15739745153366944,0.04615107709922223,0.20320774134460243,3.4104827325107436,TRUE
432,0.1436631093042096,0.04079353417788214,0.18547603961685682,3.5217127468720855,TRUE
433,0.16845003337019898,0.05395625216751781,0.21747716037993609,3.1219743144355667,TRUE
434,0.15786541610996374,0.047045223462946255,0.20381190630185847,3.3556098683281133,TRUE
435,0.0730013050134847,0.05040180375392611,0.09424822424031017,1.4483867555592824,FALSE
436,0.16430529982415976,0.0401664689436608,0.2121261084146146,4.090608513649068,TRUE
437,0.1543707269466586,0.040535698692951316,0.19930009315204528,3.8082660944364544,TRUE
438,0.15997159136282882,0.07207242574818408,0.20653108067120368,2.2195949380385525,TRUE
439,0.16696753040046333,0.04403676544950922,0.21556317716685844,3.7915484640192654,TRUE
440,0.08422817043003568,0.060443270538992615,0.10874265182758996,1.3935078244268593,FALSE
441,0.1573122501709378,0.0416073407479017,0.20309774225432828,3.7808773005727656,TRUE
442,0.06468312115240758,0.05177096827660426,0.08350904556855751,1.24940914388187,FALSE
443,0.0864412014978169,0.08960107152192671,0.11159978223489556,0.9647340152250684,FALSE
444,0.06450065837307929,0.058481447671903976,0.08327347727373775,1.1029251316579,FALSE
445,0.26256132803131804,0.10132130001044007,0.33897940477308264,2.5913734624828533,TRUE
446,0.0695958979632414,0.09995927569120905,0.08985167862730259,0.696242519586024,FALSE
447,0.037005195672267746,0.0791123299231959,0.04777550180962118,0.4677550984554905,FALSE
448,-0.016134376011399578,0.011829616387215598,-0.020830261705855516,-1.3638968063948536,FALSE
449,0.016200896663217224,0.03925461114910956,0.02091614309260556,0.41271321225620444,FALSE
450,0.029542745346696073,0.06546860202394725,0.038141116622442156,0.4512505908693432,FALSE
451,0.06011170007253823,0.026638893797096167,0.07760711930911843,2.256538898739513,TRUE
452,0.03433900787540256,0.06690861470957299,0.04433332409376648,0.5132225203653706,FALSE
453,0.11627782987636125,0.06278867784956857,0.15012031610037113,1.851891676313745,FALSE
454,0.12111549805384125,0.05077280664820358,0.15636598027181475,2.3854402789475597,TRUE
455,0.22422134952062697,0.14874361657951418,0.28948063360211784,1.5074351066404554,FALSE
456,-0.0023631859737949378,0.02711065748951104,-0.0030509876712291567,-0.08716815424742985,FALSE
457,0.14473653274878565,0.037121655851775535,0.1868618813287347,3.8989783571807686,TRUE
458,0.07831788828596879,0.03192044475009163,0.10111219101959999,2.453533743001622,TRUE
459,0.04962874789007177,0.01527037951597868,0.0640731197756711,3.2500009471369746,TRUE
460,-0.015179730092357624,0.007239207618937373,-0.019597767538369833,-2.0968772953338535,TRUE
461,-0.018248487685196095,0.004393308362507689,-0.023559682379420546,-4.153700623641156,TRUE
462,-0.006371997421331174,0.014251458335505948,-0.008226557617201034,-0.44711195663787195,FALSE
463,0.113917499402025,0.05732647547444617,0.14707301501739203,1.9871708221937492,TRUE
464,0.04851482910406587,0.05524521579900952,0.06263499661459082,0.8781724969736779,FALSE
465,0.15352690249946327,0.02286186628836543,0.1982106748778921,6.715414243219252,TRUE
466,0.1596897397101291,0.018730931968347905,0.2061671965219924,8.525456180182474,TRUE
467,0.16214287658764442,0.030574995353562204,0.2093343151711937,5.303120236410883,TRUE
468,0.0373607749271794,0.03356616109650717,0.048234571867970484,1.1130487880267934,FALSE
469,0.15844151109653837,0.05092310477475764,0.20455567286148882,3.1113874889866717,TRUE
470,0.028159913721737276,0.12084523490481532,0.03635581394803606,0.23302460989808702,FALSE
471,0.04407279660087686,0.05602069790632475,0.05690011728105054,0.7867234477259347,FALSE
472,0.06912646571283033,0.09480460888256646,0.08924561883160165,0.7291466789178637,FALSE
473,0.0033944863383489,0.02519786779963047,0.004382446444461239,0.13471323706201366,FALSE
474,-6.212439267703324e-4,0.028705860699105835,-8.020560304691215e-4,-0.021641710495365278,FALSE
475,0.07135190087129391,0.09748208931251645,0.09211876352139042,0.7319488264408025,FALSE
476,0.2570300998883974,0.11959287117911394,0.3318383210590038,2.1492092074906712,TRUE
477,0.1699197742308062,0.03863301252142922,0.21937466709135814,4.3983050541697715,TRUE
478,0.03309018806889113,0.051060147268532155,0.042721037174538276,0.6480629187155571,FALSE
479,-0.013177520526143089,0.008679369677167354,-0.01701281791126626,-1.5182577786505547,FALSE
480,-0.015574089565914308,0.008379499719407928,-0.020106904739248577,-1.8585941986301218,FALSE
481,0.0063772407083179175,0.02468208936922003,0.008233326954921663,0.25837523772483784,FALSE
482,0.009012482902075427,0.020909291414229956,0.011635552396766937,0.43102765768245604,FALSE
483,0.025643902021350924,0.023250261184090574,0.03310752085402281,1.1029511375510157,FALSE
484,0.04413852141289257,0.09508055573687589,0.05698497120002999,0.4642223751304175,FALSE
485,0.2873963078303801,0.07024454645569027,0.37104256781754075,4.091368260334168,TRUE
486,0.22060437849549444,0.03377659081464087,0.28481094863985,6.5312801906541385,TRUE
487,0.15204936900999802,0.07597830706029032,0.19630310750478874,2.0012208075305464,TRUE
488,0.0029110933342615295,0.02158600642560665,0.0037583626388771056,0.13486020882529764,FALSE
489,0.14464919399568316,0.029955549927966157,0.1867491227638604,4.828794475264844,TRUE
490,0.13592166394066288,0.031030762882785244,0.175481458308579,4.380223085526117,TRUE
491,0.03351358409405675,0.02238693377299768,0.04326766197138121,1.4970153766425858,FALSE
492,-0.013734938477103194,0.007849446868203555,-0.017732471512362263,-1.749796986682019,FALSE
493,-0.01834600590527882,0.0047538092694951635,-0.023685583129717747,-3.8592221238247313,TRUE
494,0.14994636233526473,0.01351568056481323,0.19358802392344016,11.094251718676722,TRUE
495,0.0346460274698512,0.03223220622724039,0.04472970127604315,1.0748884896551332,FALSE
496,0.04084771270185849,0.038259879885888325,0.052736377599241414,1.067638289082153,FALSE
497,0.027343278066568003,0.056214375831001605,0.03530149772263695,0.4864107741544733,FALSE
498,0.04156480634729968,0.05610740406721989,0.05366218026378774,0.7408078673093244,FALSE
499,0.029484884600534524,0.0655242890189261,0.038066415593769616,0.4499840447260417,FALSE
500,0.05273858315851693,0.060647751118926604,0.06808806788758093,0.869588437914206,FALSE
501,-0.013984836464938668,0.1495226138695701,-0.018055101930960528,-0.09352990897509164,FALSE
502,0.05506383541922638,0.05780205489168881,0.07109008129600085,0.9526276448546096,FALSE
503,0.019167279554700378,0.08190256002149862,0.024745887230569683,0.23402540225444912,FALSE
504,0.004257307610644532,0.03375439121783799,0.005496390540879889,0.12612603744412065,FALSE
505,-0.015351025371983469,0.008785622106244305,-0.019818918049617558,-1.747289513063948,FALSE
506,-0.009284694303387478,0.01853058665963058,-0.0119869905140292,-0.5010469702837015,FALSE
507,0.1544511795451684,0.029210018765861913,0.19940396135746527,5.287609733605419,TRUE
508,0.061766059825196465,0.06570553366347759,0.07974297796142438,0.9400434998601818,FALSE
509,0.0015694580161287307,0.1247941345869662,0.002026246393986102,0.012576376456499332,FALSE
510,-8.917356406543332e-4,0.021407746755449722,-0.0011512739478827352,-0.041654810795411064,FALSE
511,-0.0080331999672056,0.0110642894904089,-0.010371250647321886,-0.7260475220003231,FALSE
512,-0.017757890204355125,0.00554898811197077,-0.022926297245038495,-3.200203324646926,TRUE
513,-0.016664525406188336,0.0061698360739784654,-0.021514710278818506,-2.7009672876839708,TRUE
514,-0.011866394986538457,0.008953231661024396,-0.015320091269721576,-1.3253756225470825,FALSE
515,-0.008748782630180547,0.008370164252713528,-0.011295102560244309,-1.045234282868974,FALSE
516,0.025796104641126368,0.04073363187331989,0.03330402181569616,0.633287616516772,FALSE
517,0.11488769705620992,0.07187852800817632,0.14832558722897307,1.598359068276151,FALSE
518,0.2544517045694468,0.14672376031542092,0.3285094876887547,1.7342228962946196,FALSE
519,0.008564503133519013,0.01847441298965857,0.011057188795263812,0.4635872944008109,FALSE
520,0.007638746055152743,0.012281032268976418,0.009861991521765732,0.6219954388076374,FALSE
521,0.12501044582897375,0.031113270094604815,0.1613945466960338,4.017914074890223,TRUE
522,0.15241643378885966,0.034587976954467435,0.19677700593143305,4.4066304886667655,TRUE
523,0.13754389514641405,0.021903252776282866,0.1775758374490755,6.279610455637366,TRUE
524,-0.010243132605730404,0.010186170423762235,-0.01322438083223012,-1.0055921096544083,FALSE
525,-0.018115918073969645,0.009718572600852666,-0.023388528583690272,-1.864051318851107,FALSE
526,-0.013917324579042495,0.012125540763353253,-0.017967940812955125,-1.147769394426062,FALSE
527,0.057022867171833434,0.04838727318410581,0.07361928627226108,1.1784682917524734,FALSE
528,0.012403485264021599,0.04284753776730407,0.016013500858771675,0.2894795339555404,FALSE
529,0.031184025428003227,0.05296866089586355,0.04026008878486607,0.5887259541884787,FALSE
530,0.044208510718668284,0.05567498234510674,0.057075330787217576,0.7940462458458913,FALSE
531,0.025026936810231784,0.04100316327992483,0.03231098885291289,0.6103660012612975,FALSE
532,0.008748050926769451,0.0390749589268205,0.011294157895663948,0.22387869794445037,FALSE
533,0.01574660021650843,0.03705097739471659,0.020329624353343602,0.42499824090346044,FALSE
534,0.037143243358745706,0.06499627137471307,0.0479537280661056,0.5714672945561667,FALSE
535,0.02831144842342152,0.04179185943980643,0.03655145259506966,0.6774393100215848,FALSE
536,0.05178506771296931,0.0699501335789699,0.06685703321618744,0.7403140646544554,FALSE
537,-0.009864016635073634,0.016171680040596097,-0.012734923732676326,-0.6099562080323004,FALSE
538,2.732050203482914e-4,0.020072336857767423,3.52720927613663e-4,0.013611022088968621,FALSE
539,0.04917053475119821,0.046031188018416894,0.06348154439692363,1.0682004281863262,FALSE
540,0.052258045065130806,0.13278398980441466,0.06746766991013244,0.39355682218996996,FALSE
541,0.16172122827960977,0.03736349568978918,0.2087899467619049,4.328321675849122,TRUE
542,0.008189881432718716,0.025017146765922354,0.010573534015999376,0.32737072334222944,FALSE
543,0.016068007128752112,0.04581013338005681,0.0207445762604627,0.35075224504251784,FALSE
544,0.0500541945120709,0.055235760122515194,0.06462239199244928,0.9061918293701152,FALSE
545,-0.0112819722872221,0.010656247622854728,-0.014565573229172561,-1.0587190431860238,FALSE
546,0.014029416452270824,0.02609897157784527,0.018112656856066802,0.537546715602389,FALSE
547,0.2650953546226411,0.10021878293864751,0.3422509559647471,2.645166373502347,TRUE
548,0.16431871371863918,0.09668523199535582,0.21214342640276013,1.6995223606282712,FALSE
549,-0.006075438015660555,0.01875001092973039,-0.007843685045798993,-0.32402317195598107,FALSE
550,-1.2499324042566752e-4,0.020791487054723317,-1.613723336861616e-4,-0.006011750871723825,FALSE
551,0.04573145120089694,0.024377916420947877,0.059041520789536284,1.8759376482889254,FALSE
552,0.09596993892199022,0.05934631796483022,0.12390184425028876,1.6171169874239524,FALSE
553,0.12987549576705706,0.03559592643209352,0.16767556204802084,3.648605578922662,TRUE
554,-0.012098681670439095,0.012342837912709358,-0.015619984641055984,-0.9802187921451309,FALSE
555,-0.015400425339866032,0.017326738318618223,-0.01988269580331114,-0.8888242585921496,FALSE
556,0.02828541147848462,0.03205842028970458,0.03651783763675498,0.8823083365579419,FALSE
557,-4.6040447651842485e-4,0.03268834207374587,-5.944045018939833e-4,-0.01408466894649287,FALSE
558,0.016206087217293143,0.029500813021682875,0.020922844349581558,0.549343748776747,FALSE
559,0.005640440655938257,0.05531823955583317,0.007282082363552738,0.10196348801456909,FALSE
560,0.02498901992112283,0.03629864501838569,0.03226203631067305,0.6884284498351273,FALSE
561,0.0019341376342863093,0.0431577315464704,0.0024970654625169632,0.04481555366745151,FALSE
562,0.01811393539603321,0.04018871961579315,0.02338596885034421,0.4507218833842841,FALSE
563,0.08457778138160275,0.04379281968288003,0.10919401651694827,1.9313161836589123,FALSE
564,0.02786963474631177,0.04908307182093658,0.03598104971658709,0.5678054309230064,FALSE
565,0.15797660260742577,0.013101930956082211,0.20395545346095872,12.057505350697141,TRUE
566,0.05496691183937001,0.07109430459832364,0.070964948255067,0.7731549264027276,FALSE
567,0.1556732156352482,0.0467547743649014,0.20098166920017185,3.329568322162867,TRUE
568,0.008915819928224851,0.037157050933495944,0.01151075581082205,0.2399496112913394,FALSE
569,0.03795331237122379,0.038423317843912085,0.048999566437406744,0.9877677020345403,FALSE
570,0.1705182378424924,0.06665709102766117,0.22014731263055018,2.5581410051592446,TRUE
571,0.027615288429848867,0.046742696881645014,0.03565267629005363,0.5907936484660318,FALSE
572,0.03682585778097891,0.049158866120966545,0.047543967896770546,0.7491193488954878,FALSE
573,0.03023121446614636,0.053063422449084414,0.03902996363607422,0.5697185192898915,FALSE
574,0.0460338211469489,0.064526650408221,0.059431895050294656,0.7134078842729449,FALSE
575,-0.01690499897487278,0.01059881148244361,-0.021825173315349874,-1.5949900611851666,FALSE
576,-0.014469706282435905,0.013765195605662245,-0.01868109237426009,-1.0511805786823591,FALSE
577,-0.012572510342528511,0.01291785828479465,-0.01623172043030417,-0.9732658514552183,FALSE
578,0.016346476770224577,0.0333835396964041,0.0211040940692028,0.4896567865146228,FALSE
579,0.2738960811537625,0.14996795235354055,0.3536131206196058,1.8263640788271134,FALSE
580,0.152121862060336,0.037519098364468824,0.19639669954760028,4.054518063909494,TRUE
581,0.01405602521005309,0.02501195881544673,0.018147010052489188,0.5619721875350465,FALSE
582,0.006290422576558332,0.021445722639035682,0.008121240537443362,0.29331828460321746,FALSE
583,0.14458859811315591,0.024995958374385407,0.1866708905415267,5.784479072477692,TRUE
584,0.027555010185742666,0.03612503059859542,0.03557485415432216,0.7627678019687002,FALSE
585,0.125709590719847,0.029748916778087282,0.16229717664818766,4.225686321877887,TRUE
586,-0.0027907306573546585,0.026191872094235773,-0.0036029685872065588,-0.1065494916634399,FALSE
587,-0.017861459864230225,0.015240921016706366,-0.02306001069751168,-1.1719409768380369,FALSE
588,0.16276775030358714,0.027760210172118764,0.21014105743547468,5.863347189894999,TRUE
589,0.019548648113036794,0.06530081897461186,0.025238252530034602,0.29936298533464123,FALSE
590,-0.0029808568685998956,0.03715504467204827,-0.003848430744192543,-0.08022751405389625,FALSE
591,-0.009367496714827716,0.06813131194634262,-0.012093892441873044,-0.1374917999847877,FALSE
592,0.02614718986184408,0.04788285681465426,0.03375728985800786,0.5460657864056659,FALSE
593,0.16418575601833676,0.020994640527693818,0.2119717715652163,7.820365192810089,TRUE
594,0.16825720625147056,0.025997263815182893,0.2172282112204358,6.4721121210150265,TRUE
595,0.16281070150635138,0.021983095813287893,0.21019650952073216,7.406177132155285,TRUE
596,0.1648812643897652,0.02366538741902747,0.21286970659445023,6.967190583881893,TRUE
597,0.18295229669088892,0.07569362444032282,0.23620028546910996,2.417010653719314,TRUE
598,0.1757075302093362,0.05707620955589758,0.22684694067895947,3.078472301796023,TRUE
599,0.05354721647281408,0.06495367991512983,0.06913205270292068,0.8243908049979657,FALSE
600,0.17164329454887678,0.030602209367315447,0.22159981538686108,5.608853023932306,TRUE
601,0.0441069567916212,0.039482017654166396,0.05694421974355816,1.1171403948492675,FALSE
602,0.17170603912399532,0.025681600796256636,0.22168082167550954,6.685955462286575,TRUE
603,0.012895189864479307,0.05296144511968431,0.016648315338257624,0.2434825906909878,FALSE
604,0.08908367790432022,0.09435096665922026,0.11501134739614643,0.9441734521499435,FALSE
605,0.060043801013808885,0.052343308576452904,0.07751945833221333,1.1471151260167018,FALSE
606,0.05799491639530791,0.057851137312782845,0.07487424894956828,1.0024853285381012,FALSE
607,-0.011674773173596642,0.02771593518352134,-0.015072698218431067,-0.4212296318450745,FALSE
608,-0.001422656037966235,0.027478545228111037,-0.0018367179224851574,-0.05177333902345138,FALSE
609,-0.012481488871176206,0.03196317273231943,-0.01611420729761277,-0.3904959302915383,FALSE
610,-0.015950333544470452,0.008921607105421713,-0.020592653957751943,-1.7878318733378586,FALSE
611,0.017145609569304027,0.0639365030065431,0.022135813258764056,0.2681662080822498,FALSE
612,0.13439867396786775,0.042441834392582145,0.17351520441153945,3.16665563332384,TRUE
613,0.16335944263548396,0.03913732522331621,0.21090496092415317,4.174006315029468,TRUE
614,0.028585250803344727,0.04163475254723885,0.036904944742857514,0.6865718913763655,FALSE
615,0.0037260451949810303,0.03322079957005838,0.004810505004002793,0.11216000948813053,FALSE
616,0.15111502543382974,0.03348339649014453,0.19509682464631195,4.513133112953723,TRUE
617,0.022015193871654553,0.026980077907596448,0.02842268269486866,0.8159796256724673,FALSE
618,0.012337773645226934,0.015701601506341853,0.01592866397288026,0.7857653017269434,FALSE
619,-0.01059329796804033,0.019600134099585203,-0.013676461292738041,-0.5404706883237352,FALSE
620,-0.011702271366017909,0.0254792963597846,-0.015108199718096644,-0.45928549991232326,FALSE
621,-0.02694185080883996,0.06149883622242115,-0.034783235669711504,-0.4380871649570751,FALSE
622,-0.010305693706988438,0.0630009787323346,-0.013305150247228918,-0.16357989850876947,FALSE
623,0.1751539241030223,0.039278575277174044,0.22613220835411899,4.459273862838133,TRUE
624,0.05129852506671099,0.06983409340409857,0.06622888306985023,0.7345770893003427,FALSE
625,0.032551589049561284,0.052302000212222456,0.04202567972661274,0.6223775174463462,FALSE
626,0.009452050548333547,0.04213656864033769,0.012203055540521259,0.22431941786747722,FALSE
627,0.15654401193139286,0.027591448468645273,0.2021059094390486,5.673642400807205,TRUE
628,0.03479568779620524,0.04895399168143019,0.044922920013646374,0.7107834642502575,FALSE
629,0.01977391250877621,0.08116847001882747,0.025529079786877268,0.24361568604397177,FALSE
630,0.19805263576088483,0.12332557240359138,0.2556955553483375,1.6059332375344184,FALSE
631,0.05321397244203577,0.04447172437771643,0.06870181850185074,1.1965799209868246,FALSE
632,0.17892186730752677,0.03471570500817052,0.23099680571984132,5.153917146876798,TRUE
633,0.15615098119396267,0.045847570440980846,0.20159848770093294,3.4058725400722025,TRUE
634,0.027967334176837284,0.047224150165143836,0.03610718441835192,0.5922252508310882,FALSE
635,0.026715276189318064,0.04604476804831746,0.034490716850439467,0.5802022101899649,FALSE
636,0.1615142787431845,0.09959714280747835,0.20852276487643265,1.6216758251327772,FALSE
637,0.22048088116580203,0.09330976345206363,0.28465150759944974,2.362891866927414,TRUE
638,0.1378236171848523,0.07264392285159535,0.1779369721630209,1.8972490990941238,FALSE
639,0.056599184245904786,0.14516294310061523,0.0730722910726227,0.38990105213473664,FALSE
640,0.07322998861355072,0.06968809968077813,0.09454346585571859,1.050824874677269,FALSE
641,-0.021270453985516535,0.027422546986417218,-0.027461187393154896,-0.7756556674349796,FALSE
642,-0.016078178453045777,0.05410478405715949,-0.020757707933282427,-0.29716740826578,FALSE
643,-0.02230708149065553,0.01686378475662422,-0.02879952376316864,-1.3227802544083789,FALSE
644,0.2162245761715882,0.08091417031415157,0.2791564114849937,2.6722708189689164,TRUE
645,0.19837559514341643,0.06817211273038287,0.2561125115698698,2.909922946469057,TRUE
646,0.04265824229493262,0.02281065489844272,0.05507385908741821,1.8701016031698805,FALSE
647,-0.01938675679936758,0.030875620567995945,-0.02502924299478813,-0.627898531032697,FALSE
648,-0.005788672359724554,0.017919756066663795,-0.00747345668015425,-0.32303298874102687,FALSE
649,0.16669034789555723,0.03483872395785784,0.2152053211138323,4.784628395035129,TRUE
650,0.03215225919712768,0.032165189740337705,0.041510125525615095,0.9995979957427762,FALSE
651,0.1754996356596757,0.06073490697298433,0.22657853873558156,2.88960079806725,TRUE
652,-0.0020784448080904167,0.027042137975771065,-0.0026833730206306523,-0.07685948536882106,FALSE
653,0.026870643847488114,0.06558806750825191,0.034691304030137114,0.40968799460522914,FALSE
654,0.17441101629086708,0.031079208456893593,0.22517307834874511,5.6118229823250685,TRUE
655,0.15367248578944562,0.04307624919350257,0.19839862996386437,3.5674527997814836,TRUE
656,0.018460746285482412,0.03968738613213267,0.023833718523747334,0.4651539968901044,FALSE
657,0.16864674185965492,0.07966706033087351,0.21773112057723382,2.1168942491317075,TRUE
658,0.04818300622645817,0.07593678496660043,0.06220659719116875,0.6345146986095169,FALSE
659,0.040973645898008206,0.0965362895407058,0.05289896346134108,0.4244377538534991,FALSE
660,1.8979322983104157e-4,0.0772365568698497,2.4503226183565543e-4,0.002457297910766007,FALSE
661,0.02975334104842979,0.06257731617099588,0.03841300588411191,0.4754652782987239,FALSE
662,0.002981118413780848,0.10777471217172112,0.0038487684117021696,0.027660648344213907,FALSE
663,-0.022317187121725788,0.0749526719194495,-0.028812570622851814,-0.29775038768077183,FALSE
664,0.03438043239388493,0.10438578161800871,0.04438680515559479,0.32935934244088266,FALSE
665,0.06576481161843525,0.13087301239222393,0.08490556040595597,0.5025085800068494,FALSE
666,0.17583021477354885,0.04496076545854153,0.22700533239971848,3.9107478037864474,TRUE
667,0.09481566801868459,0.08865128526935441,0.12241162454930232,1.0695351762876373,FALSE
668,0.015218525048208061,0.09992332745486504,0.019647853707345984,0.15230202432041914,FALSE
669,0.04749757892614531,0.10412376612056332,0.06132167731352569,0.4561646269224318,FALSE
670,0.11688556683757825,0.10384902216700455,0.15090493398342575,1.1255336294800062,FALSE
671,0.16204820293928685,0.038663446099841264,0.2092120869009127,4.191250891625828,TRUE
672,0.06335453033455304,0.12897862772870244,0.08179377040598827,0.4912017707911646,FALSE
673,0.1082470754742641,0.14740124134941854,0.13975222279617747,0.7343701754699714,FALSE
674,0.18946573193625288,0.04917121386925477,0.2446094461747495,3.853183947014981,TRUE
675,-0.028694654784919824,0.019291171636546166,-0.037046190587522454,-1.4874500795254564,FALSE
676,0.13955185300099995,0.033180439180006203,0.18016820839517225,4.205847072846788,TRUE
677,0.06925614190163999,0.05546824013104622,0.08941303707870427,1.2485729083529464,FALSE
678,-0.0042148716202280575,0.04349341642076292,-0.005441603619743441,-0.09690826720652736,FALSE
679,0.16831873935578395,0.05831948924639805,0.21730765344153666,2.8861490649316637,TRUE
680,-0.060596481825715136,0.07854842698918166,-0.07823299605711063,-0.7714537916088503,FALSE
681,-0.010112606903214067,0.03451316340912258,-0.01305586582174351,-0.2930072443182964,FALSE
682,0.13564829904510756,0.05430785110064955,0.17512853097432152,2.497765908537028,TRUE
683,0.06674254624545475,0.0708732502531418,0.08616786321489654,0.9417170230949874,FALSE
684,0.15586990586758193,0.048488255992848825,0.20123560582663963,3.2145908875454303,TRUE
685,-0.013466037805191493,0.023694771862883015,-0.017385307707276552,-0.5683126169400071,FALSE
686,-0.0210288501170806,0.022662992734598226,-0.027149265084841775,-0.9278937854035986,FALSE
687,-0.03901024724872333,0.05497897868591239,-0.0503641206097408,-0.709548416160724,FALSE
688,0.02307447369536509,0.0874234420608193,0.029790264306455816,0.2639392038500668,FALSE
689,0.045879298407244584,0.10798188287501835,0.05923239870130214,0.4248795926289481,FALSE
690,0.030320639503109873,0.1687017579109601,0.03914541569456658,0.1797292445471312,FALSE
691,0.014876195031646066,0.09712951832489476,0.01920588905809534,0.15315833217545388,FALSE
692,0.04869787277701276,0.08008334688042147,0.0628713148712368,0.6080898797814639,FALSE
693,0.018065879805696787,0.06949335091052472,0.023323926753244833,0.2599655876280492,FALSE
694,-0.003491306054464046,0.06382796593290077,-0.004507445392269336,-0.05469868894356254,FALSE
695,-0.00579271945857658,0.12389262295814929,-0.007478681680995783,-0.04675596754887779,FALSE
696,0.010345969629822366,0.11376643038716774,0.013357148416385432,0.09094044345606309,FALSE
697,0.11604006190390243,0.13593192702978774,0.14981334611974786,0.8536630388420355,FALSE
698,0.04766930362316537,0.14815583853526554,0.06154338222344964,0.3217510973205328,FALSE
699,0.14307752891484868,0.0855912573147089,0.18472002694232967,1.6716371905692373,FALSE
700,0.05893949478416279,0.08891923956523377,0.0760937454474583,0.6628429918243176,FALSE
701,0.06693931850599212,0.0789574208564179,0.08642190574375233,0.8477900845788721,FALSE
702,0.1805932416041004,0.07173499997041491,0.23315463097329212,2.5175052858239497,TRUE
703,0.16431373030255422,0.06686374747854557,0.21213699257097354,2.4574412368268357,TRUE
704,0.19668122414179987,0.19025657553635175,0.25392499645521344,1.0337683393456252,FALSE
705,0.14883606194797558,0.049138147761779806,0.19215457229054125,3.0289310592155023,TRUE
706,0.1665695355007658,0.0415246972736007,0.21504934645456825,4.0113365403548,TRUE
707,0.17295797086412434,0.03421879258039186,0.22329712625192014,5.0544732242607875,TRUE
708,0.02308995350130701,0.06632493360815508,0.029810249486465146,0.3481338351233261,FALSE
709,0.043339948327254074,0.06127416382277781,0.055953974627658706,0.7073119504756596,FALSE
710,-0.0025565201070262924,0.04346180380869334,-0.0033005914110352994,-0.058822227404075916,FALSE
711,0.03307849816741753,0.04385615630369619,0.042705944944951044,0.7542498238640599,FALSE
712,0.013006654904435987,0.07211046569187192,0.016792222109223594,0.1803712509639507,FALSE
713,0.19751189697245453,0.04713273047913083,0.2549974353547566,4.1905464623974575,TRUE
714,0.15705593930194128,0.03055635483532928,0.20276683249522257,5.139878108770785,TRUE
715,0.06281236662409523,0.03446555643402161,0.08109381076898249,1.8224677946035404,FALSE
716,0.1762794567820886,0.06898505379744986,0.22758532561423978,2.555328249792639,TRUE
717,0.17248796475863837,0.07961818615640764,0.2226903255814941,2.1664392657701432,TRUE
718,0.020375057252426707,0.050364829485430467,0.02630518679742989,0.4045493146823976,FALSE
719,0.06792842897210172,0.032567427621903414,0.08769889531251573,2.085778151124716,TRUE
720,-0.013050934923835309,0.029452354614342053,-0.016849389761184632,-0.44312025624871615,FALSE
721,-0.009908229824832655,0.030833586448449045,-0.012792005104331502,-0.32134535635023564,FALSE
722,-0.02423202484225093,0.08739782046119265,-0.031284718960946895,-0.2772612030183373,FALSE
723,0.05317980406402003,0.1391689844628153,0.06865770546917879,0.38212396439688895,FALSE
724,0.07670764074250054,0.1162856954083307,0.09903328336813855,0.6596481232979341,FALSE
725,0.056359192777549104,0.10029103493246583,0.07276245045099039,0.5619564382349864,FALSE
726,0.0790662410861482,0.11459450419727724,0.1020783507685133,0.6899653839422677,FALSE
727,0.045767798335007825,0.11873675282745354,0.05908844670196405,0.3854560382118324,FALSE
728,0.05376785503164548,0.0793363189378013,0.06941690778003141,0.6777205667154639,FALSE
729,0.122148561604477,0.04884941361062067,0.15769971540376648,2.500512341419793,TRUE
730,0.1249089768248375,0.045711112832278314,0.16126354529196976,2.7325735272109726,TRUE
731,0.21900731197131215,0.14905269721657705,0.28274905832336844,1.4693280702803346,FALSE
732,0.16516310521597505,0.052886551352567056,0.2132335767661382,3.122969847568974,TRUE
733,0.16506459681399113,0.10388555880734882,0.21310639764299757,1.5889080129038546,FALSE
734,0.05140986722437064,0.11961968779072123,0.06637263119381277,0.42977764090401216,FALSE
735,0.18965191853300295,0.08282750889116343,0.24484982209841002,2.289721386915166,TRUE
736,0.08830173109609124,0.10027321378270665,0.11400181615403582,0.880611359355074,FALSE
737,0.19951379010815373,0.046925974696769415,0.25758197645472275,4.25167066635036,TRUE
738,0.19478063882452953,0.08068118478929874,0.25147124866074805,2.4142015183986802,TRUE
739,0.21794970097934016,0.16336900939985724,0.281383631254469,1.334094524904003,FALSE
740,0.11594226572752389,0.07742470714982726,0.14968708651439608,1.4974840718888347,FALSE
741,0.05073980484719621,0.11414003793205545,0.06550754817690965,0.44453993328266,FALSE
742,0.11716581655838398,0.09068283083257747,0.15126674996089223,1.2920396891303552,FALSE
743,0.2072120407391826,0.06372634158422562,0.2675207912690236,3.2515916587697924,TRUE
744,0.03814795793551038,0.08111706381435645,0.049250863298289926,0.470282775801838,FALSE
745,0.002758205501449885,0.036959806003370274,0.0035609770339514782,0.07462716393041595,FALSE
746,0.007021623758091015,0.037831251622387777,0.009065256715087615,0.1856037920229887,FALSE
747,0.03450576913048945,0.060170112278733395,0.04454862095950226,0.5734702466673843,FALSE
748,0.019120910807214984,0.04971949092028327,0.024686022929377553,0.38457575597208155,FALSE
749,0.17494846020895927,0.030823024530059584,0.22586694450496775,5.675901793425367,TRUE
750,0.08099040900248101,0.03468021482067567,0.10456254484177059,2.3353491153750325,TRUE
751,0.06334347442489022,0.03577580793264198,0.08177949669056783,1.7705672655709725,FALSE
752,0.08398291418045098,0.06660404136210189,0.1084260141181281,1.2609282028978765,FALSE
753,0.03444179282874468,0.06452880815967466,0.044466024452059105,0.533742894236005,FALSE
754,0.17340073918196372,0.05887152400893834,0.2238687616178704,2.9454093825673113,TRUE
755,0.009427108452657646,0.03239948962404531,0.012170854085686288,0.2909647208041607,FALSE
756,-0.02069047593788289,0.021872499152024945,-0.026712407613427178,-0.9459584747985863,FALSE
757,-0.021015434128713224,0.019935511060614575,-0.027131944393385364,-1.054170824355348,FALSE
758,-0.017693080345662537,0.025134228563376947,-0.022842624575160696,-0.703943640086217,FALSE
759,-0.02092976363998239,0.04949093241931451,-0.02702133963870065,-0.4229009763375213,FALSE
760,0.0037306891895303985,0.08294676263512887,0.00481650062613008,0.04497691134663296,FALSE
761,0.10376523939935636,0.10440899185408725,0.13396595512167234,0.9938343197908611,FALSE
762,0.06941163013620537,0.0873080590936581,0.08961377992837442,0.7950197365141897,FALSE
763,0.03811594002579753,0.10580554752948712,0.04920952662446245,0.36024519428128227,FALSE
764,0.10055363567859352,0.1613014993748215,0.1298196190035775,0.6233893427421514,FALSE
765,0.03339863917749841,0.10760214059909835,0.043119262511000706,0.31039009996961225,FALSE
766,0.03328395992497017,0.07963325919699368,0.04297120603576377,0.41796556188455875,FALSE
767,-0.011332886021119723,0.09034162213912739,-0.01463130532818652,-0.12544479225386188,FALSE
768,0.17178173390950915,0.07091019930982442,0.22177854731366917,2.4225250469111184,TRUE
769,0.1391304167910116,0.08145477580273164,0.1796241138147448,1.708069482972486,FALSE
770,0.05544619121032857,0.16024380240153183,0.07158372116083235,0.3460114549166398,FALSE
771,0.07657869129942114,0.09390614269789636,0.09886680338500996,0.8154811719376119,FALSE
772,0.11238866404640088,0.0874655937416695,0.14509921444770688,1.2849471345080206,FALSE
773,0.07218354536205683,0.05187922326089042,0.09319245688124425,1.3913767559521846,FALSE
774,0.06873836885536386,0.0630569111050377,0.08874456697173826,1.0901004767084486,FALSE
775,0.03888045200688787,0.1503112735080326,0.050196548659409576,0.2586662403922092,FALSE
776,0.07233160499605333,0.12222016651859414,0.09338360904740434,0.5918139948291516,FALSE
777,0.172179591832616,0.07267238628148116,0.22229220118253948,2.369257439348622,TRUE
778,0.04493521713306137,0.10285437123417415,0.05801354400255584,0.4368819389382578,FALSE
779,0.1421877310987217,0.08266411779522852,0.18357125481986716,1.7200659111967076,FALSE
780,0.0035419894982536442,0.05145365858012685,0.004572880175588221,0.06883843823734782,FALSE
781,0.3258978689227855,0.11473979250164014,0.42074994993582937,2.840321233090316,TRUE
782,-0.009907653962740877,0.07694423830528191,-0.012791261638450346,-0.12876407877912227,FALSE
783,0.008365150004338236,0.04094321253207332,0.010799814239855978,0.20431103196373032,FALSE
784,-0.010354551266981782,0.022484257935527347,-0.013368227726038873,-0.4605244832483695,FALSE
785,0.0226896967390038,0.03446802945258039,0.029293498599884626,0.6582823880378569,FALSE
786,0.17964398530891237,0.033367176238784026,0.23192909507151774,5.383853402018024,TRUE
787,0.12180081463711616,0.0472053450890909,0.1572507572083937,2.5802335393850173,TRUE
788,0.17428665876452232,0.0641712738999171,0.22501252675275998,2.7159607122081377,TRUE
789,0.19851715556905994,0.08030405926994322,0.2562952729429321,2.472068751863984,TRUE
790,0.1895688524641164,0.08424757427998764,0.24474257977601957,2.2501401860438732,TRUE
791,0.17320073822094517,0.08292900089605688,0.22361055068014987,2.0885424441328406,TRUE
792,0.11181682447408874,0.05710860429443935,0.14436094183421314,1.9579680830157553,FALSE
793,0.013647252216558596,0.07305087286288377,0.017619264298531293,0.18681846885217157,FALSE
794,-0.021549422888175063,0.023938553101163343,-0.02782134977229288,-0.9001973844078247,FALSE
795,-0.02052899070440246,0.020115274206266222,-0.02650392234739322,-1.0205672810568678,FALSE
796,-0.0163892000156492,0.025707112817409276,-0.021159251850482324,-0.6375356163898019,FALSE
797,-0.03996058986656145,0.08894755812658069,-0.051591059006726794,-0.44926011133092375,FALSE
798,0.0036520066352151727,0.07928846061966145,0.004714917633585878,0.04605974951050533,FALSE
799,0.11452359826465734,0.12757382493847477,0.14785551803575064,0.8977045120336309,FALSE
800,0.03255761573501208,0.10633069933695691,0.042033460469733525,0.30619205871898336,FALSE
801,0.01564477727434254,0.10289491780050619,0.02019816599812261,0.15204616135341892,FALSE
802,0.0674556907716272,0.1633008315509319,0.08708856737499389,0.4130762233784979,FALSE
803,0.1508422591762674,0.17356205948313316,0.19474467018272837,0.8690969652323486,FALSE
804,0.06453672477092552,0.12983330057997813,0.08332004074203636,0.4970737436592432,FALSE
805,0.10840114081266997,0.13425731832324703,0.1399511286179166,0.8074132730081501,FALSE
806,0.03583488576076197,0.12246774250724167,0.046264574971397125,0.2926067307776414,FALSE
807,0.08247634435379078,0.1400110908181112,0.10648095942587943,0.589070079176342,FALSE
808,0.10712117858853988,0.09660517602934396,0.13829863532760275,1.1088554774332346,FALSE
809,0.022824628969872317,0.050148719184155005,0.029467702652124405,0.4551388219120059,FALSE
810,0.11073447109570066,0.17381680758502063,0.1429635711448161,0.6370757387287537,FALSE
811,0.08954865288633565,0.11080628066701156,0.115611652642238,0.8081550282825748,FALSE
812,0.12029931222221864,0.07627146913762957,0.15531224479042408,1.5772518030974616,FALSE
813,0.1933492596153529,0.16529504474390821,0.24962326870128734,1.169722056186918,FALSE
814,0.08169755030807606,0.22097204578587468,0.10547549855303638,0.3697189389613664,FALSE
815,0.06342410966479008,0.09379839680647206,0.08188360069487775,0.6761747729617255,FALSE
816,0.21248989124261503,0.1303507280888091,0.2743347521655096,1.630139657508041,FALSE
817,0.008194297614912579,0.04119938580862759,0.010579235521330223,0.19889368382760225,FALSE
818,-0.00275602248422372,0.0764147278735074,-0.00355815865286892,-0.03606664004334195,FALSE
819,0.011721543458392433,0.10647286169746643,0.015133080923759454,0.11008949390031612,FALSE
820,0.02474879597694318,0.1219392185128133,0.03195189555148042,0.20296009994801298,FALSE
821,-0.00558255723657204,0.03337103313706118,-0.007207352062673659,-0.1672875159016928,FALSE
822,-0.016791869220690377,0.020472509969905312,-0.021679117317604836,-0.820215461874216,FALSE
823,-0.00448798550322789,0.06243558903347089,-0.0057942068846214495,-0.07188184772024718,FALSE
824,0.08251774505395305,0.06079377919823867,0.10653440973710165,1.3573386313898343,FALSE
825,0.19780596585397103,0.09199490436359102,0.2553770925387226,2.1501839392341067,TRUE
826,0.018882957462230874,0.09721300696024446,0.02437881362383635,0.19424311676680378,FALSE
827,0.09422324807405259,0.07787469353163301,0.12164678167730442,1.209934110826115,FALSE
828,0.034702329522593625,0.06478009736716506,0.04480238995593836,0.5356943094096539,FALSE
829,0.062492163037011536,0.0737597297896244,0.08068041241298815,0.8472395874449388,FALSE
830,0.15620726392734444,0.16898201856874534,0.20167115143859685,0.9244016922652402,FALSE
831,0.04253342787831629,0.05387181111717263,0.05491271762394018,0.7895303127233824,FALSE
832,0.0092713449722323215,0.034818298309827175,0.01196975588026564,0.26627794643299846,FALSE
833,-0.016588707885361688,0.02180476397029868,-0.021416826183419193,-0.7607836483787657,FALSE
834,-0.027766778019662503,0.052104273028175496,-0.03584825669547502,-0.532907886549872,FALSE
835,-0.02829379417191355,0.05208883703359006,-0.036528660100406576,-0.5431834493380604,FALSE
836,-0.029859950484376056,0.05196991573616615,-0.0385506438348765,-0.574562226268848,FALSE
837,-0.054656833162872155,0.07968403503498847,-0.07056462164954522,-0.6859194961559474,FALSE
838,0.08066219520672686,0.11522878992147627,0.10413880491800777,0.7000177235367556,FALSE
839,0.10831215535157467,0.2204998823925582,0.13983624407318293,0.49121185089226227,FALSE
840,-0.00986502717210496,0.1412246016420735,-0.012736228384979651,-0.06985346078091524,FALSE
841,0.029434854080836344,0.11336266024868198,0.03800182376710977,0.2596521113412965,FALSE
842,0.09842299043908294,0.1453417146481142,0.12706885269504575,0.6771833583866417,FALSE
843,0.06735449034257739,0.16686925444139442,0.0869579127143883,0.4036363113627545,FALSE
844,0.1399961086084585,0.2017666247167182,0.18074176392413213,0.6938516655319683,FALSE
845,0.10802859008987604,0.178040649693552,0.13947014757166976,0.6067636254743933,FALSE
846,0.06246403699810734,0.17396720829798507,0.08064410033307198,0.3590563854488824,FALSE
847,0.15866558183752524,0.19995406713929784,0.2048449590521716,0.7935101501435877,FALSE
848,0.2188843131111875,0.06296296403076052,0.28259026083134836,3.476397855162151,TRUE
849,0.10765444374106113,0.16486368538154453,0.13898710649486587,0.6529906418864538,FALSE
850,0.11468325098900085,0.12764837360710707,0.14806163744363965,0.898430961149478,FALSE
851,0.20114852563244415,0.21105702268063098,0.2596924992767252,0.953052985764988,FALSE
852,0.2732694628279472,0.13083505538577836,0.35280412597939187,2.0886563010363606,TRUE
853,0.2609755317514881,0.14242764165345642,0.33693206488849764,1.8323376608767625,FALSE
854,0.044240321777394405,0.1464104114724296,0.057116400406392015,0.3021665012240284,FALSE
855,0.22270615449907533,0.3278249614197347,0.28752444336507177,0.6793447135159753,FALSE
856,0.012365281848244833,0.04683633864200801,0.015964178396711454,0.2640104287988532,FALSE
857,-0.012982391379421207,0.07142846483543924,-0.016760896722012624,-0.1817537505437187,FALSE
858,0.318443104986501,0.1626699242659933,0.41112548824989464,1.9576028354558754,FALSE
859,0.2561870695443172,0.0708425194703179,0.3307499280104743,3.616289644408486,TRUE
860,0.06020206734263849,0.12115232522576275,0.0777237878362745,0.49691219075204895,FALSE
861,-0.020578853829529987,0.029546802783897836,-0.026568298059546226,-0.696483270289565,FALSE
862,-0.01609750540211441,0.025058537855169566,-0.020782659961597057,-0.6423960366384067,FALSE
863,0.019363458173221916,0.04148000138625681,0.02499916333880031,0.46681430872944557,FALSE
864,0.09786490644762115,0.06312524454533772,0.1263483392033691,1.5503291456927786,FALSE
865,0.11801727997111747,0.09130031656579296,0.1523660305099304,1.2926272811559387,FALSE
866,0.0400218628470519,0.058284210028587836,0.05167016539536011,0.6866673294091413,FALSE
867,0.1943747633094428,0.09022682187568322,0.2509472436918988,2.1542902572503024,TRUE
868,0.08011264750167443,0.094214701734987,0.1034293121859674,0.8503200246498714,FALSE
869,0.16215161248331347,0.05911460682398495,0.2093455936360623,2.743004160818044,TRUE
870,0.16900652801994906,0.15728520897255868,0.21819562195440367,1.0745227038445515,FALSE
871,0.170217556455234,0.0393540968466205,0.21975911838106407,4.325281739246705,TRUE
872,0.010296038710484616,0.03352606698290036,0.013292685178620027,0.30710547454719367,FALSE
873,-0.01488666218869018,0.0255332788834616,-0.01921940266533935,-0.5830297885608636,FALSE
874,-0.024556186198622758,0.047798437065746165,-0.03170322698898463,-0.5137445428361188,FALSE
875,-0.02583216757523152,0.04760680875312301,-0.033350580812137084,-0.5426149799116061,FALSE
876,-0.03917209218234386,0.06054016554085933,-0.050573070266095685,-0.6470430305630089,FALSE
877,0.00703517850759841,0.11188809108867882,0.009082756553903623,0.06287691960016155,FALSE
878,-0.08615494996875434,0.22090814347573817,-0.11123021763197187,-0.39000350377855825,FALSE
879,-0.06352635940949178,0.15187433691957447,-0.082015610072866,-0.41828238198750034,FALSE
880,0.07868194709404566,0.225489690781759,0.10158220859221669,0.34893811251973494,FALSE
881,0.06390346090021183,0.26245829441386126,0.08250246638114944,0.24348043959869947,FALSE
882,0.03037226443745411,0.08890179904146843,0.03921206598783967,0.3416383556342533,FALSE
883,0.008104557325358345,0.15438799315132384,0.010463376456458225,0.05249473848276944,FALSE
884,-0.011410172950282352,0.10897988943452348,-0.014731086500991843,-0.10469980295894621,FALSE
885,-0.030166145836092464,0.09144988683794596,-0.03894595687982245,-0.32986531617637177,FALSE
886,0.03720429501038333,0.1233894710136837,0.04803254870845879,0.30151920341936983,FALSE
887,-0.037069415268129284,0.20238698886348475,-0.0478584124215652,-0.18316105929681856,FALSE
888,0.11076685513983806,0.11945035002290412,0.1430053805159377,0.9273045672833856,FALSE
889,0.1956395506786374,0.1013167232614825,0.25258014550873814,1.930969975940917,FALSE
890,0.08368941674783714,0.19572846173321856,0.10804709470240212,0.4275791880585427,FALSE
891,0.25204564544439173,0.1587029833876245,0.32540314870054415,1.5881594665979417,FALSE
892,-0.03333498067827156,0.21613151644163822,-0.04303707630201682,-0.154234704993952,FALSE
893,0.214897941043702,0.08738701495156825,0.27744366121299524,2.459151867846762,TRUE
894,0.13225789848198807,0.159968693033345,0.17075135946378026,0.8267736391046173,FALSE
895,0.11282151596197937,0.21102661400477632,0.1456580472575416,0.5346316932300577,FALSE
896,0.061889636381784977,0.08646745517965973,0.07990252128758886,0.7157564224966766,FALSE
897,0.04912628142420864,0.10028170702691384,0.06342441120615776,0.48988278002710917,FALSE
898,0.30255383067239355,0.10828240041736766,0.39061166471899783,2.794118245497135,TRUE
899,-0.06478335141515296,0.18020341386652658,-0.08363844769742557,-0.3595012437618791,FALSE
900,0.02403625079651241,0.07531391641663998,0.031031965175794853,0.3191475352781123,FALSE
901,-0.02204160826280927,0.022864616474375633,-0.028456784954551024,-0.9640051600039429,FALSE
902,-0.021228814374154473,0.01919202249684139,-0.02740742863599013,-1.1061270055122276,FALSE
903,-0.010828596335829771,0.04573194619695111,-0.013980242893994374,-0.2367840697003116,FALSE
904,0.12636875458664057,0.05474475191361719,0.1631481891597749,2.308326372289353,TRUE
905,0.21382867701107736,0.06366684652461854,0.27606318950361564,3.358556119602918,TRUE
906,0.0774413047770644,0.06264640401233744,0.09998047920845746,1.2361652037012896,FALSE
907,0.18398314853320402,0.13655796741473117,0.23753116517838507,1.3472897408793512,FALSE
908,0.17768637736209258,0.03898488628342254,0.22940172829756209,4.5578272582431465,TRUE
909,0.16761444367484088,0.030776285498847943,0.21639837356966665,5.446220716958037,TRUE
910,0.10033618799123295,0.06169386867896577,0.12953888349624498,1.6263559108823094,FALSE
911,0.1745404465413037,0.03976793894968529,0.22534017907748383,4.388973910921902,TRUE
912,0.002028340376502206,0.014927434820211163,0.0026186857701371623,0.13588003571490478,FALSE
913,-0.020554566502262273,0.014483511535832914,-0.02653694194247267,-1.4191700991440697,FALSE
914,-0.024331780424538235,0.0537353649909545,-0.031413508254328704,-0.4528075770702238,FALSE
915,-0.025583294059239623,0.06381974192611482,-0.03302927303636039,-0.40086802746488426,FALSE
916,-0.026128953353416536,0.049540710450344916,-0.03373374564143088,-0.527423872526128,FALSE
917,-0.024611425973523046,0.04074822857789994,-0.03177454421668111,-0.6039876292161375,FALSE
918,-0.013563746368541345,0.11287092197446817,-0.017511454199960405,-0.12017042238398226,FALSE
919,0.033557860412287206,0.1086583682589369,0.04332482484495379,0.3088382510246941,FALSE
920,-0.025989432601841788,0.22163769591529014,-0.03355361758648495,-0.11726088603526605,FALSE
921,-0.025258696776130535,0.05149954441683695,-0.03261020220576894,-0.490464470358938,FALSE
922,0.062402142495418665,0.3169371032798689,0.08056419152914626,0.19689125018699666,FALSE
923,0.0633675805178414,0.22909402933004422,0.08181061882535161,0.27660075080591,FALSE
924,-0.025120291447866816,0.1638967940886811,-0.032431514216398845,-0.1532689616507981,FALSE
925,0.003869491933630099,0.17858874626372265,0.0049957016986131334,0.021667053577474622,FALSE
926,0.010307251656828012,0.25829905902652267,0.013307161636008999,0.0399043329684358,FALSE
927,0.19210174934246607,0.33334118353352804,0.24801267245346123,0.5762916760123165,FALSE
928,0.025740284861904713,0.24028435830191536,0.03323195577429929,0.10712426328459655,FALSE
929,0.1931960311673782,0.048829002508564,0.24942544334567152,3.956583613058531,TRUE
930,0.03466604978126626,0.22483097503262248,0.04475555105086165,0.15418716116067321,FALSE
931,0.07399482229686444,0.3916240402647627,0.09553090322383383,0.18894351390389424,FALSE
932,-0.0786887321710627,0.20612500741000453,-0.1015909684556201,-0.3817524771001825,FALSE
933,0.07964030095559738,0.12929916042499529,0.10281948989326203,0.6159382682287071,FALSE
934,0.23311434958607927,0.12131971881213484,0.3009619278636796,1.9214877174835845,FALSE
935,0.17346981734628325,0.2920124035762387,0.22395794487726137,0.5940494829049058,FALSE
936,0.10964597120762458,0.15470207280385842,0.14155826501339835,0.7087556696582924,FALSE
937,0.0044703807952885125,0.0525170216452139,0.005771478353107539,0.08512251181129038,FALSE
938,-0.04484013166384867,0.22536247199171835,-0.05789078405158376,-0.19896893776305605,FALSE
939,-0.17176442478132575,0.3327333787144894,-0.22175620038995142,-0.5162224043915736,FALSE
940,0.23784230682678395,0.05442666868139091,0.30706594989641206,4.369958929860149,TRUE
941,0.04474078399549552,0.07940139017172784,0.05776252139486865,0.5634760789292352,FALSE
942,0.014172802154766415,0.05396956132900458,0.018297774750043662,0.26260732542122034,FALSE
943,-0.0028543678402856002,0.06235954898157966,-0.0036851272758188945,-0.04577274670682352,FALSE
944,-0.02155062393724024,0.01709725346639003,-0.027822900384868884,-1.2604728577958264,FALSE
945,0.01338509055270934,0.03948780871918415,0.01728080087959497,0.3389676709562902,FALSE
946,0.10202919416350388,0.05567582309836681,0.13172463655004238,1.8325583437399924,FALSE
947,-0.03306205720876869,0.0828989001756237,-0.04268471887019559,-0.398823834076517,FALSE
948,0.04857665842463699,0.0467543111439594,0.06271482126524243,1.038977096145561,FALSE
949,0.16580295694410221,0.019023167352849882,0.21405965637035812,8.715843890174424,TRUE
950,0.03690928430885481,0.03370340878454202,0.04765167558919311,1.0951202160234652,FALSE
951,0.03582743245540611,0.048335738776166634,0.04625495239280924,0.7412203343227245,FALSE
952,0.2120822780540034,0.11547678114279764,0.2738085037758886,1.8365794054455347,FALSE
953,0.028399551773342684,0.06386102178642424,0.036665198291508355,0.44470869677471936,FALSE
954,-0.011363425401666337,0.015954154190821055,-0.014670733149173911,-0.7122549566559966,FALSE
955,-0.02293435328464114,0.011297592748031162,-0.0296093620624738,-2.0300212440068637,TRUE
956,-0.020332897419316712,0.013981424669658203,-0.026250756408765594,-1.4542793670692344,FALSE
957,0.003091427507145021,0.06921142284019181,0.0039911827995711465,0.044666434820782155,FALSE
958,-0.0028050146356694717,0.07408565690349822,-0.0036214098957695986,-0.037861777203692756,FALSE
959,0.00199390639296389,0.121805770426746,0.00257422982785768,0.01636955610541477,FALSE
960,-0.11553056780681382,0.32118348753020315,-0.1491555645375878,-0.359702700457008,FALSE
961,-0.05006870837988671,0.18640703080438534,-0.06464113009950428,-0.2685988192818144,FALSE
962,0.1511869888791678,0.31784294817598835,0.19518973294339068,0.4756657013999762,FALSE
963,0.09035627236074183,0.17177381258429927,0.11665432854112247,0.5260189024237837,FALSE
964,0.038286815179946726,0.3101826209201011,0.049430134733350034,0.12343314098764062,FALSE
965,-0.023963531198995285,0.20821748166784385,-0.03093808064959093,-0.11508894933818664,FALSE
966,-0.08098767620645922,0.15087421664925207,-0.10455901666960685,-0.536789373327697,FALSE
967,-0.09993441576649528,0.1815778919800145,-0.1290201760741844,-0.550366648036065,FALSE
968,0.05063332187975184,0.15597784839836445,0.06537007350311284,0.32461867117461,FALSE
969,0.2733556230137963,0.212430713081594,0.35291536295679926,1.286798971054629,FALSE
970,0.0763874064342834,0.34814295667006995,0.09861984534967141,0.21941390733541294,FALSE
971,0.10932575425166975,0.12158307136426917,0.1411448493975432,0.8991856598532878,FALSE
972,0.19891306132617692,0.086742964266116,0.25680640647085873,2.293131933051513,TRUE
973,0.07262010669680587,0.1794954852021883,0.09375607873107936,0.40457901553905223,FALSE
974,0.02498028813995394,0.26535248202742173,0.03225076315782365,0.0941400206589078,FALSE
975,0.0873738723027788,0.1278451496564367,0.11280390546464059,0.6834351755821948,FALSE
976,0.0793023625467161,0.21251056772077018,0.10238319502245428,0.3731690305910623,FALSE
977,0.02045371950632222,0.04686220249624735,0.026406743581147977,0.4364651769826679,FALSE
978,0.18723433133612774,0.19231047121093436,0.24172859981054123,0.9736044540744799,FALSE
979,-0.003632478836604074,0.034029908467705434,-0.004689706298773734,-0.10674371457834851,FALSE
980,0.28786578693443365,0.16070708418516422,0.3716486881035658,1.7912451613070097,FALSE
981,0.011515415999587851,0.1547934149758252,0.01486696038035395,0.07439215680709846,FALSE
982,0.22032546274001932,0.04989709820971969,0.2844508548763027,4.415596710934607,TRUE
983,0.008178259580187294,0.09456086164337765,0.010558529640895849,0.08648672863230027,FALSE
984,0.019608823732317482,0.047031252311887095,0.025315942172140563,0.4169317797936113,FALSE
985,-0.014781305594624912,0.020243286602977025,-0.019083382194187162,-0.7301830915366845,FALSE
986,0.02383564432638222,0.03606905473511124,0.030772972496453097,0.660833628755442,FALSE
987,0.047964070411990745,0.06728607317104951,0.06192394043958946,0.7128380086925292,FALSE
988,0.03772968235311982,0.050166027503866714,0.04871084924133423,0.7520962737225242,FALSE
989,0.1654845254220573,0.03551721980602088,0.21364854583624743,4.659275875923272,TRUE
990,0.03939932577221541,0.04452234214450836,0.0508664398480393,0.8849338079370369,FALSE
991,0.07705467465415712,0.05422956178197322,0.09948132097402462,1.4208979774527948,FALSE
992,-0.02300134384285418,0.059271336943662004,-0.029695850121163707,-0.38806858473121986,FALSE
993,-0.01918561091093453,0.057282645946173126,-0.02476955390026369,-0.3349288531287941,FALSE
994,0.09325360734739462,0.059406325769091745,0.12039492848616327,1.569758879043705,FALSE
995,0.1608946968681268,0.04347038788418442,0.2077228546353091,3.7012482450533684,TRUE
996,0.015489404164381255,0.03570745247869289,0.019997571779898145,0.4337863131967756,FALSE
997,-0.0222186832163807,0.010558979551488969,-0.02868539730508996,-2.1042453115886133,TRUE
998,0.01369383143914958,0.0630228131096743,0.017679400333289623,0.21728372256755885,FALSE
999,0.01102919941156758,0.06319308573441874,0.01423923119101099,0.17453174320241205,FALSE
1000,0.008425505614397432,0.05994523953414926,0.010877736258783846,0.14055337304303603,FALSE
1001,0.009069729479996846,0.060612285909926296,0.01170946050446353,0.1496351662676943,FALSE
1002,0.013538391404912826,0.07583863932346782,0.017478719712580706,0.17851574772021853,FALSE
1003,0.0663241528395811,0.21071984117587364,0.0856276970421115,0.3147503930786698,FALSE
1004,0.12979382849966759,0.3296607012135668,0.16757012564618398,0.3937194455446547,FALSE
1005,0.04065401663191463,0.22807035272861495,0.05248630658159093,0.17825208820670166,FALSE
1006,0.12285338911740352,0.17323983226615802,0.158609681896513,0.7091520899688762,FALSE
1007,-0.024853582262893494,0.2551730687129307,-0.03208717972720481,-0.09739892375105515,FALSE
1008,-0.02366631783850337,0.1583372369198944,-0.0305543637908076,-0.14946779607172617,FALSE
1009,0.1330191467027282,0.13887842073880313,0.17173416782587186,0.9578100470547919,FALSE
1010,0.3340126388845125,0.1399421754882655,0.43122651140099916,2.386790384808047,TRUE
1011,-0.005169451950534533,0.2392202599217494,-0.0066740131089915505,-0.02160959089428921,FALSE
1012,0.1847959682219356,0.29689887642022444,0.23858055480609602,0.62242057110509,FALSE
1013,0.10261488696760852,0.24291337440674188,0.1324807943574541,0.42243407642012704,FALSE
1014,0.04103823819081068,0.2317706411193764,0.05298235524310605,0.17706400600442493,FALSE
1015,0.1985275026900642,0.08088079796415971,0.2563086315778287,2.4545690409488374,TRUE
1016,0.19274927468866185,0.05223528070883209,0.2488486590706631,3.690020845548385,TRUE
1017,0.06346136987637661,0.11593697732261926,0.08193170543459714,0.5473781647746592,FALSE
1018,0.10398574883159259,0.14815159587897858,0.134250643490088,0.701887470159525,FALSE
1019,0.040498901769163285,0.16905178613403626,0.05228604577303562,0.23956506284442852,FALSE
1020,0.01609647800304603,0.05990033623068734,0.020781333539586343,0.26872099583974784,FALSE
1021,0.05295809337106881,0.19442773352459164,0.06837146621493695,0.27237931755435785,FALSE
1022,0.10619590318233706,0.06994718070063835,0.13710405991622154,1.518229928906454,FALSE
1023,0.2598434240286238,0.08807764358347236,0.33547045892804267,2.950163213464796,TRUE
1024,0.06024561799626737,0.18815665163496498,0.0777800138416626,0.32018861662752923,FALSE
1025,0.04362807284669517,0.09992927423081115,0.056325957351973016,0.4365895097559244,FALSE
1026,-0.012498781970627515,0.025886503383514215,-0.016136533527460247,-0.48283005956638186,FALSE
1027,-0.01931642808093792,0.02006126166794708,-0.024938445209407883,-0.9628720466669741,FALSE
1028,-0.01632537577783208,0.014417915639267425,-0.021076851664942577,-1.13229791228419,FALSE
1029,0.001825682441982363,0.03364292977543103,0.0023570445508031227,0.0542664522432774,FALSE
1030,0.10943524901228709,0.06727203568106915,0.1412862124423531,1.6267569117591454,FALSE
1031,0.1917579262107758,0.05370439310750717,0.24756878012018632,3.5706189962319965,TRUE
1032,0.09124430540391848,0.07130366167851016,0.11780082225614111,1.279658060413721,FALSE
1033,0.030892683805982805,0.1144562087827654,0.03988395262514064,0.2699083268135871,FALSE
1034,0.013397963776777645,0.05939345696134783,0.017297420836025354,0.2255797938398634,FALSE
1035,0.04944934806448825,0.03841366473506144,0.06384150590264315,1.2872853554988772,FALSE
1036,0.17042925086883812,0.030735335471707863,0.22003242613302954,5.545059074618518,TRUE
1037,0.06447949979075812,0.053748938559124396,0.08324616051808738,1.1996422909790114,FALSE
1038,-0.023189595452616812,0.023781418238689574,-0.029938892076745605,-0.9751140667838752,FALSE
1039,-0.02295940911545325,0.009262494033533651,-0.02964171035488406,-2.4787502191452653,TRUE
1040,-0.01998382863027385,0.027658779346971633,-0.0258000916775128,-0.722513035719412,FALSE
1041,-0.002647152231123035,0.038716420927926605,-0.003417601877542269,-0.06837285491990333,FALSE
1042,-0.002320559870563546,0.039002781491277415,-0.002995955305231032,-0.05949729177860087,FALSE
1043,-0.0015917850186955643,0.038803208008444716,-0.00205507163682449,-0.04102199535536199,FALSE
1044,0.024844973976476743,0.07663640176721828,0.03207606601206806,0.32419285618266513,FALSE
1045,0.054286535349366644,0.0731254033894103,0.070086549218422,0.7423758753203429,FALSE
1046,-0.0018166851152478583,0.03559186870843223,-0.0023454285657535366,-0.0510421391506611,FALSE
1047,0.04047643653434315,0.19125962063623192,0.052257042065656026,0.211630852344561,FALSE
1048,0.03780386211822174,0.1206745805800436,0.048806618914686344,0.31327112915173044,FALSE
1049,0.008576364997347909,0.3878787784604452,0.011072503036589324,0.022110941545678046,FALSE
1050,0.07386135583176517,0.15565050385869664,0.0953585915462698,0.474533355181544,FALSE
1051,-0.07345627644736162,0.15823868801369995,-0.09483561442073292,-0.46421186480642423,FALSE
1052,-0.012005288170627147,0.15378432165372066,-0.015499409104615397,-0.0780657484555526,FALSE
1053,0.010739929394447274,0.23371165337422217,0.013865769573653368,0.04595376071064098,FALSE
1054,0.012313194428952493,0.30696150163932845,0.015896931012946782,0.04011315543869135,FALSE
1055,0.16114761136749256,0.20891084946946367,0.2080493795165485,0.7713702365230551,FALSE
1056,0.08887370929556407,0.12193397406765014,0.11474026774191533,0.7288674873030554,FALSE
1057,0.006762926786223313,0.27100389341886694,0.00873126638148505,0.02495509086937895,FALSE
1058,0.16145957667094024,0.08760552907416197,0.20845214184893562,1.8430295253882611,FALSE
1059,0.04082031010264847,0.1712272802604752,0.0527009995150464,0.23839840264093198,FALSE
1060,0.08493958279613342,0.17992281494547863,0.10966111968504709,0.4720890056209512,FALSE
1061,0.015226167632938787,0.06039514685615211,0.019657720654784033,0.2521091250792742,FALSE
1062,0.1247993135489889,0.17598361874861426,0.16112196468582587,0.7091530134248453,FALSE
1063,-0.005255084255120713,0.026689990425528578,-0.00678456856609416,-0.19689344849274668,FALSE
1064,0.3000671193709259,0.12864894285188022,0.3874011998606183,2.3324491652947956,TRUE
1065,0.07710771714217349,0.11541524438447553,0.09954980139781852,0.6680895366413592,FALSE
1066,-0.028911999919722597,0.09174861530883466,-0.03732679369453059,-0.315121921158178,FALSE
1067,0.07401085930759482,0.16623029242349927,0.09555160778224114,0.4452308795742227,FALSE
1068,-0.007613171185645928,0.08961774501738885,-0.009828973125235016,-0.08495160399504269,FALSE
1069,-0.014427653438825263,0.019654056482307843,-0.018626800114226842,-0.7340801860324725,FALSE
1070,-0.021060488925394846,0.022445609474125917,-0.027190112320382927,-0.9382899114266529,FALSE
1071,-0.007984585355210756,0.019625935358478532,-0.010308486826157327,-0.4068384619315157,FALSE
1072,0.10019793606115285,0.10270969548238179,0.12936039355136744,0.9755450601870415,FALSE
1073,0.18532272603522348,0.06735642753429355,0.23926062468290055,2.7513740383702667,TRUE
1074,0.183699237636569,0.06694537750112059,0.2371646224454109,2.7440167565489357,TRUE
1075,0.1866669684144719,0.03407877278948233,0.24099610677009514,5.477514391952594,TRUE
1076,0.11138257195743118,0.12274358688795145,0.14380030078047717,0.9074410711095532,FALSE
1077,0.07211802213042659,0.08326987993609238,0.09310786321231607,0.8660757309338675,FALSE
1078,0.02115495908378142,0.030262615403099533,0.02731207787524514,0.699045961560041,FALSE
1079,0.1659341226011382,0.028356369112550163,0.2142289975931578,5.851740818527359,TRUE
1080,0.1748371220636896,0.022183042797074868,0.2257232015611952,7.8815662784883695,TRUE
1081,-0.025056383542438745,0.007445206132747396,-0.03234900601191674,-3.3654385245600382,TRUE
1082,-0.024846539778903224,0.025088399821322962,-0.032078087538918575,-0.9903596863832592,FALSE
1083,-0.02461064435668622,0.02946439643561173,-0.03177353511144808,-0.8352672151444754,FALSE
1084,-0.021063380441001832,0.030008858928184366,-0.027193845407226667,-0.7019054103793021,FALSE
1085,-0.007935843574853286,0.02023887243549004,-0.010245558824470861,-0.3921089774219498,FALSE
1086,-0.014379814861090353,0.05819426199451013,-0.018565038190917878,-0.24710021861686124,FALSE
1087,-0.01213348558545248,0.020137370937959677,-0.015664918182805906,-0.6025357343237104,FALSE
1088,0.013546697744073547,0.08324401213667194,0.01748944359917001,0.16273480093477793,FALSE
1089,-0.013196546384916477,0.019392495595245963,-0.017037381217411367,-0.6804975832069591,FALSE
1090,0.10076975828067024,0.3186163963646869,0.1300986437615618,0.3162729835326165,FALSE
1091,0.0035034393673649667,0.23696006575093545,0.0045231100875080385,0.014784935834071594,FALSE
1092,0.007952069807788606,0.15222784663367292,0.010266507677919182,0.05223794452617319,FALSE
1093,-0.013701575406439345,0.21199369259350095,-0.017689398170526924,-0.06463199559768125,FALSE
1094,-0.013525900156397229,0.25062647905894775,-0.01746259290510895,-0.05396836043495594,FALSE
1095,-0.0534362567667848,0.24004822443261917,-0.0689887983425561,-0.22260634042633462,FALSE
1096,0.32181526882917577,0.14996546836438132,0.4154791152701345,2.145929141815763,TRUE
1097,0.10554910842290989,0.2567500151681257,0.13626901652196047,0.411096795276892,FALSE
1098,0.2154863350588926,0.24446757640031055,0.2782033064148871,0.8814515946525285,FALSE
1099,0.10207457838605848,0.13076585989355238,0.13178322978181417,0.7805904268067404,FALSE
1100,-0.04034694852876383,0.20785470416606217,-0.052089866772227836,-0.19411130814017705,FALSE
1101,0.16734142360683174,0.08618116876548607,0.21604589142449024,1.9417400112337397,FALSE
1102,0.21381618818689244,0.12303474044055039,0.27604706582607236,1.7378521498991342,FALSE
1103,0.225360891089492,0.06132776024255837,0.2909518370181898,3.6746962582387432,TRUE
1104,0.15991362732455427,0.2833826766695167,0.20645624628740517,0.5643027626245725,FALSE
1105,0.03783068784388074,0.19523573278710957,0.04884125222715728,0.19376928241477376,FALSE
1106,0.08546787766321028,0.09921774922830788,0.11034317397281725,0.8614172194789658,FALSE
1107,0.18769433002420555,0.14238600367153226,0.24232248041988372,1.3182077253688098,FALSE
1108,0.07103723712088515,0.12089997296680959,0.09171251736314238,0.5875703308915284,FALSE
1109,-0.022756208185608674,0.16858014728085835,-0.029379368102258666,-0.13498747362995428,FALSE
1110,0.2259455491850394,0.14247820640984282,0.29170665896668624,1.585825333420469,FALSE
1111,0.007782037186404915,0.10285533334680624,0.010046987319682055,0.07566002591392657,FALSE
1112,0.012990412620032254,0.03936796459036534,0.0167712525325513,0.32997419996693056,FALSE
1113,-0.015648832296926412,0.018209478684007598,-0.020203401228886135,-0.8593783802646661,FALSE
1114,-0.014804689679266849,0.014978885897894147,-0.019113572181237125,-0.9883705490638801,FALSE
1115,-0.00805583203809371,0.032563302258559225,-0.010400469748154277,-0.24738989842396109,FALSE
1116,0.1401152948736836,0.10693771835269543,0.18089563917128318,1.3102513970941845,FALSE
1117,0.11894486989454128,0.10224428891617626,0.15356359407526324,1.1633399885254891,FALSE
1118,0.10868315393800619,0.0912133849671612,0.1403152212361306,1.1915263749627807,FALSE
1119,0.08810590364164077,0.12309863817319427,0.11374899341564713,0.7157341864146353,FALSE
1120,0.08405529930601673,0.08095512659332582,0.10851946682482592,1.0382949523167875,FALSE
1121,0.007378887596637183,0.049458255759456955,0.009526501652586108,0.1491942544946353,FALSE
1122,-0.007090690123189505,0.028483955750479205,-0.009154424741112124,-0.2489362848792592,FALSE
1123,0.035960753619029465,0.07622692257003139,0.046427076479122927,0.4717592211071031,FALSE
1124,0.003611706365039338,0.025577996834987175,0.004662888030830482,0.14120364422357817,FALSE
1125,-0.024115458680144683,0.03583496001735703,-0.03113422639395795,-0.6729589950278754,FALSE
1126,-0.023977953476340585,0.02646556603043637,-0.030956700508907756,-0.906005692406694,FALSE
1127,-0.021036026702789028,0.026249422900532605,-0.02715853040494808,-0.8013900641740281,FALSE
1128,-0.020762456712749084,0.02784844854534535,-0.02680533828376694,-0.745551648198347,FALSE
1129,-0.011874294400003487,0.039006188790084544,-0.015330289795507952,-0.30442077958208413,FALSE
1130,-0.01241899596313842,0.040577753470285353,-0.01603352592336766,-0.30605430072004147,FALSE
1131,-0.00604539012036364,0.09637030692231853,-0.007804891756098626,-0.06273083809141196,FALSE
1132,-0.014123687831649495,0.027154524332122332,-0.018234365777592014,-0.5201228222194243,FALSE
1133,-0.013242334064376306,0.023446585963694432,-0.017096495331609413,-0.5647873035708154,FALSE
1134,0.0729747455663587,0.24502314148929874,0.09421393470633585,0.29782797299391345,FALSE
1135,0.1371855275184162,0.18990052555029804,0.17711316746587769,0.7224073083572405,FALSE
1136,0.004990817250716982,0.28846141265820663,0.006443387050424581,0.017301507347988073,FALSE
1137,0.06820173411873444,0.18656352758288025,0.08805174550801721,0.3655684205930124,FALSE
1138,-0.0729787243099276,0.36477356516354337,-0.09421907145719266,-0.20006582515706195,FALSE
1139,-0.06003707597892915,0.18293405984098676,-0.0775107759861203,-0.32818970962059035,FALSE
1140,0.01916963508595373,0.1843036389824317,0.024748928335625683,0.10401115893203297,FALSE
1141,0.2803293404352474,0.1541942046667292,0.36191877026854624,1.8180277335399404,FALSE
1142,0.057915990637763384,0.15320047157591396,0.07477235196986334,0.37804055067196596,FALSE
1143,0.19610568955187307,0.08420328803802592,0.2531819533948263,2.328955247725153,TRUE
1144,0.19766498721577824,0.07973322431600346,0.25519508228146714,2.479079316200491,TRUE
1145,0.08854354469845291,0.09261326527058555,0.11431400923901601,0.9560568287896744,FALSE
1146,0.2096490475551935,0.05390903612295057,0.27066708522675675,3.8889407534025655,TRUE
1147,0.1126330417984033,0.19239711728881362,0.14541471797419606,0.5854195914449495,FALSE
1148,0.23573928297635752,0.4116685255364527,0.30435084414041086,0.572643445765404,FALSE
1149,0.17808768825099414,0.21125513676089105,0.2299198401126904,0.8429981442418725,FALSE
1150,0.031356463539718535,0.07242807115507324,0.040482714747751496,0.43293246720021433,FALSE
1151,0.31030002126659273,0.1295427666030865,0.4006123723501204,2.3953481109241608,TRUE
1152,0.010631304539681462,0.05136208011581446,0.013725529619475176,0.2069874217654216,FALSE
1153,0.24238351744471795,0.06156242320674264,0.3129288729847385,3.937199103270042,TRUE
1154,0.20721687325231045,0.1434853662383867,0.267527030277776,1.4441672951375415,FALSE
1155,0.0797903191682436,0.0625860945959282,0.10301317067942059,1.2748889299354793,FALSE
1156,-4.617753407319666e-4,0.06468982939318439,-5.961743540600101e-4,-0.007138298942254104,FALSE
1157,-0.024112959062096328,0.021929045822039202,-0.031130999265863556,-1.0995899802380933,FALSE
1158,-0.01652481628808554,0.014699796892104345,-0.021334339033551915,-1.1241526947193032,FALSE
1159,0.1342437677676162,0.09142707948046871,0.17331521299638836,1.468315170193031,FALSE
1160,0.05744330517868207,0.09429389831422604,0.0741620921240373,0.6091942978882616,FALSE
1161,0.12760510573169942,0.11047270473991229,0.16474437843252482,1.1550826607542761,FALSE
1162,0.04468634380535233,0.17062863793310404,0.05769223646986145,0.2618924018069691,FALSE
1163,0.18521311713987332,0.06502672989866659,0.23911911428461677,2.8482612831445984,TRUE
1164,0.1350889183634541,0.08452798521225593,0.17440634339273742,1.5981561375707225,FALSE
1165,0.03928318782118559,0.09180373751657313,0.05071650012231184,0.427904014410022,FALSE
1166,0.05044188033994159,0.04860112408246532,0.06512291319317572,1.0378747671422766,FALSE
1167,0.1767146733496195,0.05119880631530341,0.22814721130439522,3.451538933570785,TRUE
1168,-0.023921294212411567,0.010716400035108712,-0.03088355065205127,-2.2322136290210723,TRUE
1169,-0.01605466668221212,0.070780071059286645,-0.020727353097168087,-0.2268246759566608,FALSE
1170,-0.020813631390679686,0.030073432971514998,-0.026871407274179342,-0.6920936299621654,FALSE
1171,-0.021173906658514385,0.037048120027860544,-0.027336540112898464,-0.5715244563716432,FALSE
1172,-0.01632238760054681,0.03239668607010278,-0.021072993783185532,-0.5038289276016381,FALSE
1173,-0.016129562235911277,0.03520863237745688,-0.020824046888304238,-0.45811385296063334,FALSE
1174,-0.012283846563558487,0.027521545461376508,-0.01585904149579202,-0.4463356384109144,FALSE
1175,-0.01493337819874907,0.0411774526808016,-0.019279715299350884,-0.3626591065384563,FALSE
1176,-0.010742861525071442,0.027351650573760433,-0.013869555096453507,-0.39276830830010356,FALSE
1177,-0.0144021992436693,0.024053647704162753,-0.018593937514133973,-0.5987532294811501,FALSE
1178,-0.013385391624769531,0.025185382928401542,-0.017281189578222153,-0.5314746121916151,FALSE
1179,-0.010570265152880532,0.08065281458031592,-0.013646724811620816,-0.1310588503065125,FALSE
1180,0.040454904819948456,0.1093520199694357,0.052229243578407414,0.36995114339228263,FALSE
1181,0.09899424807824028,0.1414917647404005,0.1278063740046216,0.6996467127247173,FALSE
1182,0.12445481762403889,0.3265354780148974,0.16067720374383224,0.3811371994878943,FALSE
1183,-0.07816017789255943,0.4294429561140911,-0.10090857925512088,-0.18200363233293884,FALSE
1184,-0.06694112085002085,0.33677978626283245,-0.08642423265728007,-0.19876822654011103,FALSE
1185,-1.7935990337319925e-4,0.21460669614063857,-2.315623315188009e-4,-8.357609832251413e-4,FALSE
1186,0.24178931871255435,0.10717971590984617,0.3121617336117928,2.2559242358501357,TRUE
1187,0.2810239063408287,0.14787081728259693,0.3628154885286761,1.9004690141379417,FALSE
1188,0.04277005140796418,0.2712264874450475,0.05521821007340623,0.15769127790894577,FALSE
1189,0.14427817162244608,0.05891529070713243,0.18627011489099346,2.4489087618976884,TRUE
1190,0.08464718321492443,0.17206435497884287,0.10928361764871408,0.4919507193999169,FALSE
1191,0.2096156477863942,0.05838455224888251,0.2706239645058492,3.5902587193414037,TRUE
1192,0.0648061922857557,0.14990031998005537,0.0836679363688132,0.4323285787140303,FALSE
1193,0.11484461890686158,0.10271581940394277,0.14826997124952052,1.1180811249260525,FALSE
1194,0.08241756800015544,0.2179087689481596,0.106405076303565,0.37822052044065535,FALSE
1195,0.06989868171283325,0.11622231879993863,0.09024258712849423,0.6014221918352413,FALSE
1196,0.2417788862759827,0.11634345219100904,0.3121482648303622,2.0781477747371437,TRUE
1197,0.11543072947264241,0.18801030713688235,0.14902666840751136,0.6139595814212578,FALSE
1198,-0.05988803850995886,0.1953145771463603,-0.07731836138759873,-0.30662349623336793,FALSE
1199,0.06807162200521644,0.07345185896460787,0.08788376446098031,0.926751520856894,FALSE
1200,0.20204004516562396,0.05897007446834224,0.2608434942193804,3.4261453285782784,TRUE
1201,0.07928686989269862,0.06974749145076092,0.10236319325495646,1.1367702012433254,FALSE
1202,-0.009791028140743684,0.02715754465784154,-0.012640692047649586,-0.36052700139504684,FALSE
1203,-0.018353330611779364,0.01515928034046376,-0.023695039680948306,-1.2106993339776109,FALSE
1204,0.02141124174857565,0.11786070168595014,0.02764295122135819,0.18166565651057912,FALSE
1205,0.1783583812192827,0.05062860573389765,0.23026931785929813,3.5228776031623057,TRUE
1206,0.23669099163062501,0.09711809205593722,0.30557954615665944,2.4371462270314974,TRUE
1207,-0.27809489632972934,0.32035474171841566,-0.3590339945913114,-0.868084220754779,FALSE
1208,0.19735074210999815,0.07454079408227864,0.2547893766137327,2.647553524747282,TRUE
1209,0.18387245510934713,0.05734902750043713,0.23738825460121574,3.206200054707913,TRUE
1210,0.0919046271909527,0.12059713043094038,0.11865332969890076,0.7620797183360979,FALSE
1211,-0.005102459958035094,0.1060713923412972,-0.006587523198568359,-0.04810401603494869,FALSE
1212,0.18276596437637363,0.06269539881142933,0.2359597214167494,2.915141586802627,TRUE
1213,0.1618095749736986,0.026634613585102523,0.20890400662746259,6.075161348096418,TRUE
1214,-0.009254345048075215,0.13525064520418312,-0.011947808153937579,-0.06842366654964387,FALSE
1215,-0.03192215612740495,0.057323742327837386,-0.04121305130605689,-0.556874949734449,FALSE
1216,-0.027904894556770237,0.05964935201443133,-0.0360265718414607,-0.4678155522966794,FALSE
1217,-0.017350449947151063,0.02423259270377269,-0.022400272118249256,-0.7159964333676038,FALSE
1218,-0.01640038626545211,0.03714081873593554,-0.02117369384134315,-0.441573094606661,FALSE
1219,-0.01570347968158022,0.027247380505639105,-0.020273953652052368,-0.5763298853014599,FALSE
1220,-0.018504679057843493,0.035965348065948755,-0.023890437862945733,-0.514514110190507,FALSE
1221,-0.017304293347903222,0.027068242954951555,-0.022340681710717816,-0.6392839526637163,FALSE
1222,-0.018385125732326202,0.02595007552074302,-0.02373608872316053,-0.7084806253311353,FALSE
1223,0.01154587684223399,0.1729670501804044,0.014906286805103915,0.06675188615514721,FALSE
1224,-0.060142790113269125,0.10099545186142564,-0.07764725805910247,-0.5954999854428114,FALSE
1225,0.008715931539024347,0.24278977415466238,0.011252690208776669,0.03589908829303539,FALSE
1226,0.10092729199783435,0.1401347421728776,0.13030202742844213,0.7202160608632305,FALSE
1227,-0.04993216205134173,0.46266975103211827,-0.06446484216890468,-0.10792182099640975,FALSE
1228,-0.02891796613556992,0.3319052556930288,-0.03733449636846142,-0.08712717150316972,FALSE
1229,0.07818038242454178,0.19373988772486894,0.10093466428552673,0.40353271255925455,FALSE
1230,0.021395752932899553,0.14448501009870665,0.0276229544093452,0.14808285591898282,FALSE
1231,0.16812575494476406,0.12385090531919267,0.2170585012100618,1.357485070548857,FALSE
1232,0.14803526137783965,0.2635095765799551,0.1911206999276842,0.5617832311795401,FALSE
1233,0.03492704502304948,0.23037469210604858,0.04509250856235677,0.15160973066855576,FALSE
1234,0.19129441558187354,0.04608614759833043,0.246970365424963,4.150800740585304,TRUE
1235,0.14109232721867318,0.29005020579177737,0.182157035300073,0.4864410519327858,FALSE
1236,-0.05076638792679688,0.21163411235164278,-0.0655418682215546,-0.23987809603418506,FALSE
1237,0.054650555019664863,0.150884361738597,0.07055651626226886,0.36220158530640467,FALSE
1238,0.15013451735433914,0.2277192669812531,0.19383094117576036,0.6592965072503018,FALSE
1239,0.07526678281253293,0.11853585251049169,0.09717306592056098,0.6349706120000362,FALSE
1240,-0.004647581999538409,0.023631333875065084,-0.006000253699393641,-0.1966703201820684,FALSE
1241,0.32643640119321754,0.1269533341572956,0.4214452212076915,2.571310185432088,TRUE
1242,-0.0028056936467912305,0.06733944360404125,-0.0036222865320496398,-0.04166493657549098,FALSE
1243,0.2143035903430832,0.05243806812169703,0.27667632564140565,4.086794155836032,TRUE
1244,0.1732688890840414,0.05900968317011601,0.22369853674870135,2.9362789253508335,TRUE
1245,0.19337274554992953,0.06274367309915528,0.2496535901815412,3.08194812318906,TRUE
1246,0.03956300552673902,0.08887804850413296,0.051077758347141344,0.4451380986937318,FALSE
1247,-0.02569897852314789,0.017802657885745296,-0.033178627288226605,-1.4435472887295795,FALSE
1248,-0.016150177478950627,0.0252003966856758,-0.020850662166597995,-0.6408699704370359,FALSE
1249,0.1652924769686626,0.0442237443605998,0.21340060197144656,3.737640929290609,TRUE
1250,0.021946118275238315,0.21233574917087278,0.02833350275076536,0.10335573901678531,FALSE
1251,-0.05596603311008466,0.20222578114663647,-0.07225486225794933,-0.27675023823744305,FALSE
1252,0.0707478300154621,0.15912426368129445,0.0913388787581392,0.44460743056232427,FALSE
1253,0.01577256988022428,0.14196863311479957,0.020363152448339777,0.1110989768244804,FALSE
1254,0.2186731497372975,0.07415252295153499,0.2823176386774013,2.9489643916798234,TRUE
1255,0.11474849670323772,0.12283533695655853,0.14814587282415756,0.9341651966471117,FALSE
1256,-0.03906928486764111,0.05608673930102981,-0.0504403410382023,-0.6965868466331712,FALSE
1257,0.0742323347132722,0.053005840866917626,0.09583754326920454,1.4004557516528826,FALSE
1258,0.01446917411970941,0.02929506445724257,0.01868040532637828,0.4939116669576817,FALSE
1259,-0.07346363027071258,0.06440516669179001,-0.0948451085632291,-1.1406480884099208,FALSE
1260,-0.028658240945760395,0.0696580214699073,-0.036999178555642824,-0.41141336404653606,FALSE
1261,-0.03591158311268554,0.06363334485360685,-0.04636359497140117,-0.5643516492069175,FALSE
1262,-0.024489412202820315,0.04372686073558111,-0.03161701852286683,-0.5600542044604854,FALSE
1263,-0.020270638840442178,0.044264171546592866,-0.02617037756483169,-0.45794687062210393,FALSE
1264,-0.021349318525671738,0.0307550609046514,-0.027563005338242092,-0.6941725328348436,FALSE
1265,-0.039791923168318366,0.09458456355261963,-0.051373302121490966,-0.420702085770911,FALSE
1266,-0.01939305279517979,0.033611517679786526,-0.025037371430643017,-0.576976409691922,FALSE
1267,-0.018978688103237443,0.03368314727693824,-0.024502406522875473,-0.5634475884096358,FALSE
1268,-0.020720987839321803,0.032694856363531394,-0.026751799957554202,-0.6337690433298394,FALSE
1269,-0.04748513230830334,0.2462769350716478,-0.0613056081264175,-0.19281193463971277,FALSE
1270,-0.019318371622332776,0.17817836322173183,-0.024940954415581237,-0.10842153487678115,FALSE
1271,-0.021521600019201913,0.220609554953437,-0.027785429099456884,-0.097555158133311,FALSE
1272,-0.0026719814697944216,0.18151535871603527,-0.0034496576285125394,-0.014720415333969068,FALSE
1273,-0.021825316636128415,0.0922298563975167,-0.02817754197760762,-0.2366404707610069,FALSE
1274,0.10188676590046584,0.2308626513478104,0.13154075475682667,0.4413306583184235,FALSE
1275,-0.06125924582205162,0.35910005484469226,-0.07908865651049002,-0.17059102329724155,FALSE
1276,0.24055236623352327,0.2599609850120286,0.31056476798772903,0.9253402629721253,FALSE
1277,0.0902186951916412,0.18279284415037786,0.11647670974538522,0.49355704054487576,FALSE
1278,0.2394972522751526,0.19421203121886832,0.30920256471027757,1.2331741281530073,FALSE
1279,0.2782461978799912,0.14881766945366953,0.35922933222855435,1.8697121040900042,FALSE
1280,0.20485295063799275,0.07625479759378688,0.264475091567916,2.6864270459316497,TRUE
1281,0.0995961644938035,0.2597481858456544,0.12858347728102806,0.3834335326329662,FALSE
1282,0.22157148239243224,0.07789343733520009,0.28605952666082424,2.844546215606587,TRUE
1283,0.060805852107355306,0.21693973611935444,0.07850330324202513,0.2802891401780887,FALSE
1284,0.030232492898150148,0.28878643373089313,0.03903161415377588,0.10468806483590716,FALSE
1285,0.08694950410898904,0.3386569419212983,0.11225602555096831,0.25674803420741793,FALSE
1286,-0.01086249582141459,0.06563009586047583,-0.014024008773500761,-0.16551089372941585,FALSE
1287,0.01935574649804445,0.17239336615924572,0.024989207192245667,0.11227663180591808,FALSE
1288,0.04593307467522764,0.11399818504663674,0.059301826470610344,0.4029281225524458,FALSE
1289,-0.20297807140024168,0.3596126703852382,-0.2620545315684691,-0.564435260812139,FALSE
1290,0.06976433249693255,0.0871326138427757,0.09006913577684537,0.8006684227655225,FALSE
1291,-0.08164443141628355,0.10251995809530139,-0.10540691948826306,-0.79637597335328425,FALSE
1292,0.03441762605228915,0.056685787034372805,0.04443482397192898,0.6071650029560177,FALSE
1293,-0.019384588260474,0.021875350006052206,-0.025026443305934922,-0.8861384277330836,FALSE
1294,-0.019378033291163815,0.014683028267323357,-0.025017980522737817,-1.3197572693018,FALSE
1295,0.0685395393404881,0.0945663951591598,0.08848786842778565,0.7247769064807087,FALSE
1296,0.027741944624142353,0.07336745442207,0.035816195577811454,0.3781233087977654,FALSE
1297,0.028910973005059917,0.049818695244324085,0.037325467897911115,0.5803237692852622,FALSE
1298,-7.115741049520655e-4,0.3272663769194491,-9.186766701599674e-4,-0.002174296399312683,FALSE
1299,-0.06344744016759,0.2562261168017323,-0.08191372150517176,-0.24762284563164036,FALSE
1300,0.17994069877942925,0.051451252292295316,0.23231216654810616,3.4973045506683396,TRUE
1301,0.18421980435734303,0.08593553105077067,0.23783669932160498,2.1436977476581376,TRUE
1302,0.021724815984893155,0.0999398750248367,0.028047790764089336,0.21737885883381564,FALSE
1303,0.12269445196450655,0.2423604883252297,0.15840448632605597,0.5062477502515169,FALSE
1304,0.00833681478473745,0.037145443075581534,0.010763232097518385,0.22443708014935107,FALSE
1305,0.04090406955754679,0.039255276809600455,0.05280913703239687,1.0420018117804508,FALSE
1306,-0.03761415799349563,0.1655155170315242,-0.048561701691861414,-0.2272545720672921,FALSE
1307,-0.029582776734112103,0.04449113802737661,-0.038192799084517864,-0.6649139142250984,FALSE
1308,-0.021229225905087967,0.03881864236444191,-0.027407959942378348,-0.5468822352358735,FALSE
1309,-0.019818587250145566,0.0264389430780413,-0.025586757044039714,-0.7495983175895473,FALSE
1310,-0.019891554133648574,0.04101500015091204,-0.025680960828441072,-0.48498242253953155,FALSE
1311,-0.015010429504377004,0.016396008735933904,-0.019379192270748708,-0.9154928950165641,FALSE
1312,-0.01636088367203404,0.016277620507455754,-0.021122694077957374,-1.0051151926376554,FALSE
1313,-0.018026303596105093,0.017022792122084445,-0.023272831947809634,-1.058951050263884,FALSE
1314,0.027448998580965913,0.17134692349622038,0.03543798803258326,0.160195456217639,FALSE
1315,-0.019076202864236554,0.0317478159418556,-0.024628302807328015,-0.6008666202164452,FALSE
1316,-0.0722593648215705,0.08328182881408781,-0.09329034347958251,-0.867648631766684,FALSE
1317,0.08499518444216748,0.23615098736868054,0.1097329041059226,0.35991881884225374,FALSE
1318,0.013304273185589462,0.21493104477989977,0.017176461740213575,0.06190019314898743,FALSE
1319,0.013698463054568235,0.458674100629855,0.017685379973358957,0.029865351097342088,FALSE
1320,-0.04452523798653344,0.26757530428955534,-0.057484241046551456,-0.16640264356515752,FALSE
1321,-0.044776859428836635,0.22159884868578822,-0.05780909652842923,-0.20206268983069994,FALSE
1322,0.06452144718256696,0.23360186923785659,0.08330031663473166,0.27620261512920663,FALSE
1323,0.21983528756314205,0.066002579652405,0.2838180149568132,3.330707507507727,TRUE
1324,0.12533032867973473,0.2666366236175012,0.16180753096588463,0.4700416881198028,FALSE
1325,-0.043171917275561654,0.3205159309069779,-0.05573703839293911,-0.13469507476085885,FALSE
1326,0.0610041968453128,0.1370094083818517,0.07875937591547187,0.44525553073910973,FALSE
1327,0.02513692025632641,0.19400761339263914,0.03245298281436788,0.12956666914639822,FALSE
1328,0.18718760603197857,0.050908719298768466,0.2416682751774085,3.676926243880325,TRUE
1329,0.055463966163126766,0.2624353704104469,0.07160666948671332,0.21134333408024059,FALSE
1330,0.027462415789740666,0.18145305774696907,0.035455310299644764,0.1513472196651334,FALSE
1331,0.1664637315492287,0.1983869849747241,0.21491274842322977,0.8390859489620115,FALSE
1332,0.0940156750580986,0.15466024714033832,0.1213787948495312,0.6078851986625174,FALSE
1333,0.0620051852227077,0.12035885173487622,0.08005170044360506,0.5151692985513964,FALSE
1334,-0.05094372710785557,0.1030582738608768,-0.06577082170259066,-0.4943196232514713,FALSE
1335,0.03817892769977445,0.21816152703956493,0.0492908467655237,0.175003027425869,FALSE
1336,0.07671934833887897,0.1395821892189138,0.09904839844270585,0.5496356574444906,FALSE
1337,-0.05398178561813297,0.11444755581218846,-0.06969310253961017,-0.4716726821734712,FALSE
1338,-0.018288363735102075,0.06023205000520789,-0.023611164293239242,-0.30363176636891476,FALSE
1339,-0.02458092595936353,0.025072001185167964,-0.031735167219608146,-0.9804134013006132,FALSE
1340,-0.013079128703388433,0.023439462450576938,-0.016885789297562973,-0.5579961029808729,FALSE
1341,0.060978640883733774,0.08451750658846902,0.07872638192999268,0.7214912429995098,FALSE
1342,-0.0072845818705200745,0.16124148518990084,-0.00940474838775627,-0.04517808715257564,FALSE
1343,0.10899440428520724,0.08944142072752116,0.14071706052533867,1.2186121754176207,FALSE
1344,0.07119570676217679,0.190221350008418,0.09191710935344964,0.37427821198317707,FALSE
1345,0.04251224418633316,0.10809110124130246,0.05488536845049876,0.39330013015066684,FALSE
1346,0.06682207415859621,0.053646320053673646,0.08627053760667264,1.2456040617835502,FALSE
1347,0.19683750145932866,0.07819972236997154,0.25412675804924806,2.517112535618332,TRUE
1348,0.11173967512385358,0.08614083502710224,0.1442613382824737,1.297174273835368,FALSE
1349,-0.02047610003899074,0.07388778830111799,-0.026435637933943046,-0.2771242787176635,FALSE
1350,0.17336897315938637,0.0577426721650127,0.2238277501425476,3.0024411177914567,TRUE
1351,0.05092271551390172,0.1242253867788063,0.06574369471604921,0.40992197194422003,FALSE
1352,-0.04654709271534703,0.05927418691882874,-0.06009455353106602,-0.7852843730963286,FALSE
1353,-0.034153791516248075,0.059419131647130065,-0.04409420079388381,-0.5747945244147252,FALSE
1354,-0.005373484364869324,0.10281188482697093,-0.006937428848408335,-0.05226520624451857,FALSE
1355,-0.0197124540152263,0.040340765872799174,-0.02544973389188959,-0.48864848221728835,FALSE
1356,-0.015732731834396337,0.014853751141319739,-0.020311719599628457,-1.0591756711630556,FALSE
1357,-0.019307245605467992,0.0165384551898648,-0.02492659018836393,-1.1674152986973039,FALSE
1358,-0.018310215922537895,0.016666063905389442,-0.02363937652672208,-1.0986526888701518,FALSE
1359,-0.011697093995912866,0.04140118240626491,-0.01510151548226627,-0.28253043309562187,FALSE
1360,-0.03121479744190214,0.09667479578626162,-0.040299816946790495,-0.32288454491194335,FALSE
1361,-0.013318623895099357,0.12444748603386473,-0.017194989201984926,-0.10702204053744473,FALSE
1362,-0.08301769144853684,0.24180493385121646,-0.10717986477240772,-0.3433250518354516,FALSE
1363,-0.0687856333163473,0.2388623626258179,-0.08880558768248503,-0.2879718368360159,FALSE
1364,-0.032609269779764395,0.36152507924477356,-0.042100148345954866,-0.09019919129230318,FALSE
1365,0.0314390024723735,0.21215721924557468,0.04058927651170879,0.1481872857504908,FALSE
1366,0.047717813717852386,0.08131847505980616,0.06160601110770227,0.5868016300448088,FALSE
1367,0.0441566354331049,0.2953157618018996,0.057008357278382285,0.14952346316931622,FALSE
1368,0.2780219580269133,0.17867295111832757,0.35893982770596267,1.5560383163022313,FALSE
1369,0.17075713548017288,0.024731393798877125,0.2204557410637464,6.904468744010932,TRUE
1370,0.036003021799791514,0.1366516893894801,0.046481646749859266,0.2634656180296234,FALSE
1371,0.010753992149294499,0.1747743267702614,0.013883925271993733,0.06153073136096518,FALSE
1372,0.049793045069281595,0.164331594679076,0.06428523539997888,0.3030034800460781,FALSE
1373,0.017942816180989397,0.15984727638988153,0.023165045647008376,0.11224974604650313,FALSE
1374,0.060871151813455864,0.35754939241512773,0.07858760832865687,0.17024543490982152,FALSE
1375,0.08181204635086207,0.17760521863383888,0.10562331849561318,0.46063987860362643,FALSE
1376,-0.022180654125950734,0.11533972123440822,-0.028636299905504616,-0.19230715913446986,FALSE
1377,0.30084620436092674,0.12573727455351227,0.38840703635664114,2.3926572723102106,TRUE
1378,0.21696147761036164,0.07134151504015838,0.2801077869711127,3.04116722904235,TRUE
1379,0.05523207872793458,0.12774608135604215,0.07130729156481909,0.4323583012616786,FALSE
1380,-0.02590229769486726,0.12871350704532228,-0.033441122196845315,-0.2012399342498422,FALSE
1381,0.03766940188451132,0.0959342141715419,0.04863302423366244,0.3926586798027438,FALSE
1382,-0.021222756170677964,0.027159294021029616,-0.027399607201569993,-0.781417814257066,FALSE
1383,-0.016738760764083222,0.04140601879034462,-0.021610551725161752,-0.404259121091509,FALSE
1384,0.16904385004189706,0.08592941332773549,0.21824380649429662,1.9672408258760297,TRUE
1385,0.1866471155550038,0.0721761062267433,0.24097047576595607,2.585995910733208,TRUE
1386,-0.014817471966824031,0.09472817868026939,-0.019130074734222596,-0.15642095280683688,FALSE
1387,-0.09757796761143647,0.25401589347971204,-0.12597788725362669,-0.3841411900441966,FALSE
1388,-0.044786739174006315,0.3020350139246902,-0.05782185175846268,-0.14828326885694618,FALSE
1389,0.12334615557265709,0.09743465134716743,0.15924586728202442,1.2659372601762067,FALSE
1390,0.06617282244552788,0.1048102765209935,0.08543232216613542,0.6313581515289053,FALSE
1391,0.09047547341877196,0.11040488189806363,0.11680822288650207,0.8194879779166613,FALSE
1392,0.02410396192235243,0.14127095345995577,0.03111938352222791,0.1706222074107036,FALSE
1393,0.174134833534082,0.10235419741674325,0.224816513019016,1.7012964580737044,FALSE
1394,0.05140413271731992,0.06475270204165622,0.06636522766717275,0.7938530917868262,FALSE
1395,-0.025066931269088003,0.03977940784704428,-0.0323626236384274,-0.6301484266802766,FALSE
1396,0.00914531808319786,0.11093443148698456,0.011807049056109077,0.082438950293542,FALSE
1397,-0.013133507118426759,0.10432326304550384,-0.01695599446791463,-0.12589241109816676,FALSE
1398,-0.014356455942140096,0.017161960985757656,-0.018534880693996027,-0.8365277111429289,FALSE
1399,-0.007175510042525533,0.02782651728437228,-0.009263931369468294,-0.2578659042809999,FALSE
1400,-0.014894410722438167,0.015618072858992285,-0.01922940639809562,-0.953665081275539,FALSE
1401,-0.014102262106317235,0.016580019737883988,-0.018206704127361882,-0.850557618703838,FALSE
1402,-0.013194286515517477,0.01699023525789794,-0.017034463616447504,-0.7765805661451387,FALSE
1403,-0.006006245270063513,0.06810030614585101,-0.007754353856423294,-0.0881970377225601,FALSE
1404,0.008963450786503216,0.08360215958373024,0.01157224955824134,0.10721554121488971,FALSE
1405,-6.013627939876496e-4,0.10018826580678623,-7.763885241100564e-4,-0.0060023276093767505,FALSE
1406,0.024843090432452093,0.20776688021267925,0.03207363426540862,0.1195719472084368,FALSE
1407,-0.04823027168301111,0.25329699990718835,-0.062267619187244015,-0.1904099602469961,FALSE
1408,0.1149273562935137,0.11319600991928147,0.14837678922721018,1.015295118400965,FALSE
1409,-0.06232691660401019,0.3802533404102235,-0.08046707125601096,-0.16390892591968,FALSE
1410,0.20341831470965718,0.050954263380120365,0.26262290702611907,3.9921745741303396,TRUE
1411,-0.028272648591680168,0.3564602776487555,-0.03650136013108193,-0.07931500468486738,FALSE
1412,0.17896891806119977,0.07140966874456303,0.23105755052408872,2.5062280949850515,TRUE
1413,0.14497277191898805,0.044731544658507635,0.187166877551521,3.2409516153700544,TRUE
1414,0.1774912785429562,0.03655607396071561,0.22914984626269178,4.855315664742727,TRUE
1415,0.18067110794092628,0.0414323920629028,0.23325516018948328,4.360624596973083,TRUE
1416,-0.03545091284642511,0.18527528151327569,-0.04576884732206345,-0.19134183770696317,FALSE
1417,0.11339582587666812,0.24380580852442302,0.14639950920281808,0.4651071545955756,FALSE
1418,0.12043254510528013,0.26087593015921706,0.15548425490225212,0.46164682587534267,FALSE
1419,0.029676308313842367,0.09217482837298312,0.038313552888827804,0.32195675150875175,FALSE
1420,0.010386475082387145,0.12633636419526242,0.013409442919553224,0.08221286997252873,FALSE
1421,-0.18676491718423643,0.13158358913788254,-0.2411225633809068,-1.419363299085352,FALSE
1422,0.05661620386012359,0.12170643282526608,0.07309426421977508,0.4651866178791672,FALSE
1423,0.05532973889142383,0.17334099627058397,0.07143337557093624,0.3191959206525762,FALSE
1424,0.01520428158862482,0.07333338967402844,0.019629464710429957,0.20733095328347448,FALSE
1425,-0.015749702242106752,0.037410015642581056,-0.020333629218792733,-0.4210022896697223,FALSE
1426,-0.02607192624542533,0.028543048018296338,-0.0336601208800552,-0.9134247410687536,FALSE
1427,-0.010527233338381098,0.03165870742910892,-0.013591168652704742,-0.33252252518375797,FALSE
1428,-0.009002458463863366,0.043449154656325685,-0.01162261036100033,-0.20719525005885733,FALSE
1429,0.1724878126303992,0.04577822067266989,0.2226901291765614,3.7679012005238626,TRUE
1430,0.14513097303992178,0.10056580452195904,0.187371122869027,1.4431443543837181,FALSE
1431,0.014353123786794547,0.15601876692367772,0.01853057871988539,0.09199613655334106,FALSE
1432,-0.020787292413839312,0.24589492433254198,-0.026837402378033264,-0.08453729766998815,FALSE
1433,-0.08996134227365321,0.18974497411782837,-0.11614445465050781,-0.4741171284873599,FALSE
1434,0.16856776514647084,0.06707792225349933,0.21762915781132763,2.5130141108041997,TRUE
1435,0.17120292667860396,0.05576448368935354,0.22103127911510492,3.070106909486005,TRUE
1436,0.058930119423592456,0.12397817785667443,0.07608164140239769,0.4753265489328203,FALSE
1437,0.04058793971020822,0.15828552590746794,0.052400998071928745,0.2564223069513981,FALSE
1438,0.16579406215119422,0.06278408270861348,0.2140481727614499,2.6407021493116214,TRUE
1439,0.010231490606109166,0.05415844411521174,0.01320935044625681,0.18891773523522248,FALSE
1440,-0.018961078676865275,0.030062646103830207,-0.024479671899636055,-0.630718886533727,FALSE
1441,0.03534880745760418,0.07642507529039862,0.04563702431451637,0.46252891898747134,FALSE
1442,-0.026498306301129534,0.04144830638560031,-0.03421059820500415,-0.6393097477762179,FALSE
1443,-0.013433946694183905,0.01728923140995638,-0.0173438765270284,-0.777012371206257,FALSE
1444,-0.013786132208616936,0.01567544761999926,-0.017798565101874317,-0.8794729530420636,FALSE
1445,-0.0033897716795352304,0.023461390668651966,-0.004376359591342583,-0.14448298173835397,FALSE
1446,-0.013453710911312373,0.016510182055135113,-0.017369393089609223,-0.8148735650754321,FALSE
1447,0.012236400607874396,0.04913519435716884,0.015797786466586937,0.24903535577628383,FALSE
1448,0.006835451284299147,0.09788553494395907,0.00882489902485087,0.06983106633899018,FALSE
1449,-0.012115595449734208,0.021592980394938625,-0.01564182115019048,-0.5610895405885744,FALSE
1450,-0.019433843622604904,0.19168920700477626,-0.0250900343665919,-0.1013820440194146,FALSE
1451,-0.15550741704392454,0.4830599147031361,-0.20076761518002917,-0.32192159256164204,FALSE
1452,0.18544631119532032,0.07622481443867116,0.23942017911661143,2.4328863580839073,TRUE
1453,0.17146338083343324,0.04605513720987685,0.2213675380571079,3.72300227989901,TRUE
1454,0.18531691037104644,0.07239923043922243,0.23925311637847554,2.559653041155126,TRUE
1455,0.2260816970469417,0.0830048098859291,0.2918824324575305,2.723718027396709,TRUE
1456,0.3070009997646154,0.1266730278323319,0.396353175638027,2.423570392356697,TRUE
1457,-0.009001699866412388,0.01637996343446193,-0.011621630974910525,-0.5495555531872338,FALSE
1458,0.042992939361431386,0.0879123127069449,0.05550596922805368,0.48904343473192496,FALSE
1459,-0.12164103819016611,0.20050988724677274,-0.15704447806862099,-0.6066585536525654,FALSE
1460,-0.025638530832382378,0.19786063520449157,-0.033100586388642356,-0.12957873508232004,FALSE
1461,-0.07681704883884266,0.24631737410759927,-0.09917453452516721,-0.31186208085056366,FALSE
1462,0.05685495235665531,0.35101434451737545,0.07340250010451717,0.16197330178864228,FALSE
1463,0.07184107075364256,0.15917908863786412,0.09275030555690178,0.45132228968267657,FALSE
1464,0.10080667913646081,0.26933472593432467,0.13014631037649493,0.3742802892822732,FALSE
1465,0.060896452509424964,0.15581081735395982,0.07862027275385709,0.3908358453128757,FALSE
1466,-0.04457221081465359,0.18341660223024028,-0.057544885245131905,-0.24301077586587674,FALSE
1467,0.07807810880297743,0.07312536445628265,0.10080262408135113,1.0677294996547433,FALSE
1468,0.022600908867588886,0.08673064984604008,0.029178869153008477,0.2605873345548418,FALSE
1469,0.029735455363039863,0.10246464391435633,0.03838991459708615,0.29020210510753186,FALSE
1470,-0.022936955375424114,0.03622476442056331,-0.029612721487836977,-0.6331843903560004,FALSE
1471,-0.01689555985064294,0.019584303305258743,-0.021812986948313257,-0.8627092619682913,FALSE
1472,0.010525206075874781,0.041528082608234804,0.013588551358517274,0.2534479180068787,FALSE
1473,0.1693967913721347,0.060773024901394815,0.218699470863992,2.787368106935333,TRUE
1474,0.0262142273154634,0.08925480646662683,0.033843838460941,0.293701015701212,FALSE
1475,-0.013148068514644874,0.1261821764707229,-0.016974793936441437,-0.10419909437602323,FALSE
1476,-0.06375853875114827,0.13652745429562269,-0.08231536486015872,-0.4670015937826835,FALSE
1477,0.08144227587911468,0.13037544177576368,0.10514592688826785,0.6246749753622273,FALSE
1478,0.1842854514806317,0.07605397921052659,0.23792145294067107,2.4230875674566263,TRUE
1479,0.19652449377559592,0.07532809850109418,0.2537226499533731,2.6089135088514324,TRUE
1480,0.032224913774220376,0.16621388449556224,0.041603926107298565,0.19387618472439197,FALSE
1481,0.08234142599615084,0.1123727036905496,0.10630677328465038,0.7327529132243852,FALSE
1482,0.038328326896715934,0.07879491184147981,0.04948372837239446,0.48643149666599217,FALSE
1483,-0.014908648477037737,0.06373818166705665,-0.019247788029601125,-0.23390451511332233,FALSE
1484,0.02988651971218946,0.16281038631859798,0.03858494599619248,0.18356641973507495,FALSE
1485,0.05708608485588321,0.07509107642807017,0.07370090336747843,0.7602246175091928,FALSE
1486,-0.014003695995492822,0.016808913189250523,-0.018079450499310184,-0.8331113283664486,FALSE
1487,-0.01426400933645865,0.016254076085139662,-0.018415527643788076,-0.8775650650177258,FALSE
1488,-0.012788005522621819,0.015271238195373167,-0.01650993515608734,-0.8373915303407611,FALSE
1489,0.040210102832750096,0.06318740865311699,0.05191319234371123,0.6363625869434442,FALSE
1490,-0.011651207494535742,0.015724808128242937,-0.015042273784181617,-0.7409443345518028,FALSE
1491,-0.011488315005637692,0.01614378600845227,-0.014831971683172742,-0.7116245841974645,FALSE
1492,-0.015089230159259406,0.017507125699256748,-0.019480927736851242,-0.8618907762740293,FALSE
1493,-0.0033819053502109034,0.04015033885092547,-0.00436620377878594,-0.0842310537594118,FALSE
1494,-0.012817742655633858,0.026024285530448735,-0.016548327236610625,-0.49253005008098844,FALSE
1495,-0.010578418069491115,0.18630547561110763,-0.0136572506222592,-0.056779963309142936,FALSE
1496,-0.126600791396361,0.18421451722854254,-0.1634477599314275,-0.6872465498432782,FALSE
1497,0.05036053031124979,0.09081043460869886,0.06501788636187888,0.5545676609549635,FALSE
1498,0.2058162511079366,0.14150358284981535,0.26571875918023186,1.4544949814195125,FALSE
1499,0.2720361453963825,0.14906865670617006,0.3512118533778525,1.8249050565511853,FALSE
1500,0.30611219348732527,0.15380216506669206,0.3952056836402776,1.9902983378328138,TRUE
1501,0.272857729273932,0.14018004512886878,0.352272557998259,1.9464805352508727,FALSE
1502,-0.01391085815532175,0.021746715708714903,-0.01795959234640712,-0.6396762776342836,FALSE
1503,0.06737715403168977,0.22346240878203,0.08698717263588122,0.30151448916587525,FALSE
1504,0.006170009910730661,0.12263966665233479,0.00796578194765235,0.05031006752669771,FALSE
1505,0.03321154149868782,0.12703137261919992,0.04287771033622623,0.26144361675320604,FALSE
1506,-0.013618174756136161,0.039502634877123605,-0.01758172388730541,-0.344740921675141,FALSE
1507,0.02272326291259264,0.26681651080200636,0.029336834157443575,0.08516438073599818,FALSE
1508,0.10799141636450815,0.1950997908500242,0.13942215448985193,0.5535188730546747,FALSE
1509,0.08328657690354294,0.14355489034459637,0.1075270089317305,0.5801723417684876,FALSE
1510,0.3212720322422398,0.14441587943350634,0.414777770497577,2.2246309304937872,TRUE
1511,-0.01731898266341158,0.14523484659648056,-0.022359646329250492,-0.11924812170959573,FALSE
1512,0.06030152615558108,0.07767763129151477,0.0778521939860434,0.776304904680689,FALSE
1513,0.03961668345044164,0.08286090657115605,0.05114705914921529,0.4781106687074583,FALSE
1514,-0.01182141275380611,0.05144032816483107,-0.01526201702630079,-0.22980826863947224,FALSE
1515,-0.02342240798259114,0.030286705732795512,-0.030239464340856788,-0.7733560787110805,FALSE
1516,-0.0125555195616364,0.023489169277723668,-0.01620978450837453,-0.5345237804362724,FALSE
1517,-0.02096532508019749,0.013591282146318644,-0.02706725118221459,-1.5425568283030744,FALSE
1518,0.02014690502761728,0.133542685615598,0.026010631213241462,0.15086490836053762,FALSE
1519,0.17986163072182582,0.0824540635018196,0.23221008585212574,2.1813555704001977,TRUE
1520,0.07501548022957695,0.08335183124842654,0.09684862210156034,0.8999859883821454,FALSE
1521,0.03418029088255159,0.26443319745006816,0.044128412760603294,0.12925869827295688,FALSE
1522,-0.05722980414020585,0.22560564833253965,-0.07388645193176772,-0.2536718586754969,FALSE
1523,-0.02710928303352802,0.13028295996982098,-0.03499939878973435,-0.20808003625192176,FALSE
1524,0.16950920696784788,0.06432496847497499,0.2188446048485273,2.635200777965306,TRUE
1525,0.16715367664149464,0.08391190506578727,0.21580350098932938,1.9920138448822664,TRUE
1526,-0.012189493210637874,0.07485894393166527,-0.01573722674244967,-0.16283282358037285,FALSE
1527,0.0538129141841488,0.08465481201061124,0.06947508133060598,0.6356746049758341,FALSE
1528,0.1656181795574302,0.024309045681397037,0.2138210998052339,6.8130267937327,TRUE
1529,-0.009718922376635276,0.12652725922742217,-0.012547600010138027,-0.07681287365251725,FALSE
1530,0.043700423049074684,0.08268625602680384,0.056419364971144165,0.5285089100528221,FALSE
1531,-0.013378468625648154,0.01692766085529304,-0.01727225165069488,-0.7903317971700087,FALSE
1532,-0.01341346772456455,0.015285858262331309,-0.01731743718432708,-0.8775083148336617,FALSE
1533,-0.013382356081186854,0.014904774751601957,-0.017277270544278602,-0.8978569823571823,FALSE
1534,-0.012282821197490162,0.014922970316325768,-0.015857717698482942,-0.8230815271442793,FALSE
1535,-0.010962371794287907,0.016174820910834893,-0.014152953496966247,-0.6777430090088128,FALSE
1536,-0.013970228319444092,0.015556527312251876,-0.01803624210685117,-0.89803000624963,FALSE
1537,-0.016322099058085605,0.015109065281578864,-0.021072621260878138,-1.0802851635028465,FALSE
1538,-0.013434268143348155,0.02141760769019149,-0.01734429153348491,-0.6272534420126006,FALSE
1539,0.027396366817872803,0.19519148579864334,0.035370037874579284,0.1403563618862684,FALSE
1540,-0.09732552718726972,0.4096338698574429,-0.12565197442645473,-0.23759150389868905,FALSE
1541,-0.027084112966155097,0.16541439488519194,-0.03496690301238532,-0.16373492152816074,FALSE
1542,0.0885524511852295,0.1457071427562479,0.11432550794527556,0.6077426920200341,FALSE
1543,0.19304396008245292,0.23967781212121414,0.24922911220186716,0.8054310842291204,FALSE
1544,0.18243324378440812,0.2202505753163929,0.23553016300056573,0.8282986027271,FALSE
1545,0.24410120608590316,0.1595357812086019,0.31514649230263364,1.5300718386599885,FALSE
1546,-0.02806624440911048,0.07221587596761582,-0.03623488232387872,-0.3886436885664364,FALSE
1547,-5.188676418728444e-4,0.09496759651870929,-6.698832829528131e-4,-0.005463628236296618,FALSE
1548,-0.07854484445771762,0.27328355290888506,-0.10140520244129655,-0.28741153143564807,FALSE
1549,0.18239132154994475,0.051366522019597315,0.2354760393632742,3.5507819953307127,TRUE
1550,-0.00781739266425542,0.05534657719336154,-0.01009263295579722,-0.14124437428071096,FALSE
1551,0.14488112539860395,0.1842952015849802,0.18704855745022406,0.7861361780046018,FALSE
1552,-0.031503660038533866,0.18168810402521057,-0.040672752564543585,-0.17339418124019004,FALSE
1553,0.0728127915498871,0.26214930147933063,0.09400484421873134,0.27775313967650633,FALSE
1554,0.33813583667421976,0.13414789816423783,0.43654975966073506,2.5206197137747073,TRUE
1555,0.01336810884073526,0.09466656827726228,0.017258876666078213,0.1412125640974155,FALSE
1556,0.09254365108498695,0.09239344257519429,0.11947834052916922,1.0016257485986673,FALSE
1557,0.011761393718393876,0.06663643159137393,0.01518452954156097,0.17650095357021467,FALSE
1558,-0.013621740816963702,0.032543772041394775,-0.017586327844734205,-0.4185667475680823,FALSE
1559,-0.025225119328942478,0.027819970776102737,-0.032566852093446806,-0.9067270246958984,FALSE
1560,-0.014096481719713073,0.024353594561349983,-0.018199241367993894,-0.5788255070191851,FALSE
1561,-0.03318885834351927,0.06584387961039775,-0.04284842528311097,-0.5040538094033913,FALSE
1562,0.179138844760413,0.13065475873224328,0.23127693413166814,1.371085496606598,FALSE
1563,0.16460960199460145,0.11048064947956368,0.212518977270744,1.4899405712223872,FALSE
1564,0.06317336953171325,0.05455287827124354,0.0815598830259415,1.1580208328808532,FALSE
1565,0.05998003324478553,0.1081599147118164,0.0774371310506242,0.554549561217736,FALSE
1566,-0.03871378848886125,0.2654919210970242,-0.04998137797695739,-0.14581908303986874,FALSE
1567,-0.029611802428956703,0.13974829422429147,-0.03823027266387291,-0.21189383808456883,FALSE
1568,0.17174953824797115,0.13345102924585794,0.22173698115361712,1.28698548987251,FALSE
1569,0.04354001737330246,0.07011059057119791,0.05621227346645385,0.6210191216273837,FALSE
1570,-0.022350112857183812,0.04756707026451565,-0.02885507934373224,-0.46986523939559666,FALSE
1571,0.020487461641400067,0.09243577056165217,0.026450306313520723,0.22163997245779957,FALSE
1572,-0.012686902304110128,0.04110206551285082,-0.016379405998999712,-0.30866824199244897,FALSE
1573,-0.020152991265498334,0.034841521799453594,-0.026018488841437117,-0.5784188010356764,FALSE
1574,-0.01900850687430993,0.03562407445028224,-0.024540904002093016,-0.5335859855345472,FALSE
1575,0.005476409676304622,0.06769797588879754,0.007070310415804504,0.08089473288389472,FALSE
1576,-0.009524541433006125,0.027240702109352425,-0.01229664478735373,-0.34964375715323825,FALSE
1577,-0.017251449064750287,0.017400470635410094,-0.022272457179012578,-0.9914357735614032,FALSE
1578,-0.015441198506139366,0.017732594078950073,-0.019935335937856773,-0.8707805771333386,FALSE
1579,-0.01578178314918847,0.01789122443214232,-0.02037504722527785,-0.8820963153777139,FALSE
1580,-0.0185228563935359,0.017365608008684925,-0.023913905684652657,-1.0666402457243194,FALSE
1581,-0.015241950984998235,0.02383968503091432,-0.019678097727548523,-0.639352028570558,FALSE
1582,-0.01652241010066559,0.017943962173286677,-0.021331232528928778,-0.9207782507066716,FALSE
1583,0.07387151326385717,0.23845633078964307,0.09537170528358362,0.3097905306989889,FALSE
1584,-0.13104012713211038,0.23532691886931667,-0.16917915760745048,-0.556842913516751,FALSE
1585,0.03543555819742864,0.3115422567181244,0.04574902372573893,0.11374238143716678,FALSE
1586,0.2864875766031148,0.17686050261113734,0.3698693517433123,1.6198505170654987,FALSE
1587,0.24282832473457353,0.06914611149104155,0.31350314076242125,3.5118146125401997,TRUE
1588,0.19140841116781654,0.10806263550765371,0.2471175392534908,1.7712728388366923,FALSE
1589,0.1660432822628497,0.07885045421109096,0.21436992800903298,2.1057999465460826,TRUE
1590,-0.003824877907172811,0.09359136225991137,-0.0049381028273459285,-0.04086785163518394,FALSE
1591,0.026473223684215275,0.082114155190551,0.03417821533043729,0.3223953729144812,FALSE
1592,0.06068661134098638,0.2562619831861967,0.0783493576312549,0.2368147260332886,FALSE
1593,0.16464936833835295,0.04798651990321182,0.21257031754859815,3.4311587643873436,TRUE
1594,0.001889143435309471,0.27602279183121486,0.002438975770094357,0.006844157407351575,FALSE
1595,0.016754362722172587,0.2334193406345928,0.021630694609515982,0.07177795411735298,FALSE
1596,0.005584804810873241,0.10807470941174639,0.007210253790070138,0.05167540899505061,FALSE
1597,0.1088653909797951,0.09938627863889243,0.14055049809284212,1.0953764691738166,FALSE
1598,-0.12762069723380637,0.2662693102727441,-0.1647645078176988,-0.47929180085786965,FALSE
1599,-0.01716076617497427,0.158108583209285,-0.022155381171552288,-0.10853785307948098,FALSE
1600,0.043186097323172384,0.09746911224727932,0.0557553455219241,0.44307469645983,FALSE
1601,0.002451442620289961,0.09266757346545576,0.003164931280977287,0.026454157895952676,FALSE
1602,-0.02170105406675874,0.021409588186641716,-0.028017112975681324,-1.0136138013293912,FALSE
1603,-0.025977748521725397,0.033179148113900776,-0.03353853287255213,-0.7829540539300865,FALSE
1604,-0.018126580852124336,0.020593036741507153,-0.023402294747272723,-0.8802286462000308,FALSE
1605,-0.047816095795896484,0.041891858757331625,-0.06173289803566326,-1.1414173830978087,FALSE
1606,-0.01021091223832799,0.17607830722197482,-0.013182782775709256,-0.057990745137363825,FALSE
1607,0.24611959916457743,0.1394418828884857,0.31775233562898025,1.7650335327256297,FALSE
1608,0.16974951495243618,0.11405462463134598,0.21915485410796218,1.4883176855047349,FALSE
1609,0.16739479635404797,0.098493025438109,0.21611479822892377,1.6995598988807123,FALSE
1610,-0.10719769846321792,0.25173000472281465,-0.13839742619587783,-0.42584394570387274,FALSE
1611,-0.0011419174113764122,0.10890515843153745,-0.0014742707439468173,-0.010485429963304002,FALSE
1612,-0.10229984783639613,0.19315328228575898,-0.13207406356438822,-0.5296303879788565,FALSE
1613,0.04861068875736672,0.059546778730423834,0.06275875607475702,0.8163445579052018,FALSE
1614,0.16124769552127272,0.02954416849020058,0.2081785930116584,5.457851879458259,TRUE
1615,0.0052854960168310025,0.11601483028684126,0.006823831624976255,0.04555879626564001,FALSE
1616,-0.03187243311786317,0.07550615450581488,-0.04114885648991858,-0.4221170224661436,FALSE
1617,-0.02247038268459357,0.022410301379625873,-0.029010353522200206,-1.0026809681828874,FALSE
1618,-0.024897252474028485,0.030759761932605944,-0.03214356008713005,-0.8094097909007844,FALSE
1619,-0.015454323415805927,0.014328994663161506,-0.01995228083259748,-1.078535080729532,FALSE
1620,-0.009589316659322465,0.02539505821250946,-0.012380272745154644,-0.3776056183481723,FALSE
1621,-0.015300023058175146,0.014223636651738866,-0.01975307158964409,-1.0756758930779275,FALSE
1622,-0.014750001020096345,0.014279604401307022,-0.019042966470668644,-1.0329418522789235,FALSE
1623,-0.015405521310567286,0.014660741222877567,-0.019889274948564573,-1.050800984504625,FALSE
1624,-0.017228491970404013,0.01600776323365145,-0.022242818457136933,-1.0762585452404962,FALSE
1625,-0.018644859132356865,0.01677759189588854,-0.024071417135772693,-1.11129530674339,FALSE
1626,-0.017284216128546512,0.01639236771454485,-0.022314761047084426,-1.0544063206445968,FALSE
1627,0.03608051656446515,0.32179625250116833,0.04658169624838619,0.11212223972165168,FALSE
1628,-0.06609405137712328,0.3170039354061702,-0.08533062489761023,-0.20849599640597022,FALSE
1629,-0.05355233714301677,0.08776825041643548,-0.06913866373642802,-0.6101561428982133,FALSE
1630,0.009442517506828493,0.30548693062626353,0.012190747921728766,0.030909726604247387,FALSE
1631,0.0036203331531626678,0.1768464011476276,0.0046740256325674785,0.02047162469617061,FALSE
1632,-0.02330086426377374,0.11356831310450917,-0.030082545506816938,-0.20517047076618586,FALSE
1633,0.16218361520272262,0.15762951288713042,0.20938691069847118,1.0288911780045475,FALSE
1634,0.14742927582131757,0.19778892911172533,0.19033834319300758,0.7453868954315384,FALSE
1635,0.017878456213416754,0.22149001507684216,0.023081953808379393,0.0807190166437712,FALSE
1636,0.048650852039559406,0.30831681090449503,0.06281060881938431,0.15779500279869466,FALSE
1637,0.008194377453387306,0.05198801678805008,0.010579338596672065,0.15762050487124676,FALSE
1638,0.01612949424708461,0.0545853427822407,0.020823959111432574,0.29549130636461496,FALSE
1639,0.09342089814204578,0.17947170452886327,0.12061090901315126,0.520532740173655,FALSE
1640,0.05688948697063178,0.2139916353702325,0.07344708596557137,0.2658491154208238,FALSE
1641,0.04270138147774625,0.32265562848322477,0.05512955386403366,0.13234351955514187,FALSE
1642,0.06419826833357326,0.18196377406970632,0.08288307707135595,0.3528079622539611,FALSE
1643,0.026841954122589228,0.17245802307784275,0.034654264204271486,0.1556434061085898,FALSE
1644,0.10727141470509247,0.08040677733580875,0.13849259743826947,1.3341091169104682,FALSE
1645,-0.02554689437749844,0.09731893692709016,-0.03298227928239414,-0.2625069198673818,FALSE
1646,-0.021201927654694298,0.009581125910191638,-0.027372716577564588,-2.2128847750702634,TRUE
1647,-0.02626389358910633,0.02781287041332145,-0.03390796002828304,-0.9443071929938878,FALSE
1648,-0.016870297671824092,0.02186277279260285,-0.021780372250621516,-0.7716449249992693,FALSE
1649,-0.02355875583633828,0.02839632815739729,-0.030415496030869342,-0.8296409206766117,FALSE
1650,-0.14408720124763152,0.22869229237089547,-0.18602356287791022,-0.6300483490451416,FALSE
1651,-0.07732103203551931,0.19922902475395604,-0.09982520126769949,-0.3881012424319663,FALSE
1652,0.051278575920173416,0.0836007135983119,0.06620312775443594,0.6133748590539406,FALSE
1653,0.027939504662800405,0.1650200839405556,0.03607125516641646,0.16930972276601752,FALSE
1654,0.055744960738017824,0.10188454660308366,0.0719694471069182,0.5471385268581117,FALSE
1655,-0.06026865469745822,0.22588753809315093,-0.07780975533983432,-0.26680823212391996,FALSE
1656,-0.11792941153529249,0.19723413584392696,-0.15225258809897968,-0.5979158274539811,FALSE
1657,-0.022218056091845826,0.11582857854993835,-0.028684587656909306,-0.1918184300454549,FALSE
1658,0.17575655553245845,0.030446581553441945,0.22691023474810285,5.772620325994837,TRUE
1659,0.16226668805195926,0.030961196478835735,0.20949416177462238,5.240969552416378,TRUE
1660,-0.06757502302764663,0.08592719961704559,-0.0872426311033388,-0.7864218004172174,FALSE
1661,-0.0252321503199021,0.034330373207935166,-0.03257592944367324,-0.7349803675909328,FALSE
1662,-0.0290467560795129,0.03495378618801359,-0.037500770430471585,-0.8310045705284328,FALSE
1663,-0.03055281882664679,0.03562441130595246,-0.03944517045846606,-0.857637156843115,FALSE
1664,-0.015475351521365326,0.02082083094108433,-0.019979429136422255,-0.7432629161225678,FALSE
1665,-0.015922108182491127,0.021386733543692565,-0.020556213646930104,-0.7444852740116977,FALSE
1666,-0.014535874772250736,0.020902035538452515,-0.018766519102789928,-0.6954286698780966,FALSE
1667,-0.015423303285375035,0.01597378085865599,-0.019912232340200335,-0.9655386800312428,FALSE
1668,-0.01620033871781831,0.016467342815226767,-0.020915422758043582,-0.983785842050876,FALSE
1669,-0.017245341005249982,0.017235427191932023,-0.02226457137804845,-1.0005751997445471,FALSE
1670,-0.016749177074640246,0.017624242683183616,-0.021623999687125636,-0.9503487540274099,FALSE
1671,0.03847259916308356,0.20726946019783116,0.04966999086331516,0.18561634273743396,FALSE
1672,-0.021999270735962206,0.20619321868496385,-0.028402125154656687,-0.10669250364423576,FALSE
1673,-0.08026602249037915,0.1918259281549078,-0.10362732673277072,-0.41843156064680076,FALSE
1674,-0.07956982209674922,0.2828862462877207,-0.10272849826932196,-0.2812785108535095,FALSE
1675,0.1989826250719939,0.03667337458338396,0.25689621663950635,5.425806251332794,TRUE
1676,-0.0017489085493418832,0.18616512965799262,-0.00225792573302247,-0.009394393851065639,FALSE
1677,0.16647386910682768,0.07598980237611222,0.21492583650160949,2.1907395979642605,TRUE
1678,-0.009400711763033436,0.06618073143167329,-0.012136774679538071,-0.1420460541863152,FALSE
1679,-0.005526482693435932,0.09369020988759985,-0.007134957108711005,-0.05898676820199308,FALSE
1680,0.0700241308137137,0.2188320481580387,0.0904045480001299,0.3199902911987683,FALSE
1681,0.03944128939132031,0.1270924187233848,0.05092061691490958,0.31033550063410015,FALSE
1682,-0.021024065739963904,0.16157159838456644,-0.027143088222013622,-0.13012228603398004,FALSE
1683,-0.03709955905194103,0.1333234986545155,-0.04789732950798737,-0.27826721790490994,FALSE
1684,0.08460635996620369,0.24001203991680797,0.10923091285530061,0.35250881578911464,FALSE
1685,0.3013913322119086,0.1367816107970536,0.3891108228427798,2.2034492096974256,TRUE
1686,0.057771599941165756,0.20668012680424705,0.07458593657977362,0.27952179454526355,FALSE
1687,-0.0753317933307255,0.11481345810751416,-0.09725699765158222,-0.6561233724027626,FALSE
1688,0.05783528840326968,0.08748333739939229,0.07466816147228454,0.6611006178151525,FALSE
1689,-0.023784674253257598,0.015760664687418508,-0.030707167660765474,-1.5091161905274548,FALSE
1690,-0.021176596377563358,0.02255786837424988,-0.027340012670601703,-0.9387676187408176,FALSE
1691,-0.026248147505408947,0.03600094668557991,-0.03388763107078094,-0.7290960355751582,FALSE
1692,-0.018491511415132448,0.02215644075058444,-0.023873437797772682,-0.8345885344713898,FALSE
1693,-0.0675114918721491,0.08126563415725958,-0.08716060930128373,-0.830750815793864,FALSE
1694,-0.21536024717891525,0.27129147813008075,-0.27804052084846614,-0.7938334394553035,FALSE
1695,-0.04514445257273551,0.127456594739005,-0.05828367709995439,-0.3541947175442633,FALSE
1696,0.16148936960287966,0.12079388600807227,0.20849060596857955,1.336900193707551,FALSE
1697,0.04718330069867493,0.06968204126918133,0.06091592888408317,0.6771228259000924,FALSE
1698,0.0831424663181424,0.15920798974302183,0.10734095517877741,0.5222254640130998,FALSE
1699,-0.02640729318856428,0.16480873268125973,-0.03409309586391211,-0.16022993902656854,FALSE
1700,-0.06111951494175888,0.11296185038508155,-0.07890825716918108,-0.5410633300836112,FALSE
1701,-0.02866288794487367,0.19759823908501628,-0.037005178056807794,-0.14505639360754383,FALSE
1702,0.06747336063030118,0.06687484707409035,0.08711138001926501,1.008949755885763,FALSE
1703,0.022242664262744394,0.06550102183004058,0.028716357998666397,0.33957736293731056,FALSE
1704,-0.023620667381722135,0.033122499410385975,-0.03049542683774086,-0.7131305850160443,FALSE
1705,-0.02711813774430565,0.055667565986171196,-0.03501083065066888,-0.48714430501671785,FALSE
1706,-0.028202357753480435,0.03228154005829171,-0.036410611250915145,-0.8736373079646951,FALSE
1707,-0.014359309427955226,0.015242255370517188,-0.018538564682534606,-0.9420724872337576,FALSE
1708,-0.008393471720632064,0.024365252262375257,-0.01083637894876958,-0.34448531992394904,FALSE
1709,-0.015072595638165842,0.01615145604200542,-0.01945945176359478,-0.9332035204111775,FALSE
1710,-0.01486340467740542,0.016045224911158038,-0.019189376090630407,-0.9263444270618627,FALSE
1711,-0.014501671661349485,0.015965933375589828,-0.018722361228278757,-0.9082883737646656,FALSE
1712,-0.016083576551256026,0.017446275924261324,-0.020764677139798623,-0.9218916759702116,FALSE
1713,0.07479296587700021,0.2325225566980129,0.09656134528377652,0.3216589690871887,FALSE
1714,0.014511602620843294,0.0843988181561253,0.018735182578487785,0.17194082734664579,FALSE
1715,0.13068027074122254,0.28445992815232646,0.168714565559179,0.4593978195454092,FALSE
1716,0.008894338926684968,0.3629934818510194,0.011483022796327812,0.024502751072360586,FALSE
1717,0.11115139671070748,0.2797052430065865,0.14350184232842622,0.3973876053088146,FALSE
1718,-0.0608852921900895,0.22909554077165195,-0.07860586424048699,-0.2657637594560434,FALSE
1719,0.16479588506027232,0.07323495228402187,0.21275947774045859,2.2502354397823083,TRUE
1720,-0.04795828931177158,0.14634072987800764,-0.0619164767589099,-0.3277166196434206,FALSE
1721,-0.007736581228442663,0.20000208967219751,-0.009988301474020899,-0.03868250197346879,FALSE
1722,0.10886771899685463,0.14641612803908646,0.14055350367573988,0.7435500477638084,FALSE
1723,-0.0416308660306609,0.08044759622291478,-0.053747466517910486,-0.5174904905213652,FALSE
1724,-0.015106238476234,0.18657851796976638,-0.019502886298713603,-0.08096451103058848,FALSE
1725,-0.014130430558160104,0.14488403698508695,-0.01824307096443827,-0.09752924374694613,FALSE
1726,0.038951780632038385,0.10084911255015998,0.050288637372846924,0.3862382092124478,FALSE
1727,0.09053543775607979,0.0972026836512472,0.11688563975333706,0.9314088290083763,FALSE
1728,0.32913659981719506,0.11324043807289047,0.42493130855036304,2.9065288462177867,TRUE
1729,0.01598052305599883,0.17975025364791297,0.020631630080873393,0.08890403619291012,FALSE
1730,0.11547076022901152,0.080012906666157,0.1490783500548749,1.4431516744017012,FALSE
1731,-0.049375528429149565,0.1104597187996487,-0.06374620117427626,-0.4470003089425445,FALSE
1732,-0.020888270942035797,0.010374516581886473,-0.02696777055387835,-2.013421134099487,TRUE
1733,-0.026053010099209874,0.030486884381691087,-0.03363569921814179,-0.8545645325061823,FALSE
1734,-0.017932578701753247,0.02311229069673147,-0.023151828564950377,-0.7758892849287875,FALSE
1735,-0.029312299116171604,0.03214383050597906,-0.03784359936565075,-0.9119105798768828,FALSE
1736,-0.10254417107869258,0.18348649077086457,-0.1323894967162041,-0.5588649641065311,FALSE
1737,-0.14796506140131116,0.14041109301770385,-0.19103006835434042,-1.0537989429557026,FALSE
1738,0.054016672952902335,0.05179276069520827,0.06973814378030965,1.0429386699577845,FALSE
1739,0.054837799217528606,0.09144317641875416,0.07079825760024493,0.5996926327931219,FALSE
1740,0.17636388961008306,0.03797429495199573,0.2276943324889059,4.644296617831328,TRUE
1741,-0.13481371424183697,0.20394344015843538,-0.17405104152845927,-0.6610348150306069,FALSE
1742,0.07357515485594945,0.21509828969874273,0.09498909221003884,0.34205364886441264,FALSE
1743,-0.04459017364078006,0.09404081238584178,-0.05756807612458871,-0.47415768228192473,FALSE
1744,0.03265983353093396,0.1059767020914923,0.04216542860029799,0.30817937231843584,FALSE
1745,0.05726063110751235,0.07126350062136444,0.07392625104120577,0.8035057302580207,FALSE
1746,0.1548116696736214,0.033350328189669896,0.1998693715916601,4.641983394981209,TRUE
1747,-0.03590873185151999,0.14136182082845225,-0.046359913854993065,-0.25402001503005933,FALSE
1748,-0.029214292002509978,0.03074956083603485,-0.037717067430039185,-0.950071845197681,FALSE
1749,-0.014711381895350852,0.014851201565846116,-0.018993107308174148,-0.9905852957502904,FALSE
1750,-0.014888798106108318,0.015136750732611703,-0.01922216023828611,-0.9836191643184572,FALSE
1751,-0.014122376627206695,0.01601875984975696,-0.018232672949082616,-0.8816148540625611,FALSE
1752,-0.014906465544096841,0.01554636458123459,-0.019244969757334935,-0.9588393136032494,FALSE
1753,-0.014287261440170089,0.015446892271994254,-0.018445547237057675,-0.9249278876679541,FALSE
1754,-0.015223696303312306,0.01619632686014603,-0.019654530048413842,-0.9399474606043512,FALSE
1755,0.02705145777278484,0.14250696199068733,0.034924743574457434,0.18982551725825594,FALSE
1756,-0.026300010656935283,0.07663126348588895,-0.033954588913986075,-0.3432021013431186,FALSE
1757,-0.004520210156607891,0.29133679025191234,-0.005835810474547187,-0.015515411399636027,FALSE
1758,-0.054784040805771005,0.16637592919299565,-0.07072885288418955,-0.32927864668585355,FALSE
1759,0.02123970856462008,0.14193882585108494,0.027421493564086,0.14963987786473384,FALSE
1760,0.11604502566697725,0.10546316586345125,0.1498197545785455,1.100337020199326,FALSE
1761,0.2890610915567665,0.17001815879270615,0.37319188432533607,1.7001777551843913,FALSE
1762,-0.019964089006096464,0.16883470238303602,-0.02577460686562422,-0.11824636004512774,FALSE
1763,-0.0230012525086857,0.030957825954722375,-0.029695732204323862,-0.7429866858973357,FALSE
1764,-0.07127442525115409,0.3344966943132048,-0.09201873873938488,-0.21307961024098054,FALSE
1765,0.0236621627807423,0.21332591322557432,0.030548999409780106,0.11092024603556504,FALSE
1766,-0.02757836424341739,0.04711259275332441,-0.0356050053751016,-0.5853713971509533,FALSE
1767,0.0389030382506168,0.20123561896978315,0.05022570859515754,0.19332083678714126,FALSE
1768,0.09239636957936184,0.1027883452200638,0.11928819296446416,0.8988992806679263,FALSE
1769,0.052336350153518466,0.23285708042624265,0.06756876557586272,0.2247573922069163,FALSE
1770,0.11581340505243154,0.24823703379225306,0.14952072113504267,0.4665436227752969,FALSE
1771,0.0505533365363755,0.2268555779929653,0.06526680854672501,0.22284370075283375,FALSE
1772,0.04301336101544193,0.0897292863700844,0.055532334573525084,0.479368138937774,FALSE
1773,-0.0239373389114289,0.016580962446669352,-0.030904265136409797,-1.443664020615235,FALSE
1774,-0.02060489523932601,0.02174364842250607,-0.02660191878221051,-0.9476282378627232,FALSE
1775,-0.0239245211768275,0.03614750893224892,-0.030887716819571594,-0.6618580888013362,FALSE
1776,-0.02184637693357344,0.024750676110058996,-0.028204731842717563,-0.8826577842330049,FALSE
1777,-0.06994290288921401,0.062151402038147285,-0.0902996788112653,-1.1253632355113157,FALSE
1778,-0.11335189924935689,0.15543877261025696,-0.146342797797177,-0.7292382546893394,FALSE
1779,-0.10752678057042436,0.15360901438468857,-0.13882228715182562,-0.7000030629787206,FALSE
1780,0.1599078294388616,0.11635920646533,0.20644876093586545,1.3742602265554913,FALSE
1781,0.02883241848388516,0.11821061105232189,0.037224050202358944,0.2439071943475825,FALSE
1782,0.012852513266251002,0.0724486416662192,0.016593217780770234,0.17740171479631445,FALSE
1783,-0.029267877261537085,0.01954777759119144,-0.03778624859752419,-1.4972483252891975,FALSE
1784,-0.036871656762072144,0.06861518874252753,-0.04760309660192528,-0.5373687289621806,FALSE
1785,-0.04153432620360633,0.07618039108864666,-0.05362282892045001,-0.5452101992397921,FALSE
1786,0.16953955283292402,0.02367093979262561,0.21888378283165968,7.162349882100667,TRUE
1787,0.021319059442812552,0.13669147942155202,0.027523939395159406,0.15596480141286112,FALSE
1788,-0.0021288458016553865,0.05824216528343773,-0.002748443147014944,-0.03655162529235094,FALSE
1789,-0.06724620494307948,0.12492141999219573,-0.08681811101341945,-0.5383080415454817,FALSE
1790,-0.030066413770316623,0.03071765647168608,-0.03881719794739714,-0.9787990759656506,FALSE
1791,-0.014654321304265396,0.015096309703614853,-0.018919439318500354,-0.97072208983341,FALSE
1792,-0.013944855916516001,0.016549287311783428,-0.01800348510449018,-0.84262576712817,FALSE
1793,-0.013847005469494042,0.016455069729684173,-0.017877155433106404,-0.8415039071219913,FALSE
1794,-0.013483605897348308,0.016363807703313114,-0.01740798896603986,-0.8239895103765084,FALSE
1795,-0.014240945470475665,0.016411130313950424,-0.01838575107455262,-0.8677614032697081,FALSE
1796,-0.016495086079100604,0.0555182915654577,-0.021295955892283332,-0.2971108370590333,FALSE
1797,0.017262751300190112,0.17911057220442284,0.02228704891295422,0.09638041511300491,FALSE
1798,0.026891501305342597,0.27219203642300827,0.034718232019500986,0.09879606199628503,FALSE
1799,-0.0225871412399754,0.24535559048233638,-0.02916109447823611,-0.0920588000280413,FALSE
1800,-0.02651774047781916,0.23469220388518214,-0.034235688669376416,-0.11298943909867737,FALSE
1801,-0.09697218820707107,0.25739180013915364,-0.12519579667137962,-0.37674932983352627,FALSE
1802,0.16395483346730674,0.08009474650693454,0.21167363935555783,2.0470110789739704,TRUE
1803,-0.02831276540927767,0.025568932592077806,-0.036553152887664,-1.107311199140554,FALSE
1804,-0.01265940171879254,0.047576993336874845,-0.016343901409988967,-0.2660824241068801,FALSE
1805,-9.535963113258831e-4,0.22040362551653955,-0.0012311390730340083,-0.004326590858435417,FALSE
1806,0.07121331466701239,0.13318041184808557,0.09193984201231158,0.5347131284459686,FALSE
1807,0.15645467817823433,0.11321495281862537,0.20199057523237438,1.3819259230614231,FALSE
1808,-0.008895351056008464,0.07873392990122648,-0.01148432950435753,-0.1129798940198703,FALSE
1809,0.2322438421407913,0.08952879565449282,0.2998380605452638,2.594068650683749,TRUE
1810,0.32298946264527695,0.11449155749474652,0.4169950564175023,2.8210766777288137,TRUE
1811,-0.00356366024720826,0.13040361537802975,-0.0046008581631947825,-0.02732792520266782,FALSE
1812,0.11602382295727084,0.08177432010891056,0.14979238085230126,1.4188295641314452,FALSE
1813,-0.009599665415952892,0.07914051070650717,-0.012393633491723937,-0.12129900767955973,FALSE
1814,-0.019543870971589505,0.012306651104684008,-0.025232085008806474,-1.5880738639085132,FALSE
1815,-0.021785966214043575,0.028732868735487038,-0.02812673867479108,-0.7582245411902234,FALSE
1816,-0.014242916090886966,0.022144638240277886,-0.018388295241049128,-0.6431767336339307,FALSE
1817,-0.08356920200327725,0.10559134187118369,-0.10789189163856402,-0.7914399090147715,FALSE
1818,-0.05362650519278997,0.045298811051324876,-0.06923441828472274,-1.1838391328202758,FALSE
1819,-0.030810213704259515,0.014439543462989207,-0.03977747972525341,-2.133738769735406,TRUE
1820,-0.0959251143728801,0.18589611077737708,-0.12384397358406954,-0.5160146383468817,FALSE
1821,0.047792341681229256,0.08735127260515752,0.06170223032190974,0.5471281671791858,FALSE
1822,0.08563110873973002,0.08260487246446593,0.11055391320686216,1.0366350819870327,FALSE
1823,-0.026826631369838722,0.03179591749364848,-0.034634481787546995,-0.8437130765356143,FALSE
1824,-0.025271381202969814,0.02609851691534862,-0.032626578415822824,-0.9683071756505687,FALSE
1825,-0.02791911993326234,0.03480707069710396,-0.03604493749222931,-0.8021105877084131,FALSE
1826,0.01476646193394432,0.1711089569917667,0.019064218308553704,0.08629859122252052,FALSE
1827,-0.04062974534786052,0.12042636712238965,-0.05245497117708399,-0.3373824712869433,FALSE
1828,0.03497153447953747,0.05662059390313325,0.04514994660775383,0.617646903163307,FALSE
1829,-0.07853842574865304,0.14034911650323056,-0.10139691557668311,-0.5595933035092903,FALSE
1830,-0.03122505118474792,0.02629031291036503,-0.04031305502595707,-1.187701770275901,FALSE
1831,-0.014473857977983529,0.01535363306790977,-0.01868645241450701,-0.9426992239533823,FALSE
1832,-0.014364924188573356,0.015477625393950254,-0.018545813610724254,-0.9281090492207015,FALSE
1833,-0.014307829641454047,0.015921260129543313,-0.0184721017821644,-0.8986618851170328,FALSE
1834,-0.015364635351208772,0.016932645722530826,-0.0198364891926772,-0.9073972020075022,FALSE
1835,-0.014412987684284971,0.016497123206635905,-0.01860786591404629,-0.8736667298749033,FALSE
1836,-0.011431073146273407,0.019682125310867184,-0.014758069667362188,-0.580784491802921,FALSE
1837,0.01727999844869592,0.31541689108064236,0.022309315817903123,0.05478463245735929,FALSE
1838,-0.10735870725204184,0.4046521364915062,-0.13860529634875982,-0.26531110939604624,FALSE
1839,-0.11104223207879897,0.1706793514439889,-0.14336090549578573,-0.6505897235919554,FALSE
1840,-0.007957983310338715,0.11909829900925799,-0.010274142296427513,-0.06681861434242742,FALSE
1841,-0.007658724927641862,0.1736931915277563,-0.009887785214824717,-0.04409340896023545,FALSE
1842,0.16607072334591158,0.04663359288689387,0.21440535577774664,3.5611822522168324,TRUE
1843,-0.0313824759412919,0.025438050383062665,-0.04051629801939387,-1.2336824351203892,FALSE
1844,0.08702548893441624,0.20694799829245716,0.1123541256447187,0.42051863102069026,FALSE
1845,-0.0704149672575812,0.299963771047603,-0.09090913679886584,-0.23474490606536158,FALSE
1846,0.12514270115843024,0.17430151374063502,0.16156529473876113,0.7179668063276012,FALSE
1847,-0.032349211136517154,0.2569835070659111,-0.04176440002858069,-0.12588049523435071,FALSE
1848,0.1761780755055953,0.1329259423513434,0.22745443747081626,1.325385191100846,FALSE
1849,0.057620055506922695,0.13862530321025296,0.0743902853675347,0.41565323337493715,FALSE
1850,0.09280643675283506,0.19637728875924057,0.1198176095675229,0.47259251484328296,FALSE
1851,0.08333710407176653,0.1706808231580113,0.10759224195571666,0.48826284365066297,FALSE
1852,0.07607294158362997,0.07032672799829758,0.09821385598065115,1.0817073927493328,FALSE
1853,-0.023561069583661186,0.016601829477682378,-0.03041848319084524,-1.4191851335019445,FALSE
1854,-0.020844125935971115,0.01893084629237311,-0.02691077721067845,-1.101066778212067,FALSE
1855,-0.02148923258884774,0.03581193516249734,-0.027743641177534948,-0.6000578436026965,FALSE
1856,-0.0657771509972488,0.035063000218157954,-0.08492149114227897,-1.8759704129136394,FALSE
1857,-0.043758381072048665,0.017745835808691626,-0.05649419158889803,-2.465839397128678,TRUE
1858,-0.04651935993134445,0.08744599699187382,-0.0600587491622948,-0.5319781525924783,FALSE
1859,0.16222857179445124,0.11213761181239981,0.20944495183811296,1.446691874139882,FALSE
1860,0.11425039648053424,0.1577924999283289,0.14750280128626062,0.7240546701042702,FALSE
1861,0.16688237184034527,0.04088106368456048,0.21545323333683364,4.0821435843258556,TRUE
1862,-0.018276688422883325,0.017017936947486816,-0.02359609089908738,-1.0739661616611171,FALSE
1863,-0.001395048251330801,0.07336616519311996,-0.001801074931375418,-0.01901487215065214,FALSE
1864,-0.0031345652690226555,0.08596665232822226,-0.004046875741689337,-0.036462572219921136,FALSE
1865,0.0016485873111350198,0.0725370490472932,0.0021284061504226867,0.022727521077679388,FALSE
1866,-0.05177148168715521,0.07789558504001426,-0.06683949299814304,-0.6646266493866201,FALSE
1867,-0.027732783530441896,0.039099236563267456,-0.03580436816166858,-0.7092922002598896,FALSE
1868,-0.03184650497471768,0.1366537961249104,-0.04111538199999187,-0.2330451540885693,FALSE
1869,-0.0263488818738796,0.0315569101040583,-0.03401768402458189,-0.8349639361710217,FALSE
1870,-0.014219153917984737,0.015424400392486704,-0.01835761712372352,-0.9218610484794567,FALSE
1871,-0.014193720055672397,0.01562936397731573,-0.018324780774317605,-0.9081444437709041,FALSE
1872,-0.014456252005329281,0.016026636597029683,-0.018663722250184884,-0.902014088720808,FALSE
1873,-0.015078399566639759,0.016965467664921,-0.019466944916658048,-0.88877005128582,FALSE
1874,-0.014660815221001731,0.016205373339748756,-0.018927823279864486,-0.9046885198899731,FALSE
1875,-0.012149924047542258,0.01901683276338206,-0.01568614103438256,-0.638903659653441,FALSE
1876,0.02059038338260887,0.13125611703709086,0.026583183271581386,0.15687180031990705,FALSE
1877,-0.022777347114858664,0.11850500378327798,-0.02940665948484128,-0.1922057836183347,FALSE
1878,0.06881912761373751,0.1516200943073675,0.08884883044438664,0.45389186656371483,FALSE
1879,0.19219521411436308,0.053843166698037986,0.24813334000561926,3.569537712969742,TRUE
1880,-0.07946420692404588,0.30996909597968747,-0.10259214396061082,-0.25636170816607223,FALSE
1881,0.16621487085558512,0.040893175392122165,0.21459145720172645,4.0646114971938685,TRUE
1882,-0.01886713699304475,0.03241488986139883,-0.024358388631061694,-0.582051553274368,FALSE
1883,0.015591052365382533,0.3318490464357594,0.0201288045358033,0.04698236301366232,FALSE
1884,-0.02663695682690629,0.07993224151213178,-0.034389602756251976,-0.3332442118849306,FALSE
1885,5.620173033284532e-4,0.23658505756461534,7.255915880031199e-4,0.002375540150818514,FALSE
1886,0.1264252299189676,0.09459443977951944,0.16322110155201527,1.336497475048632,FALSE
1887,0.050260404181615,0.139844581917868,0.06488861867390548,0.35940186950634523,FALSE
1888,0.054138012361888435,0.3105211917274986,0.06989479884045134,0.17434562858884642,FALSE
1889,0.1051805248717654,0.11544100901607453,0.13579315728666133,0.9111192440904564,FALSE
1890,0.07020026804255618,0.08306966668708218,0.09063194970257818,0.8450770400583867,FALSE
1891,0.002524210133468052,0.09916921805163915,0.003258877668622708,0.02545356495756225,FALSE
1892,-0.018806712697237642,0.01259103680615785,-0.024280377935503045,-1.4936587817803786,FALSE
1893,-0.019339226875329903,0.025998222018490665,-0.024967879558367365,-0.7438672868312034,FALSE
1894,-0.09634535420649017,0.1546773986715052,-0.12438652358458634,-0.6228793284214895,FALSE
1895,-0.07451976710978678,0.06022544609657764,-0.09620863242926314,-1.2373468681375435,FALSE
1896,-0.06749584818812444,0.08047205146724515,-0.08714041254672396,-0.8387489439808495,FALSE
1897,-0.06034935860074524,0.10828268962517691,-0.0779139479919062,-0.5573315440320699,FALSE
1898,0.17945313922686196,0.06058333668047302,0.23168270352641934,2.9620874164347994,TRUE
1899,0.004025213985334823,0.12561519137421828,0.005196746417546815,0.03204400631244807,FALSE
1900,0.17382372740686142,0.04507038148197217,0.22441485992479526,3.856717464803125,TRUE
1901,0.16975436486872708,0.034716326870199994,0.21916111558504192,4.889755920994102,TRUE
1902,0.05483947345336326,0.0680486301729106,0.07080041911988279,0.8058865154818979,FALSE
1903,0.1632690598607671,0.026386930447850725,0.2107882723797853,6.187497260563921,TRUE
1904,0.10029947755735272,0.08964078368376302,0.1294914885462004,1.1189045146145944,FALSE
1905,-0.052329064622840364,0.06577713867967598,-0.06755935960251837,-0.7955509417591793,FALSE
1906,-0.030626131515262247,0.05851051041796296,-0.039539820694033945,-0.5234295735328247,FALSE
1907,-0.04106521897369818,0.11435855862352752,-0.05301718874197694,-0.3590917852408962,FALSE
1908,-0.013983960749241554,0.015279628617606393,-0.018053971339536484,-0.9152029214327979,FALSE
1909,-0.013459560920141372,0.015579080729593566,-0.017376945734645106,-0.8639509065880879,FALSE
1910,-0.014863871075770578,0.016455645835527992,-0.019189978233533148,-0.9032687762202108,FALSE
1911,-0.013679388555801326,0.01568120626348192,-0.0176607538706239,-0.8723428750285374,FALSE
1912,-0.014314453168647457,0.019221422119441695,-0.018480653076912774,-0.7447135326250893,FALSE
1913,-0.04379683931014336,0.1349153069685737,-0.056543843038925755,-0.32462468710348125,FALSE
1914,0.04564882630662001,0.21813300775830136,0.05893484804495719,0.20927060409491274,FALSE
1915,-0.028107618491670896,0.15592255558454543,-0.0362882982704864,-0.18026653287137911,FALSE
1916,0.05530562645075564,0.17328488319240895,0.07140224524094205,0.31916013348577194,FALSE
1917,0.009385207299507545,0.0820877243192711,0.012116757665392311,0.11433143478316955,FALSE
1918,-0.01480767496507313,0.07112676600374418,-0.019117426329954605,-0.20818709744646116,FALSE
1919,0.05210684896495548,0.24560099784127645,0.06727246841406395,0.21216057517254208,FALSE
1920,0.05583246601548342,0.16430566118684378,0.07208242066281922,0.3398085349718553,FALSE
1921,-0.04885113543503655,0.15424944891823095,-0.06306918439368471,-0.316702171564535,FALSE
1922,0.10699634384416144,0.28265126771855587,0.13813746761999823,0.3785454235100082,FALSE
1923,0.22474702272365785,0.14259255236945567,0.2901593031944933,1.5761483961752847,FALSE
1924,0.06780404791427437,0.16340985422633536,0.08753831333624568,0.41493243008686914,FALSE
1925,0.2903681444791026,0.10219650424950437,0.3748793530205262,2.8412727677083027,TRUE
1926,-0.021294098579605784,0.13384463264177485,-0.02749171371053214,-0.15909564813553523,FALSE
1927,0.05844791638948368,0.1361880808459881,0.0754590939057516,0.4291705707754341,FALSE
1928,-0.0248662669286679,0.017421377076627224,-0.03210355624573553,-1.4273422140680745,FALSE
1929,-0.03429774240989055,0.025463617375392773,-0.044280048377034593,-1.346931266844859,FALSE
1930,-0.0713589023504545,0.056700560321443265,-0.09212780277045343,-1.2585219960069367,FALSE
1931,-0.13407716066819697,0.15782661521022343,-0.17310011515309376,-0.8495218660655401,FALSE
1932,0.006542309032531531,0.092936676166725,0.008446438164818297,0.07039534124068379,FALSE
1933,0.036863515316632935,0.0863467033122552,0.047592585601125316,0.42692440941634524,FALSE
1934,-0.02341305068935157,0.1433730979478109,-0.03022738362159619,-0.16330156092375248,FALSE
1935,0.03304008478801386,0.13244557412058258,0.0426563514096684,0.24946159966004705,FALSE
1936,0.11633770767082696,0.06096224312069751,0.15019762123620092,1.9083567420656267,FALSE
1937,0.17119816027662185,0.058095685392638964,0.22102512545904707,2.9468308897568076,TRUE
1938,0.055470409340580874,0.09997570294893417,0.071614987941204,0.5548389028973788,FALSE
1939,0.020873611381613928,0.056176057651598874,0.026948844350605006,0.3715748711145063,FALSE
1940,-0.020095108143644187,0.06710364716490842,-0.025943758924660547,-0.2994637250380757,FALSE
1941,0.00696129050505197,0.10932521132807735,0.008987363560156742,0.06367507019182997,FALSE
1942,-0.00988992747628966,0.034734246255776514,-0.01276837588497322,-0.2847313110945917,FALSE
1943,-0.023929938275361478,0.05130938773240336,-0.030894710556426955,-0.4663851847183324,FALSE
1944,-0.013022991995438375,0.016932459357708353,-0.01681331408581145,-0.7691140265167548,FALSE
1945,-0.014379614455296808,0.015868388177477943,-0.018564779457321736,-0.9061799027393245,FALSE
1946,-0.014199188591361607,0.01662664230414488,-0.0183318409190343,-0.8540021690261461,FALSE
1947,-0.015062211873839826,0.01688022337687327,-0.01944604582039313,-0.892299321967255,FALSE
1948,-0.0273698162560799,0.17651200047737056,-0.035335759812000794,-0.15505923779719896,FALSE
1949,-0.04731057877129675,0.21064626512851597,-0.06108025104691464,-0.22459728275947552,FALSE
1950,0.032389088241248136,0.3538662414281106,0.0418158833042296,0.09152918376880016,FALSE
1951,0.1747272000960169,0.04848866654869025,0.2255812869713637,3.603464737900418,TRUE
1952,0.2022165788290702,0.19466956750404066,0.26107140773812326,1.0387683160845,FALSE
1953,0.045631126459002025,0.14220652721210553,0.05891199668350535,0.32087926871979483,FALSE
1954,-0.02906038842362869,0.04080768031876198,-0.03751837044768921,-0.7121303685146669,FALSE
1955,0.05537629892404266,0.16498476328777326,0.0714934868305101,0.3356449275709965,FALSE
1956,-0.020246339419447538,0.06228324933711664,-0.026139005834170306,-0.32506877266247697,FALSE
1957,-0.05266240710951495,0.0960729451646568,-0.06798972091492403,-0.5481502312566591,FALSE
1958,0.21224285495429251,0.056853906365090634,0.2740158163397321,3.733127036009853,TRUE
1959,0.03860087874194949,0.16652099806208606,0.04983560601926581,0.23180787522999025,FALSE
1960,-0.035311908391935355,0.1653626129363763,-0.0455893858316869,-0.21354227394508882,FALSE
1961,-0.036335132281718426,0.16600006188733799,-0.04691041748440193,-0.2188862574423532,FALSE
1962,0.09099804838327002,0.09676450059903213,0.11748289250271356,0.9404073582763907,FALSE
1963,-0.021986368133504006,0.025951186124293632,-0.028385467269300538,-0.8472201628164483,FALSE
1964,-0.01888226530703497,0.011930025312351315,-0.024377920017919295,-1.582751487332211,FALSE
1965,-0.04278279390584765,0.02861673921150503,-0.05523466125599374,-1.4950268648584295,FALSE
1966,-0.024749843827240194,0.13288271122011922,-0.03195324837701888,-0.1862533026304849,FALSE
1967,-0.030836307202440565,0.1679038020312963,-0.03981116769654828,-0.18365460954060384,FALSE
1968,0.08126548082374058,0.04968154241958639,0.10491767589987253,1.6357278149178915,FALSE
1969,-0.06010373909846507,0.21728281173809144,-0.07759684130560218,-0.2766152491201788,FALSE
1970,0.060574779948603885,0.08244929000144069,0.07820497788154461,0.73469134722137,FALSE
1971,0.05725165926272273,0.0864634524516953,0.07391466795458253,0.662148660958312,FALSE
1972,0.02099435831414703,0.07543629562514305,0.027104734494919645,0.27830579617100887,FALSE
1973,0.059972506565561974,0.08729262665014291,0.0774274137428156,0.6870283191949729,FALSE
1974,0.16893515936022752,0.04312437931372275,0.21810348155439407,3.9173934106100887,TRUE
1975,0.04940399459037187,0.09047843715458338,0.06378295236859594,0.5460305918631708,FALSE
1976,0.009220953918251248,0.16603177547484568,0.011904698586366079,0.05553728430524584,FALSE
1977,-0.05246330757987909,0.06870459549658055,-0.06773267376882446,-0.7636069639983574,FALSE
1978,-0.026943911294821207,0.07253471514656007,-0.03478589585701595,-0.37146228864867903,FALSE
1979,0.007029106305752168,0.06507025081650712,0.009074917046909449,0.1080233473446058,FALSE
1980,-0.013967823973674956,0.016298021028714745,-0.018033137979888522,-0.8570257670588153,FALSE
1981,-0.015830424874680078,0.016615188206815023,-0.020437846051281326,-0.9527683152085475,FALSE
1982,-0.016108796024947563,0.018343899195378745,-0.02079723670310045,-0.878155503002641,FALSE
1983,0.06803268983633554,0.13627810694578266,0.08783350114332907,0.4992195104632756,FALSE
1984,-0.022658705450597283,0.14509417957129706,-0.02925348734393935,-0.156165502417436,FALSE
1985,0.11204095919140135,0.17112055302070822,0.14465031062143435,0.6547486974159245,FALSE
1986,0.18078914029468193,0.03545279176290134,0.2334075456809799,5.0994331138645075,TRUE
1987,0.03899875231167921,0.1265255592778748,0.050349280088684875,0.30822825470409776,FALSE
1988,0.006327039112332633,0.09228048890429565,0.008168514260480536,0.06856312951369843,FALSE
1989,0.06669608730825458,0.20450947948180917,0.08610788247440979,0.3261271187880907,FALSE
1990,0.014220015813742243,0.16328257705721366,0.01835872987293547,0.08708838426012591,FALSE
1991,0.09066637862308594,0.16174118151119912,0.11705469076130927,0.5605645870517405,FALSE
1992,0.029072630704749376,0.06878476708951653,0.03753417582618295,0.42266088750310427,FALSE
1993,0.1729485729199016,0.12401833017738496,0.22328499305026928,1.3945404092486255,FALSE
1994,0.0756272318332258,0.13236990649903116,0.0976384230826444,0.5713325168344009,FALSE
1995,0.33904002233457214,0.1241207070126552,0.4377171071876871,2.731534733362452,TRUE
1996,0.10788211993926859,0.1645401332978724,0.13928104750563103,0.655658396386285,FALSE
1997,0.06463509751163657,0.06038258505206552,0.08344704471989615,1.070426141178028,FALSE
1998,-0.023873474343297226,0.01978526595318662,-0.030821812882478546,-1.2066289328525381,FALSE
1999,-0.03271129911413656,0.024837093777486233,-0.04223187316352109,-1.3170340864834984,FALSE
2000,-0.10672457833265958,0.14599691940314424,-0.1377866051680999,-0.7310056867567106,FALSE
2001,-0.05800076579542328,0.07251212071387673,-0.07488180080872535,-0.7998768374777874,FALSE
2002,0.018207688806532594,0.11499035890866405,0.02350700904893254,0.1583410033618107,FALSE
2003,0.07146085546302182,0.07533755591448316,0.09225942918197398,0.9485422588454842,FALSE
2004,-0.09810313271412394,0.16282728252325204,-0.12665590086382353,-0.6024981268118543,FALSE
2005,0.050715238396224854,0.06712310763686849,0.06547583169760138,0.7555555781265506,FALSE
2006,0.01119023478968688,0.11583506685727508,0.014447135671962492,0.09660489775065098,FALSE
2007,-0.040676734816370595,0.09463438166597452,-0.05251563685921464,-0.4298304073031819,FALSE
2008,-9.582648000863164e-5,0.08475171167272191,-1.2371663183753813e-4,-0.0011306730934081445,FALSE
2009,0.16531661686725913,0.03425422362787097,0.21343176775095754,4.826167384881237,TRUE
2010,0.05191066761273933,0.047609769331536836,0.06701918877650104,1.09033646542693,FALSE
2011,-0.006183332950677058,0.07015796787795392,-0.007982982638190672,-0.08813443629715045,FALSE
2012,-0.015506132612421016,0.016649657841146494,-0.020019169017396195,-0.931318394669981,FALSE
2013,-0.003029713216395069,0.18492154628265908,-0.0039115066579958856,-0.01638377613263111,FALSE
2014,-0.01432627635141347,0.016052041419911733,-0.018495917379110653,-0.8924893710803948,FALSE
2015,-0.014134565504013588,0.015775617866577833,-0.018248409380017944,-0.8959753984634116,FALSE
2016,-0.01415678380738239,0.01627168770062071,-0.018277094286921394,-0.870025535632813,FALSE
2017,-0.015370710456298623,0.016758671552383107,-0.019844332447899637,-0.9171795275212543,FALSE
2018,-0.01746112306364054,0.022857632244640425,-0.02254315647762266,-0.7639077782317003,FALSE
2019,-0.025644937508378044,0.06108443751858498,-0.03310885771798041,-0.41982767706710167,FALSE
2020,0.06079598599453594,0.1797143847993028,0.0784905656120169,0.3382922633735204,FALSE
2021,-0.0212116179298058,0.12201968276174223,-0.027385227192566478,-0.17383767478910742,FALSE
2022,0.08193305841304278,0.15819636325075917,0.1057795509351577,0.5179199870933164,FALSE
2023,0.18592395430857092,0.037015149533172705,0.24003683953434188,5.022915121332882,TRUE
2024,-0.03245667437478125,0.03779977030299894,-0.04190314027953419,-0.858647396918341,FALSE
2025,0.09743539023954431,0.15224285802754228,0.12579381295365075,0.6399997444997864,FALSE
2026,0.18066393336320824,0.35083268036880066,0.23324589746178992,0.5149575380870778,FALSE
2027,-0.013838959898982973,0.09925634651872865,-0.01786676821148717,-0.13942644862887132,FALSE
2028,0.07195863164727538,0.10779910363502816,0.09290208237052108,0.6675253246159015,FALSE
2029,0.0022765566153040823,0.13796686061960106,0.0029391449691934576,0.01650074956464328,FALSE
2030,-0.07883626027644287,0.2324016363854203,-0.10178143439256535,-0.33922420471127396,FALSE
2031,-0.14797364457786533,0.16614196723398011,-0.19104114965142713,-0.8906457955290245,FALSE
2032,0.09635798870703453,0.08853700245335878,0.12440283533737281,1.0883357922332624,FALSE
2033,-0.01994508090036089,0.02918219755549008,-0.025750066479511682,-0.6834674072243953,FALSE
2034,0.028216182491896658,0.06422928187445308,0.03642845965850286,0.43930403187521117,FALSE
2035,-0.07063881513319842,0.04916802040146933,-0.09119813525955077,-1.4366821067111226,FALSE
2036,-0.04037881421464367,0.11185832857412065,-0.05213100691770632,-0.36098174118422904,FALSE
2037,-0.14110499715060057,0.1828666516547094,-0.18217339279649283,-0.7716278275660475,FALSE
2038,0.18808879614231053,0.05592474435249743,0.24283175530404497,3.3632482064964693,TRUE
2039,-0.02573186136626022,0.1918944883787043,-0.033221080633009104,-0.1340938011490894,FALSE
2040,-0.016054590595598477,0.1243719873218139,-0.020727254865660814,-0.12908526221469024,FALSE
2041,0.16508391052785243,0.045792610523683754,0.21313133258401784,3.605033839301904,TRUE
2042,0.0015180120549289997,0.09833568647013699,0.001959827163720083,0.015437041316531576,FALSE
2043,0.004574254901292748,0.10915483314481665,0.005905584860294507,0.04190611418208156,FALSE
2044,0.018475194921903963,0.08930474257547373,0.02385237241390962,0.20687809391858558,FALSE
2045,0.15665302307178502,0.04022916146966678,0.20224664810669948,3.894016612548663,TRUE
2046,0.16560912443550796,0.0820932815542261,0.21380940920379476,2.017328596203285,TRUE
2047,-0.008917030807227324,0.11678445772070684,-0.011512319114323705,-0.07635460215564509,FALSE
2048,-0.011196995086463777,0.018791511415457592,-0.01445586354287442,-0.5958538852416794,FALSE
2049,-0.005902934164506133,0.08499797591925064,-0.00762097421011029,-0.0694479380322422,FALSE
2050,-0.013001794769942504,0.018527941734377683,-0.01678594743994891,-0.7017398346961722,FALSE
2051,-0.013608213690540698,0.016188940683730692,-0.01756886366865945,-0.8405870375580823,FALSE
2052,-0.013427167298508508,0.016201588681427754,-0.0173351239985125,-0.8287562141298138,FALSE
2053,-0.013924238335942132,0.0164482719683782,-0.017976866808326025,-0.8465471851822172,FALSE
2054,-0.013799505730681505,0.017121466849484842,-0.017815830967274824,-0.8059768390169625,FALSE
2055,-0.015642896520203026,0.017157562854802553,-0.02019573785334014,-0.91172019316394,FALSE
2056,-0.015235720423684318,0.026471997082284544,-0.019670053770803525,-0.5755410283676817,FALSE
2057,-0.027976716611415146,0.17040084620863744,-0.036119297596299234,-0.1641817938929756,FALSE
2058,0.031289596825951345,0.12993553889825044,0.04039638657824578,0.24080861241860485,FALSE
2059,0.0035806136240284212,0.07505570205621,0.004622745794653999,0.047706083960774394,FALSE
2060,0.1939608285742429,0.22500942167436033,0.2504128338791322,0.8620120310115201,FALSE
2061,-0.04330330023913028,0.14090958989366886,-0.055906660169008526,-0.30731265538283936,FALSE
2062,0.03726209909201899,0.21200805574495085,0.04810717658048103,0.17575793976831663,FALSE
2063,0.06789641266651165,0.10625276549489716,0.08765756070968854,0.6390084281596643,FALSE
2064,0.09239526983458439,0.10100537870719048,0.11928677314063535,0.9147559369331572,FALSE
2065,0.17723287847111013,0.05156891760219186,0.2288162392414123,3.4368159486748104,TRUE
2066,0.025849391401060594,0.18801313057925217,0.03337281760637953,0.1374871601862107,FALSE
2067,0.0804002472558355,0.1265263257931225,0.10380061741286195,0.6354428357249093,FALSE
2068,0.2850926767566622,0.14139370929702022,0.3680684684098301,2.0163038240815876,TRUE
2069,-0.0540232333136968,0.10056578976292256,-0.06974661352417437,-0.5371929504163705,FALSE
2070,-0.023015271352020805,0.017193338523014492,-0.02971383121077303,-1.3386156109945284,FALSE
2071,-0.01857390558740965,0.030807151676164865,-0.023979812669063575,-0.6029088889051715,FALSE
2072,-0.017810774037862544,0.04566385928164515,-0.02299457283816897,-0.39004092772819327,FALSE
2073,-0.04557219398190965,0.03732834241159535,-0.05883591199823824,-1.2208469767935235,FALSE
2074,-0.08916833605839655,0.13169168225553704,-0.11512064517770916,-0.6770992254877011,FALSE
2075,-0.029062567003236464,0.07784924174533629,-0.037521183099591265,-0.3733185622835885,FALSE
2076,-0.05271112828420409,0.1379344819032406,-0.06805262231369362,-0.3821461287771416,FALSE
2077,-1.777705945637663e-5,0.1136805991617024,-2.2951045678819343e-5,-1.5637724983389692e-4,FALSE
2078,-0.037352464484939465,0.15434966520573556,-0.04822384268410698,-0.2419989990593868,FALSE
2079,0.049091031420694695,0.08792569230428281,0.06337890174252502,0.5583240817804002,FALSE
2080,0.1655536497195859,0.042130402181644384,0.21373778865584805,3.92955303407275,TRUE
2081,-0.07801398892940326,0.10370951448364585,-0.10071984221571513,-0.7522356007336765,FALSE
2082,-0.026530921943781073,0.12954174931310783,-0.03425270658103655,-0.20480595703285376,FALSE
2083,0.013773679129147051,0.10297220296704024,0.0177824875724912,0.13376113875660003,FALSE
2084,0.0017673668144529515,0.061578609209657006,0.002281756248229749,0.02870098622129624,FALSE
2085,0.15993789741814238,0.04474846591233814,0.20648758015496277,3.5741537538171557,TRUE
2086,2.5234136871077345e-4,0.09313649573307546,3.2578494177558403e-4,0.00270937151676794,FALSE
2087,-0.03330730230652912,0.11863543494972079,-0.04300134218211162,-0.28075340492193734,FALSE
2088,-0.01800937352869709,0.06750296548387826,-0.023250974409931673,-0.26679381268069285,FALSE
2089,-0.015165370052331827,0.016934246526112657,-0.019579228030450063,-0.8955444240726497,FALSE
2090,-0.013696341779558691,0.016467516134992692,-0.017682641304471627,-0.8317187405363832,FALSE
2091,-0.01372292561455858,0.016275648573402218,-0.01771696232437359,-0.8431569133892878,FALSE
2092,-0.014226415175820139,0.01627519648736202,-0.018366991759651074,-0.8741163393552392,FALSE
2093,-0.0156507318886122,0.017375976005607405,-0.020205853693854182,-0.9007109519235954,FALSE
2094,-0.018830163368582467,0.017920150808523824,-0.024310653889214894,-1.0507815235363862,FALSE
2095,-0.0331967957587524,0.08178979899306227,-0.04285867287102248,-0.4058794148836126,FALSE
2096,-0.1194875778214481,0.15294651624850725,-0.15426425632209104,-0.7812376558306492,FALSE
2097,-6.462370143642407e-4,0.12805463662655817,-8.343233183425817e-4,-0.00504657255206496,FALSE
2098,0.09211310533651695,0.17106527104134492,0.11892248509288604,0.5384675964664626,FALSE
2099,0.15943207405705306,0.039719988928776075,0.2058345376709534,4.013900264245763,TRUE
2100,0.006171965699833194,0.25667848822776435,0.007968306966210145,0.02404551212081506,FALSE
2101,0.06999741064449365,0.12726591289534067,0.09037005096613955,0.5500091033964235,FALSE
2102,-0.05384308518550233,0.07316698893087857,-0.06951403355619423,-0.7358931394097454,FALSE
2103,0.010911427838595774,0.09415583494740894,0.014087182380150273,0.11588690010226546,FALSE
2104,0.08564670084185512,0.07960098135536595,0.11057404336668865,1.0759503134703707,FALSE
2105,0.07087351661496323,0.1415697704149011,0.0915011462520093,0.5006260616744163,FALSE
2106,0.06738030222741821,0.12484707553073499,0.0869912371092069,0.5397026877960827,FALSE
2107,-0.014587077685098883,0.12138788986502129,-0.018832624545849854,-0.1201691346749594,FALSE
2108,0.05308911309380006,0.04967643099028704,0.06854061902947357,1.0686982143338817,FALSE
2109,-0.0194658897429812,0.02675896110033208,-0.025131407461753682,-0.7274531200966403,FALSE
2110,-0.016859651692499415,0.011473509603152316,-0.021766627775143106,-1.4694415462786792,FALSE
2111,0.005761546670036192,0.04667816301065903,0.007438436099577648,0.12343130702723956,FALSE
2112,-0.003586307921954709,0.04515869067107868,-0.004630097409364842,-0.07941567544719616,FALSE
2113,-0.05883845206579647,0.09430007847866624,-0.0759632943989917,-0.6239491314856928,FALSE
2114,-0.04696178246446854,0.10087192539038996,-0.060629938103412266,-0.46555850185985026,FALSE
2115,0.0175925261241209,0.1601950864654088,0.022712804199779522,0.10981938655103309,FALSE
2116,0.16195556353154603,0.10426070905984852,0.2090924849338981,1.5533710157157963,FALSE
2117,-0.019164269245132377,0.092428274645834,-0.02474200077496255,-0.20734206408770353,FALSE
2118,-0.020679532796095725,0.18755635280395921,-0.026698279486801774,-0.11025770381508075,FALSE
2119,0.04821934436394438,0.06531383833265014,0.062253511488517856,0.738271484189281,FALSE
2120,-0.07696211241277635,0.06591839722160293,-0.09936181863252225,-1.1675361607177268,FALSE
2121,0.0466056645988228,0.06928237357188557,0.06017017267249072,0.6726915115064005,FALSE
2122,-0.004088976730237866,0.16953249315600633,-0.0052790672127530055,-0.024119132881949237,FALSE
2123,-0.04063341116444759,0.10868942477666513,-0.052459703924035,-0.37384880127888304,FALSE
2124,0.0687913386625196,0.0827685226891862,0.08881295356101716,0.8311292315902029,FALSE
2125,0.16237996984798925,0.0337245249657099,0.2096404140657644,4.814892723117446,TRUE
2126,-0.025732258896876376,0.035371360653637954,-0.033221593864308833,-0.7274885223910607,FALSE
2127,-0.014990456292779137,0.01907728268326501,-0.0193534058861748,-0.785775235480946,FALSE
2128,-0.04416971486386321,0.1453904337256006,-0.0570252434576474,-0.30380069535541754,FALSE
2129,-0.015322639390233404,0.017427896665360165,-0.019782270370884043,-0.8792018729769503,FALSE
2130,-0.016683790942264822,0.018651448245956128,-0.021539583019982666,-0.8945037791305069,FALSE
2131,-0.01633630806074395,0.018613953679567634,-0.021090965772233482,-0.8776377303805244,FALSE
2132,-0.018220947406648286,0.01658856960839313,-0.023524126544525056,-1.0984037705957024,FALSE
2133,-0.05895543008018558,0.10792850350282976,-0.07611431868724647,-0.5462452287095766,FALSE
2134,-0.05317140210904709,0.13863724772677627,-0.06864685813793998,-0.3835289792670748,FALSE
2135,0.023910732498573617,0.18653417827077998,0.030869914967401834,0.12818418972990517,FALSE
2136,0.16968098363702852,0.031922562449486644,0.21906637685703043,5.315393584256492,TRUE
2137,0.05106416521789303,0.1381453044279561,0.06592631314209017,0.36964097642944793,FALSE
2138,0.03600100986325302,0.10546229202540483,0.046479049242239334,0.34136381043739056,FALSE
2139,-0.04377113793985109,0.04710712360267942,-0.05651066132374762,-0.9291829895842211,FALSE
2140,0.16204836137943618,0.13724031404438253,0.20921229145482748,1.1807635570334742,FALSE
2141,0.01034621248496566,0.04329777571259425,0.013357461954150256,0.23895482653988165,FALSE
2142,0.03925451975470427,0.09665846775882551,0.0506794882585134,0.4061156840665943,FALSE
2143,0.10315486598427374,0.24234147380781879,0.13317793344884876,0.42565915096347656,FALSE
2144,0.08069106381883226,0.10795125324884888,0.10417607569593033,0.7474768600677889,FALSE
2145,-0.018476959775406525,0.051833137738240095,-0.02385465092535034,-0.3564700224924851,FALSE
2146,-0.015432274935048066,0.03658462433533585,-0.019923815174918605,-0.42182406449210286,FALSE
2147,0.040322659353815224,0.04422280120501726,0.05205850826970866,0.911806992209269,FALSE
2148,-0.02478901486487853,0.05901733731682101,-0.032003820085817536,-0.420029367502712,FALSE
2149,-0.010216472561914264,0.06037874038996391,-0.013189961423051396,-0.16920645405866128,FALSE
2150,0.015205195181941487,0.08741419251892404,0.01963064420369734,0.17394423884485072,FALSE
2151,-0.009008656419636545,0.018074941702169767,-0.011630612222411359,-0.49840583544206507,FALSE
2152,-0.03642418174661884,0.02255980202451367,-0.04702538466115122,-1.6145612318335074,FALSE
2153,-0.06567278728829823,0.09600284528810393,-0.08478675253394989,-0.6840712594633482,FALSE
2154,-5.125400956519769e-4,0.12697316171670886,-6.617141139906269e-4,-0.004036601819804334,FALSE
2155,0.011336793296381847,0.186747835110757,0.014636349809994145,0.06070642419848234,FALSE
2156,0.1756828064187236,0.05379491551049091,0.22681502106654575,3.2657883138502655,TRUE
2157,0.05538423815878826,0.15695653299180948,0.07150373676750042,0.3528635419188216,FALSE
2158,-0.034470220585509366,0.16132583983476015,-0.04450272606436195,-0.21366831637644587,FALSE
2159,-0.045573528962747446,0.08734123449151161,-0.05883763552322638,-0.5217870943554911,FALSE
2160,0.003237950605995778,0.0666737178617578,0.004180351224359174,0.04856412256339731,FALSE
2161,0.03415863447353703,0.1491798151660966,0.04410045328655461,0.22897624880085052,FALSE
2162,0.011009586897467675,0.11639260326850152,0.014213910484395366,0.09459009067844364,FALSE
2163,0.025717251462725445,0.11214172674597322,0.03320221853918461,0.22932812084284138,FALSE
2164,0.06708592854609519,0.06854326540055591,0.08661118641391244,0.9787384384746731,FALSE
2165,0.02885553269903616,0.100647989184413,0.03725389177481149,0.2866975578236879,FALSE
2166,-0.0468012024220875,0.06546418691326125,-0.0604226214829758,-0.7149130635976303,FALSE
2167,-0.047233055386414695,0.05404987666476366,-0.06098016459831099,-0.8738790595096213,FALSE
2168,-0.016815199045719518,0.017833604019545965,-0.021709237252863906,-0.9428940458299816,FALSE
2169,-0.01689841986767762,0.017852580495019473,-0.02181667936897294,-0.9465533496623613,FALSE
2170,-0.014729502630216435,0.020202262995173446,-0.019016502055469352,-0.7291016176621146,FALSE
2171,-0.015511435104060407,0.01795394363417536,-0.020026014791193928,-0.8639569901809407,FALSE
2172,-0.016909576510364944,0.019067222411214335,-0.021831083135612044,-0.8868400517749047,FALSE
2173,-0.044584931824141395,0.06171977333731357,-0.05756130868515874,-0.7223767913157085,FALSE
2174,-0.0048663911300350984,0.10963078945704566,-0.006282746895824443,-0.044388908938230304,FALSE
2175,-0.03834605942334397,0.130423917028894,-0.04950662192403272,-0.2940109475078012,FALSE
2176,0.08257027464797155,0.11906111269419402,0.10660222798987663,0.693511699828067,FALSE
2177,-0.015484537692221221,0.12726105593990705,-0.019991288928388664,-0.12167538276228868,FALSE
2178,-0.009963724301891191,0.08251565159705457,-0.01286365116486351,-0.12074950762731237,FALSE
2179,0.01087365349463199,0.10797641741967307,0.014038413870604153,0.100703966240788,FALSE
2180,-0.10595628893796812,0.23806430500294973,-0.13679470630904583,-0.4450742371337663,FALSE
2181,-0.0466337933380416,0.10753305531018575,-0.06020648823864396,-0.4336693791832059,FALSE
2182,0.17593250904697866,0.08192295522429716,0.22713739926645368,2.1475361645010533,TRUE
2183,0.02772598135903089,0.12576114716136036,0.03579558622857372,0.22046539797745732,FALSE
2184,-0.05882661051521532,0.08092313808537771,-0.07594800638305392,-0.7269442573167453,FALSE
2185,-0.021195671406318898,0.027585312365172678,-0.027364639457577777,-0.7683680041658364,FALSE
2186,0.2120007073149079,0.07319454620317323,0.27370319199675947,2.8964003236858233,TRUE
2187,0.06914823047345149,0.07433516378254194,0.08927371819282787,0.9302223463949825,FALSE
2188,0.006869600799941839,0.06325027892439429,0.008868987705284678,0.10860981037179869,FALSE
2189,0.04257979607582958,0.1429244009620898,0.05497258121509165,0.297918310583815,FALSE
2190,0.09016799453924405,0.12068636949543138,0.11641125274491963,0.7471265803770607,FALSE
2191,0.01240445304255726,0.03502828540811926,0.016014750307783956,0.35412675493622686,FALSE
2192,-0.033498115733068115,0.021530662511801354,-0.04324769156736148,-1.5558330225420225,FALSE
2193,-0.03700164704332463,0.08197781957027844,-0.047770920357600354,-0.4513616882869595,FALSE
2194,-0.08246422286604434,0.08035835485698481,-0.1064653099974885,-1.0262059621903332,FALSE
2195,0.02843458815766004,0.06958017152866669,0.03671043196240098,0.4086593570115752,FALSE
2196,0.09529781425674469,0.08532139620242292,0.1230340987194958,1.1169275058585886,FALSE
2197,-0.015297205581629291,0.19407660799014984,-0.019749434090818054,-0.07882045002768023,FALSE
2198,-0.023654068227125062,0.09894169529164366,-0.03053854894859586,-0.23907077958793393,FALSE
2199,-0.0838719598152305,0.12268402873814202,-0.10828276665300664,-0.683642041086274,FALSE
2200,0.1740773989546841,0.030244543870330858,0.22474236219229804,5.755662895794229,TRUE
2201,-0.050365995348439496,0.21760685196000396,-0.0650249419898631,-0.23145408747375631,FALSE
2202,0.018564270831988743,0.16779811996667068,0.023967373732674116,0.11063455797762285,FALSE
2203,-0.008221596556587257,0.15036684190655572,-0.01061447977862128,-0.054676925127525804,FALSE
2204,0.04103061813276316,0.07474181399373252,0.05297251737870823,0.5489647085124771,FALSE
2205,-0.08342128379861213,0.05989914531016381,-0.10770092206452796,-1.3926957282386638,FALSE
2206,-0.013429777577453377,0.02296964967292183,-0.017338493995189688,-0.5846748979060531,FALSE
2207,-0.014790776217213196,0.016199329393454344,-0.019095609227131723,-0.9130486736808808,FALSE
2208,-0.016438888016976846,0.01767035482543882,-0.021223401469318805,-0.9303088805727254,FALSE
2209,-0.013205146613798843,0.018851187270336592,-0.017048484529880555,-0.7004941611596999,FALSE
2210,-0.01526583765376779,0.015878763295187545,-0.019708936575075036,-0.9613996612944337,FALSE
2211,-0.02329535827404177,0.07678304881569958,-0.030075437007115083,-0.30339194175470985,FALSE
2212,-0.13608159545680104,0.1882382900674108,-0.1756879376501921,-0.7229219698503864,FALSE
2213,0.028382911197503222,0.24073610928782185,0.03664371450128137,0.1179005147232353,FALSE
2214,0.12492686804208232,0.14949250220548296,0.1612866437208884,0.8356731354350182,FALSE
2215,0.1478878531711005,0.08062413608116108,0.19093038878569782,1.8342876011995681,FALSE
2216,0.082746527737994,0.1835877650303026,0.10682977927472578,0.45071918449650517,FALSE
2217,0.1782224276034859,0.02952644204947221,0.23009379514959405,6.036027886626849,TRUE
2218,-0.01148140604666807,0.04175767277694195,-0.014823051882162118,-0.27495320699500175,FALSE
2219,-0.012318886579146704,0.12242017527941597,-0.015904279854831383,-0.10062791162510312,FALSE
2220,0.0046927996428191825,0.09189657436319927,0.006058631869246323,0.051066099855605195,FALSE
2221,0.008505290563297256,0.10015673657503851,0.01098074249618636,0.08491980523871204,FALSE
2222,-0.023736989253144693,0.041984969748601074,-0.030645604013612725,-0.5653687354135964,FALSE
2223,-0.027912306803362295,0.02794435536943426,-0.03603614141119379,-0.9988531291687257,FALSE
2224,-0.023682936435231765,0.042942229807119654,-0.030575819204936537,-0.5515069092035185,FALSE
2225,-0.00835754745109667,0.06330725597420521,-0.01078999897501136,-0.13201563268674898,FALSE
2226,0.06158454882588899,0.061193396210877736,0.07950863846075855,1.0063920723351145,FALSE
2227,-4.3658455056673224e-4,0.07051521013742051,-5.636518225813599e-4,-0.0061913528969978725,FALSE
2228,0.06958363174306277,0.05663122105343833,0.08983584234232436,1.2287150170645675,FALSE
2229,0.04085620790260674,0.09903539602464129,0.05274734531529717,0.4125414704500317,FALSE
2230,-0.006723542435699335,0.018756195826599358,-0.00868041927540856,-0.35847047545559585,FALSE
2231,-0.04313191288879793,0.01819287269316109,-0.05568539079001466,-2.370813758566656,TRUE
2232,-0.020474851455035067,0.058217565500268284,-0.02643402595151869,-0.3516954252396678,FALSE
2233,-0.03029579636870884,0.18628573271875143,-0.039113342003535605,-0.1626307926353572,FALSE
2234,0.008504912303228768,0.08134648163311912,0.010980254144098004,0.10455169212587195,FALSE
2235,0.044438818028225836,0.09950200299291655,0.057372668690305106,0.4466122961503538,FALSE
2236,0.027229008717466453,0.12216733607353453,0.03515397045259804,0.222882888279375,FALSE
2237,-0.032895475580767324,0.0722816233233989,-0.042469653911736446,-0.45510150531052684,FALSE
2238,0.03324107845077754,0.09279244225155368,0.04291584397347303,0.3582304511466931,FALSE
2239,-0.013094300361309236,0.15822180372557618,-0.016905376643536488,-0.08275913972021401,FALSE
2240,-0.08000710841859172,0.08215268490240442,-0.10329305611264572,-0.9738830631480688,FALSE
2241,0.020266080064502336,0.19323028498904998,0.026164491964061128,0.104880454249968,FALSE
2242,-0.036023115740073254,0.15057340835273106,-0.046507589001017584,-0.23923955852607143,FALSE
2243,-0.027717186500115974,0.03583491623674247,-0.03578423163929588,-0.7734687118285162,FALSE
2244,-0.026682144391524328,0.041129521730721534,-0.0344479420930927,-0.6487346136970565,FALSE
2245,-0.010493297548454114,0.07003964596767731,-0.013547355902532403,-0.14981939733528465,FALSE
2246,-0.026710374422688532,0.03874416631068145,-0.03448438843205861,-0.6894037726480825,FALSE
2247,-0.01221380042773335,0.019192574554226148,-0.01576860853825523,-0.6363815543988031,FALSE
2248,-0.01521386369466005,0.019433516253009753,-0.0196418356739098,-0.7828672637821688,FALSE
2249,-0.013824108550413031,0.018167218302551344,-0.017847594400415813,-0.7609369976289446,FALSE
2250,-0.011440128306802244,0.02037836001058227,-0.014769760318644331,-0.56138611256556,FALSE
2251,-0.015250061524856015,0.02347534082231944,-0.019688568827744404,-0.649620452383671,FALSE
2252,-0.07404247951627067,0.2190541192928953,-0.09559243100474732,-0.3380099847255971,FALSE
2253,0.11474606400200725,0.2893889487926181,0.1481427320889195,0.39651156162233603,FALSE
2254,-0.08731117420046682,0.07812058566389496,-0.11272295917463865,-1.1176461806893427,FALSE
2255,-0.08688601506246839,0.09701224188830047,-0.11217405811364405,-0.8956190824092966,FALSE
2256,-0.01492459029976849,0.16038277235966686,-0.019268369695685718,-0.09305606880456777,FALSE
2257,0.09724167906029847,0.13173045545425102,0.12554372242915882,0.7381867672511749,FALSE
2258,0.038341886403336474,0.1601121157453129,0.049501234352874186,0.23946898849507514,FALSE
2259,0.010123109294283554,0.0872606555815189,0.013069424917822594,0.11601000733745974,FALSE
2260,0.005984718761435483,0.04355397728768912,0.007726562090071847,0.13740923640347105,FALSE
2261,8.920955194382039e-4,0.055796882107338144,0.0011517385688414334,0.01598826826420252,FALSE
2262,-0.014709871904758818,0.044425903437551865,-0.018991157837107944,-0.3311102479983561,FALSE
2263,-0.03257180684405964,0.048418384475092106,-0.04205178187956978,-0.6727156884140894,FALSE
2264,-0.023645963203492704,0.024643691922936688,-0.030528084970114455,-0.9595138292361396,FALSE
2265,-0.019678323024430202,0.045121911985608484,-0.02540566912793091,-0.43611456515199426,FALSE
2266,0.08212228506452354,0.06672936404518126,0.10602385171687259,1.2306768727620423,FALSE
2267,-0.016461233781783716,0.058100880452149006,-0.021252250935118767,-0.28332158916835926,FALSE
2268,-0.01179720982556203,0.0769812255216865,-0.01523076987245883,-0.1532478827871949,FALSE
2269,0.07185527692584436,0.15295710374515328,0.0927686464140005,0.4697740423064281,FALSE
2270,0.007628856567143049,0.04584096269990112,0.009849223713253443,0.16642007754255791,FALSE
2271,-0.03017320374004049,0.023213974130324014,-0.03895506897602179,-1.2997862223265664,FALSE
2272,-0.0544650123019479,0.05972436593787573,-0.07031697161765853,-0.911939565145011,FALSE
2273,-0.0502572654125954,0.07830464599364115,-0.06488456637091798,-0.641817158801492,FALSE
2274,-0.02519466934125879,0.03349630282511116,-0.03252753968297967,-0.7521626930829846,FALSE
2275,0.16477697449214224,0.043585090226333806,0.21273506328012384,3.7805812408892328,TRUE
2276,-9.886212283486005e-4,0.05155719226482613,-0.0012763579390932599,-0.019175234044369553,FALSE
2277,-0.048276674329419636,0.07142914751223074,-0.0623275272535895,-0.6758679896208095,FALSE
2278,-0.05677648360931985,0.0803698303704587,-0.07330119314715028,-0.7064402568428092,FALSE
2279,-3.055137247649323e-4,0.1280261063369367,-3.944330315029153e-4,-0.002386339267093596,FALSE
2280,0.15740142303496177,0.0309840622419694,0.20321286874532907,5.080077034629565,TRUE
2281,-0.08253023487125252,0.07813878478781035,-0.106550534696804,-1.056200644729341,FALSE
2282,-0.06454633820455667,0.17243814645742916,-0.08333245215096145,-0.37431588967172996,FALSE
2283,-0.0212788206549483,0.07371062505772386,-0.02747198916904923,-0.28868050756976416,FALSE
2284,0.04264812770902714,0.061888983437850986,0.05506080066660859,0.6891069353539221,FALSE
2285,-0.021113291355940624,0.01943610222016619,-0.027258282818343103,-1.0862924632097397,FALSE
2286,-0.011969984537008527,0.015094200278674507,-0.015453830401917263,-0.7930187963598206,FALSE
2287,-0.014466474410892098,0.01660236148431327,-0.01867691987139976,-0.8713504054565212,FALSE
2288,-0.014735050299623607,0.016518675602738068,-0.019023664365652733,-0.8920237102532109,FALSE
2289,-0.0500543410018661,0.11255164737778817,-0.06462258111787743,-0.4447233085256842,FALSE
2290,-0.12816405439789574,0.16970777264399542,-0.1654660082612075,-0.7552043869360773,FALSE
2291,-0.016359296235387302,0.0826613878432293,-0.02112064462027958,-0.197907350242091,FALSE
2292,0.1704587902069132,0.05383949784390764,0.22007056285069912,3.166054607364841,TRUE
2293,0.17603704224337968,0.03234574895840279,0.2272723566912989,5.442354804328892,TRUE
2294,-0.10163881769490661,0.13452686759096438,-0.1312206416016822,-0.7555280184174397,FALSE
2295,0.17268444048098266,0.02035014508374119,0.22294398526516498,8.485661393094903,TRUE
2296,0.016154705686774223,0.19950298847160322,0.02085650830244839,0.0809747553685074,FALSE
2297,-0.042023990865852005,0.2292897795253234,-0.05425500974079783,-0.18327895361428773,FALSE
2298,0.17463357817916672,0.055308947428367936,0.22546041653745197,3.157420025129555,TRUE
2299,-0.030571419708233356,0.07249226198123276,-0.03946918509845796,-0.4217197652922993,FALSE
2300,-0.015349842527941398,0.039303125852337334,-0.019817390940609057,-0.3905501711393409,FALSE
2301,-0.02827910272991784,0.0864388020548294,-0.03650969273647562,-0.3271575040105251,FALSE
2302,-0.03557332401283744,0.04934244855116978,-0.045926886073006545,-0.7209476841415097,FALSE
2303,-0.028527044182300527,0.06305262982142956,-0.03682979717294173,-0.4524322659196223,FALSE
2304,0.06257460830450669,0.04864971583347366,0.08078685325068277,1.2862276219392004,FALSE
2305,-0.015603523263769584,0.05860272415367437,-0.020144905070272428,-0.2662593503819438,FALSE
2306,0.05664920247361739,0.07310259096764332,0.07313686702973318,0.7749274235531743,FALSE
2307,-0.00446316906337961,0.05588228211272003,-0.005762167657552361,-0.07986733709938619,FALSE
2308,-0.006211143498743538,0.019312512263495465,-0.00801888740413878,-0.32161240412433806,FALSE
2309,-0.025282244251888897,0.018573233632882512,-0.03264060313867223,-1.3612193090129758,FALSE
2310,-0.061567758375012716,0.058906672124521046,-0.07948696117459235,-1.0451746152773065,FALSE
2311,-0.04787428279724836,0.04683638141137799,-0.061808020275604995,-1.0221601531671325,FALSE
2312,0.010968743178366335,0.10135733174874477,0.014161179262728023,0.1082185470860343,FALSE
2313,-0.045954624968168316,0.057316795650111454,-0.0593296489436626,-0.8017654240250424,FALSE
2314,0.17023441975999126,0.048995761454181185,0.2197808897251229,3.4744723769460646,TRUE
2315,-0.010268349212173,0.06532626466907318,-0.013256936693774545,-0.15718561690600152,FALSE
2316,-0.0251245502470231,0.058767450557878576,-0.03243701253259746,-0.42752493103777855,FALSE
2317,0.0161743888666748,0.08557862735320562,0.020881920242038908,0.18900033065404076,FALSE
2318,0.00985690607902273,0.08986230708406426,0.012725743660059335,0.10968899418308731,FALSE
2319,0.02707178245068708,0.08926754227453508,0.03495098371907113,0.30326568605899346,FALSE
2320,-0.037938664538108104,0.06715922078761183,-0.04898065537465428,-0.5649062644441262,FALSE
2321,-0.028214743632901378,0.03415037021328873,-0.03642660202177688,-0.8261914426310477,FALSE
2322,-0.02070969451230204,0.02841980725420456,-0.02673721972481478,-0.7287063676069847,FALSE
2323,0.16730984102100657,0.037682463118432576,0.21600511677490844,4.439992165458157,TRUE
2324,-0.02369828006666002,0.02236445251179211,-0.030595628577046303,-1.0596405189961446,FALSE
2325,-0.014700706056490525,0.01974040838687561,-0.018979324282587473,-0.7447012122740214,FALSE
2326,-0.01608809938547793,0.018051888891753045,-0.020770516338068694,-0.891214181626596,FALSE
2327,-0.014439814473595212,0.016291335999771152,-0.018642500599742557,-0.8863493131439958,FALSE
2328,-0.013865776542725333,0.016801536710901628,-0.017901389798763392,-0.8252683538005523,FALSE
2329,-0.014903248573942068,0.015985499604167334,-0.01924081649289034,-0.9322979539567766,FALSE
2330,-0.014362697607774422,0.01573109183831437,-0.01854293898695707,-0.9130133976328897,FALSE
2331,-0.01624658194562379,0.018845443029086615,-0.020975125007243123,-0.8620960473334766,FALSE
2332,-0.016235496993839225,0.056184699611357775,-0.020960813797035415,-0.2889665176844197,FALSE
2333,-0.012886523852899526,0.0490582844974186,-0.0166371270971366,-0.2626778328047244,FALSE
2334,0.1718507226880094,0.02285018467611284,0.2218676151716336,7.520758590089602,TRUE
2335,-0.013164643889886453,0.07824373091864763,-0.0169961935495353,-0.1682517402394082,FALSE
2336,0.16993751028286153,0.029372253006400225,0.21939756519449394,5.785647776009286,TRUE
2337,0.08396842046701118,0.12442829593816077,0.10840730203134971,0.6748338055577197,FALSE
2338,0.04321299491769892,0.11124382329543474,0.05579007162058759,0.3884529822652393,FALSE
2339,0.08096896943894895,0.21021685569846404,0.10453486532575355,0.38516877806930566,FALSE
2340,-0.016362657246159575,0.1570363922953562,-0.021124983848145172,-0.10419659422246828,FALSE
2341,0.0023461525880995667,0.08763978789232099,0.003028996744432814,0.026770404681743153,FALSE
2342,-0.026256165440755617,0.04734501479034227,-0.033897982614063044,-0.5545708572914315,FALSE
2343,-0.03260142063702525,0.05840839560913177,-0.04209001472211298,-0.5581632622678688,FALSE
2344,0.06257391699066744,0.1670112897368476,0.08078596073099796,0.3746687849022808,FALSE
2345,0.018869542288919166,0.15323602353285284,0.024361493984656323,0.12314038079220749,FALSE
2346,0.13146895952206522,0.10428719790960045,0.16973280101481839,1.2606433211104857,FALSE
2347,0.06930731563375535,0.1037429336711573,0.08947910484802332,0.6680678209220936,FALSE
2348,0.006423548590090927,0.04993493008599432,0.00829311267552803,0.1286383815703508,FALSE
2349,0.0026507564645263807,0.05030849823972163,0.0034222551176172266,0.05269003363796391,FALSE
2350,-0.006070899865436233,0.021255966330932154,-0.007837826073827204,-0.28560921535718303,FALSE
2351,-0.02792735498574522,0.01664825429708524,-0.03605556934426119,-1.677494498064864,FALSE
2352,-0.05968293655352793,0.0518599951392991,-0.07705356481747909,-1.150847322550184,FALSE
2353,-0.0014551915429547465,0.12076515150570624,-0.0018787228369091193,-0.012049763734085056,FALSE
2354,-0.02500747937269498,0.03783192017651371,-0.03228586835765912,-0.6610153345644818,FALSE
2355,0.05238920716591182,0.08646194493837372,0.06763700654163451,0.6059221453236165,FALSE
2356,0.17015999135217863,0.043828726869484295,0.21968479904197585,3.8823849905312295,TRUE
2357,-0.017557408235329253,0.02901700101873726,-0.022667465302658847,-0.6050731508742699,FALSE
2358,-0.005485754049380405,0.07008321850524911,-0.007082374454507221,-0.07827485903732477,FALSE
2359,0.019220053120766085,0.11481324224281146,0.024814020463086593,0.1674027555124589,FALSE
2360,0.07537560363467986,0.07521201867539305,0.09731355887812966,1.0021749842933059,FALSE
2361,0.046422124496788175,0.09372712568123533,0.0599332135018231,0.4952901751694508,FALSE
2362,-0.023530792854705967,0.030659260817659885,-0.030379394465797006,-0.7674938086293364,FALSE
2363,-0.005704373514694574,0.036295294779464686,-0.007364622783991474,-0.1571656477610982,FALSE
2364,-0.018116694631539136,0.014310111144262153,-0.023389531157163877,-1.266006563394393,FALSE
2365,-0.027155381187960684,0.02344045068552039,-0.03505891374217571,-1.158483748980777,FALSE
2366,-0.025399303168499806,0.02498719213089181,-0.03279173187561789,-1.0164928910559143,FALSE
2367,-0.015351087809236537,0.01750965962187161,-0.01981899865913854,-0.8767210865744777,FALSE
2368,-0.015322503051915442,0.017839523611356024,-0.019782094351505193,-0.858907635973063,FALSE
2369,-0.013975196687974693,0.015869948609029134,-0.0180426565115155,-0.8806075578608723,FALSE
2370,-0.01407314758578129,0.01580640306966633,-0.018169115869732595,-0.8903447244609821,FALSE
2371,-0.03759313818908201,0.026754939861791907,-0.04853456410521832,-1.405091485283728,FALSE
2372,-0.016457106920338832,0.040188422444062406,-0.021246922956902566,-0.4094987043406644,FALSE
2373,-0.007005099837077399,0.045695316469784426,-0.00904392353189681,-0.15330017118295813,FALSE
2374,-0.010257278530009548,0.034449374949177075,-0.013242643906339563,-0.2977493363854073,FALSE
2375,0.06566021149463894,0.1883823956794197,0.08477051657459844,0.34854749170074467,FALSE
2376,0.030552608094075222,0.10963165200113757,0.039444898392498796,0.27868418961485864,FALSE
2377,0.03577374188453587,0.12895114059378784,0.046185635262628706,0.2774209031405749,FALSE
2378,0.08999199926576304,0.13598809604740594,0.1161840343137257,0.6617638005196536,FALSE
2379,0.0321539141925106,0.10580258049278875,0.04151226220489689,0.3039048201163878,FALSE
2380,0.017971763496400665,0.04035603170818072,0.02320241803471476,0.4453302947712161,FALSE
2381,0.03321053652609877,0.08466464852101198,0.04287641286788767,0.3922597814583334,FALSE
2382,-0.013510095337650373,0.039412519872637504,-0.017442188117810203,-0.34278689566941084,FALSE
2383,-0.031770082730905716,0.07386700477939967,-0.04101671717789852,-0.4300984292755009,FALSE
2384,0.06064873377872185,0.14711088016742235,0.07830045586187798,0.4122654538515397,FALSE
2385,0.22777987356024854,0.08968054968783543,0.2940748606722892,2.539902736469794,TRUE
2386,0.03965556506580195,0.08500337763987545,0.05119725719982037,0.46651752161903925,FALSE
2387,-0.015795336589886248,0.052818718069301746,-0.020392545374357182,-0.299048086876355,FALSE
2388,-0.012700195601569089,0.05115388276598689,-0.01639656829054469,-0.24827432278539902,FALSE
2389,-0.00678922857050952,0.047654598539342195,-0.00876522326024042,-0.14246743816138832,FALSE
2390,-0.007581741622457784,0.018819744457253783,-0.009788396035296913,-0.402861029259912,FALSE
2391,-0.023061404920387506,0.017101190012409985,-0.02977339188432027,-1.3485263249897999,FALSE
2392,-0.0328898375842327,0.01818696617281091,-0.04246237498485202,-1.8084290294333005,FALSE
2393,-0.031231557932577047,0.040031523141068545,-0.04032145555288411,-0.7801741098513544,FALSE
2394,-0.0339365442203725,0.0800172553186348,-0.04381372400167441,-0.4241153246913381,FALSE
2395,0.03661660369567875,0.0936047474568697,0.04727381072696478,0.39118318985423894,FALSE
2396,0.01662812519109572,0.07296437658760821,0.021467715836269694,0.22789374717853386,FALSE
2397,0.09201964452994589,0.06596574315969914,0.11880182266015606,1.3949610831666341,FALSE
2398,-0.0040819593993317235,0.03798143833154446,-0.005270007498317922,-0.1074724807338737,FALSE
2399,0.013023700939374674,0.1322097984182551,0.016814229366806356,0.09850783448117266,FALSE
2400,-0.05007354055990482,0.11509267673014131,-0.06464736867819589,-0.4350714744198072,FALSE
2401,-0.020291540251030905,0.14103834571722138,-0.026197362299306522,-0.14387250607515614,FALSE
2402,0.16169106580444131,0.03294144248256489,0.20875100554403497,4.908439145918412,TRUE
2403,0.1730181413382933,0.020864225264011473,0.22337480925143738,8.29257444975591,TRUE
2404,-0.018371305492045596,0.017860981425163073,-0.02371824612288399,-1.0285720059124839,FALSE
2405,-0.023125853883173144,0.025117503723154595,-0.02985659862008416,-0.9207066967349369,FALSE
2406,-0.025723349170369923,0.01930865565204381,-0.03321009097540096,-1.332218546641652,FALSE
2407,-0.011798785709747659,0.01538059797064519,-0.015232804415349214,-0.767121391006147,FALSE
2408,-0.014458812030376692,0.016020663649668886,-0.01866702736664389,-0.9025101797624674,FALSE
2409,-0.014461430527758716,0.015851896566180766,-0.018670407973721916,-0.9122839319183712,FALSE
2410,-0.016531749540208408,0.05318047579205528,-0.02134329019820123,-0.31086125676743404,FALSE
2411,0.14779016759374702,0.04651939222373113,0.19080427196904975,3.1769582646944863,TRUE
2412,-0.03033749570707687,0.06685993557585056,-0.03916717787116093,-0.4537470077676025,FALSE
2413,0.15037501372984174,0.21052463616951267,0.19414143365699976,0.7142870139376992,FALSE
2414,0.06316833702280278,0.0982092002978785,0.0815533858129369,0.6432018266232368,FALSE
2415,0.18891096832787074,0.2718360916034539,0.24389321945861744,0.694944395402242,FALSE
2416,0.17434682964579618,0.04510419425966092,0.2250902102778694,3.865423881470904,TRUE
2417,0.028852705286637376,0.2462356478482023,0.03725024144831758,0.11717517564485343,FALSE
2418,0.17910913528470873,0.032838044263366416,0.23123857775807016,5.454317980943827,TRUE
2419,-0.006130744199219494,0.07520116224634646,-0.00791508801029361,-0.08152459371753057,FALSE
2420,-0.016501156606077573,0.03995224168082896,-0.02130379323694007,-0.4130220461195206,FALSE
2421,-0.08476541132052448,0.14459491703035102,-0.10943625586533284,-0.5862267710470894,FALSE
2422,0.10519555852250721,0.14328342303497626,0.13581256645867548,0.734178150509626,FALSE
2423,-0.01829481392690156,0.07325417242767703,-0.023619491803589892,-0.2497443260991558,FALSE
2424,0.13097427121772795,0.10093588789713992,0.16909413442895907,1.2975986435191322,FALSE
2425,0.033428476414618546,0.08020969630979971,0.04315778383078109,0.4167635329961271,FALSE
2426,0.0014744396440680115,0.04921365611726075,0.0019035730686904288,0.029959969658724054,FALSE
2427,-0.002655592688430846,0.04844455243192685,-0.003428498917162183,-0.05481715807287977,FALSE
2428,-0.0033805187273855445,0.040924623160311493,-0.004364413581488001,-0.08260353954007707,FALSE
2429,-0.028340083642530864,0.015681210051100698,-0.03658842205131828,-1.8072638240402636,FALSE
2430,-0.040578865885918816,0.03716828458141818,-0.0523892833248268,-1.0917605249451225,FALSE
2431,-0.0268529458801785,0.05426912483706229,-0.03466845509625455,-0.4948107411129593,FALSE
2432,0.05765958372283351,0.13641755749948675,0.07444131821080091,0.4226698144998707,FALSE
2433,0.01557323343791837,0.08093837172339056,0.02010579943649646,0.19240853387983126,FALSE
2434,0.031299628444430724,0.06169800049921112,0.04040933788408563,0.5073037730749625,FALSE
2435,0.055087564157938855,0.0510338333696438,0.07112071624816642,1.0794322221286694,FALSE
2436,-0.05229325226112962,0.09191879701641795,-0.06751312410718763,-0.5689070566468504,FALSE
2437,0.07545792585914292,0.08441525475033719,0.0974198408613041,0.8938896895154073,FALSE
2438,-0.02356296797599679,0.06334883961100314,-0.03042093410739405,-0.3719557946236494,FALSE
2439,0.044706177706988176,0.06744407886108036,0.057717842998519946,0.6628629000786392,FALSE
2440,-0.010570084658388606,0.01891242439628478,-0.013646491784480467,-0.5588963338018699,FALSE
2441,-0.009595258893996204,0.07374051237039453,-0.012387944458227659,-0.1301219449873056,FALSE
2442,-0.0223643984233572,0.02400156906643579,-0.028873522702297687,-0.9317890160202885,FALSE
2443,-0.018845096037012666,0.019294935230060147,-0.024329932688168635,-0.9766861516929757,FALSE
2444,-0.021745537961727127,0.02273856680890235,-0.028074543840886937,-0.9563284328550363,FALSE
2445,-0.04218073891307581,0.04007654042640178,-0.05445737906969204,-1.052504494257389,FALSE
2446,-0.015741834837494563,0.019053852270071014,-0.020323472017987326,-0.8261759676924321,FALSE
2447,-0.015575173665144538,0.017473222291764477,-0.02010830436391735,-0.8913738636797099,FALSE
2448,-0.014686365211247788,0.016988920968019443,-0.01896080955606329,-0.8644672159517329,FALSE
2449,-0.028364624517522308,0.01755011392651355,-0.036620105510796426,-1.6162074295524038,FALSE
2450,-0.02193148434348062,0.02341422485135641,-0.028314609635340066,-0.9366735171764657,FALSE
2451,-0.03004306295500497,0.12821464809165986,-0.03878705091266563,-0.2343184917025032,FALSE
2452,-0.03141553443040371,0.07466832469739573,-0.040558978131677886,-0.4207344219616516,FALSE
2453,0.014872003936689266,0.12704841319825702,0.019200478151300895,0.11705777004457145,FALSE
2454,0.16699586700716776,0.05821075074547226,0.21559976110001408,2.868814864411571,TRUE
2455,-0.1228946027860518,0.21572959329133584,-0.15866289074098244,-0.569669654084438,FALSE
2456,0.05566557608622025,0.11344022268177792,0.07186695767248309,0.49070404456427336,FALSE
2457,0.10290794285007805,0.18350386096704566,0.13285914371053523,0.5607944285627792,FALSE
2458,-0.007941160594132938,0.09613469181968369,-0.010252423354156546,-0.08260452541968805,FALSE
2459,-0.1102598567150792,0.14022601361988452,-0.14235082096775797,-0.7863010141182818,FALSE
2460,-0.022138888038750904,0.0861512689422613,-0.028582377861901112,-0.25697692338795863,FALSE
2461,0.09520311189856788,0.13366309983888083,0.12291183338344619,0.712261738754577,FALSE
2462,0.08352902393004921,0.17855462045660042,0.10784001979799294,0.46780656650860414,FALSE
2463,-0.009148883395051845,0.08732241246024891,-0.0118116520465767,-0.10477130827342429,FALSE
2464,0.028942275474875732,0.09629781803180179,0.037365880904143424,0.3005496496848736,FALSE
2465,-0.010825561933717828,0.06239241721306261,-0.013976325333744884,-0.17350765393092296,FALSE
2466,-0.022028744476498604,0.06813047905743931,-0.028440177182723337,-0.32333171263813737,FALSE
2467,-0.01563043904068414,0.052909575892519836,-0.020179654643280427,-0.29541796124837044,FALSE
2468,-0.012979678955411795,0.037119846974083076,-0.01675739485110461,-0.3496695168079263,FALSE
2469,-0.04425137544698956,0.05440131506428829,-0.05713067122977648,-0.8134247378890727,FALSE
2470,-0.039718664356608875,0.13688309375637087,-0.0512787214436209,-0.2901648645325148,FALSE
2471,0.006721681964313923,0.15152812144678854,0.008678017316645047,0.04435930373936792,FALSE
2472,0.06700971213591285,0.11356726741414713,0.08651278733301478,0.5900442412825495,FALSE
2473,0.08494299477578172,0.14968659853650165,0.10966552471620288,0.567472276117411,FALSE
2474,0.15657017230484077,0.04080623939082154,0.20213968374955543,3.8369174577762672,TRUE
2475,-0.005429725463689779,0.04547389295576523,-0.007010038833834931,-0.11940313684978651,FALSE
2476,-0.005460397675260518,0.11321796039127842,-0.007049638146114777,-0.04822907652098237,FALSE
2477,-0.026704463918077008,0.06960239014063858,-0.03447675768403435,-0.3836716507021953,FALSE
2478,0.01094565426696731,0.06939199098690434,0.014131370358646131,0.1577365645702971,FALSE
2479,0.003196623939331042,0.059119557818550765,0.0041269964939717775,0.05407049811066065,FALSE
2480,-0.013140160915849894,0.04371306806380811,-0.01696458484299723,-0.3006002895214117,FALSE
2481,-0.039181658975914795,0.11702081092571082,-0.0505854214604417,-0.3348264181897421,FALSE
2482,-0.02476845886033239,0.04643669240080084,-0.03197728128729069,-0.5333812030915716,FALSE
2483,-0.011345034061311966,0.07786365475630375,-0.014646989037072374,-0.14570384728047314,FALSE
2484,-0.01621501474065663,0.016628051197186473,-0.020934370215094745,-0.9751602607165576,FALSE
2485,-0.01462538561240502,0.01685870216365128,-0.01888208193736174,-0.8675273737226659,FALSE
2486,-0.015488988487090523,0.01709977300924863,-0.0199970351203617,-0.9058008242982587,FALSE
2487,-0.020664808760192672,0.030326034662698356,-0.02667927004255613,-0.6814213922142222,FALSE
2488,-0.022127140630790413,0.03281988682039765,-0.028567211388651103,-0.6741991753925956,FALSE
2489,0.1935021214091369,0.11242038164875028,0.24982062068856578,1.7212370085499347,FALSE
2490,0.007144354810548391,0.11114005649196669,0.00922370845442454,0.06428244717569305,FALSE
2491,0.017923270346661028,0.09987398326182828,0.02313981102721077,0.1794588516578299,FALSE
2492,0.10208961630225044,0.11220782942555771,0.13180264446073128,0.9098261398058679,FALSE
2493,0.10467093024626538,0.10733765726136757,0.135135245917448,0.975155718103585,FALSE
2494,0.03779374887675918,0.07280853451467566,0.04879356222961772,0.5190840487132904,FALSE
2495,0.01874317129166103,0.22231329051966184,0.024198342900098917,0.0843097200704847,FALSE
2496,0.10377153439709812,0.1317980346233536,0.1339740822689699,0.7873526695117394,FALSE
2497,0.09773447064516448,0.24411705992619914,0.12617994025821833,0.40035903543452195,FALSE
2498,-0.07486327849419874,0.11317267467234407,-0.09665212228168671,-0.6614960608728374,FALSE
2499,-0.018935137969619438,0.0775513494690082,-0.02444618118884662,-0.24416258516799216,FALSE
2500,0.0421435509122721,0.11761199414683036,0.054409367557594415,0.3583269820224187,FALSE
2501,0.08000669497337473,0.08805949496211009,0.1032925223348247,0.9085527348050283,FALSE
2502,-0.01764682640071688,0.04752857296814983,-0.02278290848961357,-0.3712887911139788,FALSE
2503,0.002144774735481086,0.06263502626533175,0.002769008172898198,0.0342424177551309,FALSE
2504,-0.009441488717860928,0.062383087324636384,-0.012189419705290812,-0.1513469294767059,FALSE
2505,0.017474406736497836,0.03893783668853458,0.02256030634334024,0.44877703084216936,FALSE
2506,-0.01866914064784632,0.03886505340963373,-0.024102765749558733,-0.4803580340177451,FALSE
2507,-0.03985840773949991,0.09174417369443208,-0.05145913692639044,-0.43445165109072104,FALSE
2508,-0.013018720692808716,0.17538907746112445,-0.016807799627022474,-0.07422765933468324,FALSE
2509,0.020258273981814588,0.059938804420945194,0.026154413932833364,0.3379826170629369,FALSE
2510,-0.024053434532734022,0.04600496814102657,-0.031054150212410318,-0.5228442819262278,FALSE
2511,-0.01184905398428952,0.04473414056987756,-0.015297703195039791,-0.2648772019165216,FALSE
2512,-0.022999023642986564,0.018683349145814435,-0.029692854630639736,-1.230990410953111,FALSE
2513,-0.05113181414362017,0.0896638662555851,-0.06601365118516173,-0.5702610904360284,FALSE
2514,-0.0258006875597732,0.06524481365553458,-0.033309938585872,-0.3954442677388899,FALSE
2515,-0.006828451147470241,0.06584631415803009,-0.008815861508803155,-0.1037028607414846,FALSE
2516,-0.022441017165227964,0.07767966423416009,-0.02897244121291215,-0.288891788944672,FALSE
2517,0.17208141199005814,0.04177168363283647,0.22216544624554813,4.119570891674234,TRUE
2518,-0.021749518906138434,0.025389436296571002,-0.028079683433138002,-0.856636541752439,FALSE
2519,-0.02625865780148509,0.04726220233771935,-0.03390120037260689,-0.5555953066649287,FALSE
2520,0.011781881659480027,0.04878238317075017,0.01521098046686091,0.24151918979112982,FALSE
2521,-0.018504348345242515,0.022513594061351973,-0.023890010896943273,-0.8219188946383313,FALSE
2522,-0.01374735156058741,0.01710909254340892,-0.017748497404988677,-0.8035114384768125,FALSE
2523,-0.015108032956239312,0.017687747533756713,-0.019505203059405816,-0.8541524536917962,FALSE
2524,-0.01660016058729984,0.019698099422859987,-0.02143161217690554,-0.842729048673349,FALSE
2525,-0.022117301786447326,0.023765748911511113,-0.02855450896356786,-0.9306376949785349,FALSE
2526,-0.07573919014432776,0.1427657162212731,-0.09778296669057517,-0.5305138526881293,FALSE
2527,0.0790003097205368,0.2292711618591393,0.10199323017882707,0.34457150685646804,FALSE
2528,0.17670469748464335,0.2070453901342055,0.22813433197903127,0.8534587385408798,FALSE
2529,0.036872156109810934,0.1569254293432326,0.04760374128406693,0.23496609991209846,FALSE
2530,0.057766090689804574,0.20793706902776946,0.07457882386915031,0.27780564071570163,FALSE
2531,0.18092480808532893,0.03565315468098797,0.23358269937655732,5.0745806283954735,TRUE
2532,0.16188167071251192,0.05224242880876627,0.2089970857218321,3.098662799638982,TRUE
2533,0.04685883384874768,0.25414594223637377,0.060497026449053526,0.18437765890106417,FALSE
2534,0.11340210778466342,0.30035150980895126,0.14640761945061828,0.3775646337080066,FALSE
2535,-0.036190868420695695,0.08644201210861531,-0.04672416584518902,-0.4186722120167851,FALSE
2536,-0.17421814484723253,0.1164776447150946,-0.22492407196364195,-1.4957217350451386,FALSE
2537,0.056036812867098336,0.16457741735789744,0.07234624235601014,0.34048907661029926,FALSE
2538,0.07375801237630684,0.10324911216682711,0.09522517013466618,0.7143694587623247,FALSE
2539,0.06740658763510252,0.11985554237650319,0.0870251728449752,0.5623985866532367,FALSE
2540,-0.009822788526990499,0.05406471619651246,-0.012681696246196389,-0.1816857503013053,FALSE
2541,0.012829657825261982,0.09186308707680278,0.01656371029830747,0.1396606431758129,FALSE
2542,-0.018284562122216616,0.0792801429709575,-0.023606256226682932,-0.23063230510210803,FALSE
2543,-0.011395200906035432,0.051591037977339216,-0.014711756865949579,-0.22087558910988855,FALSE
2544,-0.040982322539768024,0.033842086090532096,-0.05291016542653993,-1.2109868886372679,FALSE
2545,0.03719083713731631,0.06397103890912026,0.048015173941824356,0.5813699100643192,FALSE
2546,0.04784685451748992,0.1100808526400879,0.061772609036576845,0.4346519251075063,FALSE
2547,0.004603973679990626,0.05641486926345082,0.005943953244508302,0.08160922359831428,FALSE
2548,-0.022754048929221473,0.04248610118863631,-0.029376580397571253,-0.5355645326972827,FALSE
2549,-0.022917525975080122,0.019538956079447726,-0.029587637189958504,-1.1729145549994957,FALSE
2550,-0.0019420366915040962,0.049682653734441216,-0.0025072635283708753,-0.03908882769999521,FALSE
2551,-0.010721521831940153,0.05995898897649972,-0.013842004517966102,-0.17881425312462054,FALSE
2552,-0.023976549167614238,0.025271434825007176,-0.03095488747825414,-0.9487608967848714,FALSE
2553,-0.021334638841881918,0.0387332509091895,-0.02754405315472504,-0.5508094038349943,FALSE
2554,-0.033905036179450794,0.05703660275464143,-0.04377304559317729,-0.594443472120922,FALSE
2555,-0.024995333027761406,0.05454207471010585,-0.0322701868374344,-0.4582761686388533,FALSE
2556,0.005525084206273182,0.0560245986820889,0.007133151593978252,0.09861889841684052,FALSE
2557,-0.021635095121334078,0.025988654762108505,-0.027931956779118958,-0.8324823011954462,FALSE
2558,0.02617104690984512,0.06480724844202566,0.033788090463686055,0.4038290089303334,FALSE
2559,-0.018368247895624003,0.054852108526976494,-0.023714298617656164,-0.3348685837043151,FALSE
2560,-0.021677704061740386,0.017333900996415595,-0.02798696698707776,-1.2505958160383532,FALSE
2561,-0.014844648066823412,0.017952818684093808,-0.019165160396954865,-0.8268700491013016,FALSE
2562,-0.015675634198675157,0.017248861236214517,-0.020238003783533836,-0.9087924115108352,FALSE
2563,-0.025291408350009547,0.020750289823968576,-0.03265243443366724,-1.2188460288778975,FALSE
2564,-0.02104595770217415,0.01783607997297424,-0.027171351806658726,-1.1799654259267514,FALSE
2565,-0.09580353898974661,0.27594323898316014,-0.12368701386986239,-0.34718567246937754,FALSE
2566,0.0953681912927607,0.23211448125559064,0.1231249588852227,0.4108670461958249,FALSE
2567,0.08657271628285214,0.13547949588878228,0.11176957419886974,0.63900973143509,FALSE
2568,0.12851397698684303,0.30842914009877576,0.1659177752895334,0.4166726170740089,FALSE
2569,0.05784042724905604,0.15185881340613164,0.07467479597135164,0.3808829132252432,FALSE
2570,0.011951904524438449,0.0771382416698537,0.015430488229079973,0.1549413658609405,FALSE
2571,-0.03284109812842595,0.10064495372353056,-0.04239944998427323,-0.3263064556484343,FALSE
2572,-0.0426699155708751,0.2629737662692904,-0.05508892985263868,-0.16225921002013657,FALSE
2573,0.11039892198348852,0.22922218415173956,0.14253036097185323,0.48162407313249883,FALSE
2574,-0.1771714651061972,0.18122006496733187,-0.22873695160968302,-0.9776592075393831,FALSE
2575,-0.12555589178835777,0.10982282841997403,-0.16209874387554316,-1.1432585883530413,FALSE
2576,0.040096444544007424,0.12047384958265338,0.05176645398222289,0.33282280497311156,FALSE
2577,0.10568530166709085,0.10214332970883133,0.13644484860352682,1.0346764881109343,FALSE
2578,-0.0010146795565815058,0.06731641201170162,-0.001310000504279852,-0.015073286383788903,FALSE
2579,-0.040010381828423335,0.07374949827170114,-0.0516553428436535,-0.5425173427081599,FALSE
2580,-0.011696455459833674,0.06500888647503097,-0.015100691101228615,-0.17992087073089805,FALSE
2581,0.01950502779151331,0.05082838743735513,0.02518193658001672,0.38374280151131746,FALSE
2582,-0.019975469966246367,0.06050878395216189,-0.025789300236983538,-0.33012512665993965,FALSE
2583,-0.05089827884754346,0.06900579172173131,-0.06571214579496905,-0.7375943029940567,FALSE
2584,-0.07237483294536344,0.08698341011439675,-0.09343941842587059,-0.832053294417628,FALSE
2585,-0.026844220657233117,0.06743894095166862,-0.03465719041038967,-0.39805222736922174,FALSE
2586,-0.016498130552358617,0.046065043098656444,-0.021299886454870697,-0.35814859690948186,FALSE
2587,-0.01660384644306182,0.030200123481826643,-0.02143637079540295,-0.549793991837597,FALSE
2588,-0.020536287538059094,0.01098478884627966,-0.02651334291343088,-1.8695204637469518,FALSE
2589,-0.025043139109902707,0.017639633996853164,-0.03233190680735647,-1.4197085446540612,FALSE
2590,-0.025162180586880304,0.03689340407665062,-0.032485595125859953,-0.6820238255760502,FALSE
2591,-0.02280857536663575,0.024472795057437612,-0.029446976671987125,-0.9319971549266873,FALSE
2592,-0.024769032447299163,0.021195350953799343,-0.031978021815875154,-1.1686068563473928,FALSE
2593,0.1950893037161373,0.033711887589913815,0.25186975000142936,5.78695877517418,TRUE
2594,-0.02553622205823582,0.02263411543956798,-0.032968500800778754,-1.1282182476455211,FALSE
2595,-0.029036480436420344,0.018866603914817582,-0.03748750407702459,-1.5390411844929588,FALSE
2596,0.1320887749830614,0.05308258748241109,0.17053301282671393,2.4883635340275942,TRUE
2597,-0.020434585803337263,0.029407702710365746,-0.026382041042896907,-0.6948718845737786,FALSE
2598,-0.014865998977687945,0.016936370807043147,-0.019192725458079783,-0.8777558750370404,FALSE
2599,-0.014686930021685966,0.016467865164865217,-0.01896153875372381,-0.8918539151644902,FALSE
2600,-0.016077146466001353,0.017691047779977966,-0.02075637558797219,-0.9087729944518513,FALSE
2601,-0.02453454399950898,0.021137636697659567,-0.03167528586060683,-1.1607042144983755,FALSE
2602,-0.12064673480145431,0.13907082334194068,-0.1557607841849993,-0.8675201016450007,FALSE
2603,-0.11507519869880874,0.2142606307085102,-0.14856766094058432,-0.5370804627909558,FALSE
2604,0.09494248645429756,0.15421918422425948,0.12257535329846987,0.615633437123075,FALSE
2605,-0.10194860089362141,0.17084463524033563,-0.13162058673105984,-0.5967328195597436,FALSE
2606,0.03308243435891615,0.20728677589491556,0.04271102675902198,0.1595974186780123,FALSE
2607,0.04097143662824443,0.1882763104995911,0.0528961111869596,0.21761333924340637,FALSE
2608,-0.027613515716209767,0.17216351937208582,-0.03565038763079553,-0.16039121305675955,FALSE
2609,0.1826297623920594,0.1633938966180719,0.23578387805124723,1.1177269541404642,FALSE
2610,0.11109980006980806,0.28625545851398176,0.14343522856336222,0.38811417132987713,FALSE
2611,-0.016002918763594592,0.16917858776652667,-0.02066054402523529,-0.09459186871614787,FALSE
2612,-0.16922676028511033,0.12263089030089473,-0.21847995248668714,-1.3799684554999567,FALSE
2613,-0.01096322821665138,0.1547364032889749,-0.014154059179761124,-0.0708509955228649,FALSE
2614,0.02353387415080995,0.12641140186693017,0.030383372568463872,0.18616891991739334,FALSE
2615,0.07322379092867247,0.09449107574456599,0.09453546434404604,0.7749281120115032,FALSE
2616,-0.027868311660304394,0.06177882718510557,-0.03597934154840175,-0.4510981015680926,FALSE
2617,-0.048586445414537695,0.09168349951849479,-0.06272745674372639,-0.5299366371234185,FALSE
2618,0.050303418073146124,0.16202773541684326,0.06494415169340048,0.3104617733731341,FALSE
2619,-0.005476943367375777,0.030929019141583188,-0.007070999436853374,-0.17708105589459777,FALSE
2620,-0.03689896028601419,0.031994966938486864,-0.04763834677514568,-1.1532738995153733,FALSE
2621,-0.04401103706259583,0.06614731294821902,-0.056820382722718825,-0.6653488267474786,FALSE
2622,-0.053785041769909725,0.05880533364822374,-0.06943909669242947,-0.9146286303153106,FALSE
2623,-0.02825534419809437,0.028156993767741157,-0.03647901931995923,-1.003492930785313,FALSE
2624,-0.01643755987084392,0.030928568523709503,-0.021221686768266038,-0.531468498396331,FALSE
2625,-0.023917563746780102,0.012798520910049363,-0.030878734440049443,-1.8687756120318637,FALSE
2626,-0.02673263777783223,0.020099404336247476,-0.034513131502987786,-1.3300213941973549,FALSE
2627,-0.03854323061142749,0.061744677049867774,-0.04976117948769259,-0.6242356823779035,FALSE
2628,-0.024599817751840464,0.03778976753078494,-0.03175955743966433,-0.6509650458103651,FALSE
2629,-0.023679432555804347,0.023793780119414652,-0.030571295526710163,-0.9951942245815324,FALSE
2630,-0.025426154389511787,0.030002032855194437,-0.03282639810382567,-0.8474810527750488,FALSE
2631,-0.026136583219665915,0.029870395854640033,-0.03374359616869286,-0.8749995596595312,FALSE
2632,-0.0022378852696414956,0.04308694606882494,-0.0028892183869630604,-0.05193882309660121,FALSE
2633,-0.022814233707767608,0.02515074219623149,-0.029454281864732996,-0.907099819550694,FALSE
2634,-0.030295452968657287,0.02580607361943159,-0.03911289865741929,-1.173965997905441,FALSE
2635,-0.01834395039173579,0.015555687288315983,-0.02368292936207213,-1.1792439672861061,FALSE
2636,-0.016343556078395723,0.017966836041144903,-0.021100323314442018,-0.9096513176258862,FALSE
2637,-0.016497072141111468,0.017459271871772857,-0.021298519994633565,-0.9448888969867627,FALSE
2638,-0.01412369735055622,0.016374307238586246,-0.01823437806696212,-0.8625523599113594,FALSE
2639,-0.028701620234828733,0.03526572796179938,-0.03705518332107466,-0.8138672272955478,FALSE
2640,0.03946409882212558,0.23215103873215667,0.050950064995994325,0.16999320372482643,FALSE
2641,0.07699375879312419,0.17462870701614128,0.0994026756439259,0.44089978164934535,FALSE
2642,0.07552901742434161,0.1494860971648923,0.09751162351884979,0.505257805620736,FALSE
2643,0.010038286514781775,0.32897748509794206,0.012959914596853766,0.030513597341754895,FALSE
2644,0.18311263910908104,0.03269570159680446,0.23640729530519733,5.600511081462087,TRUE
2645,0.18007212456203484,0.04875908871127476,0.23248184360562835,3.6930986472763188,TRUE
2646,0.14840919068436303,0.2054770985538958,0.19160346079236643,0.7222663339556351,FALSE
2647,0.015603856262982569,0.19936233961307734,0.020145334988401858,0.07826882596415427,FALSE
2648,0.09453130222384547,0.20957049344901665,0.1220444945206909,0.4510716211432818,FALSE
2649,-0.05700294483213221,0.13080422237951492,-0.07359356556577226,-0.4357882627576353,FALSE
2650,-0.012355635007227176,0.05061874538138987,-0.01595172385723062,-0.2440920831627281,FALSE
2651,-0.008089947783471224,0.12030089892129665,-0.01044451482953839,-0.06724760875447686,FALSE
2652,0.10262970810080391,0.0767350583751666,0.1324999291590119,1.337455268477615,FALSE
2653,-0.009454500274079885,0.059507130998848516,-0.012206218255234722,-0.15888012269088947,FALSE
2654,-0.005965498431276295,0.06962423381597026,-0.007701747711938725,-0.08568135122383122,FALSE
2655,-0.006212493333464991,0.05774527044488711,-0.008020630106210905,-0.10758445298813314,FALSE
2656,0.01863442133207455,0.05910507330423133,0.02405794142953153,0.3152761732678625,FALSE
2657,-0.04439558878858822,0.045650197310470354,-0.05731685764596348,-0.97251690910886,FALSE
2658,-0.05598332655964731,0.06375939520852043,-0.07227718893980752,-0.8780404264588448,FALSE
2659,-0.02492140626096375,0.014589271260226558,-0.03217474379715972,-1.7082008975256207,FALSE
2660,-0.0410821625041208,0.06245667144886312,-0.053039063661259524,-0.6577706040219761,FALSE
2661,-0.034846849056834384,0.08007839966107806,-0.04498897168167206,-0.4351591590780956,FALSE
2662,-0.02571602830356268,0.03884654430452436,-0.033200639381400616,-0.6619901142807083,FALSE
2663,-0.02701409761725726,0.03830106185457417,-0.03487650980226438,-0.7053093650465216,FALSE
2664,-0.02093944658533756,0.07263216759175649,-0.02703384079063173,-0.2882943918599797,FALSE
2665,-0.023789819678236932,0.022879742008411395,-0.030713810653889697,-1.0397765704478206,FALSE
2666,-0.018199332835752993,0.02014877192022971,-0.023496221085516876,-0.9032477467016514,FALSE
2667,-0.02437631648278552,0.01839673241017715,-0.0314710064648565,-1.3250351170678787,FALSE
2668,-0.014508491011151797,0.016238086130522713,-0.018731165339509682,-0.893485284813227,FALSE
2669,-0.014583630368433124,0.015968067304366843,-0.01882817389289123,-0.9132996555221738,FALSE
2670,-0.015115457740632408,0.017113174501807268,-0.019514788816047936,-0.8832643960380415,FALSE
2671,-0.014319379583917633,0.019548312201771438,-0.01848701331788379,-0.7325123231160607,FALSE
2672,-0.008090535164105617,0.11867644758880504,-0.010445273166416538,-0.06817304805194398,FALSE
2673,0.013429914620988588,0.11044960824183414,0.0173386709250382,0.12159313948477948,FALSE
2674,0.17192395781756933,0.36903167742370524,0.22196216527470033,0.46587859074269694,FALSE
2675,0.15954887944821153,0.24449812807574614,0.20598533909424774,0.6525566502447122,FALSE
2676,-0.0673353149296822,0.3035625456447011,-0.08693315632662081,-0.22181693985559575,FALSE
2677,-0.08676748636173592,0.23463057293487063,-0.11202103181413499,-0.369804690311271,FALSE
2678,0.04850286143336695,0.20388987478098927,0.06261954577146606,0.23788754338814946,FALSE
2679,0.17880343342193583,0.23606833474725805,0.23084390183127707,0.7574223523598294,FALSE
2680,-0.04635743341046364,0.20749439323398497,-0.05984969417283113,-0.22341535444857927,FALSE
2681,-0.010623136513052172,0.19385804888313662,-0.013714984301070033,-0.054798532092191404,FALSE
2682,-0.040786366193202764,0.06855624810597254,-0.052657176282181715,-0.5949328809557404,FALSE
2683,-0.040521457072160566,0.1542207354600306,-0.052315165762798856,-0.2627497330452202,FALSE
2684,0.020209587535866023,0.12482136287422908,0.026091557370551684,0.16190808264310774,FALSE
2685,0.06967609531258653,0.11433990539072181,0.08995521729367524,0.6093768844262175,FALSE
2686,-0.012261993506492814,0.04431099441437539,-0.015830828139574874,-0.2767257577617074,FALSE
2687,-0.036797152169779315,0.07948650353808435,-0.04750690756092046,-0.462935851142939,FALSE
2688,0.003523075184711441,0.05723392452899308,0.00454846087974484,0.061555715665221444,FALSE
2689,-0.007117384274162232,0.020292703695186362,-0.00918888818428369,-0.3507361257066277,FALSE
2690,-0.03412471464045137,0.035734617294121834,-0.0440566611374381,-0.9549483728783271,FALSE
2691,-0.026071495072261305,0.06018184350166195,-0.03365956421459501,-0.43321197150667756,FALSE
2692,-0.029122096289003887,0.028326022418374907,-0.03759803829379413,-1.0281039765792381,FALSE
2693,-0.03307312878249317,0.03787572305013328,-0.04269901280867909,-0.8732012518603731,FALSE
2694,-0.02070117791185404,0.04954900800050302,-0.02672622438070909,-0.41779197500066767,FALSE
2695,-0.025425724676753594,0.03930041167384648,-0.03282584332382022,-0.6469582275056378,FALSE
2696,-0.025173963152128106,0.03306692488408268,-0.03250080698887248,-0.7613034245057972,FALSE
2697,-0.17385769377128774,0.20376102237921098,-0.22445871214812865,-0.8532431362055525,FALSE
2698,-0.024891086970908725,0.054967375163796725,-0.032135600123668055,-0.4528338290983702,FALSE
2699,-0.01633189699142963,0.01813726352366478,-0.021085270867878023,-0.9004609195935441,FALSE
2700,-0.01570963054565783,0.04006978915226089,-0.020281894715801177,-0.39205673096913296,FALSE
2701,-0.016140148765576595,0.016697154441272528,-0.02083771461139,-0.9666406825393488,FALSE
2702,-0.01611662751307749,0.01722329709929392,-0.02080734753398585,-0.9357457762101894,FALSE
2703,-0.012882954242874008,0.017719438693756622,-0.016632518557521132,-0.7270520508876654,FALSE
2704,-0.014456354507874919,0.022594500574741282,-0.018663854585941136,-0.6398173953902697,FALSE
2705,0.07378057702141484,0.13649484194942008,0.09525430218554731,0.5405374735607605,FALSE
2706,0.11151265928093992,0.14208823942739035,0.1439682498224102,0.7848127313726405,FALSE
2707,-0.13729426879350962,0.18150208013441255,-0.17725355772434345,-0.7564335829751122,FALSE
2708,0.11263375436621643,0.1005273735824459,0.14541563793379164,1.120428698695104,FALSE
2709,0.16931767657549135,0.14317047679141,0.21859732982564492,1.1826298296273476,FALSE
2710,0.22603975104155682,0.09215774044292,0.29182827813082673,2.4527484067554775,TRUE
2711,-0.017029994017260474,0.23872977996412448,-0.02198654797545638,-0.0713358593964259,FALSE
2712,0.11633808491229033,0.18682610628497023,0.1501981082732207,0.6227078604038192,FALSE
2713,-0.026824837026617247,0.11483792372408995,-0.03463216520344935,-0.23358866267093706,FALSE
2714,0.00963033782429953,0.15277857352361213,0.01243323305805101,0.06303461016941063,FALSE
2715,0.0068784098337865895,0.049133644066329515,0.008880360595084211,0.139993887375845,FALSE
2716,-0.03677048606808675,0.1411720187348338,-0.047472480330729545,-0.26046582316821215,FALSE
2717,0.10658714922096957,0.08337264640640478,0.1376091775216583,1.2784426765273151,FALSE
2718,-0.02250842454514421,0.0736792368835626,-0.0290594674086305,-0.3054920965144484,FALSE
2719,-0.0027179912270077185,0.04658488941904691,-0.0035090584558577498,-0.05834491099803766,FALSE
2720,0.010800500196269627,0.054586847389586364,0.013943969415581042,0.19785902122513963,FALSE
2721,0.008978579169113756,0.05131978391324127,0.011591781033691101,0.17495356535975495,FALSE
2722,-0.03466301847450611,0.03624324972057421,-0.044751637486861416,-0.9563992948134823,FALSE
2723,-0.02945647468065959,0.037055657439147134,-0.03802973700975625,-0.794925167068836,FALSE
2724,-0.0312502836216126,0.03956079360180082,-0.040345631325343946,-0.7899306554909473,FALSE
2725,-0.02408694420565806,0.020985006864021882,-0.03109741282487157,-1.1478168371226196,FALSE
2726,-0.0275627310476893,0.03267735909155233,-0.03558482216144122,-0.8434809854268409,FALSE
2727,-0.02784764292076538,0.03275296721996689,-0.03595265720353315,-0.8502326746075353,FALSE
2728,-0.02624272665141752,0.037290561597539316,-0.033880632485447926,-0.7037364289292225,FALSE
2729,-0.026698538580513378,0.037118255333786813,-0.034469107785949735,-0.7192832297861557,FALSE
2730,-0.08049280924889797,0.048702789745267816,-0.10392011943377336,-1.6527350829367842,FALSE
2731,-0.056255082364734435,0.047042374125209785,-0.07262803886025382,-1.1958385054079914,FALSE
2732,-0.02476373042125892,0.025439537536936098,-0.0319711766431885,-0.9734347719687922,FALSE
2733,-0.02000818944235557,0.018218915901260277,-0.025831542667044155,-1.0982096602669713,FALSE
2734,-0.017974567460029112,0.01650734368448577,-0.023206038087709248,-1.0888830937058815,FALSE
2735,-0.014546817845367228,0.016147212342506136,-0.018780647140758163,-0.9008872576149873,FALSE
2736,-0.015319838572899045,0.01757608811669426,-0.01977865437990777,-0.871629595344816,FALSE
2737,-0.016233990820459957,0.01726984897773143,-0.020958869254175973,-0.9400192695021734,FALSE
2738,-0.012442248629487621,0.019207179441741603,-0.01606354624302989,-0.647791554570879,FALSE
2739,-0.04213675016538536,0.13559501172651345,-0.054400587463629455,-0.3107544269428769,FALSE
2740,-0.15662725708679534,0.334159249385473,-0.20221338297081415,-0.4687204001530309,FALSE
2741,-0.17334827145776294,0.2764192913570282,-0.22380102324202986,-0.6271207432981338,FALSE
2742,0.09231912002386661,0.2487709614985464,0.1191884600428755,0.3711008691197507,FALSE
2743,0.02293096173993279,0.33433840130771586,0.029604983413816288,0.06858608418967632,FALSE
2744,0.16909593296326486,0.07390728003082787,0.2183110480710226,2.287946909867774,TRUE
2745,0.03413268243007663,0.09959191299655756,0.04406694794016255,0.3427254422882352,FALSE
2746,0.0022900507112835387,0.17976666503550387,0.0029565665013641103,0.012739017608360562,FALSE
2747,0.027039600680997686,0.1536301478793526,0.034909435494069184,0.17600452160100874,FALSE
2748,-0.08841782987483122,0.30054708189797835,-0.11415170530643784,-0.2941896135422966,FALSE
2749,-0.03901366987323087,0.12124178185418909,-0.050368539383925964,-0.32178403580500403,FALSE
2750,-0.008850504566383794,0.1591157827166608,-0.01142643051187026,-0.05562304640856391,FALSE
2751,0.0029080921094212456,0.13825662965204577,0.003754487912093928,0.021034015632668903,FALSE
2752,0.0626685178779649,0.08322567284708675,0.08090809506322252,0.7529950282661916,FALSE
2753,-0.015629891237994728,0.05178618264535986,-0.020178947403448187,-0.3018158597444949,FALSE
2754,-0.010919768588035835,0.09493431373185433,-0.014097950692078585,-0.1150244643773288,FALSE
2755,-6.487089309629603e-4,0.05839147253048879,-8.375146825223924e-4,-0.011109651852404312,FALSE
2756,-0.006982536958473995,0.020569885455317693,-0.009014793761658762,-0.33945434327486157,FALSE
2757,-0.029661320917954755,0.02398266243533715,-0.03829420343407308,-1.2367818209478865,FALSE
2758,-0.028404767958141338,0.027764366897242824,-0.03667193263899011,-1.0230655740600414,FALSE
2759,-0.017779633187399564,0.04099380300913363,-0.02295436849035729,-0.4337151442972532,FALSE
2760,0.01077699749575847,0.0754208172249617,0.013913626289692827,0.1428915502680559,FALSE
2761,-0.024328751818247594,0.037269121765245584,-0.03140959817676552,-0.6527857557656425,FALSE
2762,-0.025809105667469013,0.037330300578263864,-0.03332080677105921,-0.6913714936036909,FALSE
2763,0.17986219625329627,0.02187119314149525,0.2322108159806739,8.223702981802655,TRUE
2764,-0.026157434064764673,0.10433077902780623,-0.03377051562066847,-0.250716368731352,FALSE
2765,-0.022765752525528524,0.020164876883222257,-0.029391690307852464,-1.1289804870800013,FALSE
2766,-0.01874972213017402,0.01691102487602259,-0.024206800350236556,-1.1087277245247529,FALSE
2767,-0.015470758145486603,0.01661127333898646,-0.019973498865453018,-0.9313408930052893,FALSE
2768,-0.015525584379618805,0.016430573273239688,-0.020044282191967373,-0.9449204310421214,FALSE
2769,-0.015419387965165617,0.016828710910671427,-0.019907177471975696,-0.916254848455913,FALSE
2770,-0.015356621199802955,0.01715964754901496,-0.0198261425346462,-0.8949263763103628,FALSE
2771,-0.015002684281116082,0.017414630848454342,-0.01936919281199175,-0.8614988403528326,FALSE
2772,-0.01768582366030218,0.021758880673862172,-0.022833255842520123,-0.8128094420567898,FALSE
2773,-0.046668774011380705,0.27880679729024843,-0.06025164998396251,-0.16738750441151098,FALSE
2774,0.020892695548907964,0.08876595986820297,0.026973482935877358,0.23536832790327294,FALSE
2775,-0.0312348725840585,0.16218683827074906,-0.04032573492865753,-0.19258574195716233,FALSE
2776,0.031597500341242195,0.18647751469961824,0.040793904945186636,0.16944402327615793,FALSE
2777,0.017022985887738065,0.08059367877437373,0.021977500140453826,0.2112198642203046,FALSE
2778,0.030080499167007314,0.17800233747740632,0.03883538287745521,0.16898934920349237,FALSE
2779,0.02739583721853473,0.14807695409438176,0.03536935413615622,0.18501080999459973,FALSE
2780,0.18357999099671404,0.2117238709623224,0.2370106692516854,0.8670727120296382,FALSE
2781,-0.001957378990369588,0.09920368069187643,-0.0025270711800775077,-0.01973091095731767,FALSE
2782,-0.0013549042219994725,0.12224029627877382,-0.0017492470431256153,-0.011083940920018387,FALSE
2783,-0.015750155887344592,0.03664111888742923,-0.02033421489678977,-0.42984920672682103,FALSE
2784,0.003589899009744889,0.05873604654446857,0.004634733677815838,0.06111918014480267,FALSE
2785,0.08513469736137413,0.08565563975907187,0.10991302204890156,0.9939181774934726,FALSE
2786,0.0012305359390627657,0.0391846211257069,0.0015886815598587629,0.031403543117467535,FALSE
2787,-0.010213628456174382,0.052894794431072305,-0.013186289544644755,-0.19309326307116773,FALSE
2788,0.017209167052829398,0.053300181827570965,0.022217869051579575,0.32287257684227055,FALSE
2789,0.022371092051548414,0.049649074412006014,0.028882164500833075,0.45058427204311974,FALSE
2790,-0.02796252562726402,0.013351666460638305,-0.03610097634771033,-2.094309778460959,TRUE
2791,-0.030803827973887567,0.029210152729043665,-0.03976923543773112,-1.0545589494045784,FALSE
2792,-0.02560586643876342,0.015950637999197173,-0.033058415072747316,-1.6053192630948188,FALSE
2793,-0.024983284301905287,0.01942754307334983,-0.03225463134817174,-1.2859724056500315,FALSE
2794,-0.033361842429605736,0.036154122900157494,-0.043071756125381125,-0.9227673015809881,FALSE
2795,-0.02462516430084926,0.03662949930537095,-0.03179228106336198,-0.6722768470176304,FALSE
2796,-0.02503222427138354,0.03744909596493124,-0.03231781522162233,-0.6684333393474883,FALSE
2797,-0.02671224256869308,0.037464141570246696,-0.034486800299127526,-0.7130082646790826,FALSE
2798,-0.016067817029321117,0.018773429997867765,-0.020744330832880315,-0.8558807330970448,FALSE
2799,0.020771901997118657,0.054668729421285006,0.026817532603842623,0.37995947988926954,FALSE
2800,-0.024620811118282255,0.020194893250732756,-0.03178666089360394,-1.2191602506930264,FALSE
2801,-0.016832944358726034,0.017466712143692175,-0.02173214731233673,-0.9637156793017273,FALSE
2802,-0.014709561303763418,0.01606146762172871,-0.018990756836163396,-0.9158292162456955,FALSE
2803,-0.01427295549896881,0.015992416530315096,-0.018427077573343338,-0.8924827259165686,FALSE
2804,-0.013744638227103692,0.01624611031174189,-0.017744994359905238,-0.8460264003728784,FALSE
2805,-0.015045768418479079,0.0164568159809188,-0.019424816522261558,-0.9142575596594268,FALSE
2806,-0.014355569686835464,0.017048252851984868,-0.018533736495427666,-0.8420551836878755,FALSE
2807,-0.012532383853627775,0.017784601888303993,-0.016179915187600712,-0.7046760974655087,FALSE
2808,-0.01118885278596075,0.056047193230465864,-0.014445351438145616,-0.19963270488768683,FALSE
2809,0.043109228953080864,0.10482378524701541,0.055656104729173414,0.4112542668774527,FALSE
2810,-0.05544040043068687,0.21812201623149965,-0.07157624498354899,-0.25417150175178216,FALSE
2811,0.154522005147336,0.3008758996806926,0.19949540064384258,0.5135738864805188,FALSE
2812,-0.037987291890784654,0.24791239389509048,-0.04904343564465665,-0.1532286921760749,FALSE
2813,0.06370378414622621,0.15337384109378518,0.082244674010427607,0.41534973429577576,FALSE
2814,0.17010988831411544,0.06547803602556959,0.21962011359059072,2.597968702782815,TRUE
2815,0.038191220977160344,0.0972448926278568,0.049306717982668384,0.392732409333959,FALSE
2816,0.012343411702297002,0.18253154481989145,0.01593594297791889,0.0676234440160826,FALSE
2817,-0.011303167544427515,0.1519848445233684,-0.014592937333876689,-0.07437035962286093,FALSE
2818,-0.002955771517848664,0.06436318516344491,-0.0038160443401095995,-0.04592332573881684,FALSE
2819,0.002087917052916663,0.059525813710306574,0.0026956021479630785,0.0350758254742707,FALSE
2820,0.008530752833746625,0.09698635892428766,0.011013615521874546,0.08795827504367033,FALSE
2821,0.07042745484624982,0.08164938283743087,0.0909252588812977,0.8625595491208473,FALSE
2822,-0.011507846437427326,0.03817283822362592,-0.01485718770859453,-0.30146687993204796,FALSE
2823,-0.007931910527701147,0.04918874607587082,-0.01024048106990368,-0.16125457874991628,FALSE
2824,0.0022184534558050747,0.053482810470126235,0.0028641309731488465,0.04147974716183307,FALSE
2825,-0.007287951911595536,0.021013144365821308,-0.009409099274181116,-0.3468282416338257,FALSE
2826,-0.024550706859564047,0.016547989194940115,-0.03169615289659411,-1.4836066527690823,FALSE
2827,-0.02461958212021173,0.01884202893993336,-0.03178507419750693,-1.3066311594519184,FALSE
2828,-0.027516683380385244,0.031104187581117354,-0.03552537239033077,-0.8846616973558248,FALSE
2829,-0.02462889673288888,0.03665282961953931,-0.03179709981409208,-0.671950760378932,FALSE
2830,-0.025387116176239673,0.03486141078571063,-0.0327759978777238,-0.7282297418280507,FALSE
2831,-0.028326649849207356,0.041302026346858436,-0.03657107837280023,-0.6858416488168739,FALSE
2832,0.01681137624691387,0.061962180825724356,0.021704301834257433,0.27131672938042267,FALSE
2833,-0.08018969736925888,0.0606004504013958,-0.10352878730078136,-1.3232524979288254,FALSE
2834,-0.017551538982775835,0.01755859069201249,-0.022659887813041703,-0.9995983897933298,FALSE
2835,-0.014676964298873937,0.016095252581408138,-0.01894867252238546,-0.9118815765480757,FALSE
2836,-0.014477687864820125,0.01615207926018868,-0.0186913969841051,-0.8963358606408303,FALSE
2837,-0.015268767823301464,0.01653870427308662,-0.01971271956601226,-0.9232142718791024,FALSE
2838,-0.01538026953748252,0.017511528751687936,-0.01985667368518005,-0.8782939374153736,FALSE
2839,-0.013234008497652956,0.01715461667838093,-0.017085746621304507,-0.7714546320543022,FALSE
2840,-0.019603424892449872,0.03720088858413672,-0.025308972008108756,-0.5269612000829789,FALSE
2841,0.017469595842559554,0.3516502716754344,0.02255409524600975,0.04967889192670272,FALSE
2842,-0.015690124429937752,0.19970214610813353,-0.020256711374652635,-0.07856763052231776,FALSE
2843,0.08688302318145368,0.32631594079128806,0.11217019545019272,0.2662543024124713,FALSE
2844,0.11540520781400387,0.24528766184059786,0.14899371870879152,0.47048924902305467,FALSE
2845,0.01365942401885423,0.1872753203623187,0.01763497868544473,0.07293766200707895,FALSE
2846,-0.04431978039903623,0.24230765843907737,-0.05721898533948248,-0.1829070557841217,FALSE
2847,0.11308434353154222,0.11958100755730956,0.14599737039304062,0.9456714393156973,FALSE
2848,-0.008702448937733363,0.1593637937586616,-0.011235283516806152,-0.05460744082757113,FALSE
2849,-0.03718706374956058,0.13552332369515974,-0.04801030231527902,-0.2743960429513044,FALSE
2850,0.07544598574404227,0.27714477815180943,0.09740442559379274,0.2722258966853628,FALSE
2851,-0.007889810579252216,0.18422142583100848,-0.010186127995240324,-0.04282786621405136,FALSE
2852,0.007286382087086766,0.1444484868273964,0.00940707255462736,0.05044277200212814,FALSE
2853,0.08100759113678947,0.08836711622028595,0.1045847278102385,0.9167164732959001,FALSE
2854,0.019140576784804547,0.09025979722243183,0.024711412659950503,0.21206093270557042,FALSE
2855,-0.010294376998261679,0.03307552130854678,-0.013290539827572107,-0.3112385411020443,FALSE
2856,-8.801987522576261e-4,0.061868097700521985,-0.0011363792655966112,-0.014227021437095193,FALSE
2857,-0.006305040279006552,0.027264951699996823,-0.008140112700043244,-0.2312507408185611,FALSE
2858,-0.028903899173068407,0.013733642578262255,-0.03731633523783537,-2.1046054612501552,TRUE
2859,-0.02369372109845892,0.047650871683324596,-0.03058974272805713,-0.49723583769718377,FALSE
2860,-0.03159434034025797,0.06988958109413898,-0.040789825230703375,-0.45206080571153273,FALSE
2861,-0.025058510022208238,0.03665986349596988,-0.032351751400401516,-0.6835407345410054,FALSE
2862,-0.024439834471873107,0.034869968048381,-0.03155301126843796,-0.7008849115652642,FALSE
2863,-0.024878801942453326,0.0350916216224987,-0.03211973955629259,-0.708967006714289,FALSE
2864,-0.0278850377589755,0.02746796436635437,-0.03600093575275096,-1.0151839935081612,FALSE
2865,0.0422460302739816,0.07117323858625815,0.054541673382272705,0.593566221140572,FALSE
2866,-0.015170002646927156,0.024094802412515,-0.01958520893468396,-0.6295964742606794,FALSE
2867,-0.013098349025417047,0.020490466658207356,-0.01691060366519913,-0.6392411282722332,FALSE
2868,-0.015245071659865456,0.016545124359035022,-0.019682126670108012,-0.9214238182223377,FALSE
2869,-0.01441261626675496,0.01600822823303274,-0.01860738639600687,-0.9003255111652358,FALSE
2870,-0.014870654480318851,0.016671052179789675,-0.019198735937698306,-0.8920045549582379,FALSE
2871,-0.015405741179193161,0.016605963474229938,-0.019889558809620907,-0.9277234171387074,FALSE
2872,-0.01579900787156297,0.017420230210544632,-0.020397285177003906,-0.9069345054923373,FALSE
2873,-0.01351767168745851,0.018347636957968507,-0.01745196955275179,-0.7367527337948384,FALSE
2874,0.05895523933778995,0.12963989672312037,0.07611407242956557,0.45476154199431484,FALSE
2875,0.07044993906651283,0.15396530205654813,0.09095428709980455,0.45757023254913687,FALSE
2876,0.10403359971695016,0.1985019820874497,0.13431242130313456,0.5240935058830714,FALSE
2877,-0.03162315657391403,0.30945027537527653,-0.04082702838550828,-0.10219139904000406,FALSE
2878,0.06324888165580485,0.20808764107123548,0.0816573728393487,0.30395309077559585,FALSE
2879,0.061353419550847006,0.12526735543698073,0.07921023936037763,0.48977979407981176,FALSE
2880,-0.04594713117299465,0.19708774946340346,-0.059319974090756775,-0.23313032544179724,FALSE
2881,0.1295891584517906,0.10851899880191906,0.16730588669094854,1.1941610214109248,FALSE
2882,0.10773369031681287,0.33800773034476206,0.1390894176664312,0.3187314390914266,FALSE
2883,-0.044000843309982336,0.11707721688763724,-0.056807222093850765,-0.3758275476620815,FALSE
2884,-0.03013514321020131,0.10098463246022979,-0.03890593098663481,-0.2984131592702411,FALSE
2885,0.016085556838851565,0.08105273025498577,0.020767233787098698,0.19845792718206554,FALSE
2886,0.014254784704836642,0.10632203265391582,0.018403618197107847,0.1340717850197312,FALSE
2887,0.06865485762174021,0.12082650229931799,0.08863674992008841,0.5682102544991716,FALSE
2888,-0.015646625056464657,0.045780244554858386,-0.020200551574431968,-0.3417767905917439,FALSE
2889,-0.01809064331561699,0.02554885076070682,-0.023355897645210465,-0.708080511528907,FALSE
2890,-0.012317739759120384,0.0494237227610101,-0.01590279925457384,-0.24922727530427413,FALSE
2891,-0.025038117657700084,0.01649040923366006,-0.0323254238690978,-1.5183442268123053,FALSE
2892,-0.02074939873409866,0.04519207516985784,-0.026788479800213212,-0.45913799390956206,FALSE
2893,0.06473651309898408,0.0747488481316941,0.08357797716029602,0.8660536545650833,FALSE
2894,-0.03293592134898946,0.0369262392975957,-0.042521871359524094,-0.8919381441351909,FALSE
2895,-0.024621698895475327,0.03506979419512241,-0.03178780705700407,-0.7020770854395196,FALSE
2896,-0.024397737984427965,0.03423619505319663,-0.031498662662098297,-0.7126299504521005,FALSE
2897,0.1694067528972446,0.03424919139103208,0.21871233167589338,4.946299343627792,TRUE
2898,-0.07139703548997578,0.04947421917038247,-0.09217703450246048,-1.4431159639749769,FALSE
2899,-0.015785633948649663,0.017554332492074047,-0.02038001879408824,-0.8992443293287871,FALSE
2900,-0.014738756862157207,0.01611039488103981,-0.019028449717596277,-0.9148600621517432,FALSE
2901,-0.013840316061901486,0.014302785363517477,-0.017868519083568523,-0.9676657874769187,FALSE
2902,-0.015075026981802773,0.015702093288380774,-0.01946259074611374,-0.9600647954981889,FALSE
2903,-0.013348992006545202,0.015486435949058611,-0.017234195906259242,-0.8619796091531738,FALSE
2904,-0.017283133997525627,0.021987692065561122,-0.022313363963469345,-0.7860367493774324,FALSE
2905,0.08515173005043568,0.13434650731589154,0.10993501207630985,0.6338216880489254,FALSE
2906,1.4389998626699628e-4,0.10444924988857376,1.8578185926079274e-4,0.0013777024384618222,FALSE
2907,0.01965292774898339,0.30905771184303327,0.025372882596039276,0.06358983127062326,FALSE
2908,0.1503981729138063,0.2555779013079873,0.19417133328637093,0.5884631345046031,FALSE
2909,0.1010311149058509,0.168057525042141,0.13043606783654466,0.6011698368193689,FALSE
2910,-0.0066790998931813604,0.2714527842012116,-0.008623041798221407,-0.024605015243573797,FALSE
2911,0.04043273805751955,0.07183823044965078,0.052200625213356326,0.5628303732489294,FALSE
2912,0.011138406513869936,0.05202572585934532,0.01438022285498913,0.21409420685418765,FALSE
2913,0.04914792162353143,0.1367185817985755,0.06345234975270844,0.3594823832793994,FALSE
2914,0.03367741029173125,0.15008732312450876,0.04347916953569135,0.2243854416924559,FALSE
2915,-0.0027915982085383274,0.09377894903589716,-0.00360408863784789,-0.029767855550073885,FALSE
2916,-0.03477930612098599,0.105357276513818,-0.04490177047667288,-0.33010824948976875,FALSE
2917,0.097549783064487,0.06503728238725853,0.12594149963698728,1.4999055846712008,FALSE
2918,-0.002496863239697452,0.05234092742164057,-0.0032235715028508583,-0.04770384023927543,FALSE
2919,-0.017744193420186804,0.030743106455777578,-0.022908614032588683,-0.5771763320571048,FALSE
2920,-0.007231813583886447,0.05419634923150629,-0.00933662197124215,-0.13343728288772508,FALSE
2921,-0.027574555073754625,0.034065345934489476,-0.035600087552379395,-0.8094605916165599,FALSE
2922,-0.027363664217360154,0.0407767342929996,-0.035327817231732034,-0.6710607088036927,FALSE
2923,-0.024020416076022084,0.031089620875633085,-0.0310115217838955,-0.7726184945165546,FALSE
2924,-0.022873799074922093,0.03556660784591338,-0.02953118364175596,-0.6431256861497491,FALSE
2925,-0.022707720957359886,0.03540197099501172,-0.02931676873968647,-0.6414253308257751,FALSE
2926,-0.03332252490432733,0.022063968199482007,-0.04302099529393669,-1.5102688964675737,FALSE
2927,0.028948354098101203,0.05950797567993523,0.03737372870144952,0.4864617518465167,FALSE
2928,-0.020380323248793922,0.02668113749978971,-0.02631198545406177,-0.7638476151533851,FALSE
2929,-0.015405440788841495,0.01674845952315447,-0.01988917099111248,-0.9198124023014609,FALSE
2930,-0.014678651730151529,0.01611089491982556,-0.01895085107797993,-0.9111009539320154,FALSE
2931,-0.01476137321143063,0.01685442308639526,-0.019057648521061846,-0.8758159882283885,FALSE
2932,-0.01600335395962165,0.017315613698049737,-0.0206611058844067,-0.9242152336433859,FALSE
2933,-0.015343784573084813,0.01683301629509542,-0.019809569827169297,-0.9115291225349482,FALSE
2934,-0.015357210794569181,0.017241889241715068,-0.019826903730075895,-0.8906918829645366,FALSE
2935,-0.015066127234021514,0.019558533163125603,-0.01945110074022391,-0.7703096703809169,FALSE
2936,-0.014879466075368266,0.16746083073997597,-0.01921011213413724,-0.08885341132979502,FALSE
2937,0.0437017219816355,0.24876797701050476,0.05642104195605892,0.17567261874622273,FALSE
2938,-0.0016857705781224634,0.2222338207227706,-0.0021764115509339864,-0.007585571685892972,FALSE
2939,0.040227304526882536,0.3629597758628819,0.05193540056486026,0.11083130198449183,FALSE
2940,0.03755524894638945,0.2376456695620574,0.04848564725584249,0.15803043672370598,FALSE
2941,0.10258986409953073,0.25722972096737334,0.13244848862153205,0.39882585773415774,FALSE
2942,0.1908398085227523,0.051609848190328794,0.24638344567001655,3.6977401642214853,TRUE
2943,1.427990727538343e-4,0.09399316509917438,1.8436052653751457e-4,0.0015192495390825883,FALSE
2944,0.1230042002433339,0.21056902664830096,0.1588043863721658,0.5841514405097166,FALSE
2945,0.04444666392101864,0.07068363941433334,0.05738279811830869,0.6288111971779099,FALSE
2946,-0.013744373592442464,0.11455681887269886,-0.01774465270372678,-0.11997865974015814,FALSE
2947,0.009659570356253793,0.06847158933295118,0.012470973674143125,0.14107413673842142,FALSE
2948,0.009345667917431884,0.10425597106914754,0.012065710406065895,0.089641560301936,FALSE
2949,0.07840163804522916,0.12809788185305815,0.10122031601941178,0.6120447653862392,FALSE
2950,-0.015747573829127514,0.045931859663754945,-0.020330881334440446,-0.3428464239072384,FALSE
2951,-0.019515039136618745,0.05544474902924665,-0.02519486171194785,-0.3519727201997925,FALSE
2952,-0.006064996858747773,0.06978792270094474,-0.007830205005985151,-0.08690610959631945,FALSE
2953,-0.030425108993730795,0.0364480631253809,-0.03928029087216091,-0.8347524226203401,FALSE
2954,-0.020081428556922357,0.0454350845296846,-0.02592609791494797,-0.44198065800455016,FALSE
2955,-0.026815656965701776,0.03462063610566217,-0.03462031329971227,-0.7745570267357422,FALSE
2956,-0.025900413771512358,0.02995420028242259,-0.03343868996045213,-0.8646671761325896,FALSE
2957,-0.023828695990355267,0.03216702238865002,-0.030764001857752264,-0.7407802843064241,FALSE
2958,-0.016484070743570257,0.021376921547060185,-0.021281734560035168,-0.7711152752879515,FALSE
2959,-0.09293994946834576,0.07894595382629555,-0.11998998095661054,-1.1772604543209542,FALSE
2960,-0.016689195417668053,0.021508255300172866,-0.021546560459764202,-0.7759437102057236,FALSE
2961,-0.015392871868212993,0.018144560510142536,-0.01987294390517703,-0.8483463603104969,FALSE
2962,-0.014089845513703942,0.01632736979645211,-0.01819067370427969,-0.8629586816099201,FALSE
2963,-0.015039266581583952,0.016429761077532502,-0.01941642233558842,-0.9153673331348662,FALSE
2964,-0.015693624090059526,0.017135450306423106,-0.020261229605550848,-0.9158571154781312,FALSE
2965,-0.014891089493274251,0.018403215182667798,-0.019225118530215225,-0.8091569514059002,FALSE
2966,-0.014487437164882105,0.01881191545125763,-0.01870398380317988,-0.7701202571540146,FALSE
2967,-0.015285920887770121,0.07795459778503859,-0.01973486500390754,-0.19608748325430866,FALSE
2968,0.03999934657051618,0.15805442984461246,0.051641095790650945,0.2530732394520078,FALSE
2969,0.02239336649333339,0.2105654847053465,0.028910921885153672,0.10634870441691528,FALSE
2970,0.04183091020114067,0.28749876652209494,0.054005733241140455,0.1454994423356104,FALSE
2971,0.18986850970100425,0.21761318112455938,0.2451294517977214,0.8725046374480672,FALSE
2972,0.10608476150953065,0.17366066252523413,0.13696057062792505,0.6108738730287625,FALSE
2973,0.02240582282460442,0.2760248433935306,0.02892700361276973,0.08117321089341323,FALSE
2974,-0.016714152109295784,0.13850998344520143,-0.021578780758680666,-0.12067110033197273,FALSE
2975,0.006976275781618973,0.07105813185696865,0.009006710278765801,0.0981770220987707,FALSE
2976,0.041409737372124035,0.1136679604024997,0.05346197869831751,0.364304393476329,FALSE
2977,-0.06361585447745738,0.0965641811594664,-0.0821311525447775,-0.6587934958243156,FALSE
2978,-0.025280651305464842,0.05454222892256067,-0.03263854656760477,-0.4635060173532409,FALSE
2979,-0.056215528842314066,0.16155462897767023,-0.07257697334505679,-0.3479660669462097,FALSE
2980,0.08392161095263218,0.0765456442595148,0.10834686867872734,1.0963603711807617,FALSE
2981,-0.023807948689201747,0.053094768157704836,-0.030737216086030278,-0.4484047960900054,FALSE
2982,-0.029946680996689932,0.07453100452183688,-0.038662617131402156,-0.4018016554159798,FALSE
2983,-0.005922532339555691,0.05435378717949541,-0.007646276404316687,-0.10896264357803434,FALSE
2984,-3.942658787158902e-4,0.036821629527411685,-5.090163654013338e-4,-0.010707453303292317,FALSE
2985,-0.03158723128039848,0.036916912331072235,-0.040780647089742036,-0.8556303679225127,FALSE
2986,-0.02164859165620088,0.030484948213320314,-0.027949381460011424,-0.710140345481761,FALSE
2987,-0.023575928282857095,0.0375352579233321,-0.030437666491931113,-0.6281008733445304,FALSE
2988,0.17155973568291646,0.04510814917265855,0.22149193683955512,3.8032980476819067,TRUE
2989,-0.019431229017746937,0.015184590328701548,-0.02508665878495116,-1.2796676497105421,FALSE
2990,-0.0131184794781409,0.016022559891633918,-0.01693659305569052,-0.8187505346752134,FALSE
2991,-0.014686595553311733,0.01668326565212826,-0.018961106938835976,-0.8803189890726332,FALSE
2992,-0.016764300070477047,0.01795917892671108,-0.02164352420798932,-0.9334669551926529,FALSE
2993,-0.015523867769545594,0.017511863717509454,-0.020042065965133027,-0.8864771916894181,FALSE
2994,-0.014996068751538989,0.018543631282148375,-0.019360651842553804,-0.8086910553476889,FALSE
2995,-0.013358350801364792,0.019174615435227,-0.01724627856413245,-0.6966685118921995,FALSE
2996,-0.040601391754821865,0.16451347093195087,-0.05241836531374727,-0.24679676092674604,FALSE
2997,-0.08136711722767155,0.2878533568522822,-0.10504889342518794,-0.28266864113530815,FALSE
2998,-0.020186218902499855,0.30022538325145265,-0.02606138733184789,-0.06723688278413475,FALSE
2999,0.054657834843180056,0.21496879036408117,0.07056591486738918,0.25425939621565063,FALSE
3000,0.09317461005955116,0.1637796378945839,0.12029293915737428,0.568902283930574,FALSE
3001,0.05009078766907349,0.17160454503709147,0.06466963553235865,0.2918966258046756,FALSE
3002,0.08825808322564643,0.17712944059851354,0.1139454646370248,0.49826885314731295,FALSE
3003,0.1060925223328447,0.10076249767694821,0.13697059022710695,1.0528969088577471,FALSE
3004,0.06330327123160266,0.10942934896516451,0.08172759241878198,0.5784853134030293,FALSE
3005,-0.060741990450023854,0.10565756016995659,-0.0784208547460781,-0.5748948807100663,FALSE
3006,-0.030702556462860183,0.10916469162564572,-0.03963848900684608,-0.28124988039307874,FALSE
3007,-0.01633572419016001,0.1643712521777466,-0.02109021196700065,-0.09938309755342742,FALSE
3008,0.00773581195490063,0.10277854736330008,0.00998730830457991,0.07526679597402945,FALSE
3009,0.07926087393256166,0.1365356152970422,0.10232963121000566,0.5805142765140394,FALSE
3010,-0.01983456213217781,0.042482721108641035,-0.025607381391285416,-0.4668853975114941,FALSE
3011,-0.01439847569105695,0.04967271670405864,-0.018589130227175,-0.2898668856153077,FALSE
3012,-0.014361164990363207,0.05533216518242521,-0.018540960303570244,-0.25954460561981857,FALSE
3013,-0.008250519644459444,0.02816477353949112,-0.010651820887400042,-0.29293754600550975,FALSE
3014,0.0063552341615501565,0.06863342215352321,0.008204915436057175,0.09259678393034812,FALSE
3015,-0.04849992562538644,0.04964491331363532,-0.0626157555010206,-0.9769364550801946,FALSE
3016,-0.022479736288459264,0.020838080199014807,-0.029022429478300252,-1.0787815419542377,FALSE
3017,-0.014997594734389,0.01749054395955479,-0.01936262196040044,-0.8574687424856255,FALSE
3018,-0.014832239137162535,0.01718176206170306,-0.019149139867115784,-0.8632548328801826,FALSE
3019,-0.01732672311635684,0.018566963456362752,-0.022369639629298645,-0.9332017675953957,FALSE
3020,-0.017186651680075847,0.01810037287173732,-0.022188800613697008,-0.9495192061436372,FALSE
3021,-0.014285085809456729,0.018732281918784063,-0.018442738392321283,-0.7625918652832229,FALSE
3022,-0.01299684927425815,0.019353248475959175,-0.016779562565238076,-0.6715590558558159,FALSE
3023,0.0944511744045704,0.1220226053441418,0.12194104562100988,0.7740465312815493,FALSE
3024,0.07382890974843646,0.14846245180082535,0.09531670207954425,0.4972901151294743,FALSE
3025,-0.03477672155009123,0.09967365641138207,-0.044898433670334845,-0.34890584736409813,FALSE
3026,0.002894289072217873,0.3420975938102021,0.003736667521824186,0.008460419262181782,FALSE
3027,0.00191468915107293,0.1491859782185382,0.0024719565277288814,0.012834243364803074,FALSE
3028,0.063737937371278,0.17467946696995848,0.0822887674798884,0.36488511487294445,FALSE
3029,0.04793660170224099,0.20975444937966026,0.06188847700348227,0.22853675735609624,FALSE
3030,0.0438765795279233,0.2921980026274439,0.05664679152628371,0.15016043618842423,FALSE
3031,0.009923217571554975,0.09150596592159768,0.012811355012030842,0.10844339460945299,FALSE
3032,0.012225286672096916,0.0815119852984316,0.015783437836639092,0.14998146134384668,FALSE
3033,-0.08095363570893943,0.12124585427707008,-0.10451506873685545,-0.6676816802654945,FALSE
3034,-0.033965043415798764,0.12667173062546314,-0.043850517844753065,-0.26813435995616863,FALSE
3035,-0.04619808933655892,0.13701099565847005,-0.05964397324762353,-0.33718526833946805,FALSE
3036,0.0996959848144847,0.06313949400639575,0.12871235015481522,1.5789797872688993,FALSE
3037,-0.009557508981058909,0.057060319368834614,-0.012339207490321273,-0.16749834362614976,FALSE
3038,0.012525158635839563,0.07438301585252692,0.01617058708112148,0.16838734612041226,FALSE
3039,-0.01349650488413842,0.039325814341063275,-0.0174246421833932,-0.3431970859417302,FALSE
3040,-0.007020432952409238,0.031723390651457004,-0.009063719327216235,-0.22130146898679007,FALSE
3041,-0.023900506023235252,0.035921292684406726,-0.0308567120919094,-0.6653576259968605,FALSE
3042,0.08342314923014602,0.10635053667906025,0.10770333042708363,0.7844168147632067,FALSE
3043,-0.020446973365031883,0.021058149487311995,-0.026398033985655527,-0.9709767412066118,FALSE
3044,-0.03446519135858294,0.054691125221077455,-0.04449623308855789,-0.6301788675816159,FALSE
3045,-0.014990576944971143,0.017044948781164464,-0.0193535616540045,-0.8794732760673646,FALSE
3046,-0.01564641747526227,0.01745654098693876,-0.020200283577035114,-0.8963068621079714,FALSE
3047,-0.015401187051020365,0.017358686220481152,-0.019883679209342944,-0.8872322971567298,FALSE
3048,-0.01643278453684598,0.017430809436940673,-0.021215521580542653,-0.9427436285328434,FALSE
3049,-0.015616756118599862,0.0181734488354171,-0.020161989327453216,-0.859317142278759,FALSE
3050,-0.0055846754497535876,0.10279797820097862,-0.007210086778592592,-0.0543267051306698,FALSE
3051,-0.02589029090110248,0.12899535335923568,-0.03342562084394565,-0.2007071590323204,FALSE
3052,-0.0975421356130957,0.39418111377917947,-0.12593162640645447,-0.2474551220324038,FALSE
3053,0.17577588711195363,0.1806194115393781,0.22693519275452265,0.9731838101666691,FALSE
3054,0.1340555094909672,0.214833085377923,0.1730721624335329,0.6239984369965355,FALSE
3055,0.03406081292092614,0.16581766492538375,0.043974160919256475,0.20541124455137608,FALSE
3056,0.06560153800215414,0.19685339482270114,0.08469476625101659,0.3332507324104779,FALSE
3057,0.15116047450497713,0.23510284043128685,0.19515550160076123,0.6429546926259131,FALSE
3058,0.037561890995386586,0.1662017642569027,0.048494222463137504,0.22600175854527108,FALSE
3059,0.09717870476287625,0.15509589366330573,0.12546241955787826,0.6265717451800457,FALSE
3060,0.03860884639528519,0.06584352357648435,0.049845892646033826,0.5863727257918823,FALSE
3061,-0.010852966655424732,0.07438236958236435,-0.01401170615818629,-0.14590778320670642,FALSE
3062,0.053155491672137026,0.15099035779026884,0.06862631699247164,0.35204560377273864,FALSE
3063,-0.0018642505504902962,0.1435669723976149,-0.002406837848861409,-0.012985232740906273,FALSE
3064,0.05784300799937117,0.09908232095080396,0.07467812784513615,0.5837873744206213,FALSE
3065,-0.014671161768612771,0.03949170787586218,-0.018941181174482645,-0.37149980483827,FALSE
3066,-0.019655631687051704,0.032382562685698155,-0.025376373511185893,-0.6069819698282455,FALSE
3067,-0.011956676451267035,0.05261693926861426,-0.015436649017982527,-0.22724006028224325,FALSE
3068,-0.024604494392772916,0.0280504463196581,-0.03176559520985504,-0.8771516186368052,FALSE
3069,-0.02419043864645169,0.03555392951020496,-0.03123102916586358,-0.6803872027565439,FALSE
3070,-0.02505962417358219,0.03605082961297717,-0.032353189823844906,-0.6951192092556314,FALSE
3071,-0.026652212361030634,0.013021022042285765,-0.034409298390471,-2.0468602444936796,TRUE
3072,0.0052445597055152966,0.04975256329413882,0.006770980862270833,0.10541285429876818,FALSE
3073,-0.014313040191113353,0.07935336732473837,-0.018478828854408037,-0.18037092405341784,FALSE
3074,-0.02610973595655352,0.07326951814593395,-0.03370893505032534,-0.3563519539537529,FALSE
3075,-0.021048410168803808,0.03053893509460642,-0.027174518059985445,-0.6892319625290809,FALSE
3076,-0.020104439432335027,0.029248658040263303,-0.025955806070787905,-0.6873627981379361,FALSE
3077,-0.02111732221134608,0.029153968880919905,-0.02726348684810755,-0.7243378182092564,FALSE
3078,-0.014026636346660924,0.018907872263309627,-0.018109067604931015,-0.7418410782200676,FALSE
3079,-0.015193058756507798,0.016716302223880652,-0.01961497549002792,-0.908876769098086,FALSE
3080,-0.05550331901474324,0.2624279329243779,-0.071657475926173,-0.21149928056910489,FALSE
3081,-0.038151161210069354,0.2469742324977259,-0.04925499888105631,-0.15447425759454742,FALSE
3082,-0.020132877222876364,0.1139308164933283,-0.0259925206371829,-0.1767114275359848,FALSE
3083,0.0956878825562481,0.20735379544538823,0.12353769580661422,0.461471574950987,FALSE
3084,-0.05274602442411861,0.15023824527169313,-0.06809767492226243,-0.35108253779676335,FALSE
3085,0.09984775357084769,0.19726300502538194,0.12890829097778722,0.506165631807141,FALSE
3086,0.08843142606099046,0.19519979845747112,0.11416925864198042,0.45303031437431185,FALSE
3087,0.3188976551416571,0.3862778668425183,0.4117123345390631,0.8255654349247727,FALSE
3088,0.039757270079981775,0.09124829781108043,0.05132856330429362,0.4357042381469387,FALSE
3089,-0.044470723376804175,0.10336328365886749,-0.0574138600422504,-0.4302371383979252,FALSE
3090,-0.08791005783864157,0.09765204059377978,-0.11349614698839242,-0.9002377964054675,FALSE
3091,-0.015344538796305174,0.05750401528316517,-0.019810543565915294,-0.26684291037320707,FALSE
3092,-0.041588708982493894,0.0938373398694466,-0.05369303972474261,-0.4431999994922614,FALSE
3093,0.08253049049177266,0.09790990551469793,0.10655086471528925,0.8429227876170654,FALSE
3094,-0.023174580632554537,0.04731951620255885,-0.029919507216051733,-0.48974677875724665,FALSE
3095,-0.019015362801279443,0.0416186926597163,-0.024549755336220242,-0.4568947649738372,FALSE
3096,-0.023605198963412965,0.025606324042118857,-0.03047545635971754,-0.9218503571455896,FALSE
3097,-0.024704789564419516,0.03664674553020217,-0.03189508113926168,-0.6741332472227098,FALSE
3098,0.17490265584551595,0.020168071516072413,0.2258078088509381,8.672254841328378,TRUE
3099,-0.00894682736057963,0.04452062332670195,-0.011550787909387268,-0.20095916660748162,FALSE
3100,-0.02481604782234562,0.04758771734939659,-0.03203872094460035,-0.5214801046274662,FALSE
3101,-0.015553809714449552,0.027834035589703907,-0.020080722467739082,-0.5588054116091977,FALSE
3102,-0.019257761413547556,0.028670500570295663,-0.024862703697353855,-0.6716925421769488,FALSE
3103,-0.01917114997337095,0.028405576265246063,-0.024750884128730624,-0.6749079756155717,FALSE
3104,-0.01525016711334438,0.01634303087541812,-0.019688705147602337,-0.9331296764716059,FALSE
3105,-0.014004844436610845,0.012444068670465139,-0.018080933192475713,-1.1254232685046222,FALSE
3106,0.09202426774875003,0.12965302968189857,0.11880779145978894,0.7097733695427708,FALSE
3107,0.03400742019622713,0.2884345658999883,0.04390522832292407,0.11790341455822202,FALSE
3108,-0.11053629663251324,0.11931203586537172,-0.1427077183043533,-0.9264471587530301,FALSE
3109,-0.08925717094958968,0.1908105743385985,-0.11523533532939874,-0.4677789543843646,FALSE
3110,0.0029805477923918115,0.09845902937747877,0.003848031711822348,0.030271959933352473,FALSE
3111,0.03591241236640352,0.23348867138759472,0.04636466557815745,0.15380794345601623,FALSE
3112,0.16567904266363181,0.33504405969740386,0.2138996770262876,0.4944992691804934,FALSE
3113,0.15187498136284958,0.17976355002293573,0.19607796459713592,0.8448597134595534,FALSE
3114,0.24409501616741602,0.32364506629370626,0.3151385008177486,0.7542058927785448,FALSE
3115,0.07430816722346886,0.2453744138300281,0.09593544671660731,0.3028358420244356,FALSE
3116,-0.04905500345234791,0.11350587203588684,-0.06333238788857345,-0.43218031430865816,FALSE
3117,-0.030313521335938527,0.05684321524569848,-0.03913622579562407,-0.5332830172415776,FALSE
3118,0.0072221524909342584,0.11559587908384984,0.009324149031822831,0.06247759477390644,FALSE
3119,-0.005876318462977448,0.12892554372259343,-0.007586612048974605,-0.0455791637041408,FALSE
3120,-0.013074925697258249,0.054358802425552404,-0.016880363012866176,-0.24053005426609855,FALSE
3121,-0.02469318000190687,0.01975711777476086,-0.031880092631168276,-1.2498371616456974,FALSE
3122,-0.023048451394280814,0.03169593942198855,-0.02975666825406488,-0.7271736321622108,FALSE
3123,-0.02351776928776116,0.03388759430326876,-0.03036258040942368,-0.6939934737560484,FALSE
3124,-0.024528290474444298,0.03593663159139395,-0.031667212256546194,-0.6825428368839748,FALSE
3125,-0.03817942919759447,0.042490650217484334,-0.04929149422352447,-0.8985371841140747,FALSE
3126,0.049523808688412586,0.09583669443850942,0.06393763817835244,0.5167520538825342,FALSE
3127,-0.04706251687358979,0.03980660706469811,-0.060759991109695106,-1.1822790321490744,FALSE
3128,-0.023481844244876184,0.018282248441856733,-0.030316199437233654,-1.2844068014695125,FALSE
3129,-0.018840977334104548,0.02845443605402685,-0.024324615243018963,-0.6621455191848087,FALSE
3130,-0.01918341841127428,0.02823560193100373,-0.024766723276898966,-0.6794053287105659,FALSE
3131,-0.01331650615507471,0.019430051067859205,-0.01719225509693449,-0.6853562097478274,FALSE
3132,-0.0214636985099667,0.03160890486778898,-0.027710675443679843,-0.6790396124048973,FALSE
3133,-0.08154927186969071,0.322187764634849,-0.10528406389980158,-0.2531110142004134,FALSE
3134,0.07698248560395565,0.1790487993047499,0.0993881214101288,0.4299525375365833,FALSE
3135,0.04214483134470678,0.24347420041126194,0.054411020657949345,0.1730977297533713,FALSE
3136,0.02355794201940116,0.25928257542363153,0.030414445353745607,0.09085817657014078,FALSE
3137,0.06186631784843769,0.1909912737007557,0.07987241593043855,0.32392222246430785,FALSE
3138,0.18885592876319057,0.15052261262171096,0.2438221607120223,1.2546681556598926,FALSE
3139,0.21220838048558696,0.22244978493663067,0.2739713081291388,0.9539608255680662,FALSE
3140,0.15639755913600345,0.17934374569962255,0.20191683177943784,0.8720547155179251,FALSE
3141,0.17481978375668458,0.1441313654725813,0.225700816966204,1.2129197776173242,FALSE
3142,-0.013582644574458123,0.04197193151604378,-0.017535852700078385,-0.3236125687774496,FALSE
3143,-0.0450290336889653,0.10090700858163844,-0.05813466572492305,-0.44624287571199506,FALSE
3144,-0.015279504428572935,0.0629270903497361,-0.019726581043981985,-0.2428128226436742,FALSE
3145,-0.05718084768517826,0.13776935055364845,-0.07382324677467364,-0.415047668116223,FALSE
3146,0.08081227408672596,0.07882461397463028,0.10433256402866033,1.02521623655189,FALSE
3147,-0.02284915666706954,0.04431335930919872,-0.029499369098431295,-0.5156268227745585,FALSE
3148,-0.025152780418989648,0.03507863068690175,-0.03247345905334602,-0.71703997352387006,FALSE
3149,-0.09500603364544254,0.16217388503354746,-0.12265739580332327,-0.5858281906842738,FALSE
3150,0.1910802487578886,0.02484150634797388,0.24669386567132107,7.691975119434472,TRUE
3151,-0.007275573691703361,0.03260891456417815,-0.00939311839214239,-0.22311609536662688,FALSE
3152,-0.01828979043198896,0.02873744425611396,-0.0236130062280936,-0.6364445727666879,FALSE
3153,-0.013813332997839045,0.017358362515906098,-0.017833682639590186,-0.7957739668808844,FALSE
3154,-0.01205015909933563,0.01531853761939412,-0.015557339649144797,-0.7866389990177299,FALSE
3155,-0.022336303897233276,0.07274684188811333,-0.028837251306908746,-0.3070415610836706,FALSE
3156,0.1295109258705436,0.17151510205849804,0.16720488463545238,0.7550992554951329,FALSE
3157,-0.15163612040012966,0.23853504445158516,-0.19576958351309195,-0.6356974538007846,FALSE
3158,-0.017594899359339177,0.11476589113669328,-0.022715868161512616,-0.15331122500833078,FALSE
3159,0.0159768300596552,0.15903502118946408,0.020626862243538855,0.10046108045989086,FALSE
3160,0.09924953129465493,0.3512338632343526,0.12813595701441835,0.2825739249077843,FALSE
3161,0.14843471964018942,0.14543646604251945,0.19163641991210958,1.0206155559142465,FALSE
3162,0.1403776329007811,0.18063883482525706,0.18123433028372393,0.7771176836729318,FALSE
3163,0.11027233208362044,0.181482166924865,0.1423669272734129,0.6076207593954619,FALSE
3164,0.03725754395689895,0.08403495890925851,0.04810129568018536,0.44335767447842617,FALSE
3165,-0.028741299565690014,0.09051859486159836,-0.03710641126106873,-0.3175181807631355,FALSE
3166,0.050215101121799825,0.1702112480864741,0.06483013022716547,0.29501634989650366,FALSE
3167,0.04035875041282437,0.10078794864440854,0.05210510357676428,0.40043230322322243,FALSE
3168,-0.02382642242693273,0.06116896670389555,-0.030761066577140055,-0.3895181447525636,FALSE
3169,0.063643387499609,0.0784202012111702,0.08216669901131368,0.811568786061003,FALSE
3170,-0.026792452169622803,0.025842620568328232,-0.034590354782889896,-1.036754461444156,FALSE
3171,-3.3683741907456253e-4,0.052121427243215564,-4.3487343958580684e-4,-0.006462551716068123,FALSE
3172,0.039762500101080525,0.08931005538814334,0.05133531551510965,0.44521862547584234,FALSE
3173,-0.012500412657141347,0.023595622367531956,-0.016138638822813432,-0.5297767722517107,FALSE
3174,-0.013137518412200677,0.022828676135917533,-0.016961173242664315,-0.5754831482115926,FALSE
3175,-0.01097212560574808,0.02683116500102383,-0.014165546140474829,-0.4089321356463427,FALSE
3176,-0.018744231413292917,0.07590397843629847,-0.024199711568525673,-0.24694662650685426,FALSE
3177,-0.0517084097176679,0.2392852345689425,-0.06675806402749081,-0.2160952798062003,FALSE
3178,-0.02808971125454398,0.2669413402305235,-0.03626517915912325,-0.10522802961237268,FALSE
3179,-0.08108364801814895,0.13234968101697323,-0.10468292093169108,-0.612647098165279,FALSE
3180,-0.060837572248570296,0.12933957770711801,-0.07854425548228457,-0.4703708897699779,FALSE
3181,0.045717851865353785,0.2648305583433113,0.05902396338798636,0.17263057613648858,FALSE
3182,0.09799091748484413,0.1654041676235579,0.12651102556206847,0.5924331828679247,FALSE
3183,0.12067432682099856,0.17769622504454619,0.15579640682002985,0.6791046168299132,FALSE
3184,0.11720841424135585,0.17563964301604867,0.15132174563495737,0.6673232319804145,FALSE
3185,0.10705788029099787,0.17572668265763494,0.13821691415645837,0.609229507277371,FALSE
3186,0.008799944093217783,0.07613758666621499,0.011361154489588656,0.11557949862262494,FALSE
3187,-0.03234857551597647,0.09741701965100687,-0.041763579411644595,-0.33206287393993505,FALSE
3188,-0.004008533274368738,0.1606212001097425,-0.005175210810925412,-0.02495643957105261,FALSE
3189,-0.0797920208034788,0.20647931019715016,-0.10301536757301301,-0.38644075635128744,FALSE
3190,0.08530458484257529,0.08561953471593925,0.11013235502412591,0.9963215185131655,FALSE
3191,-0.02544742519936214,0.029207967965342037,-0.032853859750657584,-0.8712494217180008,FALSE
3192,-0.020105493607579808,0.022235889568983716,-0.025957167062140598,-0.9041911071380951,FALSE
3193,0.03724348541037895,0.13410304901205028,0.04808314541499948,0.27772288314661897,FALSE
3194,0.1701621583771631,0.07192352695618481,0.21968759677629898,2.3658761684590965,TRUE
3195,0.05092519266431233,0.18925883065321134,0.06574689283733393,0.26907696982248175,FALSE
3196,-0.009186666974114396,0.017913058715917654,-0.011860432479083092,-0.5128474773518755,FALSE
3197,-0.009308210582250908,0.020112125621697518,-0.012017351170228549,-0.462815853348139,FALSE
3198,0.00504530131151427,0.050557192834567714,0.006513728614573291,0.09979393689881892,FALSE
3199,-6.933104173635151e-4,0.11124511522248232,-8.950973639683494e-4,-0.0062322773991194454,FALSE
3200,0.07998694303074869,0.19360798202218465,0.10326702161922162,0.41313866399156696,FALSE
3201,-0.1878112945041866,0.3993281616902528,-0.24247348723456147,-0.47031818068936077,FALSE
3202,0.14129105248398535,0.16813817618814053,0.18241359925278447,0.8403270196405948,FALSE
3203,0.020746067778716196,0.16437205052082848,0.026784179375313095,0.1262140839210821,FALSE
3204,0.05911004071702437,0.16553692017063246,0.07631392851570129,0.3570807083766861,FALSE
3205,0.14023060450997082,0.19585375528236004,0.1810445095025171,0.715996506208431,FALSE
3206,0.09808492642971263,0.1759825475240797,0.12663239566791692,0.557355986770743,FALSE
3207,0.11157893597081239,0.20457227308781742,0.14405381624246053,0.5454255079959665,FALSE
3208,0.05474923536031859,0.32220674631551527,0.07068391736656864,0.1699195810962517,FALSE
3209,-0.03196161988350787,0.1080208414503316,-0.041264000928585766,-0.29588382625406545,FALSE
3210,0.016402494267126987,0.08854158648754275,0.02117641537371186,0.1852518677134243,FALSE
3211,0.030632986663344592,0.12543129953966922,0.03954867102258007,0.24422123326288686,FALSE
3212,-0.024982996851340804,0.08159106241731517,-0.03225426023555595,-0.3061977146903646,FALSE
3213,0.04796828813456444,0.06830215550753009,0.06192938572392835,0.7022953782077359,FALSE
3214,-0.023489377850114384,0.04921626538272743,-0.030325925686862983,-0.4772685954013496,FALSE
3215,-0.020377005734040894,0.025144500857510067,-0.026307702381665927,-0.8103961120371481,FALSE
3216,-0.03456223755006865,0.04456838023287152,-0.04462152442705005,-0.7754878541575803,FALSE
3217,-0.05468222944003557,0.1416218264694884,-0.07059740947470156,-0.3861144203772611,FALSE
3218,0.05517809399506801,0.16355740605786037,0.07123759465723886,0.3373622468404036,FALSE
3219,-0.009276389121030838,0.02644372945510054,-0.011976268120930054,-0.3507973085559451,FALSE
3220,0.02283496746729867,0.11583164415452285,0.029481050153563823,0.1971392846400086,FALSE
3221,-0.020523502124420924,0.03476792154911489,-0.026496836324523286,-0.5902999434530019,FALSE
3222,0.010411428262518934,0.11523370057408756,0.013441658684958174,0.09035055032208292,FALSE
3223,0.06530606162181743,0.15512761804863678,0.0843132919178311,0.4209828168788241,FALSE
3224,-0.10369215854243265,0.1820856606918144,-0.13387160419205885,-0.5694691067295784,FALSE
3225,-0.15947303666730653,0.331285053508926,-0.20588742238686256,-0.48137709497663694,FALSE
3226,-0.07334105789709215,0.15536840298493507,-0.09468686168596421,-0.47204615924515553,FALSE
3227,0.005244575000981489,0.13987095194304366,0.006771000609459288,0.03749581259100255,FALSE
3228,0.1441542464090884,0.12491576670062837,0.18611012143203534,1.1540116209234557,FALSE
3229,0.1256079427072592,0.1779391393688057,0.16216594413553342,0.7059039576836313,FALSE
3230,0.0382973164674091,0.26236833666173287,0.049443692404618836,0.14596775264381537,FALSE
3231,0.011438545713550559,0.07744712718026481,0.014767717114024378,0.14769490012103825,FALSE
3232,-0.021102460252429924,0.07791981523621011,-0.02724429933856479,-0.2708227706708345,FALSE
3233,-0.01112327942426796,0.19520534412671997,-0.014360693048876116,-0.0569824533955748,FALSE
3234,-0.12409117927036056,0.2982350012078293,-0.1602077289982298,-0.4160852306664229,FALSE
3235,0.057318360286197835,0.07215246264360026,0.07400078220988768,0.7944061531111417,FALSE
3236,-0.02726399382364106,0.032111015596035464,-0.035199137920922156,-0.8490542362978755,FALSE
3237,-0.023067252480384253,0.04695071949464247,-0.029780941367794984,-0.4913077526536404,FALSE
3238,-0.16398017198330817,0.25804409425130165,-0.2117063526082535,-0.6354734544849248,FALSE
3239,-0.01026040831494002,0.16260576229104015,-0.01324668461043241,-0.06309990599579991,FALSE
3240,-0.03905624340370453,0.10196066003445498,-0.050423503875944874,-0.38305208489731707,FALSE
3241,-0.017374158167407158,0.030744326321255816,-0.022430880580092814,-0.5651175435057467,FALSE
3242,-0.014182976667269065,0.023183174936956465,-0.01831091053899577,-0.6117788743706488,FALSE
3243,-0.009722636787888879,0.019232806200726656,-0.012552395495159638,-0.5055235666816804,FALSE
3244,-0.03126072987519925,0.09920952089243071,-0.04035911794521086,-0.3150980832685819,FALSE
3245,-0.10214352881938778,0.20521240962221188,-0.1318722481343037,-0.4977453800548908,FALSE
3246,-0.06536625912226245,0.20538671253295693,-0.08439100980958113,-0.3182594351704889,FALSE
3247,-0.009510340010214663,0.24121657978158387,-0.012278310061974041,-0.03942656022577743,FALSE
3248,0.04682737206016204,0.18711289066472747,0.0604564077545648,0.2502626724102523,FALSE
3249,-0.061392492248196456,0.25008311238857195,-0.0792606841070953,-0.2454883564980852,FALSE
3250,0.020875406405531073,0.18688140492665684,0.026951161813513765,0.11170403183625359,FALSE
3251,0.005080701647699174,0.14623996611517612,0.006559432164973121,0.034742223912290156,FALSE
3252,0.08304799939322034,0.24904164948235605,0.10721899379847466,0.3334703234010827,FALSE
3253,0.03137573592145353,0.3350025561721152,0.04050759632699271,0.09365819855217324,FALSE
3254,-0.06165527856442969,0.1767946358227608,-0.07959995398254562,-0.3487395320423636,FALSE
3255,-0.008254937211490987,0.0572565811687231,-0.01065752418062348,-0.1441744694320016,FALSE
3256,-0.00590029670704023,0.13194068894713554,-0.0076175691246446985,-0.04471931103379559,FALSE
3257,-0.019647888515636883,0.06306365804597826,-0.025366376701461732,-0.31155643558310653,FALSE
3258,0.06346339156704088,0.06971761927819876,0.08193431553526637,0.9102920068713013,FALSE
3259,-0.022900983191044822,0.0481759443950355,-0.029566279653692133,-0.47536137544622276,FALSE
3260,-0.01948657953101994,0.022196344711881155,-0.025158118981255962,-0.8779184043122765,FALSE
3261,-0.11014141757106007,0.2071626055646186,-0.14219791029030798,-0.531666500674054,FALSE
3262,-0.02459815121083119,0.06272610422131997,-0.03175740585441912,-0.3921517447351772,FALSE
3263,-0.040867780396905896,0.048084806561497655,-0.05276228596652971,-0.8499104669296818,FALSE
3264,-0.01899943347164733,0.03803723249445969,-0.024529189799331715,-0.4994956842460788,FALSE
3265,-0.010317398391350667,0.029445824300812887,-0.013320261562242117,-0.3503857893720382,FALSE
3266,0.02568712821944639,0.19034637418617711,0.03316332797158606,0.13494939595918912,FALSE
3267,-0.047867911573194415,0.09296461549717257,-0.061799794716442584,-0.5149046367502081,FALSE
3268,-0.027448548924411734,0.19185505250266277,-0.03543740750417022,-0.14306920024444378,FALSE
3269,0.03549037561414081,0.10499807624135207,0.04581979566853651,0.33800977012723027,FALSE
3270,-0.013443645068519855,0.07973510677616749,-0.017356397598521745,-0.1686038385357516,FALSE
3271,0.014842383343066853,0.18391798479547078,0.01916223652878003,0.08070109815292173,FALSE
3272,0.06143341698645731,0.2648079155055129,0.07931351992842578,0.23199237405415984,FALSE
3273,-0.008408766325380809,0.19674048119627946,-0.010856125025059043,-0.042740397269801056,FALSE
3274,0.05135097747131059,0.17989231774830675,0.06629660166734287,0.2854539766570656,FALSE
3275,0.03291132217363689,0.10334029104164072,0.04249011263145303,0.31847522241228593,FALSE
3276,0.05605571424472209,0.20826275311975226,0.0723706449509556,0.2691586152829245,FALSE
3277,0.02949522259808321,0.10484311099835578,0.03807976244984272,0.28132723568786294,FALSE
3278,-0.03859891948391763,0.04824165948744007,-0.04983307652215206,-0.8001159142124253,FALSE
3279,-0.0479695017853559,0.142813841718676,-0.06193095260594399,-0.3358883229249539,FALSE
3280,0.0744655362765952,0.0736412211994404,0.09613861779423115,1.011193663870977,FALSE
3281,-0.023963887152971784,0.036224308774624535,-0.030938540203433017,-0.6615415990976399,FALSE
3282,-0.018557263794581676,0.04233617564179971,-0.023958327307645418,-0.43833113202269414,FALSE
3283,-0.05940015811573682,0.10715769287943464,-0.07668848414377966,-0.554324720135298,FALSE
3284,-0.05419862951865032,0.12404990697920856,-0.06997305852885348,-0.43690987634302947,FALSE
3285,-0.0339482536372055,0.09244531318456721,-0.043828841426536834,-0.3672252542368239,FALSE
3286,-0.022144044633935506,0.03493919149664763,-0.028589035276301925,-0.6337881240343012,FALSE
3287,-0.019802024009882655,0.041746498136405914,-0.025565373097791676,-0.4743397624677382,FALSE
3288,-0.01184870990735255,0.023443104901281053,-0.015297258975031595,-0.5054240876900685,FALSE
3289,-0.07531660489273978,0.23257641052809655,-0.09723738864173131,-0.3238359587789799,FALSE
3290,-0.08758382741805011,0.2090279506051476,-0.11307496769812855,-0.4190053395466493,FALSE
3291,-0.09592431010281821,0.132713052724289,-0.12384293523242462,-0.7227948429616845,FALSE
3292,-0.04055334269938044,0.19763930522612289,-0.052356331653514186,-0.205188652393726,FALSE
3293,-0.013296072439448362,0.11723333658557862,-0.01716587417933228,-0.11341545695701004,FALSE
3294,0.10982605126924397,0.1698113624947943,0.14179075710412986,0.6467532540563107,FALSE
3295,-0.010213488954099691,0.18189178448527055,-0.013186109440702573,-0.05615145831353791,FALSE
3296,8.753480703906077e-4,0.08673073850443905,0.0011301168001210048,0.010092708600028878,FALSE
3297,0.12522401067336664,0.1355901814534159,0.16167026926483544,0.923547777066655,FALSE
3298,-0.010769287763975982,0.23747721616933612,-0.013903672652155327,-0.045348719922237955,FALSE
3299,0.021027115431353095,0.08266076229457764,0.027147025521461338,0.25437843600351634,FALSE
3300,-0.010763774695001354,0.0357221334526268,-0.013896555012807961,-0.3013194805197126,FALSE
3301,0.0643331679612987,0.09985304995375874,0.08305723903135726,0.6442784470889067,FALSE
3302,-0.014694954867962485,0.05702144565406233,-0.018971899219351426,-0.2577092653370072,FALSE
3303,0.052864434023411726,0.11236168513410613,0.06825054745603866,0.47048452468754687,FALSE
3304,-0.03076625564260907,0.06912103695514346,-0.03972072773635629,-0.4451069746331356,FALSE
3305,-0.07026812980646789,0.11935747369096356,-0.09071956253006548,-0.5887199823649403,FALSE
3306,-0.03563982476478568,0.049970341099755476,-0.04601274176806034,-0.7132195614522246,FALSE
3307,0.09220787599951841,0.14056664465621085,0.11904483861377603,0.6559726614022459,FALSE
3308,-0.007776859624329632,0.02608258523450642,-0.010040302836008794,-0.2981629142360128,FALSE
3309,-0.013640620793176177,0.13591043624670712,-0.01761070280942006,-0.10036477823097757,FALSE
3310,0.023766890668487892,0.1547958775436155,0.030684208190590766,0.15353697427627747,FALSE
3311,0.047839042194489194,0.21407218471963396,0.06176252294880247,0.22347154655866677,FALSE
3312,0.1842617365321671,0.23455876522905714,0.23789083579238413,0.7855674732608149,FALSE
3313,-0.049460304100411634,0.12663684192796165,-0.06385565067622358,-0.390568047555604,FALSE
3314,-0.029669752310382488,0.2210359974567258,-0.0383050887704933,-0.13423040885542276,FALSE
3315,-0.01837359361591714,0.11330484963737314,-0.02372120020174183,-0.16216069898791594,FALSE
3316,-0.026743039617413443,0.13816624644474865,-0.034526560782220266,-0.19355696709983164,FALSE
3317,-0.003926266120148436,0.19366301649903173,-0.0050689999261044495,-0.020273701149171486,FALSE
3318,0.031278602892596395,0.15601592017347202,0.04038219287724373,0.20048340488469468,FALSE
3319,0.029132354116741078,0.1519378497803059,0.037611281646753564,0.19173862312034115,FALSE
3320,-0.0024272377863592386,0.0932899516102032,-0.0031336816668014744,-0.026018212513401813,FALSE
3321,-0.02746130767147071,0.05052243965789228,-0.03545387966523114,-0.5435467459097828,FALSE
3322,-0.0736252141445859,0.19892307946110124,-0.09505372117879285,-0.3701190145660452,FALSE
3323,0.08669488703381288,0.08003097921694603,0.11192730256180829,1.0832666035336453,FALSE
3324,-0.029297516541605634,0.08703789186884935,-0.037824514345153035,-0.33660645854970606,FALSE
3325,-0.023306376341759267,0.01797779827656663,-0.03008966186674933,-1.29639770027558,FALSE
3326,-0.040753648931510886,0.08095705355103507,-0.052614936711041234,-0.5033983716541749,FALSE
3327,-0.04231982094084661,0.07185625391921172,-0.05463694071093554,-0.5889511160493693,FALSE
3328,-0.025558449692550878,0.09852153596235169,-0.03299719775438623,-0.2594199272564894,FALSE
3329,-0.08062190370914342,0.135771450918693,-0.10408678664109448,-0.593806011231507,FALSE
3330,0.19176124573505637,0.33554595164194406,0.24757306578697963,0.5714902677165418,FALSE
3331,-0.13327580879520134,0.23545383560619323,-0.17206553103151492,-0.5660379600615677,FALSE
3332,-0.08324521954112529,0.22297117685831408,-0.10747361457163782,-0.37334520413830463,FALSE
3333,-0.051785474546315755,0.10245984756161423,-0.06685755845776302,-0.505422131485942,FALSE
3334,-0.13376758832010904,0.18015431619767733,-0.17270044224209852,-0.742516699812678,FALSE
3335,0.06697897699036899,0.1516642529459123,0.08647310676992429,0.4416266568382173,FALSE
3336,-0.015884667387456093,0.15135735271253464,-0.020507875765223116,-0.10494810528052137,FALSE
3337,0.035809945491566395,0.19214003255462395,0.046232375874636814,0.18637420331125373,FALSE
3338,0.027373014712640222,0.10741984218052306,0.03533988917449732,0.25482270460460044,FALSE
3339,0.05111663276177556,0.07085954876937127,0.06599405128513111,0.7213795973799724,FALSE
3340,-0.004029823397114938,0.05179849807032671,-0.00520269739164225,-0.07779807421527273,FALSE
3341,-0.008675904300922473,0.12251467678822223,-0.011201013103666713,-0.07081522417040338,FALSE
3342,-0.0018012410236160487,0.05191698133184768,-0.002325489494650166,-0.03469464089413659,FALSE
3343,0.06813997342970793,0.0865936287842497,0.0879720094640173,0.7868936131488433,FALSE
3344,-0.037333651970445164,0.08050791824123942,-0.048199554815770165,-0.4637264605274734,FALSE
3345,-0.08633654623049365,0.1452596355425058,-0.11146466721057115,-0.5943602013597914,FALSE
3346,-0.2300815865023101,0.47446772721398955,-0.2970464836790309,-0.48492568262401764,FALSE
3347,-0.2652541656551119,0.5152922746670213,-0.34245598870761895,-0.5147644913297361,FALSE
3348,0.03515761377693436,0.18509909926310322,0.045390184002747004,0.18993941038557238,FALSE
3349,-0.08091575126487015,0.11779217343242152,-0.10446615808273493,-0.6869365672354478,FALSE
3350,-0.007107279503861196,0.11951474012445004,-0.009175842435895316,-0.059467807037528804,FALSE
3351,-0.016511223817900607,0.25263605167154735,-0.02131679049551232,-0.06535577051911373,FALSE
3352,0.04533894619763229,0.10641764975343546,0.05853477779971854,0.42604724218849443,FALSE
3353,0.023715732781433033,0.38809373036902617,0.03061816087801305,0.06110826051964943,FALSE
3354,0.028898853597641327,0.2358893195503991,0.03730982115532431,0.12251022493397341,FALSE
3355,0.014924939885490799,0.10093862342280836,0.01926882102780288,0.14786153584613201,FALSE
3356,-0.006443360350287722,0.09834846653724737,-0.008318690618515184,-0.06551561582149772,FALSE
3357,-0.03492550823718298,0.06982025406320468,-0.04509052449729206,-0.5002202971872134,FALSE
3358,-0.034698209242570395,0.023989492165399067,-0.044797070474656614,-1.4463919870974553,FALSE
3359,0.09130480255151,0.09525345642724142,0.11787892700688564,0.9585458205524796,FALSE
3360,-0.04382542856666288,0.09220405321389936,-0.056580753155242414,-0.47530913272320646,FALSE
3361,-0.03780863041957501,0.0391883537735383,-0.048812775022924484,-0.9647925156045993,FALSE
3362,-0.11678446616843494,0.15170180764593988,-0.15077440811769632,-0.7698291007909459,FALSE
3363,0.12254119092590018,0.25848174586339245,0.15820661889435447,0.47408063775096587,FALSE
3364,-0.22908953071267243,0.27384892549814416,-0.2957656915547888,-0.8365544261163258,FALSE
3365,-0.08514297548112129,0.2816142714850053,-0.10992370950285973,-0.3023389938022185,FALSE
3366,-0.09682440815823459,0.24897986937288638,-0.1250050054632168,-0.3888844845252323,FALSE
3367,-0.08038159869002894,0.15700016785436968,-0.10377654121023006,-0.5119841576512794,FALSE
3368,-0.014832432836499904,0.25183001937278404,-0.019149389942351838,-0.05889858910959876,FALSE
3369,0.09604894393066965,0.2516519629958913,0.12400384354705134,0.3816737321943236,FALSE
3370,-0.001324626353439181,0.2506019493146218,-0.0017101568467919764,-0.005285778331181933,FALSE
3371,-0.03403691863343974,0.3137366535175806,-0.04394331223559712,-0.10848881777701641,FALSE
3372,0.004268702385477677,0.084336905733780207,0.005511101747665078,0.05061488026312418,FALSE
3373,-0.00826905184222803,0.04598196899852738,-0.010675746853252802,-0.1798324870014343,FALSE
3374,-0.005158838389365152,0.07191456617805028,-0.00666031048692342,-0.07173565333888823,FALSE
3375,-0.028184367635856633,0.14775400335936195,-0.036387385136812056,-0.1907519728403408,FALSE
3376,0.06456213284254107,0.07621002536320128,0.08335284379440226,0.8471606266347669,FALSE
3377,-0.028145957733519883,0.03666370204856322,-0.03633779609059139,-0.7676790984238011,FALSE
3378,-0.1261881144824793,0.17440802300166616,-0.16291497402696814,-0.7235224177804813,FALSE
3379,-0.13357152636567077,0.11659285360230309,-0.17244731675285585,-1.1456236144736773,FALSE
3380,-0.15994932074659218,0.1620310632669197,-0.2065023282258515,-0.98715220107580115,FALSE
3381,-0.1395530370063805,0.22758456192053456,-0.18016973700352504,-0.6131920189520943,FALSE
3382,-0.17906417965504112,0.21476696116031282,-0.2311805378604958,-0.8337603637338736,FALSE
3383,0.17611341396955596,0.2881741640534558,0.22737095629267523,0.6111353338978966,FALSE
3384,-0.06905221373665764,0.24781740716882933,-0.08914975593025601,-0.278641498696719,FALSE
3385,-0.08966377199342103,0.1138188445962715,-0.11576027699103454,-0.7877761570280274,FALSE
3386,-0.048876615652831815,0.07462092508776781,-0.06310208059026663,-0.6549987901563,FALSE
3387,-0.054437971850689604,0.27866147080579934,-0.07028206108402793,-0.1953552161096132,FALSE
3388,-0.02646092354040441,0.1091610430982608,-0.03416233524840505,-0.24240262633424758,FALSE
3389,-0.017371136084356184,0.08821630949411292,-0.022426978924348324,-0.19691524372276578,FALSE
3390,-0.043631151357670525,0.08342053726592333,-0.056329931858903795,-0.5230264966837312,FALSE
3391,-0.031706424936204104,0.06616060390267552,-0.04093453187849089,-0.47923421289874146,FALSE
3392,0.08865864888106872,0.108310734904717,0.11446261431959874,0.818558280110124,FALSE
3393,-0.02003414142840961,0.049929265759267843,-0.02586504793932183,-0.4012504715171159,FALSE
3394,-0.14624930368533662,0.18581828564626843,-0.18881494195451318,-0.7870554998217075,FALSE
3395,-0.06099328922722531,0.07754678610361472,-0.0787452936516651,-0.7865353587410917,FALSE
3396,-0.12459768125448954,0.19599156986651436,-0.16086164761748642,-0.635729798681394,FALSE
3397,-0.15055268522477347,0.2368459026797226,-0.19437081617135815,-0.6356567013462755,FALSE
3398,-0.1497467388473604,0.20331065468240503,-0.19333030032181187,-0.7365415210593969,FALSE
3399,-0.07182573958886924,0.11738075450308984,-0.092730512279847993,-0.6119038840134441,FALSE
3400,-0.04714326342510087,0.12398407940008965,-0.060864238822692054,-0.38023642755754317,FALSE
3401,-0.0520435616375028,0.08670754015300271,-0.0671907614058368,-0.6002195604403906,FALSE
3402,0.03753488632778008,0.27102814614114684,0.04845935812793633,0.13849073191177919,FALSE
3403,0.016805874041319755,0.09502818722485304,0.021697198220061022,0.17685146409826977,FALSE
3404,-0.011478203452720085,0.09209978920894735,-0.014818917178097519,-0.12462790144589164,FALSE
3405,-0.0077455184609280725,0.10736053965573236,-0.009999839874481232,-0.07214492853487171,FALSE
3406,-0.020469949695353557,0.09497812827013093,-0.026427697542108067,-0.2155227742237054,FALSE
3407,0.06457397937962375,0.0953771495954945,0.08336813824815528,0.6770382597245719,FALSE
3408,-0.05581174562850962,0.05936851619966864,-0.0720556696386082,-0.9400899534157657,FALSE
3409,-0.12110850951903161,0.21782967343002685,-0.15635695773453642,-0.5559780153548968,FALSE
3410,-0.03602736044925081,0.06295034524238673,-0.04651306912637051,-0.572313945388695,FALSE
3411,-0.026651650982736155,0.11486982456491203,-0.0344085736238744,-0.23201611984421128,FALSE
3412,-0.018486095035291646,0.05634784547971116,-0.023866444988785058,-0.32807101811812533,FALSE
3413,-0.03111297265333839,0.08529328001827996,-0.040168356207780344,-0.36477636510954076,FALSE
3414,0.08470338000179681,0.11713352203889607,0.10935617042526724,0.7231352607468738,FALSE
3415,-0.10888144828726948,0.3677969665734116,-0.14057122885533002,-0.29603683059614616,FALSE
3416,0.07271604017606739,0.41437844031969095,0.09387993350414023,0.1754821996047075,FALSE
3417,-0.00903458949741694,0.14361229574196058,-0.011664093083190993,-0.06290958201552667,FALSE
3418,-1.0958120687300261e-4,0.14278611598138063,-1.4147465111730295e-4,-7.674500151491763e-4,FALSE
3419,-0.02894957713879645,0.11365338111290353,-0.03737530770628621,-0.2547181338145838,FALSE
3420,0.048342552987582485,0.07689706480154111,0.06241257979540414,0.6286657769363082,FALSE
3421,-0.0568240533546169,0.07108619658409596,-0.07336260799474763,-0.7993683174115702,FALSE
3422,-0.03389084607107113,0.08413741387119116,-0.04375472547525181,-0.40280351524656777,FALSE
3423,-0.09427359591362455,0.26620296878338934,-0.12171178317930656,-0.3541417901703998,FALSE
3424,-0.037321217998053435,0.10864876749058348,-0.04818350195455136,-0.3435033720128306,FALSE
3425,0.06604738668114965,0.086160154842528,0.08527037851257073,0.7665653201513185,FALSE
3426,-0.13223855845483665,0.37703786180982,-0.17072639055102665,-0.3507301834889423,FALSE
3427,0.02998676223001031,0.42914336659638364,0.03871436394695716,0.06987586099219227,FALSE
3428,0.013164414356447248,0.08759256185841852,0.01699589721073636,0.15029146399126603,FALSE
3429,-0.14459805571963708,0.27066938818886194,-0.18668310077004588,-0.5342238983402974,FALSE
3430,-0.047544867797227164,0.1305533180150341,-0.06138272953889303,-0.3641796970012823,FALSE
3431,-0.08040247408715324,0.15855465851051623,-0.10380349236006106,-0.5070962584288906,FALSE
3432,-0.062008646729269715,0.4586829417047573,-0.08005616941640775,-0.13518847354297978,FALSE
3433,-0.1909169524461839,0.23028769076804426,-0.24648304221548947,-0.8290367227594623,FALSE
3434,-0.063787587142327,0.16003037123788114,-0.08235286774158157,-0.39859675790858695,FALSE
3435,-0.0661303429760832,0.1304402980137107,-0.08537747911146547,-0.5069778587069171,FALSE
3436,-0.04566385662664854,0.17833433055717804,-0.05895425291685902,-0.25605757727061795,FALSE
3437,-0.02007364092515802,0.0761515523440571,-0.025916043704756923,-0.26360120453571523,FALSE
3438,-0.1979919963100439,0.20472766795979297,-0.25561726687719843,-0.967099358299378,FALSE
3439,-0.05558178560892051,0.0803125389443736,-0.07175878010370827,-0.6920685902785093,FALSE
3440,-0.026432708833979864,0.04881330173901046,-0.034125908694421066,-0.5415062676011415,FALSE
3441,-0.14278475156859255,0.292671232523854,-0.18434203719300488,-0.4878673941995818,FALSE
3442,-0.060028711240667026,0.11201857603148518,-0.07749997670345961,-0.5358817561097606,FALSE
3443,-0.24815484729043438,0.40770731801700144,-0.32037993963845657,-0.6086592914186698,FALSE
3444,-0.021744740388662063,0.0882640167665992,-0.028073514135389614,-0.24636019507431584,FALSE
3445,-0.0621604297315425,0.1371308071011612,-0.08025212863154,-0.4532929619942136,FALSE
3446,-0.05537113609388392,0.11875696931593566,-0.07148682136645537,-0.46625588723620137,FALSE
3447,-0.05637961433402265,0.09443609476753091,-0.0727888156705368,-0.5970134033264486,FALSE
3448,-0.056295532370225825,0.051863882177706135,-0.07268026177856152,-1.0854477144100996,FALSE
