,station,time,latitude [degrees_north],longitude [degrees_east],elevation [feet],temp_2m_max [degF],temp_2m_min [degF],temp_2m_avg [degF],temp_9m_max [degF],temp_9m_min [degF],temp_9m_avg [degF],relative_humidity_max [percent],relative_humidity_min [percent],relative_humidity_avg [percent],dewpoint_max [degF],dewpoint_min [degF],dewpoint_avg [degF],precip_total [inch],wind_speed_prop_avg [mile/hr],wind_speed_prop_max [mile/hr],wind_direction_prop_avg [degrees],frozen_soil_05cm_count_5min [count],frozen_soil_25cm_count_5min [count],frozen_soil_50cm_count_5min [count],soil_temp_05cm_max [degF],soil_temp_05cm_min [degF],soil_temp_05cm_avg [degF],soil_temp_25cm_max [degF],soil_temp_25cm_min [degF],soil_temp_25cm_avg [degF],soil_temp_50cm_max [degF],soil_temp_50cm_min [degF],soil_temp_50cm_avg [degF],solar_insolation_total [MJ/m^2]
21551,BKBROW,2026-03-01 EST,40.672,-73.898,24,43.5,31.9,39,NA,NA,NA,92.6,23.1,55.2,38.7,5.1,22.4,0.006,NA,NA,NA,0,NA,NA,44.4,41,42.4,NA,NA,NA,NA,NA,NA,NA
21552,BKBROW,2026-03-02 EST,40.672,-73.898,24,33.8,22.9,28.9,NA,NA,NA,69.9,26.6,41.9,22.3,-2.5,7.6,0,NA,NA,NA,0,NA,NA,42.4,37.6,40,NA,NA,NA,NA,NA,NA,NA
21553,BKBROW,2026-03-03 EST,40.672,-73.898,24,38.2,31.3,35,NA,NA,NA,96.5,62.4,81.8,37.2,21.2,29.7,0.404,NA,NA,NA,0,NA,NA,39.2,38.2,38.8,NA,NA,NA,NA,NA,NA,NA
21554,BKBROW,2026-03-04 EST,40.672,-73.898,24,47.8,38.2,42.9,NA,NA,NA,96,68.5,82,39.1,36.7,37.6,0.022,NA,NA,NA,0,NA,NA,43.3,39.2,41.2,NA,NA,NA,NA,NA,NA,NA
21555,BKBROW,2026-03-05 EST,40.672,-73.898,24,44.7,39,42,NA,NA,NA,96.7,78.7,91,42.6,35.9,39.5,1.448,NA,NA,NA,0,NA,NA,43.4,42.4,42.8,NA,NA,NA,NA,NA,NA,NA
21556,BKBROW,2026-03-06 EST,40.672,-73.898,24,43.2,37.4,39.8,NA,NA,NA,95.6,76.2,83.9,37.6,32.8,35.2,0.213,NA,NA,NA,0,NA,NA,43.5,41.5,42.5,NA,NA,NA,NA,NA,NA,NA
21557,BKBROW,2026-03-07 EST,40.672,-73.898,24,48.7,37.3,41.1,NA,NA,NA,99,83.8,92.6,48.4,33.9,39,0.002,NA,NA,NA,0,NA,NA,44.6,41.7,43,NA,NA,NA,NA,NA,NA,NA
21558,BKBROW,2026-03-08 EDT,40.672,-73.898,24,69.5,42.4,57.1,NA,NA,NA,99.3,41.8,76.2,55.1,36.9,48.4,0.007,NA,NA,NA,0,NA,NA,51.1,44.1,47.1,NA,NA,NA,NA,NA,NA,NA
21559,BKBROW,2026-03-09 EDT,40.672,-73.898,24,69.9,47.4,58,NA,NA,NA,85,21.4,51.9,44.7,28.3,38.7,0,NA,NA,NA,0,NA,NA,55.9,46.8,50.8,NA,NA,NA,NA,NA,NA,NA
21560,BKBROW,2026-03-10 EDT,40.672,-73.898,24,68.1,45.1,55.7,NA,NA,NA,89.5,44.9,66.5,49.4,41.1,43.9,0,NA,NA,NA,0,NA,NA,58.1,48.7,53.1,NA,NA,NA,NA,NA,NA,NA
21561,BKBROW,2026-03-11 EDT,40.672,-73.898,24,65.1,47.6,52.9,NA,NA,NA,91.4,58.3,74.4,53.5,40.7,44.8,0.003,NA,NA,NA,0,NA,NA,56.3,51.8,54.3,NA,NA,NA,NA,NA,NA,NA
21562,BKBROW,2026-03-12 EDT,40.672,-73.898,24,62.3,36,45,NA,NA,NA,98,47.3,79.5,60.9,19.5,38.8,0.518,NA,NA,NA,0,NA,NA,54.3,48,52,NA,NA,NA,NA,NA,NA,NA
21563,BKBROW,2026-03-13 EDT,40.672,-73.898,24,41.6,33.4,38.1,NA,NA,NA,82.9,37,53.2,36.6,14.2,22.1,0,NA,NA,NA,0,NA,NA,48,43.9,45.7,NA,NA,NA,NA,NA,NA,NA
21564,BKBROW,2026-03-14 EDT,40.672,-73.898,24,54.7,38.7,46.5,NA,NA,NA,89.7,21.4,46.4,37.1,13.2,23.8,0,NA,NA,NA,0,NA,NA,53.1,43,47.2,NA,NA,NA,NA,NA,NA,NA
21565,BKBROW,2026-03-15 EDT,40.672,-73.898,24,46,37,41,NA,NA,NA,80.8,40,56.1,40.4,16.9,26,0,NA,NA,NA,0,NA,NA,49.5,45.9,47.2,NA,NA,NA,NA,NA,NA,NA
21566,BKBROW,2026-03-16 EDT,40.672,-73.898,24,53.3,46,49.5,NA,NA,NA,99.8,81.1,97,53.1,40.5,48.7,0.619,NA,NA,NA,0,NA,NA,49.5,46.6,48,NA,NA,NA,NA,NA,NA,NA
21567,BKBROW,2026-03-17 EDT,40.672,-73.898,24,50.8,33.3,39.9,NA,NA,NA,99.7,25,45.1,50.7,8.2,18.7,0.016,NA,NA,NA,0,NA,NA,53.8,45.9,49.6,NA,NA,NA,NA,NA,NA,NA
21568,BKBROW,2026-03-18 EDT,40.672,-73.898,24,37.5,27.1,31.7,NA,NA,NA,55.9,24.6,40,18.7,3.2,9.6,0,NA,NA,NA,0,NA,NA,49.3,43.5,46.1,NA,NA,NA,NA,NA,NA,NA
21569,BKBROW,2026-03-19 EDT,40.672,-73.898,24,40.3,32.7,36.7,NA,NA,NA,82.5,46.5,59.3,33.9,18.6,23.6,0,NA,NA,NA,0,NA,NA,44.6,42.1,43.3,NA,NA,NA,NA,NA,NA,NA
21570,BKBROW,2026-03-20 EDT,40.672,-73.898,24,53.5,38.7,44.7,NA,NA,NA,84,52.1,65.7,44.6,25.8,33.8,0.027,NA,NA,NA,0,NA,NA,50.4,42.1,45.7,NA,NA,NA,NA,NA,NA,NA
21571,BKBROW,2026-03-21 EDT,40.672,-73.898,24,61.9,47.5,54,NA,NA,NA,94.9,32.1,61.3,49.3,27.6,39.3,0.015,NA,NA,NA,0,NA,NA,57.7,47.3,51.6,NA,NA,NA,NA,NA,NA,NA
21572,BKBROW,2026-03-22 EDT,40.672,-73.898,24,57.7,43.6,49.5,NA,NA,NA,92.7,43.6,75.3,50.1,26.5,41.5,0.058,NA,NA,NA,0,NA,NA,54.8,49.8,52.3,NA,NA,NA,NA,NA,NA,NA
21573,BKBROW,2026-03-23 EDT,40.672,-73.898,24,52.6,36.6,44.1,NA,NA,NA,94.9,52,81.5,50.6,20.7,38.6,0.423,NA,NA,NA,0,NA,NA,53.4,48.7,51.3,NA,NA,NA,NA,NA,NA,NA
21574,BKBROW,2026-03-24 EDT,40.672,-73.898,24,50.4,34.2,40.6,NA,NA,NA,61.4,22.9,45,27.5,11.7,19.8,0,NA,NA,NA,0,NA,NA,54.9,44.8,49.2,NA,NA,NA,NA,NA,NA,NA
21575,BKBROW,2026-03-25 EDT,40.672,-73.898,24,49.3,38.8,43.7,NA,NA,NA,83.1,26.6,57,38.3,15.6,28.8,0,NA,NA,NA,0,NA,NA,52.7,46,49.2,NA,NA,NA,NA,NA,NA,NA
21576,BKBROW,2026-03-26 EDT,40.672,-73.898,24,73.1,42.6,55.9,NA,NA,NA,87.9,32.3,65.2,52.1,38.2,43.1,0,NA,NA,NA,0,NA,NA,57.2,48.2,52,NA,NA,NA,NA,NA,NA,NA
21577,BKBROW,2026-03-27 EDT,40.672,-73.898,24,65.3,43.8,54.4,NA,NA,NA,89.1,32.2,52.9,58.2,16.5,36.6,0.015,NA,NA,NA,0,NA,NA,56.8,53.1,55.1,NA,NA,NA,NA,NA,NA,NA
21578,BKBROW,2026-03-28 EDT,40.672,-73.898,24,46.9,33.4,40.9,NA,NA,NA,47.5,16.8,30.3,20.8,2.9,10.8,0,NA,NA,NA,0,NA,NA,57.2,48.6,52.6,NA,NA,NA,NA,NA,NA,NA
21579,BKBROW,2026-03-29 EDT,40.672,-73.898,24,50.7,36.2,43.1,NA,NA,NA,67.9,30.2,48.1,35.2,12.8,24.2,0,NA,NA,NA,0,NA,NA,55.6,47.5,51.5,NA,NA,NA,NA,NA,NA,NA
21580,BKBROW,2026-03-30 EDT,40.672,-73.898,24,70.7,43.9,58.3,NA,NA,NA,84.3,33.8,58,48.7,34.8,42.2,0,NA,NA,NA,0,NA,NA,58.5,49.7,53.7,NA,NA,NA,NA,NA,NA,NA
21581,BKBROW,2026-03-31 EDT,40.672,-73.898,24,80.7,54,65.5,NA,NA,NA,80.7,39.2,59.4,54.3,45.7,50.1,0.002,NA,NA,NA,0,NA,NA,62.2,55.4,58.4,NA,NA,NA,NA,NA,NA,NA
21582,BKMAPL,2026-03-01 EST,40.623,-73.975,52,44.2,31.7,39,NA,NA,NA,93.9,23.7,55.7,39.2,5.4,22.2,NA,NA,NA,NA,NA,NA,NA,NA,NA,NA,NA,NA,NA,NA,NA,NA,7.9
21583,BKMAPL,2026-03-02 EST,40.623,-73.975,52,32.9,23.2,28.9,NA,NA,NA,73.4,28.2,43,23.7,-3,8.1,NA,NA,NA,NA,NA,NA,NA,NA,NA,NA,NA,NA,NA,NA,NA,NA,12.4
21584,BKMAPL,2026-03-03 EST,40.623,-73.975,52,38.3,31.6,35.5,NA,NA,NA,97.9,62.3,84.1,37.2,21.4,30.9,0.469,NA,NA,NA,NA,NA,NA,NA,NA,NA,NA,NA,NA,NA,NA,NA,1.4
21585,BKMAPL,2026-03-04 EST,40.623,-73.975,52,47.6,36.4,42.6,NA,NA,NA,98.2,68.1,83.9,39.8,35.8,37.9,0.015,NA,NA,NA,NA,NA,NA,NA,NA,NA,NA,NA,NA,NA,NA,NA,5.7
21586,BKMAPL,2026-03-05 EST,40.623,-73.975,52,44.9,39.5,42.5,NA,NA,NA,97.5,81.7,92.6,43.4,37.8,40.4,1.473,NA,NA,NA,NA,NA,NA,NA,NA,NA,NA,NA,NA,NA,NA,NA,1.7
21587,BKMAPL,2026-03-06 EST,40.623,-73.975,52,43.3,37.6,40.2,NA,NA,NA,97,76.3,84.3,38.5,33.6,35.7,0.2,NA,NA,NA,NA,NA,NA,NA,NA,NA,NA,NA,NA,NA,NA,NA,3.4
21588,BKMAPL,2026-03-07 EST,40.623,-73.975,52,48,37.3,41.6,NA,NA,NA,99.5,82.4,92.9,47.8,34.1,39.7,NA,NA,NA,NA,NA,NA,NA,NA,NA,NA,NA,NA,NA,NA,NA,NA,5.5
21589,BKMAPL,2026-03-08 EDT,40.623,-73.975,52,69.6,44.2,56.2,NA,NA,NA,100,50.3,79.9,55.7,42,49,NA,NA,NA,NA,NA,NA,NA,NA,NA,NA,NA,NA,NA,NA,NA,NA,6.9
21590,BKMAPL,2026-03-09 EDT,40.623,-73.975,52,71.1,45,56.9,NA,NA,NA,86.4,25.2,57.5,44.4,32.4,40.2,NA,NA,NA,NA,NA,NA,NA,NA,NA,NA,NA,NA,NA,NA,NA,NA,17.5
21591,BKMAPL,2026-03-10 EDT,40.623,-73.975,52,74.5,45.8,59.2,NA,NA,NA,87.5,35.5,62.4,51.1,41.4,45,NA,NA,NA,NA,NA,NA,NA,NA,NA,NA,NA,NA,NA,NA,NA,NA,16.9
21592,BKMAPL,2026-03-11 EDT,40.623,-73.975,52,67.9,48.3,55.8,NA,NA,NA,89.1,40.5,69,53.2,39.8,45.3,NA,NA,NA,NA,NA,NA,NA,NA,NA,NA,NA,NA,NA,NA,NA,NA,12.5
21593,BKMAPL,2026-03-12 EDT,40.623,-73.975,52,63.9,34.9,45.1,NA,NA,NA,97.7,50.6,81.4,62.4,20.4,39.5,NA,NA,NA,NA,NA,NA,NA,NA,NA,NA,NA,NA,NA,NA,NA,NA,1.6
21594,BKMAPL,2026-03-13 EDT,40.623,-73.975,52,42.3,32.8,37.9,NA,NA,NA,85.3,41.1,55.3,36.5,13.9,22.8,NA,NA,NA,NA,NA,NA,NA,NA,NA,NA,NA,NA,NA,NA,NA,NA,9.4
21595,BKMAPL,2026-03-14 EDT,40.623,-73.975,52,53.3,35.6,45.1,NA,NA,NA,94.5,21.9,50.2,37.4,13.5,24.2,NA,NA,NA,NA,NA,NA,NA,NA,NA,NA,NA,NA,NA,NA,NA,NA,17.9
21596,BKMAPL,2026-03-15 EDT,40.623,-73.975,52,44.7,37.9,41,NA,NA,NA,83.8,39,57.2,40.1,16.4,26.4,NA,NA,NA,NA,NA,NA,NA,NA,NA,NA,NA,NA,NA,NA,NA,NA,6.5
21597,BKMAPL,2026-03-16 EDT,40.623,-73.975,52,53.1,44.6,49.6,NA,NA,NA,100,84,97.8,53.1,40.1,49,0.47,NA,NA,NA,NA,NA,NA,NA,NA,NA,NA,NA,NA,NA,NA,NA,3.1
21598,BKMAPL,2026-03-17 EDT,40.623,-73.975,52,51.3,32.2,38.5,NA,NA,NA,100,27.2,46.8,51.3,8.5,18.8,0.098,NA,NA,NA,NA,NA,NA,NA,NA,NA,NA,NA,NA,NA,NA,NA,18.2
21599,BKMAPL,2026-03-18 EDT,40.623,-73.975,52,37,26.4,31.3,NA,NA,NA,59.9,28,42.2,19.8,3.3,10.5,0.16,NA,NA,NA,NA,NA,NA,NA,NA,NA,NA,NA,NA,NA,NA,NA,13.8
21600,BKMAPL,2026-03-19 EDT,40.623,-73.975,52,42,32.2,37.1,NA,NA,NA,81.4,46.9,60.9,33.5,19.7,24.7,0.078,NA,NA,NA,NA,NA,NA,NA,NA,NA,NA,NA,NA,NA,NA,NA,7.7
21601,BKMAPL,2026-03-20 EDT,40.623,-73.975,52,55,37.6,45.7,NA,NA,NA,88.8,53.2,65.9,45.2,26.4,34.9,0.117,NA,NA,NA,NA,NA,NA,NA,NA,NA,NA,NA,NA,NA,NA,NA,16.5
21602,BKMAPL,2026-03-21 EDT,40.623,-73.975,52,60.6,47.5,53.1,NA,NA,NA,96.5,33.6,63.5,49.2,28,39.4,0.102,NA,NA,NA,NA,NA,NA,NA,NA,NA,NA,NA,NA,NA,NA,NA,19
21603,BKMAPL,2026-03-22 EDT,40.623,-73.975,52,62,43.4,51,NA,NA,NA,92,43.7,73.8,50.5,27.1,42.5,0.093,NA,NA,NA,NA,NA,NA,NA,NA,NA,NA,NA,NA,NA,NA,NA,11.1
21604,BKMAPL,2026-03-23 EDT,40.623,-73.975,52,52.8,36.4,44,NA,NA,NA,95.5,50.9,81.5,50.7,20.3,38.4,0.413,NA,NA,NA,NA,NA,NA,NA,NA,NA,NA,NA,NA,NA,NA,NA,3
21605,BKMAPL,2026-03-24 EDT,40.623,-73.975,52,48.9,34,39.7,NA,NA,NA,62.4,26.5,48.1,27.4,13.5,20.8,0.085,NA,NA,NA,NA,NA,NA,NA,NA,NA,NA,NA,NA,NA,NA,NA,20.1
21606,BKMAPL,2026-03-25 EDT,40.623,-73.975,52,51.8,37.2,43.8,NA,NA,NA,83,28.8,59.7,38.5,19.3,30,0.07,NA,NA,NA,NA,NA,NA,NA,NA,NA,NA,NA,NA,NA,NA,NA,15.5
21607,BKMAPL,2026-03-26 EDT,40.623,-73.975,52,74.5,43.3,58.1,NA,NA,NA,85.8,33.4,62.4,53,38.3,44.1,0.025,NA,NA,NA,NA,NA,NA,NA,NA,NA,NA,NA,NA,NA,NA,NA,16.5
21608,BKMAPL,2026-03-27 EDT,40.623,-73.975,52,64.6,44.3,54.3,NA,NA,NA,88.6,31.2,55.1,58.8,16.4,37.4,0.058,NA,NA,NA,NA,NA,NA,NA,NA,NA,NA,NA,NA,NA,NA,NA,8.7
21609,BKMAPL,2026-03-28 EDT,40.623,-73.975,52,44.6,32.2,39.4,NA,NA,NA,50.2,18.3,32.7,19.7,3.4,11.3,0.122,NA,NA,NA,NA,NA,NA,NA,NA,NA,NA,NA,NA,NA,NA,NA,20.2
21610,BKMAPL,2026-03-29 EDT,40.623,-73.975,52,52.6,34.3,44,NA,NA,NA,63.3,30.6,48.4,34.8,13,25.3,0.082,NA,NA,NA,NA,NA,NA,NA,NA,NA,NA,NA,NA,NA,NA,NA,20.5
21611,BKMAPL,2026-03-30 EDT,40.623,-73.975,52,71.2,45.2,58.4,NA,NA,NA,79.5,36.6,58.3,49.2,33.9,43,0.019,NA,NA,NA,NA,NA,NA,NA,NA,NA,NA,NA,NA,NA,NA,NA,18
21612,BKMAPL,2026-03-31 EDT,40.623,-73.975,52,80,60.5,68.1,NA,NA,NA,74.6,42.8,57.9,55.9,48.3,52.3,0.027,NA,NA,NA,NA,NA,NA,NA,NA,NA,NA,NA,NA,NA,NA,NA,15.1
21613,BKNYRD,2026-03-01 EST,40.705,-73.984,33,43.9,31.6,38.9,NA,NA,NA,89.6,21.4,52.9,39.5,4.3,21,0,NA,NA,NA,NA,NA,NA,NA,NA,NA,NA,NA,NA,NA,NA,NA,8.8
21614,BKNYRD,2026-03-02 EST,40.705,-73.984,33,32.6,23,28.3,NA,NA,NA,69.8,29,41.4,22.4,-1.9,7.1,0,NA,NA,NA,NA,NA,NA,NA,NA,NA,NA,NA,NA,NA,NA,NA,13.9
21615,BKNYRD,2026-03-03 EST,40.705,-73.984,33,37.3,31.1,34.4,NA,NA,NA,97.2,60.4,81.5,35.5,20.6,29,0.406,NA,NA,NA,NA,NA,NA,NA,NA,NA,NA,NA,NA,NA,NA,NA,1.4
21616,BKNYRD,2026-03-04 EST,40.705,-73.984,33,47.6,36.3,43.2,NA,NA,NA,96,66.3,79.7,39.4,35,37.2,0.019,NA,NA,NA,NA,NA,NA,NA,NA,NA,NA,NA,NA,NA,NA,NA,7
21617,BKNYRD,2026-03-05 EST,40.705,-73.984,33,46.1,38,42.4,NA,NA,NA,97.2,75.6,89.7,42.5,36.3,39.5,1.624,NA,NA,NA,NA,NA,NA,NA,NA,NA,NA,NA,NA,NA,NA,NA,1.4
21618,BKNYRD,2026-03-06 EST,40.705,-73.984,33,41,36.8,39.1,NA,NA,NA,94.3,76.7,83.7,36.1,32.8,34.5,0.174,NA,NA,NA,NA,NA,NA,NA,NA,NA,NA,NA,NA,NA,NA,NA,3.7
21619,BKNYRD,2026-03-07 EST,40.705,-73.984,33,51.1,37.7,42.9,NA,NA,NA,98.4,78.4,89.4,49.2,33.7,40,0,NA,NA,NA,NA,NA,NA,NA,NA,NA,NA,NA,NA,NA,NA,NA,6.1
21620,BKNYRD,2026-03-08 EDT,40.705,-73.984,33,69,47.4,58.4,NA,NA,NA,98.9,35,72.5,54,35.5,47.9,0,NA,NA,NA,NA,NA,NA,NA,NA,NA,NA,NA,NA,NA,NA,NA,8.1
21621,BKNYRD,2026-03-09 EDT,40.705,-73.984,33,72.1,50.1,61,NA,NA,NA,67.7,22,41.8,44,28.5,36.4,0,NA,NA,NA,NA,NA,NA,NA,NA,NA,NA,NA,NA,NA,NA,NA,18.7
21622,BKNYRD,2026-03-10 EDT,40.705,-73.984,33,78,49.8,64.5,NA,NA,NA,80.9,24.4,51.1,47.8,37.8,44.3,0,NA,NA,NA,NA,NA,NA,NA,NA,NA,NA,NA,NA,NA,NA,NA,18.3
21623,BKNYRD,2026-03-11 EDT,40.705,-73.984,33,71,53,60.6,NA,NA,NA,85.3,30.6,59.1,54.5,36.9,45.3,0.016,NA,NA,NA,NA,NA,NA,NA,NA,NA,NA,NA,NA,NA,NA,NA,13.4
21624,BKNYRD,2026-03-12 EDT,40.705,-73.984,33,63.6,35.2,46.3,NA,NA,NA,95.7,44.4,76.6,61.7,18.1,39.1,0.381,NA,NA,NA,NA,NA,NA,NA,NA,NA,NA,NA,NA,NA,NA,NA,1.8
21625,BKNYRD,2026-03-13 EDT,40.705,-73.984,33,41.8,33.7,38.1,NA,NA,NA,78.9,38.6,51.2,35.7,13.3,21.2,0,NA,NA,NA,NA,NA,NA,NA,NA,NA,NA,NA,NA,NA,NA,NA,10.3
21626,BKNYRD,2026-03-14 EDT,40.705,-73.984,33,52.1,39.7,45.6,NA,NA,NA,82.6,22,45.2,36.2,12.9,23.1,0,NA,NA,NA,NA,NA,NA,NA,NA,NA,NA,NA,NA,NA,NA,NA,19.7
21627,BKNYRD,2026-03-15 EDT,40.705,-73.984,33,46.8,36.8,40.9,NA,NA,NA,78.7,39.4,54.9,40.3,16.4,25.5,0,NA,NA,NA,NA,NA,NA,NA,NA,NA,NA,NA,NA,NA,NA,NA,7.3
21628,BKNYRD,2026-03-16 EDT,40.705,-73.984,33,57.2,46.4,52.2,NA,NA,NA,99.2,79.1,94.7,54.6,40.4,50.7,0.685,NA,NA,NA,NA,NA,NA,NA,NA,NA,NA,NA,NA,NA,NA,NA,4.4
21629,BKNYRD,2026-03-17 EDT,40.705,-73.984,33,52.7,32.9,38.4,NA,NA,NA,97.8,25.9,44.8,51.9,7.1,17.6,0.028,NA,NA,NA,NA,NA,NA,NA,NA,NA,NA,NA,NA,NA,NA,NA,19.4
21630,BKNYRD,2026-03-18 EDT,40.705,-73.984,33,36,26.5,31,NA,NA,NA,60.4,24.9,40.5,18.2,2.4,9.2,0,NA,NA,NA,NA,NA,NA,NA,NA,NA,NA,NA,NA,NA,NA,NA,15.5
21631,BKNYRD,2026-03-19 EDT,40.705,-73.984,33,42.5,32.4,37.4,NA,NA,NA,72.5,43.5,55.2,31.1,17.9,22.6,0,NA,NA,NA,NA,NA,NA,NA,NA,NA,NA,NA,NA,NA,NA,NA,8.1
21632,BKNYRD,2026-03-20 EDT,40.705,-73.984,33,56.5,39.2,47.7,NA,NA,NA,85.1,47,58.1,45.8,24.7,33.4,0.041,NA,NA,NA,NA,NA,NA,NA,NA,NA,NA,NA,NA,NA,NA,NA,17.1
21633,BKNYRD,2026-03-21 EDT,40.705,-73.984,33,59.5,47.4,52.9,NA,NA,NA,92.7,32.8,61.9,48.8,27.4,38.7,0.01,NA,NA,NA,NA,NA,NA,NA,NA,NA,NA,NA,NA,NA,NA,NA,20.2
21634,BKNYRD,2026-03-22 EDT,40.705,-73.984,33,61.4,44.6,50.9,NA,NA,NA,94.1,43.4,70.4,49.4,26.4,41.1,0.073,NA,NA,NA,NA,NA,NA,NA,NA,NA,NA,NA,NA,NA,NA,NA,11.2
21635,BKNYRD,2026-03-23 EDT,40.705,-73.984,33,52,36.4,43.2,NA,NA,NA,94.7,50.4,79.8,48.9,19.9,37.1,0.43,NA,NA,NA,NA,NA,NA,NA,NA,NA,NA,NA,NA,NA,NA,NA,2.8
21636,BKNYRD,2026-03-24 EDT,40.705,-73.984,33,48.6,34.3,39.5,NA,NA,NA,60.4,25.4,45.6,26.3,12.7,19.4,0,NA,NA,NA,NA,NA,NA,NA,NA,NA,NA,NA,NA,NA,NA,NA,22
21637,BKNYRD,2026-03-25 EDT,40.705,-73.984,33,51.9,38.9,44.7,NA,NA,NA,72.1,25,52.3,36.3,16.2,27.5,0,NA,NA,NA,NA,NA,NA,NA,NA,NA,NA,NA,NA,NA,NA,NA,17.5
21638,BKNYRD,2026-03-26 EDT,40.705,-73.984,33,76.1,44.5,60.1,NA,NA,NA,74.4,31.2,55.5,52.8,36.1,42.9,0,NA,NA,NA,NA,NA,NA,NA,NA,NA,NA,NA,NA,NA,NA,NA,18.1
21639,BKNYRD,2026-03-27 EDT,40.705,-73.984,33,67,43.7,53.6,NA,NA,NA,85.1,31.2,53.1,57.6,16,36.3,0,NA,NA,NA,NA,NA,NA,NA,NA,NA,NA,NA,NA,NA,NA,NA,9.5
21640,BKNYRD,2026-03-28 EDT,40.705,-73.984,33,43.7,31.8,38.7,NA,NA,NA,50.4,19.1,32.9,19.7,3.4,10.9,0,NA,NA,NA,NA,NA,NA,NA,NA,NA,NA,NA,NA,NA,NA,NA,21.4
21641,BKNYRD,2026-03-29 EDT,40.705,-73.984,33,53.2,36.9,44.6,NA,NA,NA,50.2,25.1,40.6,31.6,12,21.7,0,NA,NA,NA,NA,NA,NA,NA,NA,NA,NA,NA,NA,NA,NA,NA,22.1
21642,BKNYRD,2026-03-30 EDT,40.705,-73.984,33,71.9,47.6,59.1,NA,NA,NA,73.3,33.8,53.3,49,29.6,41.3,0,NA,NA,NA,NA,NA,NA,NA,NA,NA,NA,NA,NA,NA,NA,NA,19.8
21643,BKNYRD,2026-03-31 EDT,40.705,-73.984,33,80.2,62.5,70.5,NA,NA,NA,71,40.4,53.2,55.2,48.6,52.2,0.015,NA,NA,NA,NA,NA,NA,NA,NA,NA,NA,NA,NA,NA,NA,NA,15.9
21644,BXVNST,2026-03-01 EST,40.844,-73.861,82,43,30.2,37.5,NA,NA,NA,89.5,24.3,53,37,3.7,20.2,0.007,NA,NA,NA,NA,NA,NA,NA,NA,NA,NA,NA,NA,NA,NA,NA,9.9
21645,BXVNST,2026-03-02 EST,40.844,-73.861,82,33.3,20.7,27.2,NA,NA,NA,68.5,24.1,39.2,20,-4.1,4.9,0,NA,NA,NA,NA,NA,NA,NA,NA,NA,NA,NA,NA,NA,NA,NA,13.3
21646,BXVNST,2026-03-03 EST,40.844,-73.861,82,35.5,28.3,31.7,NA,NA,NA,97.5,65,83.4,34.6,19.3,27,0.374,NA,NA,NA,NA,NA,NA,NA,NA,NA,NA,NA,NA,NA,NA,NA,1.8
21647,BXVNST,2026-03-04 EST,40.844,-73.861,82,51.3,35.2,43.3,NA,NA,NA,96,58.5,78.8,39.1,34.2,36.9,0.043,NA,NA,NA,NA,NA,NA,NA,NA,NA,NA,NA,NA,NA,NA,NA,9.7
21648,BXVNST,2026-03-05 EST,40.844,-73.861,82,44.8,36.4,39.9,NA,NA,NA,98.2,77,92.2,40.5,35.5,37.7,1.382,NA,NA,NA,NA,NA,NA,NA,NA,NA,NA,NA,NA,NA,NA,NA,1.6
21649,BXVNST,2026-03-06 EST,40.844,-73.861,82,40.5,36.1,38.1,NA,NA,NA,97.1,79.4,86,36.3,31.9,34.2,0.159,NA,NA,NA,NA,NA,NA,NA,NA,NA,NA,NA,NA,NA,NA,NA,3.9
21650,BXVNST,2026-03-07 EST,40.844,-73.861,82,48.8,34.9,41.1,NA,NA,NA,98.8,80.2,93.9,47.9,32.6,39.5,0.009,NA,NA,NA,NA,NA,NA,NA,NA,NA,NA,NA,NA,NA,NA,NA,5.2
21651,BXVNST,2026-03-08 EDT,40.844,-73.861,82,70.7,46.6,59.1,NA,NA,NA,96.9,36.4,69.5,54,35.7,47.5,0.002,NA,NA,NA,NA,NA,NA,NA,NA,NA,NA,NA,NA,NA,NA,NA,8
21652,BXVNST,2026-03-09 EDT,40.844,-73.861,82,71.7,50.7,60.9,NA,NA,NA,68.6,19.9,42,44,27.8,36.1,0,NA,NA,NA,NA,NA,NA,NA,NA,NA,NA,NA,NA,NA,NA,NA,18.3
21653,BXVNST,2026-03-10 EDT,40.844,-73.861,82,79.4,49.3,63,NA,NA,NA,81.8,24,52.6,47.9,37.7,43.4,0,NA,NA,NA,NA,NA,NA,NA,NA,NA,NA,NA,NA,NA,NA,NA,17.7
21654,BXVNST,2026-03-11 EDT,40.844,-73.861,82,68.4,49.5,56.9,NA,NA,NA,92.5,35.2,65.7,54.6,39.2,45.1,0.148,NA,NA,NA,NA,NA,NA,NA,NA,NA,NA,NA,NA,NA,NA,NA,13
21655,BXVNST,2026-03-12 EDT,40.844,-73.861,82,57,35.3,44.7,NA,NA,NA,97.4,55.1,78.3,54.9,21.6,38.1,0.329,NA,NA,NA,NA,NA,NA,NA,NA,NA,NA,NA,NA,NA,NA,NA,1.7
21656,BXVNST,2026-03-13 EDT,40.844,-73.861,82,41.9,32.5,37.9,NA,NA,NA,78.5,35.7,49.7,35.4,12.7,20.3,0,NA,NA,NA,NA,NA,NA,NA,NA,NA,NA,NA,NA,NA,NA,NA,9.6
21657,BXVNST,2026-03-14 EDT,40.844,-73.861,82,53.8,39.8,45.7,NA,NA,NA,84.8,22.1,44.5,36.3,13.2,22.8,0,NA,NA,NA,NA,NA,NA,NA,NA,NA,NA,NA,NA,NA,NA,NA,19
21658,BXVNST,2026-03-15 EDT,40.844,-73.861,82,47.9,34.6,39.5,NA,NA,NA,81.4,41.1,56.6,40.4,16.7,25,0,NA,NA,NA,NA,NA,NA,NA,NA,NA,NA,NA,NA,NA,NA,NA,7.3
21659,BXVNST,2026-03-16 EDT,40.844,-73.861,82,55.6,46.1,51.9,NA,NA,NA,99.5,75.4,95.8,54.6,40.4,50.7,0.858,NA,NA,NA,NA,NA,NA,NA,NA,NA,NA,NA,NA,NA,NA,NA,3
21660,BXVNST,2026-03-17 EDT,40.844,-73.861,82,52.7,32.1,39.4,NA,NA,NA,99.4,22.2,44.3,52.5,2.6,17.6,0.007,NA,NA,NA,NA,NA,NA,NA,NA,NA,NA,NA,NA,NA,NA,NA,20.2
21661,BXVNST,2026-03-18 EDT,40.844,-73.861,82,36.9,25.9,30.8,NA,NA,NA,65.2,24.6,38.6,19.3,1.9,8,0,NA,NA,NA,NA,NA,NA,NA,NA,NA,NA,NA,NA,NA,NA,NA,14.9
21662,BXVNST,2026-03-19 EDT,40.844,-73.861,82,41.9,31.5,36.9,NA,NA,NA,73.7,40.3,53.4,31.5,16.6,21.3,0,NA,NA,NA,NA,NA,NA,NA,NA,NA,NA,NA,NA,NA,NA,NA,7.4
21663,BXVNST,2026-03-20 EDT,40.844,-73.861,82,53.8,39.1,45.9,NA,NA,NA,83.8,48.3,62.5,43.6,25.7,33.5,0.038,NA,NA,NA,NA,NA,NA,NA,NA,NA,NA,NA,NA,NA,NA,NA,16.4
21664,BXVNST,2026-03-21 EDT,40.844,-73.861,82,60.4,44.6,51.9,NA,NA,NA,91.1,36.6,65.8,49,29.9,39.9,0.007,NA,NA,NA,NA,NA,NA,NA,NA,NA,NA,NA,NA,NA,NA,NA,17.3
21665,BXVNST,2026-03-22 EDT,40.844,-73.861,82,59.6,41.6,48.4,NA,NA,NA,97.3,49.7,76.8,48.8,27.3,41.1,0.211,NA,NA,NA,NA,NA,NA,NA,NA,NA,NA,NA,NA,NA,NA,NA,10.4
21666,BXVNST,2026-03-23 EDT,40.844,-73.861,82,51.4,35.6,41.7,NA,NA,NA,97.2,53.6,83.7,49.2,20.4,36.9,0.57,NA,NA,NA,NA,NA,NA,NA,NA,NA,NA,NA,NA,NA,NA,NA,3.5
21667,BXVNST,2026-03-24 EDT,40.844,-73.861,82,48.9,32.9,39.6,NA,NA,NA,62.7,22.5,45.1,26,11.7,18.9,0,NA,NA,NA,NA,NA,NA,NA,NA,NA,NA,NA,NA,NA,NA,NA,21.6
21668,BXVNST,2026-03-25 EDT,40.844,-73.861,82,53.1,40,45,NA,NA,NA,75,26.5,47.1,36.6,18,25.4,0,NA,NA,NA,NA,NA,NA,NA,NA,NA,NA,NA,NA,NA,NA,NA,16.7
21669,BXVNST,2026-03-26 EDT,40.844,-73.861,82,75,43.6,58.6,NA,NA,NA,83.1,30.9,58.3,53.6,36.6,42.5,0,NA,NA,NA,NA,NA,NA,NA,NA,NA,NA,NA,NA,NA,NA,NA,17.9
21670,BXVNST,2026-03-27 EDT,40.844,-73.861,82,67.1,42.5,53,NA,NA,NA,85.1,33.4,53.4,57.6,17.8,35.7,0.032,NA,NA,NA,NA,NA,NA,NA,NA,NA,NA,NA,NA,NA,NA,NA,10.3
21671,BXVNST,2026-03-28 EDT,40.844,-73.861,82,45.9,31,38.4,NA,NA,NA,47.9,17.8,32.5,22.4,2.9,10.2,0,NA,NA,NA,NA,NA,NA,NA,NA,NA,NA,NA,NA,NA,NA,NA,20.9
21672,BXVNST,2026-03-29 EDT,40.844,-73.861,82,54,34.1,43.1,NA,NA,NA,58.9,23.5,43.4,32.5,11.8,21.8,0,NA,NA,NA,NA,NA,NA,NA,NA,NA,NA,NA,NA,NA,NA,NA,20.5
21673,BXVNST,2026-03-30 EDT,40.844,-73.861,82,73.1,44.9,59.4,NA,NA,NA,74.5,29.6,53.2,48.7,32,41.1,0,NA,NA,NA,NA,NA,NA,NA,NA,NA,NA,NA,NA,NA,NA,NA,19
21674,BXVNST,2026-03-31 EDT,40.844,-73.861,82,82.1,60.7,70.5,NA,NA,NA,75.6,37.7,52.5,54.1,48.3,51.6,0,NA,NA,NA,NA,NA,NA,NA,NA,NA,NA,NA,NA,NA,NA,NA,16.1
21675,MHALPH,2026-03-01 EST,40.728,-73.974,37,44.2,31.6,39.2,NA,NA,NA,88.4,21,52.9,39.5,4,21.2,0,NA,NA,NA,NA,NA,NA,NA,NA,NA,NA,NA,NA,NA,NA,NA,NA
21676,MHALPH,2026-03-02 EST,40.728,-73.974,37,33.8,23.6,29,NA,NA,NA,69.5,26.9,41.5,22.5,-0.6,7.8,0,NA,NA,NA,NA,NA,NA,NA,NA,NA,NA,NA,NA,NA,NA,NA,NA
21677,MHALPH,2026-03-03 EST,40.728,-73.974,37,38.4,31.4,34.5,NA,NA,NA,96.5,59.6,80.8,36.7,20.5,28.9,0.341,NA,NA,NA,NA,NA,NA,NA,NA,NA,NA,NA,NA,NA,NA,NA,NA
21678,MHALPH,2026-03-04 EST,40.728,-73.974,37,48.6,38.4,44.1,NA,NA,NA,93.8,62.9,77.5,39.7,35.5,37.4,0,NA,NA,NA,NA,NA,NA,NA,NA,NA,NA,NA,NA,NA,NA,NA,NA
21679,MHALPH,2026-03-05 EST,40.728,-73.974,37,47,37.8,42.3,NA,NA,NA,96.9,73.7,89.6,42.8,36.1,39.3,1.433,NA,NA,NA,NA,NA,NA,NA,NA,NA,NA,NA,NA,NA,NA,NA,NA
21680,MHALPH,2026-03-06 EST,40.728,-73.974,37,41.4,37.2,39.4,NA,NA,NA,93.5,76,83,36,32.6,34.6,0.176,NA,NA,NA,NA,NA,NA,NA,NA,NA,NA,NA,NA,NA,NA,NA,NA
21681,MHALPH,2026-03-07 EST,40.728,-73.974,37,51.4,37.6,43.2,NA,NA,NA,96.9,77.8,88.6,49.3,33.5,40.1,0,NA,NA,NA,NA,NA,NA,NA,NA,NA,NA,NA,NA,NA,NA,NA,NA
21682,MHALPH,2026-03-08 EDT,40.728,-73.974,37,70.3,49.1,59.2,NA,NA,NA,96.5,40.2,70.6,53.5,37.5,48.3,0,NA,NA,NA,NA,NA,NA,NA,NA,NA,NA,NA,NA,NA,NA,NA,NA
21683,MHALPH,2026-03-09 EDT,40.728,-73.974,37,72.3,52,61.4,NA,NA,NA,70.9,20.6,41.2,43.9,27.9,36.2,0,NA,NA,NA,NA,NA,NA,NA,NA,NA,NA,NA,NA,NA,NA,NA,NA
21684,MHALPH,2026-03-10 EDT,40.728,-73.974,37,78.9,51.1,64.3,NA,NA,NA,78.1,23.1,50.8,47.7,37.7,44.1,0,NA,NA,NA,NA,NA,NA,NA,NA,NA,NA,NA,NA,NA,NA,NA,NA
21685,MHALPH,2026-03-11 EDT,40.728,-73.974,37,69.7,51.9,59.6,NA,NA,NA,86.3,30.6,59.5,53.1,37.1,44.4,0.005,NA,NA,NA,NA,NA,NA,NA,NA,NA,NA,NA,NA,NA,NA,NA,NA
21686,MHALPH,2026-03-12 EDT,40.728,-73.974,37,63.7,36.1,46.4,NA,NA,NA,97.6,46.3,76.9,62.2,19.2,39.3,0.413,NA,NA,NA,NA,NA,NA,NA,NA,NA,NA,NA,NA,NA,NA,NA,NA
21687,MHALPH,2026-03-13 EDT,40.728,-73.974,37,42.5,33.8,38.5,NA,NA,NA,78.3,37.8,50.3,36.1,13.1,21.2,0,NA,NA,NA,NA,NA,NA,NA,NA,NA,NA,NA,NA,NA,NA,NA,NA
21688,MHALPH,2026-03-14 EDT,40.728,-73.974,37,53.3,41,46.6,NA,NA,NA,82.9,21.5,42.5,36.5,12.3,22.7,0,NA,NA,NA,NA,NA,NA,NA,NA,NA,NA,NA,NA,NA,NA,NA,NA
21689,MHALPH,2026-03-15 EDT,40.728,-73.974,37,47.2,36.6,41.1,NA,NA,NA,77.8,39,54.9,40.7,17.3,25.7,0,NA,NA,NA,NA,NA,NA,NA,NA,NA,NA,NA,NA,NA,NA,NA,NA
21690,MHALPH,2026-03-16 EDT,40.728,-73.974,37,57.1,47,52.3,NA,NA,NA,99,78.1,93.9,54.4,40.5,50.6,0.593,NA,NA,NA,NA,NA,NA,NA,NA,NA,NA,NA,NA,NA,NA,NA,NA
21691,MHALPH,2026-03-17 EDT,40.728,-73.974,37,52.7,33.2,39.4,NA,NA,NA,97,24.8,43.8,51.8,6.9,17.8,0,NA,NA,NA,NA,NA,NA,NA,NA,NA,NA,NA,NA,NA,NA,NA,NA
21692,MHALPH,2026-03-18 EDT,40.728,-73.974,37,36.7,26.5,31.4,NA,NA,NA,58.1,24.7,40,18.5,2.7,9.3,0,NA,NA,NA,NA,NA,NA,NA,NA,NA,NA,NA,NA,NA,NA,NA,NA
21693,MHALPH,2026-03-19 EDT,40.728,-73.974,37,42.6,32.8,37.7,NA,NA,NA,71.1,43.2,54.7,31.5,18.2,22.7,0,NA,NA,NA,NA,NA,NA,NA,NA,NA,NA,NA,NA,NA,NA,NA,NA
21694,MHALPH,2026-03-20 EDT,40.728,-73.974,37,55.7,39.6,47.8,NA,NA,NA,81.1,48.5,57.3,46.3,24.7,33.3,0.018,NA,NA,NA,NA,NA,NA,NA,NA,NA,NA,NA,NA,NA,NA,NA,NA
21695,MHALPH,2026-03-21 EDT,40.728,-73.974,37,60.2,46.9,53.3,NA,NA,NA,91.4,31.9,61.4,49.2,27.8,39.1,0,NA,NA,NA,NA,NA,NA,NA,NA,NA,NA,NA,NA,NA,NA,NA,NA
21696,MHALPH,2026-03-22 EDT,40.728,-73.974,37,62.3,44.7,50.7,NA,NA,NA,95.5,46.6,70,48.8,27.8,40.8,0.098,NA,NA,NA,NA,NA,NA,NA,NA,NA,NA,NA,NA,NA,NA,NA,NA
21697,MHALPH,2026-03-23 EDT,40.728,-73.974,37,51.7,36.6,43.3,NA,NA,NA,96.8,50,79.4,49.1,19.8,37.1,0.374,NA,NA,NA,NA,NA,NA,NA,NA,NA,NA,NA,NA,NA,NA,NA,NA
21698,MHALPH,2026-03-24 EDT,40.728,-73.974,37,48.2,34.4,40.2,NA,NA,NA,58.3,23.7,44.5,25.9,12,19.5,0,NA,NA,NA,NA,NA,NA,NA,NA,NA,NA,NA,NA,NA,NA,NA,NA
21699,MHALPH,2026-03-25 EDT,40.728,-73.974,37,53.4,40.4,45.4,NA,NA,NA,69,23.4,49.7,35.9,15.4,27,0,NA,NA,NA,NA,NA,NA,NA,NA,NA,NA,NA,NA,NA,NA,NA,NA
21700,MHALPH,2026-03-26 EDT,40.728,-73.974,37,75.3,44.8,60.3,NA,NA,NA,75,31,54.6,53.1,36,42.6,0,NA,NA,NA,NA,NA,NA,NA,NA,NA,NA,NA,NA,NA,NA,NA,NA
21701,MHALPH,2026-03-27 EDT,40.728,-73.974,37,68.2,44,54.1,NA,NA,NA,80.5,32.2,53.3,57.5,16.8,37,0,NA,NA,NA,NA,NA,NA,NA,NA,NA,NA,NA,NA,NA,NA,NA,NA
21702,MHALPH,2026-03-28 EDT,40.728,-73.974,37,44.6,32.6,39.3,NA,NA,NA,48.8,18.5,32.2,20.7,3.2,10.8,0,NA,NA,NA,NA,NA,NA,NA,NA,NA,NA,NA,NA,NA,NA,NA,NA
21703,MHALPH,2026-03-29 EDT,40.728,-73.974,37,53.4,37.1,45,NA,NA,NA,48.6,23.7,39.9,31.8,11.5,21.7,0,NA,NA,NA,NA,NA,NA,NA,NA,NA,NA,NA,NA,NA,NA,NA,NA
21704,MHALPH,2026-03-30 EDT,40.728,-73.974,37,71.8,48,59.6,NA,NA,NA,71.8,31.9,51.6,48.8,29.5,40.9,0,NA,NA,NA,NA,NA,NA,NA,NA,NA,NA,NA,NA,NA,NA,NA,NA
21705,MHALPH,2026-03-31 EDT,40.728,-73.974,37,80.7,63.2,71.1,NA,NA,NA,68.4,38.4,51.7,55.1,48.7,51.9,0,NA,NA,NA,NA,NA,NA,NA,NA,NA,NA,NA,NA,NA,NA,NA,NA
21706,MHCHEL,2026-03-01 EST,40.755,-74.005,38,43.9,30.8,37.8,NA,NA,NA,88.8,23.5,54.4,39.3,4.7,20.9,0,NA,NA,NA,NA,NA,NA,NA,NA,NA,NA,NA,NA,NA,NA,NA,6.7
21707,MHCHEL,2026-03-02 EST,40.755,-74.005,38,33,22.6,28.5,NA,NA,NA,66.6,27.9,42.2,22,-1,7.9,0,NA,NA,NA,NA,NA,NA,NA,NA,NA,NA,NA,NA,NA,NA,NA,10.2
21708,MHCHEL,2026-03-03 EST,40.755,-74.005,38,37.9,32,35.5,NA,NA,NA,94.8,57.5,78,35.6,20.1,29,0.358,NA,NA,NA,NA,NA,NA,NA,NA,NA,NA,NA,NA,NA,NA,NA,1.4
21709,MHCHEL,2026-03-04 EST,40.755,-74.005,38,47.3,36.6,42.5,NA,NA,NA,94.2,66.3,81.1,39.3,34.5,37,0.017,NA,NA,NA,NA,NA,NA,NA,NA,NA,NA,NA,NA,NA,NA,NA,6.4
21710,MHCHEL,2026-03-05 EST,40.755,-74.005,38,45.7,39.1,42.1,NA,NA,NA,94.9,77.5,88.5,42.4,35.3,38.9,1.504,NA,NA,NA,NA,NA,NA,NA,NA,NA,NA,NA,NA,NA,NA,NA,1.2
21711,MHCHEL,2026-03-06 EST,40.755,-74.005,38,42.4,36.6,39.8,NA,NA,NA,93.5,74.9,82.5,36.5,32.6,34.8,0.166,NA,NA,NA,NA,NA,NA,NA,NA,NA,NA,NA,NA,NA,NA,NA,2.9
21712,MHCHEL,2026-03-07 EST,40.755,-74.005,38,52.5,36.7,43,NA,NA,NA,96.7,79.3,88.7,49.2,33,39.8,0,NA,NA,NA,NA,NA,NA,NA,NA,NA,NA,NA,NA,NA,NA,NA,5.1
21713,MHCHEL,2026-03-08 EDT,40.755,-74.005,38,68.6,48.2,58.5,NA,NA,NA,96.9,38.9,71.5,54,37.1,47.8,0.002,NA,NA,NA,NA,NA,NA,NA,NA,NA,NA,NA,NA,NA,NA,NA,7.5
21714,MHCHEL,2026-03-09 EDT,40.755,-74.005,38,71.5,51.7,62.2,NA,NA,NA,55.4,21,38.5,42.6,28.5,35.8,0,NA,NA,NA,NA,NA,NA,NA,NA,NA,NA,NA,NA,NA,NA,NA,15.4
21715,MHCHEL,2026-03-10 EDT,40.755,-74.005,38,77.9,52.4,66.7,NA,NA,NA,81,25.8,46.6,48.1,38.1,43.6,0,NA,NA,NA,NA,NA,NA,NA,NA,NA,NA,NA,NA,NA,NA,NA,15.5
21716,MHCHEL,2026-03-11 EDT,40.755,-74.005,38,72.9,52.5,63.8,NA,NA,NA,87.8,28.7,54.4,57.8,36.9,46,0.015,NA,NA,NA,NA,NA,NA,NA,NA,NA,NA,NA,NA,NA,NA,NA,10.4
21717,MHCHEL,2026-03-12 EDT,40.755,-74.005,38,65,35,46.2,NA,NA,NA,98,47.3,77.7,62.4,19.1,39.3,0.356,NA,NA,NA,NA,NA,NA,NA,NA,NA,NA,NA,NA,NA,NA,NA,1.5
21718,MHCHEL,2026-03-13 EDT,40.755,-74.005,38,42.8,33.6,38.4,NA,NA,NA,74.1,37.4,50.5,35.2,13.9,21.3,0,NA,NA,NA,NA,NA,NA,NA,NA,NA,NA,NA,NA,NA,NA,NA,7.5
21719,MHCHEL,2026-03-14 EDT,40.755,-74.005,38,51.3,40.8,45.8,NA,NA,NA,75,23.8,43.1,35.4,14.2,23,0,NA,NA,NA,NA,NA,NA,NA,NA,NA,NA,NA,NA,NA,NA,NA,17.1
21720,MHCHEL,2026-03-15 EDT,40.755,-74.005,38,48.3,37.2,41.4,NA,NA,NA,74.1,40.8,53,40.4,17.3,25.2,0,NA,NA,NA,NA,NA,NA,NA,NA,NA,NA,NA,NA,NA,NA,NA,5.9
21721,MHCHEL,2026-03-16 EDT,40.755,-74.005,38,59.8,48.2,54.5,NA,NA,NA,97.6,74.5,91.4,56.4,40.6,52,0.659,NA,NA,NA,NA,NA,NA,NA,NA,NA,NA,NA,NA,NA,NA,NA,3.4
21722,MHCHEL,2026-03-17 EDT,40.755,-74.005,38,54.2,32.7,38.5,NA,NA,NA,95.3,26.7,45.9,52.7,8,18.4,0,NA,NA,NA,NA,NA,NA,NA,NA,NA,NA,NA,NA,NA,NA,NA,18.4
21723,MHCHEL,2026-03-18 EDT,40.755,-74.005,38,37.5,26.7,31.3,NA,NA,NA,61.9,23.6,40.3,19.1,2.3,9.3,0,NA,NA,NA,NA,NA,NA,NA,NA,NA,NA,NA,NA,NA,NA,NA,13.6
21724,MHCHEL,2026-03-19 EDT,40.755,-74.005,38,43.2,33.2,37.9,NA,NA,NA,64.3,41,54.1,29.9,17.5,22.6,0,NA,NA,NA,NA,NA,NA,NA,NA,NA,NA,NA,NA,NA,NA,NA,6
21725,MHCHEL,2026-03-20 EDT,40.755,-74.005,38,59,39.2,48.4,NA,NA,NA,81.7,43.7,56.3,45.3,24.8,33.3,0.017,NA,NA,NA,NA,NA,NA,NA,NA,NA,NA,NA,NA,NA,NA,NA,15.2
21726,MHCHEL,2026-03-21 EDT,40.755,-74.005,38,58.2,46.7,52.3,NA,NA,NA,93.7,34.9,63.3,49.2,27.4,39.1,0.003,NA,NA,NA,NA,NA,NA,NA,NA,NA,NA,NA,NA,NA,NA,NA,18.4
21727,MHCHEL,2026-03-22 EDT,40.755,-74.005,38,63.6,46.2,52,NA,NA,NA,92.4,40.3,66.5,50.6,24.9,40.6,0.116,NA,NA,NA,NA,NA,NA,NA,NA,NA,NA,NA,NA,NA,NA,NA,10.4
21728,MHCHEL,2026-03-23 EDT,40.755,-74.005,38,52.1,36.1,42.3,NA,NA,NA,94.4,52.4,81.1,49.8,20.5,36.6,0.386,NA,NA,NA,NA,NA,NA,NA,NA,NA,NA,NA,NA,NA,NA,NA,2.3
21729,MHCHEL,2026-03-24 EDT,40.755,-74.005,38,48.1,33.9,39.8,NA,NA,NA,62.9,24.7,45.6,25.5,12.3,19.4,0,NA,NA,NA,NA,NA,NA,NA,NA,NA,NA,NA,NA,NA,NA,NA,19.3
21730,MHCHEL,2026-03-25 EDT,40.755,-74.005,38,53.6,39.5,45.3,NA,NA,NA,63.2,25.9,49.6,33.9,17.2,27,0,NA,NA,NA,NA,NA,NA,NA,NA,NA,NA,NA,NA,NA,NA,NA,14.8
21731,MHCHEL,2026-03-26 EDT,40.755,-74.005,38,74.8,46.6,61.1,NA,NA,NA,71.1,32.4,52.4,52.9,33.5,42.5,0,NA,NA,NA,NA,NA,NA,NA,NA,NA,NA,NA,NA,NA,NA,NA,17.2
21732,MHCHEL,2026-03-27 EDT,40.755,-74.005,38,67.2,43,53,NA,NA,NA,84.3,38.6,55.1,57.4,19.8,36.8,0.005,NA,NA,NA,NA,NA,NA,NA,NA,NA,NA,NA,NA,NA,NA,NA,9.9
21733,MHCHEL,2026-03-28 EDT,40.755,-74.005,38,42.9,31,38.3,NA,NA,NA,52.8,20.6,34.8,20.1,4.4,11.8,0,NA,NA,NA,NA,NA,NA,NA,NA,NA,NA,NA,NA,NA,NA,NA,17
21734,MHCHEL,2026-03-29 EDT,40.755,-74.005,38,54.9,36.3,45,NA,NA,NA,51.9,24.7,39.5,30.9,12.7,21.4,0,NA,NA,NA,NA,NA,NA,NA,NA,NA,NA,NA,NA,NA,NA,NA,19.4
21735,MHCHEL,2026-03-30 EDT,40.755,-74.005,38,72,48.1,59.4,NA,NA,NA,74,31.4,51.5,48.9,28.6,40.6,0,NA,NA,NA,NA,NA,NA,NA,NA,NA,NA,NA,NA,NA,NA,NA,18.5
21736,MHCHEL,2026-03-31 EDT,40.755,-74.005,38,79.8,62.2,70.7,NA,NA,NA,70.5,41,52.5,55.1,48.9,52.1,0.04,NA,NA,NA,NA,NA,NA,NA,NA,NA,NA,NA,NA,NA,NA,NA,12
21737,MHERAC,2026-03-01 EST,40.725,-73.974,12,NA,NA,NA,NA,NA,NA,NA,NA,NA,NA,NA,NA,NA,NA,NA,NA,NA,NA,NA,NA,NA,NA,NA,NA,NA,NA,NA,NA,NA
21738,MHERAC,2026-03-02 EST,40.725,-73.974,12,NA,NA,NA,NA,NA,NA,NA,NA,NA,NA,NA,NA,NA,NA,NA,NA,NA,NA,NA,NA,NA,NA,NA,NA,NA,NA,NA,NA,NA
21739,MHERAC,2026-03-03 EST,40.725,-73.974,12,NA,NA,NA,NA,NA,NA,NA,NA,NA,NA,NA,NA,NA,NA,NA,NA,NA,NA,NA,NA,NA,NA,NA,NA,NA,NA,NA,NA,NA
21740,MHERAC,2026-03-04 EST,40.725,-73.974,12,NA,NA,NA,NA,NA,NA,NA,NA,NA,NA,NA,NA,NA,NA,NA,NA,NA,NA,NA,NA,NA,NA,NA,NA,NA,NA,NA,NA,NA
21741,MHERAC,2026-03-05 EST,40.725,-73.974,12,NA,NA,NA,NA,NA,NA,NA,NA,NA,NA,NA,NA,NA,NA,NA,NA,NA,NA,NA,NA,NA,NA,NA,NA,NA,NA,NA,NA,NA
21742,MHERAC,2026-03-06 EST,40.725,-73.974,12,NA,NA,NA,NA,NA,NA,NA,NA,NA,NA,NA,NA,NA,NA,NA,NA,NA,NA,NA,NA,NA,NA,NA,NA,NA,NA,NA,NA,NA
21743,MHERAC,2026-03-07 EST,40.725,-73.974,12,NA,NA,NA,NA,NA,NA,NA,NA,NA,NA,NA,NA,NA,NA,NA,NA,NA,NA,NA,NA,NA,NA,NA,NA,NA,NA,NA,NA,NA
21744,MHERAC,2026-03-08 EDT,40.725,-73.974,12,NA,NA,NA,NA,NA,NA,NA,NA,NA,NA,NA,NA,NA,NA,NA,NA,NA,NA,NA,NA,NA,NA,NA,NA,NA,NA,NA,NA,NA
21745,MHERAC,2026-03-09 EDT,40.725,-73.974,12,NA,NA,NA,NA,NA,NA,NA,NA,NA,NA,NA,NA,NA,NA,NA,NA,NA,NA,NA,NA,NA,NA,NA,NA,NA,NA,NA,NA,NA
21746,MHERAC,2026-03-10 EDT,40.725,-73.974,12,NA,NA,NA,NA,NA,NA,NA,NA,NA,NA,NA,NA,NA,NA,NA,NA,NA,NA,NA,NA,NA,NA,NA,NA,NA,NA,NA,NA,NA
21747,MHERAC,2026-03-11 EDT,40.725,-73.974,12,NA,NA,NA,NA,NA,NA,NA,NA,NA,NA,NA,NA,NA,NA,NA,NA,NA,NA,NA,NA,NA,NA,NA,NA,NA,NA,NA,NA,NA
21748,MHERAC,2026-03-12 EDT,40.725,-73.974,12,NA,NA,NA,NA,NA,NA,NA,NA,NA,NA,NA,NA,NA,NA,NA,NA,NA,NA,NA,NA,NA,NA,NA,NA,NA,NA,NA,NA,NA
21749,MHERAC,2026-03-13 EDT,40.725,-73.974,12,NA,NA,NA,NA,NA,NA,NA,NA,NA,NA,NA,NA,NA,NA,NA,NA,NA,NA,NA,NA,NA,NA,NA,NA,NA,NA,NA,NA,NA
21750,MHERAC,2026-03-14 EDT,40.725,-73.974,12,NA,NA,NA,NA,NA,NA,NA,NA,NA,NA,NA,NA,NA,NA,NA,NA,NA,NA,NA,NA,NA,NA,NA,NA,NA,NA,NA,NA,NA
21751,MHERAC,2026-03-15 EDT,40.725,-73.974,12,NA,NA,NA,NA,NA,NA,NA,NA,NA,NA,NA,NA,NA,NA,NA,NA,NA,NA,NA,NA,NA,NA,NA,NA,NA,NA,NA,NA,NA
21752,MHERAC,2026-03-16 EDT,40.725,-73.974,12,NA,NA,NA,NA,NA,NA,NA,NA,NA,NA,NA,NA,NA,NA,NA,NA,NA,NA,NA,NA,NA,NA,NA,NA,NA,NA,NA,NA,NA
21753,MHERAC,2026-03-17 EDT,40.725,-73.974,12,NA,NA,NA,NA,NA,NA,NA,NA,NA,NA,NA,NA,NA,NA,NA,NA,NA,NA,NA,NA,NA,NA,NA,NA,NA,NA,NA,NA,NA
21754,MHERAC,2026-03-18 EDT,40.725,-73.974,12,NA,NA,NA,NA,NA,NA,NA,NA,NA,NA,NA,NA,NA,NA,NA,NA,NA,NA,NA,NA,NA,NA,NA,NA,NA,NA,NA,NA,NA
21755,MHERAC,2026-03-19 EDT,40.725,-73.974,12,NA,NA,NA,NA,NA,NA,NA,NA,NA,NA,NA,NA,NA,NA,NA,NA,NA,NA,NA,NA,NA,NA,NA,NA,NA,NA,NA,NA,NA
21756,MHERAC,2026-03-20 EDT,40.725,-73.974,12,NA,NA,NA,NA,NA,NA,NA,NA,NA,NA,NA,NA,NA,NA,NA,NA,NA,NA,NA,NA,NA,NA,NA,NA,NA,NA,NA,NA,NA
21757,MHERAC,2026-03-21 EDT,40.725,-73.974,12,NA,NA,NA,NA,NA,NA,NA,NA,NA,NA,NA,NA,NA,NA,NA,NA,NA,NA,NA,NA,NA,NA,NA,NA,NA,NA,NA,NA,NA
21758,MHERAC,2026-03-22 EDT,40.725,-73.974,12,NA,NA,NA,NA,NA,NA,NA,NA,NA,NA,NA,NA,NA,NA,NA,NA,NA,NA,NA,NA,NA,NA,NA,NA,NA,NA,NA,NA,NA
21759,MHERAC,2026-03-23 EDT,40.725,-73.974,12,NA,NA,NA,NA,NA,NA,NA,NA,NA,NA,NA,NA,NA,NA,NA,NA,NA,NA,NA,NA,NA,NA,NA,NA,NA,NA,NA,NA,NA
21760,MHERAC,2026-03-24 EDT,40.725,-73.974,12,NA,NA,NA,NA,NA,NA,NA,NA,NA,NA,NA,NA,NA,NA,NA,NA,NA,NA,NA,NA,NA,NA,NA,NA,NA,NA,NA,NA,NA
21761,MHERAC,2026-03-25 EDT,40.725,-73.974,12,NA,NA,NA,NA,NA,NA,NA,NA,NA,NA,NA,NA,NA,NA,NA,NA,NA,NA,NA,NA,NA,NA,NA,NA,NA,NA,NA,NA,NA
21762,MHERAC,2026-03-26 EDT,40.725,-73.974,12,NA,NA,NA,NA,NA,NA,NA,NA,NA,NA,NA,NA,NA,NA,NA,NA,NA,NA,NA,NA,NA,NA,NA,NA,NA,NA,NA,NA,NA
21763,MHERAC,2026-03-27 EDT,40.725,-73.974,12,NA,NA,NA,NA,NA,NA,NA,NA,NA,NA,NA,NA,NA,NA,NA,NA,NA,NA,NA,NA,NA,NA,NA,NA,NA,NA,NA,NA,NA
21764,MHERAC,2026-03-28 EDT,40.725,-73.974,12,NA,NA,NA,NA,NA,NA,NA,NA,NA,NA,NA,NA,NA,NA,NA,NA,NA,NA,NA,NA,NA,NA,NA,NA,NA,NA,NA,NA,NA
21765,MHERAC,2026-03-29 EDT,40.725,-73.974,12,NA,NA,NA,NA,NA,NA,NA,NA,NA,NA,NA,NA,NA,NA,NA,NA,NA,NA,NA,NA,NA,NA,NA,NA,NA,NA,NA,NA,NA
21766,MHERAC,2026-03-30 EDT,40.725,-73.974,12,NA,NA,NA,NA,NA,NA,NA,NA,NA,NA,NA,NA,NA,NA,NA,NA,NA,NA,NA,NA,NA,NA,NA,NA,NA,NA,NA,NA,NA
21767,MHERAC,2026-03-31 EDT,40.725,-73.974,12,NA,NA,NA,NA,NA,NA,NA,NA,NA,NA,NA,NA,NA,NA,NA,NA,NA,NA,NA,NA,NA,NA,NA,NA,NA,NA,NA,NA,NA
21768,MHLSQR,2026-03-01 EST,40.77,-73.995,7,NA,NA,NA,NA,NA,NA,NA,NA,NA,NA,NA,NA,NA,NA,NA,NA,NA,NA,NA,NA,NA,NA,NA,NA,NA,NA,NA,NA,NA
21769,MHLSQR,2026-03-02 EST,40.77,-73.995,7,NA,NA,NA,NA,NA,NA,NA,NA,NA,NA,NA,NA,NA,NA,NA,NA,NA,NA,NA,NA,NA,NA,NA,NA,NA,NA,NA,NA,NA
21770,MHLSQR,2026-03-03 EST,40.77,-73.995,7,NA,NA,NA,NA,NA,NA,NA,NA,NA,NA,NA,NA,NA,NA,NA,NA,NA,NA,NA,NA,NA,NA,NA,NA,NA,NA,NA,NA,NA
21771,MHLSQR,2026-03-04 EST,40.77,-73.995,7,NA,NA,NA,NA,NA,NA,NA,NA,NA,NA,NA,NA,NA,NA,NA,NA,NA,NA,NA,NA,NA,NA,NA,NA,NA,NA,NA,NA,NA
21772,MHLSQR,2026-03-05 EST,40.77,-73.995,7,NA,NA,NA,NA,NA,NA,NA,NA,NA,NA,NA,NA,NA,NA,NA,NA,NA,NA,NA,NA,NA,NA,NA,NA,NA,NA,NA,NA,NA
21773,MHLSQR,2026-03-06 EST,40.77,-73.995,7,NA,NA,NA,NA,NA,NA,NA,NA,NA,NA,NA,NA,NA,NA,NA,NA,NA,NA,NA,NA,NA,NA,NA,NA,NA,NA,NA,NA,NA
21774,MHLSQR,2026-03-07 EST,40.77,-73.995,7,NA,NA,NA,NA,NA,NA,NA,NA,NA,NA,NA,NA,NA,NA,NA,NA,NA,NA,NA,NA,NA,NA,NA,NA,NA,NA,NA,NA,NA
21775,MHLSQR,2026-03-08 EDT,40.77,-73.995,7,NA,NA,NA,NA,NA,NA,NA,NA,NA,NA,NA,NA,NA,NA,NA,NA,NA,NA,NA,NA,NA,NA,NA,NA,NA,NA,NA,NA,NA
21776,MHLSQR,2026-03-09 EDT,40.77,-73.995,7,NA,NA,NA,NA,NA,NA,NA,NA,NA,NA,NA,NA,NA,NA,NA,NA,NA,NA,NA,NA,NA,NA,NA,NA,NA,NA,NA,NA,NA
21777,MHLSQR,2026-03-10 EDT,40.77,-73.995,7,NA,NA,NA,NA,NA,NA,NA,NA,NA,NA,NA,NA,NA,NA,NA,NA,NA,NA,NA,NA,NA,NA,NA,NA,NA,NA,NA,NA,NA
21778,MHLSQR,2026-03-11 EDT,40.77,-73.995,7,NA,NA,NA,NA,NA,NA,NA,NA,NA,NA,NA,NA,NA,NA,NA,NA,NA,NA,NA,NA,NA,NA,NA,NA,NA,NA,NA,NA,NA
21779,MHLSQR,2026-03-12 EDT,40.77,-73.995,7,NA,NA,NA,NA,NA,NA,NA,NA,NA,NA,NA,NA,NA,NA,NA,NA,NA,NA,NA,NA,NA,NA,NA,NA,NA,NA,NA,NA,NA
21780,MHLSQR,2026-03-13 EDT,40.77,-73.995,7,NA,NA,NA,NA,NA,NA,NA,NA,NA,NA,NA,NA,NA,NA,NA,NA,NA,NA,NA,NA,NA,NA,NA,NA,NA,NA,NA,NA,NA
21781,MHLSQR,2026-03-14 EDT,40.77,-73.995,7,NA,NA,NA,NA,NA,NA,NA,NA,NA,NA,NA,NA,NA,NA,NA,NA,NA,NA,NA,NA,NA,NA,NA,NA,NA,NA,NA,NA,NA
21782,MHLSQR,2026-03-15 EDT,40.77,-73.995,7,NA,NA,NA,NA,NA,NA,NA,NA,NA,NA,NA,NA,NA,NA,NA,NA,NA,NA,NA,NA,NA,NA,NA,NA,NA,NA,NA,NA,NA
21783,MHLSQR,2026-03-16 EDT,40.77,-73.995,7,NA,NA,NA,NA,NA,NA,NA,NA,NA,NA,NA,NA,NA,NA,NA,NA,NA,NA,NA,NA,NA,NA,NA,NA,NA,NA,NA,NA,NA
21784,MHLSQR,2026-03-17 EDT,40.77,-73.995,7,NA,NA,NA,NA,NA,NA,NA,NA,NA,NA,NA,NA,NA,NA,NA,NA,NA,NA,NA,NA,NA,NA,NA,NA,NA,NA,NA,NA,NA
21785,MHLSQR,2026-03-18 EDT,40.77,-73.995,7,NA,NA,NA,NA,NA,NA,NA,NA,NA,NA,NA,NA,NA,NA,NA,NA,NA,NA,NA,NA,NA,NA,NA,NA,NA,NA,NA,NA,NA
21786,MHLSQR,2026-03-19 EDT,40.77,-73.995,7,NA,NA,NA,NA,NA,NA,NA,NA,NA,NA,NA,NA,NA,NA,NA,NA,NA,NA,NA,NA,NA,NA,NA,NA,NA,NA,NA,NA,NA
21787,MHLSQR,2026-03-20 EDT,40.77,-73.995,7,NA,NA,NA,NA,NA,NA,NA,NA,NA,NA,NA,NA,NA,NA,NA,NA,NA,NA,NA,NA,NA,NA,NA,NA,NA,NA,NA,NA,NA
21788,MHLSQR,2026-03-21 EDT,40.77,-73.995,7,NA,NA,NA,NA,NA,NA,NA,NA,NA,NA,NA,NA,NA,NA,NA,NA,NA,NA,NA,NA,NA,NA,NA,NA,NA,NA,NA,NA,NA
21789,MHLSQR,2026-03-22 EDT,40.77,-73.995,7,NA,NA,NA,NA,NA,NA,NA,NA,NA,NA,NA,NA,NA,NA,NA,NA,NA,NA,NA,NA,NA,NA,NA,NA,NA,NA,NA,NA,NA
21790,MHLSQR,2026-03-23 EDT,40.77,-73.995,7,NA,NA,NA,NA,NA,NA,NA,NA,NA,NA,NA,NA,NA,NA,NA,NA,NA,NA,NA,NA,NA,NA,NA,NA,NA,NA,NA,NA,NA
21791,MHLSQR,2026-03-24 EDT,40.77,-73.995,7,NA,NA,NA,NA,NA,NA,NA,NA,NA,NA,NA,NA,NA,NA,NA,NA,NA,NA,NA,NA,NA,NA,NA,NA,NA,NA,NA,NA,NA
21792,MHLSQR,2026-03-25 EDT,40.77,-73.995,7,NA,NA,NA,NA,NA,NA,NA,NA,NA,NA,NA,NA,NA,NA,NA,NA,NA,NA,NA,NA,NA,NA,NA,NA,NA,NA,NA,NA,NA
21793,MHLSQR,2026-03-26 EDT,40.77,-73.995,7,NA,NA,NA,NA,NA,NA,NA,NA,NA,NA,NA,NA,NA,NA,NA,NA,NA,NA,NA,NA,NA,NA,NA,NA,NA,NA,NA,NA,NA
21794,MHLSQR,2026-03-27 EDT,40.77,-73.995,7,NA,NA,NA,NA,NA,NA,NA,NA,NA,NA,NA,NA,NA,NA,NA,NA,NA,NA,NA,NA,NA,NA,NA,NA,NA,NA,NA,NA,NA
21795,MHLSQR,2026-03-28 EDT,40.77,-73.995,7,NA,NA,NA,NA,NA,NA,NA,NA,NA,NA,NA,NA,NA,NA,NA,NA,NA,NA,NA,NA,NA,NA,NA,NA,NA,NA,NA,NA,NA
21796,MHLSQR,2026-03-29 EDT,40.77,-73.995,7,NA,NA,NA,NA,NA,NA,NA,NA,NA,NA,NA,NA,NA,NA,NA,NA,NA,NA,NA,NA,NA,NA,NA,NA,NA,NA,NA,NA,NA
21797,MHLSQR,2026-03-30 EDT,40.77,-73.995,7,NA,NA,NA,NA,NA,NA,NA,NA,NA,NA,NA,NA,NA,NA,NA,NA,NA,NA,NA,NA,NA,NA,NA,NA,NA,NA,NA,NA,NA
21798,MHLSQR,2026-03-31 EDT,40.77,-73.995,7,NA,NA,NA,NA,NA,NA,NA,NA,NA,NA,NA,NA,NA,NA,NA,NA,NA,NA,NA,NA,NA,NA,NA,NA,NA,NA,NA,NA,NA
21799,MHMHIL,2026-03-01 EST,40.746,-73.974,26,43.8,32.2,39.3,NA,NA,NA,85.9,21.2,52.4,39.7,3.9,21.3,0.002,NA,NA,NA,NA,NA,NA,NA,NA,NA,NA,NA,NA,NA,NA,NA,NA
21800,MHMHIL,2026-03-02 EST,40.746,-73.974,26,33,24,28.7,NA,NA,NA,68.5,30.1,40.9,22.1,-0.5,7.2,0,NA,NA,NA,NA,NA,NA,NA,NA,NA,NA,NA,NA,NA,NA,NA,NA
21801,MHMHIL,2026-03-03 EST,40.746,-73.974,26,38.6,31.2,34.2,NA,NA,NA,96.7,59.6,80.5,37.3,20,28.5,0.311,NA,NA,NA,NA,NA,NA,NA,NA,NA,NA,NA,NA,NA,NA,NA,NA
21802,MHMHIL,2026-03-04 EST,40.746,-73.974,26,47.4,38.7,43.8,NA,NA,NA,95,68.4,78.7,39.9,35.6,37.4,0.02,NA,NA,NA,NA,NA,NA,NA,NA,NA,NA,NA,NA,NA,NA,NA,NA
21803,MHMHIL,2026-03-05 EST,40.746,-73.974,26,46.6,37.8,42.3,NA,NA,NA,95,76.4,89.7,42.4,36.1,39.4,1.663,NA,NA,NA,NA,NA,NA,NA,NA,NA,NA,NA,NA,NA,NA,NA,NA
21804,MHMHIL,2026-03-06 EST,40.746,-73.974,26,41,37.4,39.4,NA,NA,NA,93.8,75.8,83.3,36.3,32.4,34.8,0.289,NA,NA,NA,NA,NA,NA,NA,NA,NA,NA,NA,NA,NA,NA,NA,NA
21805,MHMHIL,2026-03-07 EST,40.746,-73.974,26,51.3,37.6,42.6,NA,NA,NA,98.4,81.7,90.5,49.9,33.1,40,0,NA,NA,NA,NA,NA,NA,NA,NA,NA,NA,NA,NA,NA,NA,NA,NA
21806,MHMHIL,2026-03-08 EDT,40.746,-73.974,26,68.9,48.9,59.1,NA,NA,NA,94.1,36.7,71.5,54.1,37,48.5,0,NA,NA,NA,NA,NA,NA,NA,NA,NA,NA,NA,NA,NA,NA,NA,NA
21807,MHMHIL,2026-03-09 EDT,40.746,-73.974,26,69.7,52.7,60.9,NA,NA,NA,69.8,22.6,41.7,44,28.8,36.4,0,NA,NA,NA,NA,NA,NA,NA,NA,NA,NA,NA,NA,NA,NA,NA,NA
21808,MHMHIL,2026-03-10 EDT,40.746,-73.974,26,75.7,51.1,63.7,NA,NA,NA,80.2,26.6,51.8,47.9,37.9,44.4,0,NA,NA,NA,NA,NA,NA,NA,NA,NA,NA,NA,NA,NA,NA,NA,NA
21809,MHMHIL,2026-03-11 EDT,40.746,-73.974,26,71.6,53.6,59.9,NA,NA,NA,88.4,29.1,60.4,54,36.7,45.1,0.012,NA,NA,NA,NA,NA,NA,NA,NA,NA,NA,NA,NA,NA,NA,NA,NA
21810,MHMHIL,2026-03-12 EDT,40.746,-73.974,26,63.8,36.6,47,NA,NA,NA,96.2,45.3,76.2,61.4,19.5,39.6,0.441,NA,NA,NA,NA,NA,NA,NA,NA,NA,NA,NA,NA,NA,NA,NA,NA
21811,MHMHIL,2026-03-13 EDT,40.746,-73.974,26,42.5,34.8,38.8,NA,NA,NA,77.9,38.5,50.7,35.9,13.8,21.6,0,NA,NA,NA,NA,NA,NA,NA,NA,NA,NA,NA,NA,NA,NA,NA,NA
21812,MHMHIL,2026-03-14 EDT,40.746,-73.974,26,51.6,41.6,46.4,NA,NA,NA,80.8,23.2,42.8,36.4,14.3,23,0,NA,NA,NA,NA,NA,NA,NA,NA,NA,NA,NA,NA,NA,NA,NA,NA
21813,MHMHIL,2026-03-15 EDT,40.746,-73.974,26,47.9,36.5,41.2,NA,NA,NA,75.7,38.8,54,40.6,16.4,25.4,0,NA,NA,NA,NA,NA,NA,NA,NA,NA,NA,NA,NA,NA,NA,NA,NA
21814,MHMHIL,2026-03-16 EDT,40.746,-73.974,26,55.2,47.8,52.1,NA,NA,NA,98.7,76.2,94.7,54.4,40.7,50.6,0.382,NA,NA,NA,NA,NA,NA,NA,NA,NA,NA,NA,NA,NA,NA,NA,NA
21815,MHMHIL,2026-03-17 EDT,40.746,-73.974,26,53.1,34.1,39.4,NA,NA,NA,97.7,26.6,44.7,52.3,7.6,18.4,0.013,NA,NA,NA,NA,NA,NA,NA,NA,NA,NA,NA,NA,NA,NA,NA,NA
21816,MHMHIL,2026-03-18 EDT,40.746,-73.974,26,35.3,27.4,31.4,NA,NA,NA,57.2,28.2,40.1,18.4,3.1,9.5,0,NA,NA,NA,NA,NA,NA,NA,NA,NA,NA,NA,NA,NA,NA,NA,NA
21817,MHMHIL,2026-03-19 EDT,40.746,-73.974,26,41.5,32.9,37.4,NA,NA,NA,70.4,46.8,55.9,31.4,18.3,23,0,NA,NA,NA,NA,NA,NA,NA,NA,NA,NA,NA,NA,NA,NA,NA,NA
21818,MHMHIL,2026-03-20 EDT,40.746,-73.974,26,54.3,40.7,47.4,NA,NA,NA,82.5,51.5,59.4,45.9,25.1,33.8,0.021,NA,NA,NA,NA,NA,NA,NA,NA,NA,NA,NA,NA,NA,NA,NA,NA
21819,MHMHIL,2026-03-21 EDT,40.746,-73.974,26,58.8,47.4,53.2,NA,NA,NA,87.4,34.1,61.6,49.7,27.6,39.3,0,NA,NA,NA,NA,NA,NA,NA,NA,NA,NA,NA,NA,NA,NA,NA,NA
21820,MHMHIL,2026-03-22 EDT,40.746,-73.974,26,60,44.9,50.6,NA,NA,NA,93.1,44.5,70.8,49.5,26.8,41,0.128,NA,NA,NA,NA,NA,NA,NA,NA,NA,NA,NA,NA,NA,NA,NA,NA
21821,MHMHIL,2026-03-23 EDT,40.746,-73.974,26,52.4,37.7,43.8,NA,NA,NA,93.3,50.3,79.4,49.6,21.1,37.6,0.367,NA,NA,NA,NA,NA,NA,NA,NA,NA,NA,NA,NA,NA,NA,NA,NA
21822,MHMHIL,2026-03-24 EDT,40.746,-73.974,26,47.3,35.7,40.2,NA,NA,NA,57.8,26.2,45.1,26.4,12.1,20,0,NA,NA,NA,NA,NA,NA,NA,NA,NA,NA,NA,NA,NA,NA,NA,NA
21823,MHMHIL,2026-03-25 EDT,40.746,-73.974,26,51.2,41.4,45.3,NA,NA,NA,68.8,28.1,50.3,35.6,17.9,27.5,0,NA,NA,NA,NA,NA,NA,NA,NA,NA,NA,NA,NA,NA,NA,NA,NA
21824,MHMHIL,2026-03-26 EDT,40.746,-73.974,26,73.7,44.5,59.3,NA,NA,NA,75.7,34.7,56.6,53.1,35.6,42.8,0,NA,NA,NA,NA,NA,NA,NA,NA,NA,NA,NA,NA,NA,NA,NA,NA
21825,MHMHIL,2026-03-27 EDT,40.746,-73.974,26,68,44.3,54.4,NA,NA,NA,81.1,32.8,52.4,57.6,17.7,36.7,0.011,NA,NA,NA,NA,NA,NA,NA,NA,NA,NA,NA,NA,NA,NA,NA,NA
21826,MHMHIL,2026-03-28 EDT,40.746,-73.974,26,44.5,32.7,39.4,NA,NA,NA,47.3,18.9,32,19.4,3.3,11,0,NA,NA,NA,NA,NA,NA,NA,NA,NA,NA,NA,NA,NA,NA,NA,NA
21827,MHMHIL,2026-03-29 EDT,40.746,-73.974,26,52.3,37.4,44.6,NA,NA,NA,51.1,25.8,40.6,32,12,21.9,0,NA,NA,NA,NA,NA,NA,NA,NA,NA,NA,NA,NA,NA,NA,NA,NA
21828,MHMHIL,2026-03-30 EDT,40.746,-73.974,26,70.9,47.6,59.5,NA,NA,NA,71.2,33.6,51.9,49.3,29.5,41.1,0,NA,NA,NA,NA,NA,NA,NA,NA,NA,NA,NA,NA,NA,NA,NA,NA
21829,MHMHIL,2026-03-31 EDT,40.746,-73.974,26,79.3,63.2,71,NA,NA,NA,69.7,42.1,52.7,55.5,49.1,52.5,0.019,NA,NA,NA,NA,NA,NA,NA,NA,NA,NA,NA,NA,NA,NA,NA,NA
21830,ORBLGV,2026-03-01 EST,41.34947,-74.1902,646,40.5,22.9,32.8,NA,NA,NA,88.4,19.6,50.4,29.8,-0.8,14.5,0.016,NA,NA,NA,NA,NA,NA,NA,NA,NA,NA,NA,NA,NA,NA,NA,12.1
21831,ORBLGV,2026-03-02 EST,41.34947,-74.1902,646,32,14.3,23.1,NA,NA,NA,62.6,27.7,43.2,12.8,-2.8,3.4,0,NA,NA,NA,NA,NA,NA,NA,NA,NA,NA,NA,NA,NA,NA,NA,13.4
21832,ORBLGV,2026-03-03 EST,41.34947,-74.1902,646,33.2,21.6,29.4,NA,NA,NA,95.2,60.7,80.9,31.5,12.4,24.1,0.467,NA,NA,NA,NA,NA,NA,NA,NA,NA,NA,NA,NA,NA,NA,NA,2.1
21833,ORBLGV,2026-03-04 EST,41.34947,-74.1902,646,46.3,32.4,37.7,NA,NA,NA,95.3,64.5,86.2,36.7,31.1,33.8,0.061,NA,NA,NA,NA,NA,NA,NA,NA,NA,NA,NA,NA,NA,NA,NA,14.1
21834,ORBLGV,2026-03-05 EST,41.34947,-74.1902,646,40.8,34.4,38.2,NA,NA,NA,96.2,87.2,93.5,39.6,31.8,36.5,1.178,NA,NA,NA,NA,NA,NA,NA,NA,NA,NA,NA,NA,NA,NA,NA,2
21835,ORBLGV,2026-03-06 EST,41.34947,-74.1902,646,38.2,34.2,35.6,NA,NA,NA,94.6,85,92.6,35.9,32.1,33.7,0.044,NA,NA,NA,NA,NA,NA,NA,NA,NA,NA,NA,NA,NA,NA,NA,3
21836,ORBLGV,2026-03-07 EST,41.34947,-74.1902,646,50.3,34,39.5,NA,NA,NA,97.1,91.6,94.7,48.9,32.8,38.1,0.039,NA,NA,NA,NA,NA,NA,NA,NA,NA,NA,NA,NA,NA,NA,NA,4.2
21837,ORBLGV,2026-03-08 EDT,41.34947,-74.1902,646,64.1,46.6,56.9,NA,NA,NA,98.5,39.4,69.1,53.2,36.2,45.6,0.022,NA,NA,NA,NA,NA,NA,NA,NA,NA,NA,NA,NA,NA,NA,NA,9.1
21838,ORBLGV,2026-03-09 EDT,41.34947,-74.1902,646,69.2,37,56.3,NA,NA,NA,81.1,16.9,41.8,37.1,21.2,30.3,0,NA,NA,NA,NA,NA,NA,NA,NA,NA,NA,NA,NA,NA,NA,NA,18.7
21839,ORBLGV,2026-03-10 EDT,41.34947,-74.1902,646,77.8,41.1,61.8,NA,NA,NA,83.7,30,52.2,49.8,35.2,42.4,0,NA,NA,NA,NA,NA,NA,NA,NA,NA,NA,NA,NA,NA,NA,NA,17.8
21840,ORBLGV,2026-03-11 EDT,41.34947,-74.1902,646,76.7,51.7,64.8,NA,NA,NA,96.8,42.1,64.3,62.7,42.7,51.7,0.811,NA,NA,NA,NA,NA,NA,NA,NA,NA,NA,NA,NA,NA,NA,NA,12.8
21841,ORBLGV,2026-03-12 EDT,41.34947,-74.1902,646,64.2,32.5,45,NA,NA,NA,96.5,49.5,71,61.8,18.1,35.9,0.339,NA,NA,NA,NA,NA,NA,NA,NA,NA,NA,NA,NA,NA,NA,NA,2.6
21842,ORBLGV,2026-03-13 EDT,41.34947,-74.1902,646,38.2,26.8,34,NA,NA,NA,74.8,40.8,52.9,29.9,13,18.3,0,NA,NA,NA,NA,NA,NA,NA,NA,NA,NA,NA,NA,NA,NA,NA,8.4
21843,ORBLGV,2026-03-14 EDT,41.34947,-74.1902,646,44.7,30.7,38.4,NA,NA,NA,89,31.8,52.8,30,15.5,21.2,0,NA,NA,NA,NA,NA,NA,NA,NA,NA,NA,NA,NA,NA,NA,NA,13.8
21844,ORBLGV,2026-03-15 EDT,41.34947,-74.1902,646,41.2,29.9,36.2,NA,NA,NA,79.5,28.5,54.8,35,10.5,20.9,0,NA,NA,NA,NA,NA,NA,NA,NA,NA,NA,NA,NA,NA,NA,NA,7.8
21845,ORBLGV,2026-03-16 EDT,41.34947,-74.1902,646,63.2,40.9,53.9,NA,NA,NA,98.1,79.5,92.5,60,35,51.8,0.738,NA,NA,NA,NA,NA,NA,NA,NA,NA,NA,NA,NA,NA,NA,NA,4.7
21846,ORBLGV,2026-03-17 EDT,41.34947,-74.1902,646,59.2,26.7,34.1,NA,NA,NA,95.5,28,50.8,57.8,5.1,16.7,0.223,NA,NA,NA,NA,NA,NA,NA,NA,NA,NA,NA,NA,NA,NA,NA,16.3
21847,ORBLGV,2026-03-18 EDT,41.34947,-74.1902,646,35.8,20.3,27.4,NA,NA,NA,51.9,23,38.4,13,0.7,4.7,0,NA,NA,NA,NA,NA,NA,NA,NA,NA,NA,NA,NA,NA,NA,NA,16.7
21848,ORBLGV,2026-03-19 EDT,41.34947,-74.1902,646,41.9,28.5,33.6,NA,NA,NA,61.7,43.2,54.1,23.6,13.2,18.6,0,NA,NA,NA,NA,NA,NA,NA,NA,NA,NA,NA,NA,NA,NA,NA,6.4
21849,ORBLGV,2026-03-20 EDT,41.34947,-74.1902,646,58.2,29.5,44.8,NA,NA,NA,94.3,42,67.3,48.2,23.7,33.7,0.224,NA,NA,NA,NA,NA,NA,NA,NA,NA,NA,NA,NA,NA,NA,NA,11.3
21850,ORBLGV,2026-03-21 EDT,41.34947,-74.1902,646,53.3,41.8,47.4,NA,NA,NA,97.3,47.4,69.5,47.9,26.8,37.2,0,NA,NA,NA,NA,NA,NA,NA,NA,NA,NA,NA,NA,NA,NA,NA,14.6
21851,ORBLGV,2026-03-22 EDT,41.34947,-74.1902,646,56,40.8,47,NA,NA,NA,96.8,53.1,73,48,26.1,38.4,0.19,NA,NA,NA,NA,NA,NA,NA,NA,NA,NA,NA,NA,NA,NA,NA,5.2
21852,ORBLGV,2026-03-23 EDT,41.34947,-74.1902,646,47.7,31.6,35.8,NA,NA,NA,93.8,57.4,85.7,45.7,18.4,31.7,0.791,NA,NA,NA,NA,NA,NA,NA,NA,NA,NA,NA,NA,NA,NA,NA,3.3
21853,ORBLGV,2026-03-24 EDT,41.34947,-74.1902,646,46.8,28.3,37.2,NA,NA,NA,69,25.5,46.5,20.4,11,17.2,0,NA,NA,NA,NA,NA,NA,NA,NA,NA,NA,NA,NA,NA,NA,NA,21.6
21854,ORBLGV,2026-03-25 EDT,41.34947,-74.1902,646,53.6,30.8,42.1,NA,NA,NA,73.4,28,48.1,29.9,18.1,23,0,NA,NA,NA,NA,NA,NA,NA,NA,NA,NA,NA,NA,NA,NA,NA,16.5
21855,ORBLGV,2026-03-26 EDT,41.34947,-74.1902,646,73.4,43.8,58.7,NA,NA,NA,71.8,34.4,49.5,55.3,22.5,39,0.006,NA,NA,NA,NA,NA,NA,NA,NA,NA,NA,NA,NA,NA,NA,NA,16
21856,ORBLGV,2026-03-27 EDT,41.34947,-74.1902,646,64.4,34.8,46.4,NA,NA,NA,96.7,39.8,62,57.6,16.4,33.4,0.169,NA,NA,NA,NA,NA,NA,NA,NA,NA,NA,NA,NA,NA,NA,NA,11
21857,ORBLGV,2026-03-28 EDT,41.34947,-74.1902,646,39.9,25.9,32.3,NA,NA,NA,62.5,22.7,41.3,18.9,2.5,10.1,0,NA,NA,NA,NA,NA,NA,NA,NA,NA,NA,NA,NA,NA,NA,NA,18.4
21858,ORBLGV,2026-03-29 EDT,41.34947,-74.1902,646,54.9,25.1,40.5,NA,NA,NA,73.6,22.2,41.8,27.9,12.3,17.3,0,NA,NA,NA,NA,NA,NA,NA,NA,NA,NA,NA,NA,NA,NA,NA,21.5
21859,ORBLGV,2026-03-30 EDT,41.34947,-74.1902,646,70.7,42.5,55.9,NA,NA,NA,62,30.7,48.5,48.1,27.2,35.9,0.008,NA,NA,NA,NA,NA,NA,NA,NA,NA,NA,NA,NA,NA,NA,NA,16.1
21860,ORBLGV,2026-03-31 EDT,41.34947,-74.1902,646,77.4,60.1,68.7,NA,NA,NA,76.4,43.6,55.9,54.4,48.1,52,0.073,NA,NA,NA,NA,NA,NA,NA,NA,NA,NA,NA,NA,NA,NA,NA,11.1
21861,ORPJRV,2026-03-01 EST,41.37316,-74.69602,427,40.6,22.8,33,NA,NA,NA,85.2,20.2,47.2,28,1.5,13,0.004,NA,NA,NA,NA,NA,NA,NA,NA,NA,NA,NA,NA,NA,NA,NA,14.5
21862,ORPJRV,2026-03-02 EST,41.37316,-74.69602,427,34.6,15.7,24.2,NA,NA,NA,68.8,26,48.1,15.5,1.8,6.5,0,NA,NA,NA,NA,NA,NA,NA,NA,NA,NA,NA,NA,NA,NA,NA,13.3
21863,ORPJRV,2026-03-03 EST,41.37316,-74.69602,427,32.7,21.3,28.1,NA,NA,NA,94.3,58.7,79.6,31.1,11.1,22.3,0.569,NA,NA,NA,NA,NA,NA,NA,NA,NA,NA,NA,NA,NA,NA,NA,1.3
21864,ORPJRV,2026-03-04 EST,41.37316,-74.69602,427,51.7,32.5,37.7,NA,NA,NA,95,52.6,84.7,38,29.9,33.1,0.031,NA,NA,NA,NA,NA,NA,NA,NA,NA,NA,NA,NA,NA,NA,NA,10.4
21865,ORPJRV,2026-03-05 EST,41.37316,-74.69602,427,40.8,33.8,37.9,NA,NA,NA,95.1,85.6,92.1,39.1,30.7,35.8,1.039,NA,NA,NA,NA,NA,NA,NA,NA,NA,NA,NA,NA,NA,NA,NA,2.4
21866,ORPJRV,2026-03-06 EST,41.37316,-74.69602,427,38.6,35.1,36.9,NA,NA,NA,95.2,87.1,91.3,36,32.9,34.6,0.024,NA,NA,NA,NA,NA,NA,NA,NA,NA,NA,NA,NA,NA,NA,NA,3
21867,ORPJRV,2026-03-07 EST,41.37316,-74.69602,427,46.6,35.3,40.4,NA,NA,NA,96.4,83.9,92.2,44.9,33.9,38.3,0.053,NA,NA,NA,NA,NA,NA,NA,NA,NA,NA,NA,NA,NA,NA,NA,4.5
21868,ORPJRV,2026-03-08 EDT,41.37316,-74.69602,427,64.2,38.4,51.1,NA,NA,NA,96.9,39.7,74.3,53.2,35.4,41.7,0,NA,NA,NA,NA,NA,NA,NA,NA,NA,NA,NA,NA,NA,NA,NA,10.8
21869,ORPJRV,2026-03-09 EDT,41.37316,-74.69602,427,70,32,49.2,NA,NA,NA,92.1,21,60.8,38.2,26.3,32.3,0,NA,NA,NA,NA,NA,NA,NA,NA,NA,NA,NA,NA,NA,NA,NA,18.6
21870,ORPJRV,2026-03-10 EDT,41.37316,-74.69602,427,79.4,35.4,55.7,NA,NA,NA,89.1,28.2,61.5,48.9,31.8,40.3,0,NA,NA,NA,NA,NA,NA,NA,NA,NA,NA,NA,NA,NA,NA,NA,16.6
21871,ORPJRV,2026-03-11 EDT,41.37316,-74.69602,427,76.6,45.2,60.2,NA,NA,NA,97.6,41.3,74.5,62.3,41.7,51.1,0.647,NA,NA,NA,NA,NA,NA,NA,NA,NA,NA,NA,NA,NA,NA,NA,4.3
21872,ORPJRV,2026-03-12 EDT,41.37316,-74.69602,427,62,33.5,44.1,NA,NA,NA,96.8,49.2,68.4,60.3,17.3,34,0.33,NA,NA,NA,NA,NA,NA,NA,NA,NA,NA,NA,NA,NA,NA,NA,0.1
21873,ORPJRV,2026-03-13 EDT,41.37316,-74.69602,427,42.7,26.7,35.7,NA,NA,NA,64.3,40.8,49.7,26.5,12.6,18.5,0,NA,NA,NA,NA,NA,NA,NA,NA,NA,NA,NA,NA,NA,NA,NA,8.6
21874,ORPJRV,2026-03-14 EDT,41.37316,-74.69602,427,45.4,29.7,37.9,NA,NA,NA,90.3,30.1,54.2,28.6,15.3,20.9,0,NA,NA,NA,NA,NA,NA,NA,NA,NA,NA,NA,NA,NA,NA,NA,16.2
21875,ORPJRV,2026-03-15 EDT,41.37316,-74.69602,427,44.3,30.1,37.2,NA,NA,NA,73.1,26.3,55.2,34.6,10.7,21.8,0,NA,NA,NA,NA,NA,NA,NA,NA,NA,NA,NA,NA,NA,NA,NA,7.6
21876,ORPJRV,2026-03-16 EDT,41.37316,-74.69602,427,66.3,42.4,54.2,NA,NA,NA,96.8,73.3,87.4,59.3,34.9,50.4,0.958,NA,NA,NA,NA,NA,NA,NA,NA,NA,NA,NA,NA,NA,NA,NA,3.4
21877,ORPJRV,2026-03-17 EDT,41.37316,-74.69602,427,44.6,27.1,33.5,NA,NA,NA,86.3,31.4,50.2,39.1,6.3,16.1,0.087,NA,NA,NA,NA,NA,NA,NA,NA,NA,NA,NA,NA,NA,NA,NA,13.8
21878,ORPJRV,2026-03-18 EDT,41.37316,-74.69602,427,37.5,21.4,28.2,NA,NA,NA,56.6,23.9,38.7,15.6,1.7,5.6,0,NA,NA,NA,NA,NA,NA,NA,NA,NA,NA,NA,NA,NA,NA,NA,16.1
21879,ORPJRV,2026-03-19 EDT,41.37316,-74.69602,427,44.1,30.1,35,NA,NA,NA,76.2,45.9,53.8,27.6,12.9,19.7,0,NA,NA,NA,NA,NA,NA,NA,NA,NA,NA,NA,NA,NA,NA,NA,7.7
21880,ORPJRV,2026-03-20 EDT,41.37316,-74.69602,427,60.3,27.9,43.2,NA,NA,NA,95.9,41.1,73,48.4,24.4,34.1,0.262,NA,NA,NA,NA,NA,NA,NA,NA,NA,NA,NA,NA,NA,NA,NA,8.7
21881,ORPJRV,2026-03-21 EDT,41.37316,-74.69602,427,52.3,41.6,46,NA,NA,NA,97.4,41.9,68.6,46.1,28.2,35.3,0,NA,NA,NA,NA,NA,NA,NA,NA,NA,NA,NA,NA,NA,NA,NA,14.5
21882,ORPJRV,2026-03-22 EDT,41.37316,-74.69602,427,55.9,40.7,47.8,NA,NA,NA,97.5,54.7,73.8,49.9,27.6,39.5,0.296,NA,NA,NA,NA,NA,NA,NA,NA,NA,NA,NA,NA,NA,NA,NA,4.5
21883,ORPJRV,2026-03-23 EDT,41.37316,-74.69602,427,50.3,31.4,38.4,NA,NA,NA,96,55.6,81.2,49.2,19.9,32.9,0.776,NA,NA,NA,NA,NA,NA,NA,NA,NA,NA,NA,NA,NA,NA,NA,2.9
21884,ORPJRV,2026-03-24 EDT,41.37316,-74.69602,427,49.3,27.1,37.3,NA,NA,NA,83.8,24.8,53.7,26.4,12.8,20.2,0,NA,NA,NA,NA,NA,NA,NA,NA,NA,NA,NA,NA,NA,NA,NA,21.6
21885,ORPJRV,2026-03-25 EDT,41.37316,-74.69602,427,56,28.3,41.9,NA,NA,NA,86.8,26.3,53.1,29.3,20.1,24,0,NA,NA,NA,NA,NA,NA,NA,NA,NA,NA,NA,NA,NA,NA,NA,16.9
21886,ORPJRV,2026-03-26 EDT,41.37316,-74.69602,427,75.1,44.3,59.7,NA,NA,NA,81.6,31.6,45.5,57.5,22.6,37.9,0.019,NA,NA,NA,NA,NA,NA,NA,NA,NA,NA,NA,NA,NA,NA,NA,18.7
21887,ORPJRV,2026-03-27 EDT,41.37316,-74.69602,427,63.1,33.8,46.1,NA,NA,NA,94.4,30.3,55.6,58.1,13.4,29.8,0.109,NA,NA,NA,NA,NA,NA,NA,NA,NA,NA,NA,NA,NA,NA,NA,10.7
21888,ORPJRV,2026-03-28 EDT,41.37316,-74.69602,427,41,24.4,32.6,NA,NA,NA,59,22.2,40.4,17.1,2.8,10,0,NA,NA,NA,NA,NA,NA,NA,NA,NA,NA,NA,NA,NA,NA,NA,21.5
21889,ORPJRV,2026-03-29 EDT,41.37316,-74.69602,427,55.6,23,39.8,NA,NA,NA,75.8,21.8,46.2,26.6,14,18.3,0,NA,NA,NA,NA,NA,NA,NA,NA,NA,NA,NA,NA,NA,NA,NA,20.8
21890,ORPJRV,2026-03-30 EDT,41.37316,-74.69602,427,71.3,36.3,54.3,NA,NA,NA,77.1,26.9,51.3,48.5,25.2,35.2,0,NA,NA,NA,NA,NA,NA,NA,NA,NA,NA,NA,NA,NA,NA,NA,16.9
21891,ORPJRV,2026-03-31 EDT,41.37316,-74.69602,427,78.5,53.5,67.1,NA,NA,NA,81.8,42.6,58.4,54.6,46.3,51.4,0,NA,NA,NA,NA,NA,NA,NA,NA,NA,NA,NA,NA,NA,NA,NA,11.3
21892,QNASTO,2026-03-01 EST,40.781,-73.903,22,43.6,30.4,37.2,NA,NA,NA,96.5,22.5,56.9,36.5,2.7,21.5,0,3.8,15.3,347.2,NA,NA,NA,NA,NA,NA,NA,NA,NA,NA,NA,NA,9.2
21893,QNASTO,2026-03-02 EST,40.781,-73.903,22,33.4,21.6,27.6,NA,NA,NA,71.9,29.6,42.5,21.6,-1.5,7,0,3.5,14.9,46.4,NA,NA,NA,NA,NA,NA,NA,NA,NA,NA,NA,NA,13
21894,QNASTO,2026-03-03 EST,40.781,-73.903,22,34.5,29.8,32.5,NA,NA,NA,98.4,63,83.8,34,20.5,27.9,0.351,1.5,9.2,65.1,NA,NA,NA,NA,NA,NA,NA,NA,NA,NA,NA,NA,1.6
21895,QNASTO,2026-03-04 EST,40.781,-73.903,22,50.4,34.5,43.4,NA,NA,NA,98.8,61.6,80.3,40,34.1,37.5,0.026,1.6,9.4,314.7,NA,NA,NA,NA,NA,NA,NA,NA,NA,NA,NA,NA,8.5
21896,QNASTO,2026-03-05 EST,40.781,-73.903,22,45.4,36.7,40.3,NA,NA,NA,99.3,77.7,93.1,40.3,36,38.3,1.466,2.3,18.6,50.3,NA,NA,NA,NA,NA,NA,NA,NA,NA,NA,NA,NA,1.3
21897,QNASTO,2026-03-06 EST,40.781,-73.903,22,40.6,36.4,38.5,NA,NA,NA,98,80.9,86.9,36.3,32.9,34.9,0.191,3.4,16,36.6,NA,NA,NA,NA,NA,NA,NA,NA,NA,NA,NA,NA,3.8
21898,QNASTO,2026-03-07 EST,40.781,-73.903,22,49.8,35.8,42,NA,NA,NA,100,79.5,93.4,49.2,33.5,40.2,0.006,2.3,11.6,155.2,NA,NA,NA,NA,NA,NA,NA,NA,NA,NA,NA,NA,6
21899,QNASTO,2026-03-08 EDT,40.781,-73.903,22,69.8,46.6,58.8,NA,NA,NA,99.2,39.7,71.6,55.2,37.3,48.1,0,2.8,13.6,236.4,NA,NA,NA,NA,NA,NA,NA,NA,NA,NA,NA,NA,8
21900,QNASTO,2026-03-09 EDT,40.781,-73.903,22,72.8,45.5,59.9,NA,NA,NA,79.8,21.9,46.6,44.5,29.6,37.5,0,2.8,16.9,190.9,NA,NA,NA,NA,NA,NA,NA,NA,NA,NA,NA,NA,18
21901,QNASTO,2026-03-10 EDT,40.781,-73.903,22,79.5,47,62.4,NA,NA,NA,86.2,24.5,55.7,49,39,44.3,0,2.3,15.8,172.7,NA,NA,NA,NA,NA,NA,NA,NA,NA,NA,NA,NA,17.4
21902,QNASTO,2026-03-11 EDT,40.781,-73.903,22,70.6,50.7,58.3,NA,NA,NA,90.6,30.8,65.1,53.4,37.7,45.7,0.018,2.6,19.7,147.1,NA,NA,NA,NA,NA,NA,NA,NA,NA,NA,NA,NA,12.9
21903,QNASTO,2026-03-12 EDT,40.781,-73.903,22,56.8,35.2,44.8,NA,NA,NA,98.9,52.5,79.3,56,21,38.5,0.415,5,30.5,309.5,NA,NA,NA,NA,NA,NA,NA,NA,NA,NA,NA,NA,1.7
21904,QNASTO,2026-03-13 EDT,40.781,-73.903,22,41.8,32.6,38,NA,NA,NA,80.5,39,52.2,36,13.6,21.6,0,6.3,30.3,191.3,NA,NA,NA,NA,NA,NA,NA,NA,NA,NA,NA,NA,9.5
21905,QNASTO,2026-03-14 EDT,40.781,-73.903,22,53,39.3,45.9,NA,NA,NA,88.2,23.4,45,36.7,15.1,23.4,0,5.6,27.8,293.7,NA,NA,NA,NA,NA,NA,NA,NA,NA,NA,NA,NA,19.2
21906,QNASTO,2026-03-15 EDT,40.781,-73.903,22,48,35.4,40.6,NA,NA,NA,76.7,40.4,56.9,41,17,26.2,0,3.9,17.8,79,NA,NA,NA,NA,NA,NA,NA,NA,NA,NA,NA,NA,7.3
21907,QNASTO,2026-03-16 EDT,40.781,-73.903,22,55.6,48,52.3,NA,NA,NA,99.9,77.2,95.6,54.2,41.2,51.1,0.645,6.8,32.9,156.5,NA,NA,NA,NA,NA,NA,NA,NA,NA,NA,NA,NA,3.2
21908,QNASTO,2026-03-17 EDT,40.781,-73.903,22,53.3,32.3,39,NA,NA,NA,99.4,27.1,46.1,52.6,6.8,18.8,0,7.3,36.6,279.1,NA,NA,NA,NA,NA,NA,NA,NA,NA,NA,NA,NA,19.3
21909,QNASTO,2026-03-18 EDT,40.781,-73.903,22,37.9,26,30.9,NA,NA,NA,58.6,26,41.3,18.2,3.6,9.6,0,4.6,21,295.4,NA,NA,NA,NA,NA,NA,NA,NA,NA,NA,NA,NA,14.8
21910,QNASTO,2026-03-19 EDT,40.781,-73.903,22,42.4,31.8,37.1,NA,NA,NA,78.6,43.7,56.8,32.6,18.3,22.9,0,3.5,12.3,161.1,NA,NA,NA,NA,NA,NA,NA,NA,NA,NA,NA,NA,7.5
21911,QNASTO,2026-03-20 EDT,40.781,-73.903,22,55.8,38.7,46.4,NA,NA,NA,84.1,49.2,63.2,45.8,25.8,34.4,0.02,3.8,18.9,164.4,NA,NA,NA,NA,NA,NA,NA,NA,NA,NA,NA,NA,16.4
21912,QNASTO,2026-03-21 EDT,40.781,-73.903,22,59.8,45.7,52.5,NA,NA,NA,95,34.5,65.7,49.4,28.8,40.4,0,3.4,17.3,345.7,NA,NA,NA,NA,NA,NA,NA,NA,NA,NA,NA,NA,17.7
21913,QNASTO,2026-03-22 EDT,40.781,-73.903,22,60.5,42.6,49.3,NA,NA,NA,97.7,50.2,76,49.3,28.5,41.6,0.144,2.9,20.4,111.6,NA,NA,NA,NA,NA,NA,NA,NA,NA,NA,NA,NA,10.7
21914,QNASTO,2026-03-23 EDT,40.781,-73.903,22,51.1,35.7,42.3,NA,NA,NA,98.1,53,84.1,49.5,20.4,37.5,0.387,5,23.2,336.6,NA,NA,NA,NA,NA,NA,NA,NA,NA,NA,NA,NA,3.3
21915,QNASTO,2026-03-24 EDT,40.781,-73.903,22,49.6,33.1,39.7,NA,NA,NA,62.4,25.6,46.7,26.3,13.9,20,0,4.5,16.9,299.2,NA,NA,NA,NA,NA,NA,NA,NA,NA,NA,NA,NA,21
21916,QNASTO,2026-03-25 EDT,40.781,-73.903,22,52,39.5,45.1,NA,NA,NA,76.3,28.7,49.6,37.2,19.7,26.8,0,3.9,20.4,167.5,NA,NA,NA,NA,NA,NA,NA,NA,NA,NA,NA,NA,16.8
21917,QNASTO,2026-03-26 EDT,40.781,-73.903,22,76.3,43.8,58.7,NA,NA,NA,83.7,32.1,60.1,53.2,37.3,43.5,0,4.1,17.8,180,NA,NA,NA,NA,NA,NA,NA,NA,NA,NA,NA,NA,17.5
21918,QNASTO,2026-03-27 EDT,40.781,-73.903,22,68.3,42.2,53.2,NA,NA,NA,84.3,35.9,56.3,57.6,19,37.5,0.02,4.5,20.4,350.9,NA,NA,NA,NA,NA,NA,NA,NA,NA,NA,NA,NA,10.5
21919,QNASTO,2026-03-28 EDT,40.781,-73.903,22,44.5,31.5,38.6,NA,NA,NA,49.9,19.9,34.1,23,4.7,11.6,0,5.6,20.8,331.1,NA,NA,NA,NA,NA,NA,NA,NA,NA,NA,NA,NA,20.3
21920,QNASTO,2026-03-29 EDT,40.781,-73.903,22,53.2,32.4,43.4,NA,NA,NA,61.2,27.5,45.8,33.2,12.7,23.4,0,3.7,21.7,167.6,NA,NA,NA,NA,NA,NA,NA,NA,NA,NA,NA,NA,21.7
21921,QNASTO,2026-03-30 EDT,40.781,-73.903,22,72.6,44.4,59.2,NA,NA,NA,76.2,32.5,55.4,49.4,32.9,42.1,0,4.3,27.4,200.8,NA,NA,NA,NA,NA,NA,NA,NA,NA,NA,NA,NA,18.1
21922,QNASTO,2026-03-31 EDT,40.781,-73.903,22,81.3,62.1,71,NA,NA,NA,72.3,39.7,53.1,55.9,49.4,52.5,0.006,4.9,19.1,204.9,NA,NA,NA,NA,NA,NA,NA,NA,NA,NA,NA,NA,16.1
21923,QNCORO,2026-03-01 EST,40.743,-73.86,24,43.1,31.7,38.4,NA,NA,NA,93.2,21,55.1,39.4,2.1,21.7,0.004,NA,NA,NA,NA,NA,NA,NA,NA,NA,NA,NA,NA,NA,NA,NA,NA
21924,QNCORO,2026-03-02 EST,40.743,-73.86,24,33.4,22.4,28.2,NA,NA,NA,69.6,29.8,42,21.2,-2.2,7.3,0,NA,NA,NA,NA,NA,NA,NA,NA,NA,NA,NA,NA,NA,NA,NA,NA
21925,QNCORO,2026-03-03 EST,40.743,-73.86,24,37.6,30,33.9,NA,NA,NA,99.4,63.2,82.4,36.3,20.6,28.7,0.381,NA,NA,NA,NA,NA,NA,NA,NA,NA,NA,NA,NA,NA,NA,NA,NA
21926,QNCORO,2026-03-04 EST,40.743,-73.86,24,48.7,36.6,43,NA,NA,NA,99.1,66.5,83.3,39.4,36.4,38.1,0.024,NA,NA,NA,NA,NA,NA,NA,NA,NA,NA,NA,NA,NA,NA,NA,NA
21927,QNCORO,2026-03-05 EST,40.743,-73.86,24,44.4,38,41.3,NA,NA,NA,99.9,78.5,93.4,43.4,37,39.4,1.47,NA,NA,NA,NA,NA,NA,NA,NA,NA,NA,NA,NA,NA,NA,NA,NA
21928,QNCORO,2026-03-06 EST,40.743,-73.86,24,41.7,36.7,38.9,NA,NA,NA,98.3,78,87.3,37.5,32.7,35.4,0.215,NA,NA,NA,NA,NA,NA,NA,NA,NA,NA,NA,NA,NA,NA,NA,NA
21929,QNCORO,2026-03-07 EST,40.743,-73.86,24,48.6,36.6,41.7,NA,NA,NA,100,83,94.3,48.6,34.2,40.1,0.002,NA,NA,NA,NA,NA,NA,NA,NA,NA,NA,NA,NA,NA,NA,NA,NA
21930,QNCORO,2026-03-08 EDT,40.743,-73.86,24,70.5,45.1,58.4,NA,NA,NA,100,31.1,73.1,54.7,33.3,47.9,0,NA,NA,NA,NA,NA,NA,NA,NA,NA,NA,NA,NA,NA,NA,NA,NA
21931,QNCORO,2026-03-09 EDT,40.743,-73.86,24,72.6,49.2,59.4,NA,NA,NA,80.1,19.2,48,45.5,27.6,37.6,0,NA,NA,NA,NA,NA,NA,NA,NA,NA,NA,NA,NA,NA,NA,NA,NA
21932,QNCORO,2026-03-10 EDT,40.743,-73.86,24,76.5,47.3,60.5,NA,NA,NA,91.1,32.1,59.5,49.2,41,44.7,0,NA,NA,NA,NA,NA,NA,NA,NA,NA,NA,NA,NA,NA,NA,NA,NA
21933,QNCORO,2026-03-11 EDT,40.743,-73.86,24,65.7,50.5,57,NA,NA,NA,92.6,38,67.8,53.9,38.9,45.8,0.008,NA,NA,NA,NA,NA,NA,NA,NA,NA,NA,NA,NA,NA,NA,NA,NA
21934,QNCORO,2026-03-12 EDT,40.743,-73.86,24,61.3,35.4,45.3,NA,NA,NA,99.1,50.7,79.9,61,20.5,39.1,0.407,NA,NA,NA,NA,NA,NA,NA,NA,NA,NA,NA,NA,NA,NA,NA,NA
21935,QNCORO,2026-03-13 EDT,40.743,-73.86,24,NA,NA,NA,NA,NA,NA,NA,NA,NA,NA,NA,NA,NA,NA,NA,NA,NA,NA,NA,NA,NA,NA,NA,NA,NA,NA,NA,NA,NA
21936,QNCORO,2026-03-14 EDT,40.743,-73.86,24,NA,NA,NA,NA,NA,NA,NA,NA,NA,NA,NA,NA,NA,NA,NA,NA,NA,NA,NA,NA,NA,NA,NA,NA,NA,NA,NA,NA,NA
21937,QNCORO,2026-03-15 EDT,40.743,-73.86,24,NA,NA,NA,NA,NA,NA,NA,NA,NA,NA,NA,NA,NA,NA,NA,NA,NA,NA,NA,NA,NA,NA,NA,NA,NA,NA,NA,NA,NA
21938,QNCORO,2026-03-16 EDT,40.743,-73.86,24,NA,NA,NA,NA,NA,NA,NA,NA,NA,NA,NA,NA,NA,NA,NA,NA,NA,NA,NA,NA,NA,NA,NA,NA,NA,NA,NA,NA,NA
21939,QNCORO,2026-03-17 EDT,40.743,-73.86,24,NA,NA,NA,NA,NA,NA,NA,NA,NA,NA,NA,NA,NA,NA,NA,NA,NA,NA,NA,NA,NA,NA,NA,NA,NA,NA,NA,NA,NA
21940,QNCORO,2026-03-18 EDT,40.743,-73.86,24,38.7,26.5,31.3,NA,NA,NA,55.3,22.7,39,17.9,1.1,8.6,0,NA,NA,NA,NA,NA,NA,NA,NA,NA,NA,NA,NA,NA,NA,NA,NA
21941,QNCORO,2026-03-19 EDT,40.743,-73.86,24,NA,NA,NA,NA,NA,NA,NA,NA,NA,NA,NA,NA,NA,NA,NA,NA,NA,NA,NA,NA,NA,NA,NA,NA,NA,NA,NA,NA,NA
21942,QNCORO,2026-03-20 EDT,40.743,-73.86,24,NA,NA,NA,NA,NA,NA,NA,NA,NA,NA,NA,NA,NA,NA,NA,NA,NA,NA,NA,NA,NA,NA,NA,NA,NA,NA,NA,NA,NA
21943,QNCORO,2026-03-21 EDT,40.743,-73.86,24,NA,NA,NA,NA,NA,NA,NA,NA,NA,NA,NA,NA,NA,NA,NA,NA,NA,NA,NA,NA,NA,NA,NA,NA,NA,NA,NA,NA,NA
21944,QNCORO,2026-03-22 EDT,40.743,-73.86,24,NA,NA,NA,NA,NA,NA,NA,NA,NA,NA,NA,NA,NA,NA,NA,NA,NA,NA,NA,NA,NA,NA,NA,NA,NA,NA,NA,NA,NA
21945,QNCORO,2026-03-23 EDT,40.743,-73.86,24,NA,NA,NA,NA,NA,NA,NA,NA,NA,NA,NA,NA,NA,NA,NA,NA,NA,NA,NA,NA,NA,NA,NA,NA,NA,NA,NA,NA,NA
21946,QNCORO,2026-03-24 EDT,40.743,-73.86,24,NA,NA,NA,NA,NA,NA,NA,NA,NA,NA,NA,NA,NA,NA,NA,NA,NA,NA,NA,NA,NA,NA,NA,NA,NA,NA,NA,NA,NA
21947,QNCORO,2026-03-25 EDT,40.743,-73.86,24,NA,NA,NA,NA,NA,NA,NA,NA,NA,NA,NA,NA,NA,NA,NA,NA,NA,NA,NA,NA,NA,NA,NA,NA,NA,NA,NA,NA,NA
21948,QNCORO,2026-03-26 EDT,40.743,-73.86,24,NA,NA,NA,NA,NA,NA,NA,NA,NA,NA,NA,NA,NA,NA,NA,NA,NA,NA,NA,NA,NA,NA,NA,NA,NA,NA,NA,NA,NA
21949,QNCORO,2026-03-27 EDT,40.743,-73.86,24,NA,NA,NA,NA,NA,NA,NA,NA,NA,NA,NA,NA,NA,NA,NA,NA,NA,NA,NA,NA,NA,NA,NA,NA,NA,NA,NA,NA,NA
21950,QNCORO,2026-03-28 EDT,40.743,-73.86,24,NA,NA,NA,NA,NA,NA,NA,NA,NA,NA,NA,NA,NA,NA,NA,NA,NA,NA,NA,NA,NA,NA,NA,NA,NA,NA,NA,NA,NA
21951,QNCORO,2026-03-29 EDT,40.743,-73.86,24,NA,NA,NA,NA,NA,NA,NA,NA,NA,NA,NA,NA,NA,NA,NA,NA,NA,NA,NA,NA,NA,NA,NA,NA,NA,NA,NA,NA,NA
21952,QNCORO,2026-03-30 EDT,40.743,-73.86,24,NA,NA,NA,NA,NA,NA,NA,NA,NA,NA,NA,NA,NA,NA,NA,NA,NA,NA,NA,NA,NA,NA,NA,NA,NA,NA,NA,NA,NA
21953,QNCORO,2026-03-31 EDT,40.743,-73.86,24,NA,NA,NA,NA,NA,NA,NA,NA,NA,NA,NA,NA,NA,NA,NA,NA,NA,NA,NA,NA,NA,NA,NA,NA,NA,NA,NA,NA,NA
21954,QNDKIL,2026-03-01 EST,40.754,-73.938,27,43.8,31,38.5,NA,NA,NA,91.7,20,54.2,39.3,2.7,21.2,0,NA,NA,NA,NA,NA,NA,NA,NA,NA,NA,NA,NA,NA,NA,NA,7.6
21955,QNDKIL,2026-03-02 EST,40.754,-73.938,27,35.4,22.5,28.6,NA,NA,NA,69,26.9,40.5,21.6,-2.1,6.8,0,NA,NA,NA,NA,NA,NA,NA,NA,NA,NA,NA,NA,NA,NA,NA,10.3
21956,QNDKIL,2026-03-03 EST,40.754,-73.938,27,37.9,30.5,34,NA,NA,NA,96.4,59.3,80.5,36.9,20.2,28.3,0.372,NA,NA,NA,NA,NA,NA,NA,NA,NA,NA,NA,NA,NA,NA,NA,1.4
21957,QNDKIL,2026-03-04 EST,40.754,-73.938,27,50.7,37.9,44.3,NA,NA,NA,95.8,61.9,77.9,40.1,35.9,37.6,0.02,NA,NA,NA,NA,NA,NA,NA,NA,NA,NA,NA,NA,NA,NA,NA,7
21958,QNDKIL,2026-03-05 EST,40.754,-73.938,27,46.5,37.7,42.1,NA,NA,NA,97,76,90.6,41.9,36.6,39.4,1.449,NA,NA,NA,NA,NA,NA,NA,NA,NA,NA,NA,NA,NA,NA,NA,1.3
21959,QNDKIL,2026-03-06 EST,40.754,-73.938,27,41.6,37.1,39.4,NA,NA,NA,96.3,76.7,84.4,36.6,32.5,35,0.208,NA,NA,NA,NA,NA,NA,NA,NA,NA,NA,NA,NA,NA,NA,NA,3.3
21960,QNDKIL,2026-03-07 EST,40.754,-73.938,27,51.1,37.2,43,NA,NA,NA,97.8,77.7,89.8,50,33.4,40.1,0.004,NA,NA,NA,NA,NA,NA,NA,NA,NA,NA,NA,NA,NA,NA,NA,5.3
21961,QNDKIL,2026-03-08 EDT,40.754,-73.938,27,69.8,48.5,59.5,NA,NA,NA,96.7,35.7,70.4,54,36.2,48.3,0,NA,NA,NA,NA,NA,NA,NA,NA,NA,NA,NA,NA,NA,NA,NA,7.3
21962,QNDKIL,2026-03-09 EDT,40.754,-73.938,27,73.2,49.4,61.2,NA,NA,NA,70.6,20.2,42.2,43.8,27.9,36.2,0,NA,NA,NA,NA,NA,NA,NA,NA,NA,NA,NA,NA,NA,NA,NA,14.8
21963,QNDKIL,2026-03-10 EDT,40.754,-73.938,27,79,49.3,63.7,NA,NA,NA,84,23.4,52.5,47.9,37.9,43.9,0,NA,NA,NA,NA,NA,NA,NA,NA,NA,NA,NA,NA,NA,NA,NA,14.3
21964,QNDKIL,2026-03-11 EDT,40.754,-73.938,27,70,53.3,60,NA,NA,NA,85.9,30.4,60.3,53.7,37.3,45.3,0.013,NA,NA,NA,NA,NA,NA,NA,NA,NA,NA,NA,NA,NA,NA,NA,9.9
21965,QNDKIL,2026-03-12 EDT,40.754,-73.938,27,63.6,35.7,46.3,NA,NA,NA,96.4,45.9,76,61.9,18.8,38.9,0.487,NA,NA,NA,NA,NA,NA,NA,NA,NA,NA,NA,NA,NA,NA,NA,1.6
21966,QNDKIL,2026-03-13 EDT,40.754,-73.938,27,42.3,33.8,38.5,NA,NA,NA,78.9,37,50,35.8,13.3,21,0,NA,NA,NA,NA,NA,NA,NA,NA,NA,NA,NA,NA,NA,NA,NA,7.1
21967,QNDKIL,2026-03-14 EDT,40.754,-73.938,27,53,40.9,46.3,NA,NA,NA,83,21.7,42.7,36.3,13.3,22.7,0,NA,NA,NA,NA,NA,NA,NA,NA,NA,NA,NA,NA,NA,NA,NA,15.2
21968,QNDKIL,2026-03-15 EDT,40.754,-73.938,27,48.1,36.4,41.5,NA,NA,NA,75.6,39.2,53.6,40.8,16.9,25.5,0,NA,NA,NA,NA,NA,NA,NA,NA,NA,NA,NA,NA,NA,NA,NA,6.3
21969,QNDKIL,2026-03-16 EDT,40.754,-73.938,27,55.8,48.2,52.4,NA,NA,NA,98.6,75.9,94.1,54.1,41,50.8,0.704,NA,NA,NA,NA,NA,NA,NA,NA,NA,NA,NA,NA,NA,NA,NA,2.6
21970,QNDKIL,2026-03-17 EDT,40.754,-73.938,27,53,33,39.2,NA,NA,NA,97.6,26.1,44.5,52.2,6.1,18.1,0.023,NA,NA,NA,NA,NA,NA,NA,NA,NA,NA,NA,NA,NA,NA,NA,15.6
21971,QNDKIL,2026-03-18 EDT,40.754,-73.938,27,38.3,26.6,31.6,NA,NA,NA,56.3,24.1,38.9,17.3,2.4,8.8,0,NA,NA,NA,NA,NA,NA,NA,NA,NA,NA,NA,NA,NA,NA,NA,12.9
21972,QNDKIL,2026-03-19 EDT,40.754,-73.938,27,43.2,32.6,37.8,NA,NA,NA,75.2,41.9,54,32.2,17.4,22.3,0,NA,NA,NA,NA,NA,NA,NA,NA,NA,NA,NA,NA,NA,NA,NA,6.4
21973,QNDKIL,2026-03-20 EDT,40.754,-73.938,27,56.4,39.8,47.3,NA,NA,NA,81.3,45.3,59.7,45.7,25,33.7,0.024,NA,NA,NA,NA,NA,NA,NA,NA,NA,NA,NA,NA,NA,NA,NA,13.8
21974,QNDKIL,2026-03-21 EDT,40.754,-73.938,27,60.4,47.6,53.5,NA,NA,NA,90.1,31,61.6,50.1,27.9,39.4,0,NA,NA,NA,NA,NA,NA,NA,NA,NA,NA,NA,NA,NA,NA,NA,15.5
21975,QNDKIL,2026-03-22 EDT,40.754,-73.938,27,64.8,44.6,51.2,NA,NA,NA,94.3,45.8,69.8,49.7,27.8,41.2,0.134,NA,NA,NA,NA,NA,NA,NA,NA,NA,NA,NA,NA,NA,NA,NA,9.9
21976,QNDKIL,2026-03-23 EDT,40.754,-73.938,27,51.5,36.2,42.9,NA,NA,NA,95.4,50.7,81.6,49.6,19.9,37.4,0.379,NA,NA,NA,NA,NA,NA,NA,NA,NA,NA,NA,NA,NA,NA,NA,3
21977,QNDKIL,2026-03-24 EDT,40.754,-73.938,27,49.9,34,40.5,NA,NA,NA,60.4,23.4,43.8,25.8,12.5,19.1,0,NA,NA,NA,NA,NA,NA,NA,NA,NA,NA,NA,NA,NA,NA,NA,17.2
21978,QNDKIL,2026-03-25 EDT,40.754,-73.938,27,54.2,41,46.2,NA,NA,NA,71.4,24.3,46.6,36.5,17,26.1,0,NA,NA,NA,NA,NA,NA,NA,NA,NA,NA,NA,NA,NA,NA,NA,14.5
21979,QNDKIL,2026-03-26 EDT,40.754,-73.938,27,76.2,44.5,59.7,NA,NA,NA,77.6,30.2,56.5,53.2,36.5,42.9,0,NA,NA,NA,NA,NA,NA,NA,NA,NA,NA,NA,NA,NA,NA,NA,15.2
21980,QNDKIL,2026-03-27 EDT,40.754,-73.938,27,68.6,44,54.4,NA,NA,NA,80.9,32.1,52.1,57.4,16.8,36.4,0.016,NA,NA,NA,NA,NA,NA,NA,NA,NA,NA,NA,NA,NA,NA,NA,10
21981,QNDKIL,2026-03-28 EDT,40.754,-73.938,27,45.2,32,39.2,NA,NA,NA,48.4,18,32,20.2,2.5,10.5,0.002,NA,NA,NA,NA,NA,NA,NA,NA,NA,NA,NA,NA,NA,NA,NA,17.9
21982,QNDKIL,2026-03-29 EDT,40.754,-73.938,27,54.1,36.3,44.8,NA,NA,NA,54.8,23.8,40.5,32.7,11.7,21.8,0.002,NA,NA,NA,NA,NA,NA,NA,NA,NA,NA,NA,NA,NA,NA,NA,17.4
21983,QNDKIL,2026-03-30 EDT,40.754,-73.938,27,73,45.7,59.6,NA,NA,NA,72.5,30.9,53.3,49.1,30,41.5,0,NA,NA,NA,NA,NA,NA,NA,NA,NA,NA,NA,NA,NA,NA,NA,15.5
21984,QNDKIL,2026-03-31 EDT,40.754,-73.938,27,81.6,62.9,71.3,NA,NA,NA,71.8,38.4,52.2,56.1,49,52.4,0.017,NA,NA,NA,NA,NA,NA,NA,NA,NA,NA,NA,NA,NA,NA,NA,13.6
21985,QNHBEA,2026-03-01 EST,40.659,-73.847,14,42.5,30.8,37,NA,NA,NA,97.3,23.4,57.2,36.1,3,21.3,0,NA,NA,NA,0,0,NA,33.3,33.2,33.3,34,33.8,33.9,NA,NA,NA,NA
21986,QNHBEA,2026-03-02 EST,40.659,-73.847,14,31.5,21.7,27.3,NA,NA,NA,79.9,27.2,44.5,22.4,-2.3,7.5,0,NA,NA,NA,0,0,NA,33.3,33.1,33.2,34,34,34,NA,NA,NA,NA
21987,QNHBEA,2026-03-03 EST,40.659,-73.847,14,36.8,28.7,34.2,NA,NA,NA,98.1,65,83.7,35.6,21.2,29.5,0.434,NA,NA,NA,0,0,NA,33.1,33.1,33.1,34,33.8,33.9,NA,NA,NA,NA
21988,QNHBEA,2026-03-04 EST,40.659,-73.847,14,46.7,35.5,40.6,NA,NA,NA,98.5,69.7,87,38.4,35,36.9,0.025,NA,NA,NA,0,0,NA,33.3,33.1,33.1,34,33.8,33.8,NA,NA,NA,NA
21989,QNHBEA,2026-03-05 EST,40.659,-73.847,14,43.4,38.3,40.5,NA,NA,NA,97.9,84.1,93.8,41.9,35.2,38.9,1.538,NA,NA,NA,0,0,NA,36,33.3,34.2,34.9,33.9,34.2,NA,NA,NA,NA
21990,QNHBEA,2026-03-06 EST,40.659,-73.847,14,42,36.6,38.8,NA,NA,NA,96.1,77.9,85.6,37,32.6,34.8,0.322,NA,NA,NA,0,0,NA,39.2,35.8,37.4,37,34.9,35.9,NA,NA,NA,NA
21991,QNHBEA,2026-03-07 EST,40.659,-73.847,14,43.5,36.7,39.3,NA,NA,NA,99.3,85.9,94.9,43.3,33.8,38,0.006,NA,NA,NA,0,0,NA,42,37.2,39.4,39.2,36.7,37.7,NA,NA,NA,NA
21992,QNHBEA,2026-03-08 EDT,40.659,-73.847,14,67.4,39.9,52.3,NA,NA,NA,100,42.1,82,55.7,36.9,46,0,NA,NA,NA,0,0,NA,48.2,40.6,43.9,43.3,39.2,40.6,NA,NA,NA,NA
21993,QNHBEA,2026-03-09 EDT,40.659,-73.847,14,67.4,39.4,51.5,NA,NA,NA,93.7,28.1,67.7,45.7,31.9,39.5,0,NA,NA,NA,0,0,NA,51.4,41.1,46.1,45.5,41.5,43.4,NA,NA,NA,NA
21994,QNHBEA,2026-03-10 EDT,40.659,-73.847,14,60.2,39.3,49.1,NA,NA,NA,96.5,54.2,78.9,48.4,37.9,42.3,0,NA,NA,NA,0,0,NA,52.3,42.1,47,46.9,42.8,44.8,NA,NA,NA,NA
21995,QNHBEA,2026-03-11 EDT,40.659,-73.847,14,57.9,45,49.1,NA,NA,NA,95.6,70.6,83,50.4,40.5,44.1,0.006,NA,NA,NA,0,0,NA,52,45.3,48.5,47.9,45.1,46.4,NA,NA,NA,NA
21996,QNHBEA,2026-03-12 EDT,40.659,-73.847,14,59.8,34.6,42.9,NA,NA,NA,100,49.1,81.5,59.7,19.4,37.3,0.468,NA,NA,NA,0,0,NA,49.6,42.1,47,47.8,45,46.9,NA,NA,NA,NA
21997,QNHBEA,2026-03-13 EDT,40.659,-73.847,14,40.8,31.9,37.3,NA,NA,NA,86.6,38.5,55.6,37.2,12.8,22.5,0,NA,NA,NA,0,0,NA,42.1,37.9,40.3,45,41.4,42.4,NA,NA,NA,NA
21998,QNHBEA,2026-03-14 EDT,40.659,-73.847,14,53.5,33.1,44,NA,NA,NA,96.5,21.7,52,37.1,12.9,23.8,0,NA,NA,NA,0,0,NA,47.5,37.6,41.8,43.4,40.1,41.7,NA,NA,NA,NA
21999,QNHBEA,2026-03-15 EDT,40.659,-73.847,14,45.1,36,40.3,NA,NA,NA,83.3,41.9,57.9,40.1,17.1,26.2,0,NA,NA,NA,0,0,NA,42.9,39.4,41.3,43,41,41.9,NA,NA,NA,NA
22000,QNHBEA,2026-03-16 EDT,40.659,-73.847,14,51.2,44.8,47.8,NA,NA,NA,100,83.7,97.9,51.1,40.2,47.2,0.575,NA,NA,NA,0,0,NA,47.1,42.1,45,45.3,42.1,43.4,NA,NA,NA,NA
22001,QNHBEA,2026-03-17 EDT,40.659,-73.847,14,49.8,32.3,38.5,NA,NA,NA,100,26.4,46.9,49.8,7.6,18.5,0,NA,NA,NA,0,0,NA,49.5,40.5,44.9,45.3,43,44.6,NA,NA,NA,NA
22002,QNHBEA,2026-03-18 EDT,40.659,-73.847,14,34.9,25.9,30.6,NA,NA,NA,60.1,27.7,41.7,19.1,3.4,9.6,0,NA,NA,NA,0,0,NA,42.6,36.9,39.3,43.9,40.3,41.5,NA,NA,NA,NA
22003,QNHBEA,2026-03-19 EDT,40.659,-73.847,14,39.8,31.3,36,NA,NA,NA,86.4,48.4,61.6,34.5,18.9,23.9,0,NA,NA,NA,0,0,NA,40.8,36.2,38.2,40.6,39,39.7,NA,NA,NA,NA
22004,QNHBEA,2026-03-20 EDT,40.659,-73.847,14,48.8,35.1,42.2,NA,NA,NA,91.5,61.7,75.3,42.2,28.2,34.8,0.023,NA,NA,NA,0,0,NA,48.1,37,41.9,43.3,39,40.8,NA,NA,NA,NA
22005,QNHBEA,2026-03-21 EDT,40.659,-73.847,14,60.6,42.7,50.5,NA,NA,NA,99.3,31.9,66.8,49.9,28.1,38.4,0.014,NA,NA,NA,0,0,NA,53.6,42.3,47.1,47,42.6,44.2,NA,NA,NA,NA
22006,QNHBEA,2026-03-22 EDT,40.659,-73.847,14,55.7,42.5,47.9,NA,NA,NA,93.8,47.4,79,50,27.3,41.4,0.058,NA,NA,NA,0,0,NA,51.8,45.1,47.7,47.3,45.1,46.1,NA,NA,NA,NA
22007,QNHBEA,2026-03-23 EDT,40.659,-73.847,14,51.8,35.5,42.7,NA,NA,NA,96.3,52.3,83.7,50.1,19.8,37.8,0.415,NA,NA,NA,0,0,NA,49.1,43,47,47.3,45.5,46.7,NA,NA,NA,NA
22008,QNHBEA,2026-03-24 EDT,40.659,-73.847,14,47,32.9,38.7,NA,NA,NA,68.2,25.1,49.6,29.2,12.3,20.6,0,NA,NA,NA,0,0,NA,51.8,38.5,44,46,42.1,44.2,NA,NA,NA,NA
22009,QNHBEA,2026-03-25 EDT,40.659,-73.847,14,48.5,35.4,42,NA,NA,NA,85.8,30.6,63.8,38.4,17.6,30,0,NA,NA,NA,0,0,NA,49.8,39.9,44.5,45.9,42.6,44.3,NA,NA,NA,NA
22010,QNHBEA,2026-03-26 EDT,40.659,-73.847,14,71.5,42.3,51.8,NA,NA,NA,92.2,34.1,74.6,47.6,38.5,43,0,NA,NA,NA,0,0,NA,56.3,44.4,49.2,49.5,44.6,46.5,NA,NA,NA,NA
22011,QNHBEA,2026-03-27 EDT,40.659,-73.847,14,61.1,42,51.6,NA,NA,NA,95.6,33.6,57.3,59.3,15.9,35.9,0.019,NA,NA,NA,0,0,NA,53.6,47.5,51.2,50.2,48.7,49.4,NA,NA,NA,NA
22012,QNHBEA,2026-03-28 EDT,40.659,-73.847,14,44.3,31.7,38.7,NA,NA,NA,50.2,18.7,33.5,21.8,3.3,11.2,0,NA,NA,NA,0,0,NA,53.6,41.9,47.2,49.1,45.3,47.3,NA,NA,NA,NA
22013,QNHBEA,2026-03-29 EDT,40.659,-73.847,14,48.9,30.1,40.8,NA,NA,NA,80.4,31.4,58.1,37.8,12.7,26.6,0,NA,NA,NA,0,0,NA,52.7,40.1,45.8,47.5,43.5,45.8,NA,NA,NA,NA
22014,QNHBEA,2026-03-30 EDT,40.659,-73.847,14,72.1,42.8,55.9,NA,NA,NA,91.4,34.2,65.3,50.3,37.8,42.8,0,NA,NA,NA,0,0,NA,55.4,44.8,49.6,50.2,45.7,47.5,NA,NA,NA,NA
22015,QNHBEA,2026-03-31 EDT,40.659,-73.847,14,75.4,48.9,57.6,NA,NA,NA,90.2,45.4,73.3,54.5,45,48.6,0.01,NA,NA,NA,0,0,NA,59.1,50.2,54,53.1,49.3,50.8,NA,NA,NA,NA
22016,QNLICI,2026-03-01 EST,40.745,-73.934,70,44.1,30.6,38.3,NA,NA,NA,89.5,20.4,54.1,38.9,2,21,0,NA,NA,NA,NA,NA,NA,NA,NA,NA,NA,NA,NA,NA,NA,NA,9.1
22017,QNLICI,2026-03-02 EST,40.745,-73.934,70,34.6,22,28.1,NA,NA,NA,69.6,27.5,41,21.3,-2.5,6.6,0,NA,NA,NA,NA,NA,NA,NA,NA,NA,NA,NA,NA,NA,NA,NA,13.2
22018,QNLICI,2026-03-03 EST,40.745,-73.934,70,37.5,30.1,33.6,NA,NA,NA,97.1,60.8,81.4,36.1,20.1,28.2,0.374,NA,NA,NA,NA,NA,NA,NA,NA,NA,NA,NA,NA,NA,NA,NA,1.4
22019,QNLICI,2026-03-04 EST,40.745,-73.934,70,49.3,37.6,43.8,NA,NA,NA,95.1,64,78.6,39.7,36,37.4,0.023,NA,NA,NA,NA,NA,NA,NA,NA,NA,NA,NA,NA,NA,NA,NA,7.5
22020,QNLICI,2026-03-05 EST,40.745,-73.934,70,45.7,37.1,41.5,NA,NA,NA,98.4,75.6,91,42.2,36.2,39,1.476,NA,NA,NA,NA,NA,NA,NA,NA,NA,NA,NA,NA,NA,NA,NA,1.5
22021,QNLICI,2026-03-06 EST,40.745,-73.934,70,41.1,36.4,38.8,NA,NA,NA,96.3,77.2,84.9,36.1,32.3,34.6,0.214,NA,NA,NA,NA,NA,NA,NA,NA,NA,NA,NA,NA,NA,NA,NA,4.1
22022,QNLICI,2026-03-07 EST,40.745,-73.934,70,50.6,36.8,42.5,NA,NA,NA,99.6,79.6,91.3,49.3,33.5,40.1,0.002,NA,NA,NA,NA,NA,NA,NA,NA,NA,NA,NA,NA,NA,NA,NA,5.8
22023,QNLICI,2026-03-08 EDT,40.745,-73.934,70,68.9,46.8,57.3,NA,NA,NA,98.2,32.1,71.4,54.8,33.7,47.3,0.019,NA,NA,NA,NA,NA,NA,NA,NA,NA,NA,NA,NA,NA,NA,NA,8
22024,QNLICI,2026-03-09 EDT,40.745,-73.934,70,NA,NA,NA,NA,NA,NA,71.9,20.8,42.3,NA,NA,NA,0,NA,NA,NA,NA,NA,NA,NA,NA,NA,NA,NA,NA,NA,NA,NA,17.9
22025,QNLICI,2026-03-10 EDT,40.745,-73.934,70,NA,NA,NA,NA,NA,NA,81.8,23.1,53.4,NA,NA,NA,0,NA,NA,NA,NA,NA,NA,NA,NA,NA,NA,NA,NA,NA,NA,NA,17.2
22026,QNLICI,2026-03-11 EDT,40.745,-73.934,70,69.1,51.6,58.1,NA,NA,NA,88.1,29.5,62.6,53.1,36.5,45.5,0.013,NA,NA,NA,NA,NA,NA,NA,NA,NA,NA,NA,NA,NA,NA,NA,12.5
22027,QNLICI,2026-03-12 EDT,40.745,-73.934,70,63.9,35.4,45.7,NA,NA,NA,95.1,47.3,75.6,62.2,18.8,38.2,0.417,NA,NA,NA,NA,NA,NA,NA,NA,NA,NA,NA,NA,NA,NA,NA,1.6
22028,QNLICI,2026-03-13 EDT,40.745,-73.934,70,41.7,32.9,37.9,NA,NA,NA,80.4,38.1,50.9,35.8,12.4,20.9,0,NA,NA,NA,NA,NA,NA,NA,NA,NA,NA,NA,NA,NA,NA,NA,9.1
22029,QNLICI,2026-03-14 EDT,40.745,-73.934,70,53.3,39.5,45.9,NA,NA,NA,86.2,21.9,44.4,36.2,12.8,23,0,NA,NA,NA,NA,NA,NA,NA,NA,NA,NA,NA,NA,NA,NA,NA,19.1
22030,QNLICI,2026-03-15 EDT,40.745,-73.934,70,47.4,35.7,41,NA,NA,NA,77.3,39.1,54.3,40.6,16.6,25.3,0,NA,NA,NA,NA,NA,NA,NA,NA,NA,NA,NA,NA,NA,NA,NA,7.2
22031,QNLICI,2026-03-16 EDT,40.745,-73.934,70,56.4,47.5,51.9,NA,NA,NA,100,77.6,95.7,54.3,40.8,50.7,0.662,NA,NA,NA,NA,NA,NA,NA,NA,NA,NA,NA,NA,NA,NA,NA,3.6
22032,QNLICI,2026-03-17 EDT,40.745,-73.934,70,52.1,32.3,38.9,NA,NA,NA,99.4,24.6,44.3,51.9,6.5,17.7,0.019,NA,NA,NA,NA,NA,NA,NA,NA,NA,NA,NA,NA,NA,NA,NA,19.6
22033,QNLICI,2026-03-18 EDT,40.745,-73.934,70,38.6,25.6,31,NA,NA,NA,57.8,24.9,39.6,17,2.3,8.7,0,NA,NA,NA,NA,NA,NA,NA,NA,NA,NA,NA,NA,NA,NA,NA,15.1
22034,QNLICI,2026-03-19 EDT,40.745,-73.934,70,42.7,32,37.3,NA,NA,NA,77.8,43.9,55.3,32.4,17.1,22.4,0,NA,NA,NA,NA,NA,NA,NA,NA,NA,NA,NA,NA,NA,NA,NA,7.7
22035,QNLICI,2026-03-20 EDT,40.745,-73.934,70,56.2,39.4,46.7,NA,NA,NA,82.1,47.6,61.3,45.5,24.8,33.8,0.024,NA,NA,NA,NA,NA,NA,NA,NA,NA,NA,NA,NA,NA,NA,NA,16.2
22036,QNLICI,2026-03-21 EDT,40.745,-73.934,70,60.3,46.7,53,NA,NA,NA,91.6,31.6,62.7,49.1,27.3,39.4,0,NA,NA,NA,NA,NA,NA,NA,NA,NA,NA,NA,NA,NA,NA,NA,16.3
22037,QNLICI,2026-03-22 EDT,40.745,-73.934,70,64,44.5,50.7,NA,NA,NA,95.5,46,71.3,48.9,27.3,41.2,0.12,NA,NA,NA,NA,NA,NA,NA,NA,NA,NA,NA,NA,NA,NA,NA,11.2
22038,QNLICI,2026-03-23 EDT,40.745,-73.934,70,51.1,35.6,42.5,NA,NA,NA,96.8,50.9,81.9,48.7,19.4,37.1,0.398,NA,NA,NA,NA,NA,NA,NA,NA,NA,NA,NA,NA,NA,NA,NA,3.1
22039,QNLICI,2026-03-24 EDT,40.745,-73.934,70,49.2,33.6,39.8,NA,NA,NA,59.6,24.1,44.8,25.6,13.4,19.1,0,NA,NA,NA,NA,NA,NA,NA,NA,NA,NA,NA,NA,NA,NA,NA,20.9
22040,QNLICI,2026-03-25 EDT,40.745,-73.934,70,53.4,39.7,45.4,NA,NA,NA,75.9,24.9,49.8,37.1,18,26.9,0,NA,NA,NA,NA,NA,NA,NA,NA,NA,NA,NA,NA,NA,NA,NA,16.8
22041,QNLICI,2026-03-26 EDT,40.745,-73.934,70,NA,NA,NA,NA,NA,NA,81.3,31.1,58.8,NA,NA,NA,0,NA,NA,NA,NA,NA,NA,NA,NA,NA,NA,NA,NA,NA,NA,NA,17.9
22042,QNLICI,2026-03-27 EDT,40.745,-73.934,70,67.3,43.1,53.8,NA,NA,NA,81.7,31.6,52.5,57.3,15.5,36.1,0.002,NA,NA,NA,NA,NA,NA,NA,NA,NA,NA,NA,NA,NA,NA,NA,10.5
22043,QNLICI,2026-03-28 EDT,40.745,-73.934,70,45.4,31.1,38.7,NA,NA,NA,48.7,18.1,32.6,19.9,2.8,10.5,0,NA,NA,NA,NA,NA,NA,NA,NA,NA,NA,NA,NA,NA,NA,NA,21.7
22044,QNLICI,2026-03-29 EDT,40.745,-73.934,70,53.8,35.7,44.2,NA,NA,NA,61.2,24.9,42.6,33.3,11.3,22.3,0,NA,NA,NA,NA,NA,NA,NA,NA,NA,NA,NA,NA,NA,NA,NA,21.4
22045,QNLICI,2026-03-30 EDT,40.745,-73.934,70,NA,NA,NA,NA,NA,NA,79,33.4,55.6,NA,NA,NA,0,NA,NA,NA,NA,NA,NA,NA,NA,NA,NA,NA,NA,NA,NA,NA,18.3
22046,QNLICI,2026-03-31 EDT,40.745,-73.934,70,NA,NA,NA,NA,NA,NA,72.6,39.5,52.8,NA,NA,NA,0.008,NA,NA,NA,NA,NA,NA,NA,NA,NA,NA,NA,NA,NA,NA,NA,16.4
22047,QNMASP,2026-03-01 EST,40.721,-73.909,22,43.6,31.2,38.3,NA,NA,NA,93.7,20.3,54.5,38.4,2.5,21.2,0.002,NA,NA,NA,0,0,0,34,34,34,34.9,34.9,34.9,35.8,35.4,35.7,NA
22048,QNMASP,2026-03-02 EST,40.721,-73.909,22,33.2,22,27.9,NA,NA,NA,72.1,28.3,42.1,21.9,-2.4,7,0,NA,NA,NA,0,0,0,34,33.4,33.6,35.1,34.9,34.9,35.8,35.8,35.8,NA
22049,QNMASP,2026-03-03 EST,40.721,-73.909,22,37.2,29.6,33.9,NA,NA,NA,97.5,62.7,82.4,36.2,20.7,28.8,0.385,NA,NA,NA,0,0,0,33.4,33.1,33.3,34.9,34.3,34.7,35.8,35.2,35.7,NA
22050,QNMASP,2026-03-04 EST,40.721,-73.909,22,48.7,37.5,43.3,NA,NA,NA,97.4,67.7,81,39.7,36.5,37.7,0.029,NA,NA,NA,0,0,0,33.8,33.4,33.6,34.4,34.3,34.3,35.2,34.9,35,NA
22051,QNMASP,2026-03-05 EST,40.721,-73.909,22,44.6,38.1,41.6,NA,NA,NA,97.8,77.9,91.7,42.4,36.9,39.3,1.557,NA,NA,NA,0,0,0,37.2,33.6,34.8,37.2,34.1,34.9,35.6,34.7,34.9,NA
22052,QNMASP,2026-03-06 EST,40.721,-73.909,22,41.1,36.7,38.9,NA,NA,NA,95.3,77.6,85.6,36.7,32.5,34.8,0.194,NA,NA,NA,0,0,0,39.2,37.2,38.1,38.1,37.2,37.6,37.2,35.7,36.7,NA
22053,QNMASP,2026-03-07 EST,40.721,-73.909,22,49.8,36.8,41.9,NA,NA,NA,99.1,80.9,92.4,49.2,33.8,39.9,0,NA,NA,NA,0,0,0,41.7,37.6,39.5,39.2,37.8,38.3,37.8,37.2,37.3,NA
22054,QNMASP,2026-03-08 EDT,40.721,-73.909,22,70.1,45,58.5,NA,NA,NA,99.4,38.8,73,54.8,37.2,48.3,0,NA,NA,NA,0,0,0,47.3,40.8,43.8,42.4,39.2,40.4,39.4,37.8,38.5,NA
22055,QNMASP,2026-03-09 EDT,40.721,-73.909,22,72,48.3,59.6,NA,NA,NA,77.6,19.8,47.3,45,28.1,37.6,0,NA,NA,NA,0,0,0,50.4,41.7,45.8,44.6,41.9,42.9,41.2,39.4,40.3,NA
22056,QNMASP,2026-03-10 EDT,40.721,-73.909,22,77,48.2,61.3,NA,NA,NA,87.4,29.6,57.7,48.6,39.5,44.8,0,NA,NA,NA,0,0,0,52.7,43.7,47.8,46.6,43.7,44.7,43,41.3,42.1,NA
22057,QNMASP,2026-03-11 EDT,40.721,-73.909,22,67.4,49.8,56.2,NA,NA,NA,90.5,34.5,68.3,52.8,38.3,45.2,0.013,NA,NA,NA,0,0,0,52,46.8,49.2,47.8,46,46.7,44.6,43,43.8,NA
22058,QNMASP,2026-03-12 EDT,40.721,-73.909,22,64,35.1,45.2,NA,NA,NA,97.2,45.8,77.6,62.5,18.8,38.3,0.389,NA,NA,NA,0,0,0,50.2,43.5,47.7,48.2,46.3,47.6,45.5,44.6,45.3,NA
22059,QNMASP,2026-03-13 EDT,40.721,-73.909,22,41.8,33.4,38,NA,NA,NA,81.4,38.9,51.9,36.5,13,21.5,0,NA,NA,NA,0,0,0,43.6,40.6,42.3,46.2,43.7,44.4,45.5,43.9,44.7,NA
22060,QNMASP,2026-03-14 EDT,40.721,-73.909,22,52.4,38.8,45.5,NA,NA,NA,89.3,22,46,36.8,12.7,23.2,0,NA,NA,NA,0,0,0,46,40.5,42.9,44.1,42.6,43.3,43.9,43.2,43.5,NA
22061,QNMASP,2026-03-15 EDT,40.721,-73.909,22,47.3,36.2,40.9,NA,NA,NA,78.1,40.4,55.1,40.8,16.7,25.6,0,NA,NA,NA,0,0,0,44.4,41.4,42.9,43.9,43,43.5,43.5,43.2,43.3,NA
22062,QNMASP,2026-03-16 EDT,40.721,-73.909,22,55.2,47.3,51.3,NA,NA,NA,99.6,78.4,96,53.9,40.9,50.1,0.538,NA,NA,NA,0,0,0,47.9,43.5,46,46.9,43.7,44.8,44.8,43.3,43.7,NA
22063,QNMASP,2026-03-17 EDT,40.721,-73.909,22,52.1,32.7,38.6,NA,NA,NA,99.3,25.9,44.9,51.9,6.6,17.7,0,NA,NA,NA,0,0,0,48,42.3,44.9,46.9,45,45.7,45,44.6,44.8,NA
22064,QNMASP,2026-03-18 EDT,40.721,-73.909,22,36.3,26.2,30.9,NA,NA,NA,56.2,26.7,40.2,18.3,2.7,9.1,0,NA,NA,NA,0,0,0,44.4,39.2,41.4,45,42.6,43.4,44.6,43.5,44,NA
22065,QNMASP,2026-03-19 EDT,40.721,-73.909,22,42.1,32.4,36.9,NA,NA,NA,79.5,45.9,57.5,32.8,17.9,23.1,0,NA,NA,NA,0,0,0,43.2,39.9,41.3,43.2,42.3,42.6,43.5,42.9,43.2,NA
22066,QNMASP,2026-03-20 EDT,40.721,-73.909,22,54.5,38.6,45.6,NA,NA,NA,85.4,50.2,64.1,45.6,25,33.9,0.018,NA,NA,NA,0,0,0,47.3,40.1,43.4,44.4,42.1,42.9,43.2,42.7,42.9,NA
22067,QNMASP,2026-03-21 EDT,40.721,-73.909,22,59.6,46.7,52.9,NA,NA,NA,94.3,32,63.4,49.3,27.7,39.5,0.003,NA,NA,NA,0,0,0,51.3,44.6,47.3,46.8,44.4,45.2,44.6,43.2,43.7,NA
22068,QNMASP,2026-03-22 EDT,40.721,-73.909,22,61.6,44.3,50.2,NA,NA,NA,95.4,45.3,73.8,49.8,27,41.7,0.076,NA,NA,NA,0,0,0,51.4,45.9,48.1,47.8,46,46.7,45.5,44.6,45.1,NA
22069,QNMASP,2026-03-23 EDT,40.721,-73.909,22,51.2,36,42.8,NA,NA,NA,97.1,51.6,82.7,49.8,19.9,37.7,0.489,NA,NA,NA,0,0,0,49.4,44.4,47.4,48.2,46.9,47.7,46.8,45.5,46.4,NA
22070,QNMASP,2026-03-24 EDT,40.721,-73.909,22,48.8,33.9,39.5,NA,NA,NA,59.8,25.7,45.7,26.2,13,19.5,0,NA,NA,NA,0,0,0,49.1,41.5,44.7,46.9,44.8,45.8,46.5,45.3,45.8,NA
22071,QNMASP,2026-03-25 EDT,40.721,-73.909,22,50.4,39,44.4,NA,NA,NA,80.1,28.2,53.7,37.8,18.3,27.9,0,NA,NA,NA,0,0,0,49.3,42.6,45.8,46.8,45.1,45.8,45.5,45.3,45.5,NA
22072,QNMASP,2026-03-26 EDT,40.721,-73.909,22,75.4,43.2,57.8,NA,NA,NA,85.2,31.7,62.1,53.9,37.9,43.6,0,NA,NA,NA,0,0,0,54.3,45.9,49.5,49.3,46.4,47.3,46.6,45.5,45.9,NA
22073,QNMASP,2026-03-27 EDT,40.721,-73.909,22,67.9,43.5,53.8,NA,NA,NA,81.2,31.4,52.7,57.5,15.3,36.2,0,NA,NA,NA,0,0,0,52.8,48.6,51.5,50.3,49.3,49.8,48.2,46.6,47.5,NA
22074,QNMASP,2026-03-28 EDT,40.721,-73.909,22,44.1,31.8,38.6,NA,NA,NA,49,18.3,32.8,20.6,2.2,10.7,0,NA,NA,NA,0,0,0,50.5,44.8,47.5,49.8,47.8,48.6,48.2,47.8,48,NA
22075,QNMASP,2026-03-29 EDT,40.721,-73.909,22,51.3,34,43.1,NA,NA,NA,64.6,28.1,46.6,34.3,11.7,23.5,0,NA,NA,NA,0,0,0,51.4,43.2,47,48.4,46.5,47.5,47.8,47,47.4,NA
22076,QNMASP,2026-03-30 EDT,40.721,-73.909,22,72.4,43.9,58.7,NA,NA,NA,82.1,33.9,57.5,49,33.9,42.5,0,NA,NA,NA,0,0,0,55,46.8,50.4,50.5,47.8,48.6,48,47.2,47.4,NA
22077,QNMASP,2026-03-31 EDT,40.721,-73.909,22,81,57.2,69.8,NA,NA,NA,79.6,40.4,54.9,54.9,48.2,52.3,0.004,NA,NA,NA,0,0,0,59,52.1,55,53.4,50.5,51.4,49.7,48,48.8,NA
22078,QNSOZO,2026-03-01 EST,40.674,-73.819,32,42.8,30.7,37.7,NA,NA,NA,95.6,23.2,57.2,38.6,3.4,22.1,0.004,NA,NA,NA,0,0,NA,33.5,33.3,33.4,34.3,34.2,34.2,NA,NA,NA,NA
22079,QNSOZO,2026-03-02 EST,40.674,-73.819,32,33.4,21.6,27.8,NA,NA,NA,71.6,26.6,43.6,20.7,-1.4,7.6,0,NA,NA,NA,0,0,NA,33.5,33.1,33.3,34.3,34.2,34.3,NA,NA,NA,NA
22080,QNSOZO,2026-03-03 EST,40.674,-73.819,32,36.9,29.1,34.3,NA,NA,NA,97.9,65.5,83.2,35.8,20.3,29.5,0.408,NA,NA,NA,0,0,NA,33.1,33.1,33.1,34.2,34,34.1,NA,NA,NA,NA
22081,QNSOZO,2026-03-04 EST,40.674,-73.819,32,47.3,36,41.2,NA,NA,NA,98.1,69.1,84.9,38.1,35.5,36.8,0.039,NA,NA,NA,0,0,NA,33.8,33.1,33.3,34.3,34,34,NA,NA,NA,NA
22082,QNSOZO,2026-03-05 EST,40.674,-73.819,32,43.4,38,41.1,NA,NA,NA,98.1,81.3,92.9,42.3,35.2,39.2,1.459,NA,NA,NA,0,0,NA,38.6,33.8,36,37,34.3,35.3,NA,NA,NA,NA
22083,QNSOZO,2026-03-06 EST,40.674,-73.819,32,41.8,36.6,38.8,NA,NA,NA,96,78.1,85.8,36.7,32.6,34.8,0.302,NA,NA,NA,0,0,NA,41,37.4,39.1,38.5,37.1,37.6,NA,NA,NA,NA
22084,QNSOZO,2026-03-07 EST,40.674,-73.819,32,45.3,37.1,40.3,NA,NA,NA,99.6,87.5,93.7,45.2,34.1,38.6,0,NA,NA,NA,0,0,NA,43.2,38.1,40.5,39.7,37.9,38.6,NA,NA,NA,NA
22085,QNSOZO,2026-03-08 EDT,40.674,-73.819,32,68,41.4,54.2,NA,NA,NA,100,40.3,79,54.4,35.5,46.5,0,NA,NA,NA,0,0,NA,49.1,41.4,44.6,42.8,39.7,40.7,NA,NA,NA,NA
22086,QNSOZO,2026-03-09 EDT,40.674,-73.819,32,68.7,42.6,54.5,NA,NA,NA,91,25.5,62,46.5,30.5,39.6,0,NA,NA,NA,0,0,NA,50.9,40.8,46,44.4,41.4,42.8,NA,NA,NA,NA
22087,QNSOZO,2026-03-10 EDT,40.674,-73.819,32,65.4,42.7,53,NA,NA,NA,93.4,42.9,71.3,49.5,40.1,43.3,0,NA,NA,NA,0,0,NA,52.3,41.7,47.1,45.7,42.6,44,NA,NA,NA,NA
22088,QNSOZO,2026-03-11 EDT,40.674,-73.819,32,60.7,46.9,51.5,NA,NA,NA,94.4,61.7,78.3,51.4,40.3,44.8,0,NA,NA,NA,0,0,NA,52.9,45.1,48.9,47,44.8,45.7,NA,NA,NA,NA
22089,QNSOZO,2026-03-12 EDT,40.674,-73.819,32,59.7,35.2,43.7,NA,NA,NA,99.9,49.3,80.5,59.6,19.7,37.8,0.387,NA,NA,NA,0,0,NA,49.6,41.8,46.9,47,45,46.4,NA,NA,NA,NA
22090,QNSOZO,2026-03-13 EDT,40.674,-73.819,32,41.2,32.6,37.7,NA,NA,NA,85.6,38.3,54.1,37.2,13,22.1,0,NA,NA,NA,0,0,NA,43.2,37.8,40.7,45,42.1,43,NA,NA,NA,NA
22091,QNSOZO,2026-03-14 EDT,40.674,-73.819,32,53.9,35.8,44.8,NA,NA,NA,95.8,21.6,50.9,37.3,13.3,24.1,0,NA,NA,NA,0,0,NA,45.7,38.1,41.7,43,41.1,42.1,NA,NA,NA,NA
22092,QNSOZO,2026-03-15 EDT,40.674,-73.819,32,45.7,36.1,40.5,NA,NA,NA,81.4,41.9,57.3,40.3,16.8,26.1,0,NA,NA,NA,0,0,NA,43.5,39.2,41.4,42.8,41.4,42.1,NA,NA,NA,NA
22093,QNSOZO,2026-03-16 EDT,40.674,-73.819,32,52.1,45.7,48.8,NA,NA,NA,100,81.8,97.7,52.1,40.4,48.2,0.73,NA,NA,NA,0,0,NA,47.8,42.3,45.4,44.8,42.3,43.3,NA,NA,NA,NA
22094,QNSOZO,2026-03-17 EDT,40.674,-73.819,32,50.9,32.7,39.1,NA,NA,NA,100,25,45.2,50.9,6.6,18.1,0.007,NA,NA,NA,0,0,NA,47.1,40.5,44.4,45,43.3,44.3,NA,NA,NA,NA
22095,QNSOZO,2026-03-18 EDT,40.674,-73.819,32,36.7,26.3,31,NA,NA,NA,57.1,25.6,40.8,18.3,3.5,9.5,0,NA,NA,NA,0,0,NA,41.4,37,38.8,43.7,41,41.8,NA,NA,NA,NA
22096,QNSOZO,2026-03-19 EDT,40.674,-73.819,32,40.9,31.8,36.5,NA,NA,NA,83.5,48.5,59.6,33.8,18.2,23.6,0,NA,NA,NA,0,0,NA,41.7,36.7,38.8,41.2,39.9,40.5,NA,NA,NA,NA
22097,QNSOZO,2026-03-20 EDT,40.674,-73.819,32,51.3,37,43.5,NA,NA,NA,86.7,56.6,71.1,41.3,28.5,34.5,0,NA,NA,NA,0,0,NA,46.8,37.8,42.3,42.9,40,41.1,NA,NA,NA,NA
22098,QNSOZO,2026-03-21 EDT,40.674,-73.819,32,60.7,44.2,51.1,NA,NA,NA,97.4,33,66.1,49.5,28.2,38.8,0.009,NA,NA,NA,0,0,NA,50.5,42.4,46.4,45.5,42.6,43.6,NA,NA,NA,NA
22099,QNSOZO,2026-03-22 EDT,40.674,-73.819,32,58.5,42.9,49.1,NA,NA,NA,94.5,48.2,76.4,50.1,27.6,41.6,0.065,NA,NA,NA,0,0,NA,49.8,44.4,46.7,46,44.6,45.1,NA,NA,NA,NA
22100,QNSOZO,2026-03-23 EDT,40.674,-73.819,32,52,35.8,42.9,NA,NA,NA,96.7,52.3,83.8,50.7,20.2,38.1,0.45,NA,NA,NA,0,0,NA,48.4,42.8,46.8,46.3,45.5,46,NA,NA,NA,NA
22101,QNSOZO,2026-03-24 EDT,40.674,-73.819,32,48.3,33.1,39.4,NA,NA,NA,67.4,25.1,47.9,29.5,12.1,20.3,0,NA,NA,NA,0,0,NA,47.8,38.5,43.1,45.5,42.8,44.2,NA,NA,NA,NA
22102,QNSOZO,2026-03-25 EDT,40.674,-73.819,32,50,37.1,43,NA,NA,NA,83.6,26.6,60,38.2,16,29.4,0,NA,NA,NA,0,0,NA,48.4,39.6,43.9,45.1,42.8,44,NA,NA,NA,NA
22103,QNSOZO,2026-03-26 EDT,40.674,-73.819,32,72.2,42.6,53.7,NA,NA,NA,89.7,34.1,70.6,48.7,38.2,43.3,0,NA,NA,NA,0,0,NA,54.1,43.9,48.4,47.8,44.4,45.6,NA,NA,NA,NA
22104,QNSOZO,2026-03-27 EDT,40.674,-73.819,32,61.4,42.3,51.8,NA,NA,NA,91.1,32.9,55.8,57.9,15.6,35.5,0.006,NA,NA,NA,0,0,NA,53.1,46.8,50.6,48.8,47.8,48.2,NA,NA,NA,NA
22105,QNSOZO,2026-03-28 EDT,40.674,-73.819,32,46.4,32.2,39.3,NA,NA,NA,49.9,17.6,33.3,22.4,2.4,11.5,0,NA,NA,NA,0,0,NA,49.5,41.5,45.8,48.4,45.5,46.8,NA,NA,NA,NA
22106,QNSOZO,2026-03-29 EDT,40.674,-73.819,32,50.9,32.6,42,NA,NA,NA,77.9,30.4,52.2,37.4,13,25.2,0,NA,NA,NA,0,0,NA,49.4,39.2,44.4,46.6,43.9,45.4,NA,NA,NA,NA
22107,QNSOZO,2026-03-30 EDT,40.674,-73.819,32,72.2,43.5,56.8,NA,NA,NA,88.2,34,62.6,48.9,37.3,42.7,0,NA,NA,NA,0,0,NA,53.8,43.7,48.9,48.7,45.3,46.5,NA,NA,NA,NA
22108,QNSOZO,2026-03-31 EDT,40.674,-73.819,32,75.5,49.8,60,NA,NA,NA,88.7,45.7,68.7,53.6,44.9,49,0.009,NA,NA,NA,0,0,NA,59.9,49.6,54.2,52,48.5,49.7,NA,NA,NA,NA
22109,QNTLCC,2026-03-01 EST,40.749,-73.953,82,43.6,31,38.4,NA,NA,NA,87.2,19.9,53.3,39.5,2.4,20.7,0,NA,NA,NA,NA,NA,NA,NA,NA,NA,NA,NA,NA,NA,NA,NA,9.6
22110,QNTLCC,2026-03-02 EST,40.749,-73.953,82,34.7,22.1,28.4,NA,NA,NA,66.8,26.3,40.1,22,-2,6.4,0,NA,NA,NA,NA,NA,NA,NA,NA,NA,NA,NA,NA,NA,NA,NA,13.5
22111,QNTLCC,2026-03-03 EST,40.749,-73.953,82,38.1,31.7,34.5,NA,NA,NA,97.2,58.4,79.7,36.4,20.1,28.4,0.334,NA,NA,NA,NA,NA,NA,NA,NA,NA,NA,NA,NA,NA,NA,NA,1.5
22112,QNTLCC,2026-03-04 EST,40.749,-73.953,82,49.6,37.8,44.1,NA,NA,NA,94,61.8,76.6,40.7,35.2,37.1,0.022,NA,NA,NA,NA,NA,NA,NA,NA,NA,NA,NA,NA,NA,NA,NA,8
22113,QNTLCC,2026-03-05 EST,40.749,-73.953,82,46.9,37.6,42.1,NA,NA,NA,97.5,75.1,90.1,42.7,36.5,39.3,1.359,NA,NA,NA,NA,NA,NA,NA,NA,NA,NA,NA,NA,NA,NA,NA,1.6
22114,QNTLCC,2026-03-06 EST,40.749,-73.953,82,42,37,39.2,NA,NA,NA,95.9,76.3,84.1,36.5,32.3,34.8,0.179,NA,NA,NA,NA,NA,NA,NA,NA,NA,NA,NA,NA,NA,NA,NA,3.6
22115,QNTLCC,2026-03-07 EST,40.749,-73.953,82,51.2,36.5,42.9,NA,NA,NA,99.1,79.2,90,49.6,33.1,40.1,0.007,NA,NA,NA,NA,NA,NA,NA,NA,NA,NA,NA,NA,NA,NA,NA,6
22116,QNTLCC,2026-03-08 EDT,40.749,-73.953,82,69,48.1,58.9,NA,NA,NA,97.6,35.6,71,53.7,36.2,48,0.011,NA,NA,NA,NA,NA,NA,NA,NA,NA,NA,NA,NA,NA,NA,NA,8
22117,QNTLCC,2026-03-09 EDT,40.749,-73.953,82,71.2,52.8,61.3,NA,NA,NA,69.2,21.3,40.3,43.8,27.8,35.7,0,NA,NA,NA,NA,NA,NA,NA,NA,NA,NA,NA,NA,NA,NA,NA,18.6
22118,QNTLCC,2026-03-10 EDT,40.749,-73.953,82,77.6,50.8,64.3,NA,NA,NA,77.9,24.4,50.3,47.2,38,43.9,0,NA,NA,NA,NA,NA,NA,NA,NA,NA,NA,NA,NA,NA,NA,NA,18
22119,QNTLCC,2026-03-11 EDT,40.749,-73.953,82,71.1,52.7,59.7,NA,NA,NA,87,28.9,60.9,54.3,36.9,45.1,0.012,NA,NA,NA,NA,NA,NA,NA,NA,NA,NA,NA,NA,NA,NA,NA,13.3
22120,QNTLCC,2026-03-12 EDT,40.749,-73.953,82,64.2,35.1,45.9,NA,NA,NA,98.4,48,75.8,62.3,19.7,38.4,0.463,NA,NA,NA,NA,NA,NA,NA,NA,NA,NA,NA,NA,NA,NA,NA,1.8
22121,QNTLCC,2026-03-13 EDT,40.749,-73.953,82,41.9,33.5,37.9,NA,NA,NA,79,39.3,50.7,35.9,12.8,20.8,0,NA,NA,NA,NA,NA,NA,NA,NA,NA,NA,NA,NA,NA,NA,NA,10
22122,QNTLCC,2026-03-14 EDT,40.749,-73.953,82,51.6,40.7,45.7,NA,NA,NA,82.3,23.1,43.5,36.5,12.8,22.8,0,NA,NA,NA,NA,NA,NA,NA,NA,NA,NA,NA,NA,NA,NA,NA,19.2
22123,QNTLCC,2026-03-15 EDT,40.749,-73.953,82,48,36.5,41.1,NA,NA,NA,76,40.3,54,40.7,16.6,25.4,0,NA,NA,NA,NA,NA,NA,NA,NA,NA,NA,NA,NA,NA,NA,NA,7.4
22124,QNTLCC,2026-03-16 EDT,40.749,-73.953,82,56.3,48,52.2,NA,NA,NA,99.7,76.4,95,54.7,40.9,50.7,0.729,NA,NA,NA,NA,NA,NA,NA,NA,NA,NA,NA,NA,NA,NA,NA,3.1
22125,QNTLCC,2026-03-17 EDT,40.749,-73.953,82,52.4,32.6,38.3,NA,NA,NA,98.9,27.2,45.6,51.9,7.1,18,0,NA,NA,NA,NA,NA,NA,NA,NA,NA,NA,NA,NA,NA,NA,NA,19.7
22126,QNTLCC,2026-03-18 EDT,40.749,-73.953,82,36.3,26.1,30.7,NA,NA,NA,60.4,25.7,40,17.8,2.7,8.7,0,NA,NA,NA,NA,NA,NA,NA,NA,NA,NA,NA,NA,NA,NA,NA,15.2
22127,QNTLCC,2026-03-19 EDT,40.749,-73.953,82,42.5,32.6,37.5,NA,NA,NA,74.1,43.8,54.4,32.4,17.4,22.3,0,NA,NA,NA,NA,NA,NA,NA,NA,NA,NA,NA,NA,NA,NA,NA,7.9
22128,QNTLCC,2026-03-20 EDT,40.749,-73.953,82,54.6,40.1,46.9,NA,NA,NA,80.3,49.2,59.6,45.6,24.9,33.5,0.021,NA,NA,NA,NA,NA,NA,NA,NA,NA,NA,NA,NA,NA,NA,NA,16.8
22129,QNTLCC,2026-03-21 EDT,40.749,-73.953,82,58.7,47.1,52.6,NA,NA,NA,90.1,33.3,62.5,49.2,27.8,39,0,NA,NA,NA,NA,NA,NA,NA,NA,NA,NA,NA,NA,NA,NA,NA,18.1
22130,QNTLCC,2026-03-22 EDT,40.749,-73.953,82,62.5,44.9,50.6,NA,NA,NA,96.4,45.5,70.5,49.5,27.5,40.8,0.124,NA,NA,NA,NA,NA,NA,NA,NA,NA,NA,NA,NA,NA,NA,NA,11.2
22131,QNTLCC,2026-03-23 EDT,40.749,-73.953,82,51.5,36,42.4,NA,NA,NA,96.7,50.6,81.3,49.1,19.7,36.8,0.362,NA,NA,NA,NA,NA,NA,NA,NA,NA,NA,NA,NA,NA,NA,NA,3.2
22132,QNTLCC,2026-03-24 EDT,40.749,-73.953,82,47.6,34,39.5,NA,NA,NA,60.4,25.3,44.8,25.5,11.8,18.9,0,NA,NA,NA,NA,NA,NA,NA,NA,NA,NA,NA,NA,NA,NA,NA,21.7
22133,QNTLCC,2026-03-25 EDT,40.749,-73.953,82,52.1,40.3,45.1,NA,NA,NA,71.9,25.2,48.6,36.5,16.3,26.4,0,NA,NA,NA,NA,NA,NA,NA,NA,NA,NA,NA,NA,NA,NA,NA,17.2
22134,QNTLCC,2026-03-26 EDT,40.749,-73.953,82,74.4,44.3,59,NA,NA,NA,79.7,32.8,57.2,52.6,36.5,42.7,0,NA,NA,NA,NA,NA,NA,NA,NA,NA,NA,NA,NA,NA,NA,NA,18
22135,QNTLCC,2026-03-27 EDT,40.749,-73.953,82,67.7,42.9,53.4,NA,NA,NA,82.4,32.7,53.2,57.2,16.6,36.1,0.006,NA,NA,NA,NA,NA,NA,NA,NA,NA,NA,NA,NA,NA,NA,NA,10.8
22136,QNTLCC,2026-03-28 EDT,40.749,-73.953,82,42.7,31.3,37.9,NA,NA,NA,49.8,18.9,33.6,19.5,2.5,10.6,0,NA,NA,NA,NA,NA,NA,NA,NA,NA,NA,NA,NA,NA,NA,NA,22.1
22137,QNTLCC,2026-03-29 EDT,40.749,-73.953,82,52,36.7,44.4,NA,NA,NA,50.4,25.9,40,31.9,11.7,21.3,0,NA,NA,NA,NA,NA,NA,NA,NA,NA,NA,NA,NA,NA,NA,NA,22
22138,QNTLCC,2026-03-30 EDT,40.749,-73.953,82,70.2,45.5,58.8,NA,NA,NA,72.7,33.7,53.6,49,29.2,41.2,0,NA,NA,NA,NA,NA,NA,NA,NA,NA,NA,NA,NA,NA,NA,NA,18.9
22139,QNTLCC,2026-03-31 EDT,40.749,-73.953,82,79,62.5,70.7,NA,NA,NA,69.4,41.4,52.6,55.3,49,52.1,0.01,NA,NA,NA,NA,NA,NA,NA,NA,NA,NA,NA,NA,NA,NA,NA,16.1
22140,RKMTIV,2026-03-01 EST,41.19236,-74.04246,446,42.4,25,33.7,NA,NA,NA,92.1,22.1,52.3,28.2,0.8,16.3,0.013,NA,NA,NA,NA,NA,NA,NA,NA,NA,NA,NA,NA,NA,NA,NA,11.7
22141,RKMTIV,2026-03-02 EST,41.19236,-74.04246,446,31.4,15.5,23.3,NA,NA,NA,77.4,29.7,44.8,14.3,-3.6,4.1,0,NA,NA,NA,NA,NA,NA,NA,NA,NA,NA,NA,NA,NA,NA,NA,13.2
22142,RKMTIV,2026-03-03 EST,41.19236,-74.04246,446,32.7,17,27.7,NA,NA,NA,94.5,66.7,83.6,31.2,11.3,23.3,0.325,NA,NA,NA,NA,NA,NA,NA,NA,NA,NA,NA,NA,NA,NA,NA,1.8
22143,RKMTIV,2026-03-04 EST,41.19236,-74.04246,446,53.3,31.1,38.2,NA,NA,NA,96.1,33.6,81.1,37.6,25.2,32,0.07,NA,NA,NA,NA,NA,NA,NA,NA,NA,NA,NA,NA,NA,NA,NA,13.7
22144,RKMTIV,2026-03-05 EST,41.19236,-74.04246,446,41.2,33.1,38.3,NA,NA,NA,96.8,85.9,93.6,40,30.2,36.6,1.004,NA,NA,NA,NA,NA,NA,NA,NA,NA,NA,NA,NA,NA,NA,NA,1.5
22145,RKMTIV,2026-03-06 EST,41.19236,-74.04246,446,38.7,34.7,36.4,NA,NA,NA,93.8,85.2,90.2,35.9,32.4,33.8,0.064,NA,NA,NA,NA,NA,NA,NA,NA,NA,NA,NA,NA,NA,NA,NA,3.2
22146,RKMTIV,2026-03-07 EST,41.19236,-74.04246,446,48.3,34,39.6,NA,NA,NA,97.7,88.5,94.2,46.8,32.7,38,0.067,NA,NA,NA,NA,NA,NA,NA,NA,NA,NA,NA,NA,NA,NA,NA,3.4
22147,RKMTIV,2026-03-08 EDT,41.19236,-74.04246,446,67.8,39.7,52.2,NA,NA,NA,98.4,43,79.4,53.8,37.4,44.9,0.008,NA,NA,NA,NA,NA,NA,NA,NA,NA,NA,NA,NA,NA,NA,NA,9.9
22148,RKMTIV,2026-03-09 EDT,41.19236,-74.04246,446,70.9,33.7,51.4,NA,NA,NA,93.4,19.8,59.1,41.6,25.6,33.4,0,NA,NA,NA,NA,NA,NA,NA,NA,NA,NA,NA,NA,NA,NA,NA,18.8
22149,RKMTIV,2026-03-10 EDT,41.19236,-74.04246,446,79.6,33.8,56.6,NA,NA,NA,93,30.2,63,50,31.4,41.6,0,NA,NA,NA,NA,NA,NA,NA,NA,NA,NA,NA,NA,NA,NA,NA,17.5
22150,RKMTIV,2026-03-11 EDT,41.19236,-74.04246,446,74.4,44.4,59.3,NA,NA,NA,98.4,42.4,72,59,41.8,49.1,0.348,NA,NA,NA,NA,NA,NA,NA,NA,NA,NA,NA,NA,NA,NA,NA,13.3
22151,RKMTIV,2026-03-12 EDT,41.19236,-74.04246,446,60.4,33.6,44.2,NA,NA,NA,99.2,51.7,76.7,60.1,18.1,37.1,0.643,NA,NA,NA,NA,NA,NA,NA,NA,NA,NA,NA,NA,NA,NA,NA,2.2
22152,RKMTIV,2026-03-13 EDT,41.19236,-74.04246,446,39.5,26,34.7,NA,NA,NA,79.9,40.7,54.3,30.6,13.1,19.5,0,NA,NA,NA,NA,NA,NA,NA,NA,NA,NA,NA,NA,NA,NA,NA,8.8
22153,RKMTIV,2026-03-14 EDT,41.19236,-74.04246,446,47,27.5,38.3,NA,NA,NA,93.2,29.1,55.6,30.7,15.6,21.2,0,NA,NA,NA,NA,NA,NA,NA,NA,NA,NA,NA,NA,NA,NA,NA,18.2
22154,RKMTIV,2026-03-15 EDT,41.19236,-74.04246,446,41.6,29.4,36.9,NA,NA,NA,79.1,35.2,56.3,34.6,15.6,22.3,0,NA,NA,NA,NA,NA,NA,NA,NA,NA,NA,NA,NA,NA,NA,NA,8
22155,RKMTIV,2026-03-16 EDT,41.19236,-74.04246,446,59.6,39.9,50.3,NA,NA,NA,98.9,79.1,95.1,58.6,34.5,48.9,1.111,NA,NA,NA,NA,NA,NA,NA,NA,NA,NA,NA,NA,NA,NA,NA,2.2
22156,RKMTIV,2026-03-17 EDT,41.19236,-74.04246,446,58,28.8,35.8,NA,NA,NA,96.7,30.2,49.1,56.9,7.9,17.7,0.154,NA,NA,NA,NA,NA,NA,NA,NA,NA,NA,NA,NA,NA,NA,NA,17.9
22157,RKMTIV,2026-03-18 EDT,41.19236,-74.04246,446,36.4,21.9,28.5,NA,NA,NA,63.6,23.5,38.3,15.5,0.8,5.5,0,NA,NA,NA,NA,NA,NA,NA,NA,NA,NA,NA,NA,NA,NA,NA,16.7
22158,RKMTIV,2026-03-19 EDT,41.19236,-74.04246,446,42.2,27,33,NA,NA,NA,80.7,40.5,59.3,25.3,15.3,20,0,NA,NA,NA,NA,NA,NA,NA,NA,NA,NA,NA,NA,NA,NA,NA,6.1
22159,RKMTIV,2026-03-20 EDT,41.19236,-74.04246,446,57.9,26.2,41.9,NA,NA,NA,96.9,42.5,73.7,46,23.8,33,0.302,NA,NA,NA,NA,NA,NA,NA,NA,NA,NA,NA,NA,NA,NA,NA,13.9
22160,RKMTIV,2026-03-21 EDT,41.19236,-74.04246,446,55.1,40.1,47.3,NA,NA,NA,98.1,45.6,71.7,47,28.4,37.7,0,NA,NA,NA,NA,NA,NA,NA,NA,NA,NA,NA,NA,NA,NA,NA,12
22161,RKMTIV,2026-03-22 EDT,41.19236,-74.04246,446,56.4,39.8,47.3,NA,NA,NA,97.4,61,77.5,49.4,29.4,40.5,0.329,NA,NA,NA,NA,NA,NA,NA,NA,NA,NA,NA,NA,NA,NA,NA,6.8
22162,RKMTIV,2026-03-23 EDT,41.19236,-74.04246,446,50.2,32.9,38.5,NA,NA,NA,96.8,54.7,81.9,49.2,18.5,33.3,0.819,NA,NA,NA,NA,NA,NA,NA,NA,NA,NA,NA,NA,NA,NA,NA,4.7
22163,RKMTIV,2026-03-24 EDT,41.19236,-74.04246,446,48.6,30.3,38,NA,NA,NA,69,24.4,45.4,24.6,10.1,17.4,0,NA,NA,NA,NA,NA,NA,NA,NA,NA,NA,NA,NA,NA,NA,NA,21.8
22164,RKMTIV,2026-03-25 EDT,41.19236,-74.04246,446,54.7,29.1,41.4,NA,NA,NA,86.3,27.1,53.8,30.1,19.3,24.2,0,NA,NA,NA,NA,NA,NA,NA,NA,NA,NA,NA,NA,NA,NA,NA,17
22165,RKMTIV,2026-03-26 EDT,41.19236,-74.04246,446,74.3,42.7,58.5,NA,NA,NA,71,32.2,52.7,54.2,26.7,40.2,0,NA,NA,NA,NA,NA,NA,NA,NA,NA,NA,NA,NA,NA,NA,NA,16
22166,RKMTIV,2026-03-27 EDT,41.19236,-74.04246,446,67.1,32.6,48.4,NA,NA,NA,96,40.1,61.4,58,18.6,35.1,0.084,NA,NA,NA,NA,NA,NA,NA,NA,NA,NA,NA,NA,NA,NA,NA,10.1
22167,RKMTIV,2026-03-28 EDT,41.19236,-74.04246,446,41.2,27.1,33.7,NA,NA,NA,64,21.3,38.3,18.4,2.7,9.8,0,NA,NA,NA,NA,NA,NA,NA,NA,NA,NA,NA,NA,NA,NA,NA,20.3
22168,RKMTIV,2026-03-29 EDT,41.19236,-74.04246,446,55.3,23.4,39.6,NA,NA,NA,84.2,22.2,51.2,31.1,14.7,20.5,0,NA,NA,NA,NA,NA,NA,NA,NA,NA,NA,NA,NA,NA,NA,NA,21.1
22169,RKMTIV,2026-03-30 EDT,41.19236,-74.04246,446,73.1,40,55.7,NA,NA,NA,89.1,28.4,54.9,53.9,28.8,38.1,0.017,NA,NA,NA,NA,NA,NA,NA,NA,NA,NA,NA,NA,NA,NA,NA,17.5
22170,RKMTIV,2026-03-31 EDT,41.19236,-74.04246,446,79,52.6,67.5,NA,NA,NA,97,42.7,61.5,55.6,48.4,52.7,0.046,NA,NA,NA,NA,NA,NA,NA,NA,NA,NA,NA,NA,NA,NA,NA,13.5
22171,SIFKIL,2026-03-01 EST,40.587,-74.197,16,43.2,28.9,36.6,42.8,29.5,37.1,100,24.3,57.4,35.6,6.6,20.6,0,6.1,23.2,352.3,0,0,0,33.4,33.2,33.3,35.1,34.9,35,36.7,36.5,36.6,10
22172,SIFKIL,2026-03-02 EST,40.587,-74.197,16,32.5,21.5,27.3,31.2,21.7,27.1,82.4,29.3,48.5,23.4,1.2,9.4,0,4.1,16.9,49.3,41,0,0,33.3,32.9,33.2,35.2,35,35.1,36.7,36.6,36.7,12.8
22173,SIFKIL,2026-03-03 EST,40.587,-74.197,16,37.2,29.1,34.2,37.4,29.2,34.1,100,74.6,90.5,37.2,23.2,31.6,0.466,2.9,13.6,80.8,6,0,0,33.3,33,33.1,35.2,34,34.8,36.7,36,36.5,1.2
22174,SIFKIL,2026-03-04 EST,40.587,-74.197,16,46,35.9,41.6,45.3,35.6,41.4,100,74.3,90,41.4,35.9,38.8,0.011,2.8,11.2,274,0,0,0,33.3,33.1,33.1,34.9,34.7,34.8,36.1,36,36.1,5.6
22175,SIFKIL,2026-03-05 EST,40.587,-74.197,16,43.5,38.8,41.4,43.5,38.6,41.2,100,90.5,97.9,43.5,38.8,40.8,1.443,2.9,12.1,62.1,39,0,0,38.9,32.9,35.2,34.9,34.2,34.5,36.1,36,36,1.7
22176,SIFKIL,2026-03-06 EST,40.587,-74.197,16,42.3,36.5,39.3,41.8,36.1,39,100,82.9,90.4,38.8,34.6,36.6,0.111,4.4,16.9,36.2,0,0,0,42.9,37.2,39.9,38.7,34.9,37,38.3,36,37.2,3
22177,SIFKIL,2026-03-07 EST,40.587,-74.197,16,50.4,36.2,42.2,49.1,35.3,41.6,100,79.9,94.7,48,34.7,40.7,0.006,2.9,10.5,151.8,0,0,0,51,37.9,43.8,41.9,37.9,39.6,40.1,38.3,38.9,5.6
22178,SIFKIL,2026-03-08 EDT,40.587,-74.197,16,71.7,45.1,57.1,70.7,44.8,57.3,100,47.4,79.5,56.2,43,49.8,0.004,4.2,27.6,243.5,0,0,0,61.3,45.5,51.7,47.3,41.7,44,43.2,40.1,41.3,8.1
22179,SIFKIL,2026-03-09 EDT,40.587,-74.197,16,73.5,38.9,57.7,72,43.1,58.4,95.3,23.2,56.8,46.3,31.2,39.5,0,3.3,17.5,197.9,0,0,0,65.5,39.4,51.1,49.1,42.3,45.5,44.8,42.8,43.4,17.8
22180,SIFKIL,2026-03-10 EDT,40.587,-74.197,16,81,43.6,62.7,80,44.7,63.1,100,23.3,57.9,50.6,38.9,44.3,0,3.3,20.2,198.2,0,0,0,69.6,42.6,54.8,51.7,44.1,47.6,46.8,44.6,45.2,17.4
22181,SIFKIL,2026-03-11 EDT,40.587,-74.197,16,80.5,50.2,64.8,79.4,50.6,65,95.3,43.5,60.4,62.6,40.4,50.3,0.219,3.8,24.1,164.9,0,0,0,68.9,49.3,58.4,52.9,47.8,50.2,48.7,46.8,47.4,12.2
22182,SIFKIL,2026-03-12 EDT,40.587,-74.197,16,65.3,34.4,45.9,65.5,34.1,45.8,100,52.7,85.5,64.8,21.1,41.6,0.181,6.4,31.6,309.5,0,0,0,60.8,38.3,49.9,53.6,45.5,50.2,50.2,48.2,49.6,1.6
22183,SIFKIL,2026-03-13 EDT,40.587,-74.197,16,46,30.9,38.7,44.5,31.3,38.3,83.5,38.4,50,34.9,11.7,21.2,0,6.8,23.5,195.4,0,0,0,49.7,34,40.6,45.5,41.4,43.5,48.2,44.8,45.9,10.9
22184,SIFKIL,2026-03-14 EDT,40.587,-74.197,16,52.6,32.7,43.5,51.6,35.3,43.6,98.9,21.1,52.9,34.7,10.9,23.6,0,8.2,42.5,281.4,0,0,0,53.4,34.9,43.1,45.7,40.5,43.3,45.1,43.7,44.5,19.1
22185,SIFKIL,2026-03-15 EDT,40.587,-74.197,16,42.8,35.6,39.6,42.6,36.3,39.2,89.1,46.2,62.6,39.7,18.9,27.4,0,6,24.1,91.2,0,0,0,48.7,37.9,43.1,44.8,42.3,43.6,45,44.1,44.5,6.3
22186,SIFKIL,2026-03-16 EDT,40.587,-74.197,16,69,42.7,56.2,68.6,42.7,56.2,100,70.5,95.1,63.4,39.7,54.6,0.535,7.6,32.2,146.8,0,0,0,59.6,43.7,51.8,49.6,43.9,46.3,47.3,44.6,45.3,3.8
22187,SIFKIL,2026-03-17 EDT,40.587,-74.197,16,60,31.6,37.8,60.1,31.6,37.2,98.5,28.9,50,59.5,10.5,19.9,0.073,13.4,56.1,273.2,0,0,0,55.9,37.9,45.3,50.4,41.7,45,48,45.9,46.8,19.2
22188,SIFKIL,2026-03-18 EDT,40.587,-74.197,16,38,25.7,30.6,35.9,25.6,29.9,66.8,25.7,44.8,20.3,2.7,10.9,0,6.1,21.7,333.6,0,0,0,51.4,33.2,39.5,44.6,40,42,45.9,43.7,44.6,14.5
22189,SIFKIL,2026-03-19 EDT,40.587,-74.197,16,44.6,30.7,36.8,42.9,30.8,36.1,80.8,41.5,61.4,32.5,19.8,24.3,0,2.8,13.6,150.9,0,0,0,50.5,35.8,41.4,44.6,41,42.5,44.5,43.3,43.8,8.2
22190,SIFKIL,2026-03-20 EDT,40.587,-74.197,16,67.4,33.7,48.3,66.2,34.5,47.9,94.3,32.4,62.9,47.8,26.1,35.2,0.058,4,26.1,175.6,0,0,0,63.5,35.4,47.8,48.2,41.2,44.2,45.5,43.4,44.1,16.2
22191,SIFKIL,2026-03-21 EDT,40.587,-74.197,16,59.6,44.3,51.6,58.1,44.4,51.2,100,33.7,68.7,50.4,29.7,40,0,4.9,23.9,329.6,0,0,0,67.1,46,54.3,51.8,45.9,48.3,48,45.5,46.4,19.7
22192,SIFKIL,2026-03-22 EDT,40.587,-74.197,16,69.6,42.5,52.4,67.7,42.1,51.7,98.8,49.1,74.5,52.3,32.5,44.2,0.047,4,16.2,148,0,0,0,68.5,46.8,55.2,53,47.3,49.8,49.3,47.8,48.2,12.8
22193,SIFKIL,2026-03-23 EDT,40.587,-74.197,16,51.6,34.9,42.5,51.4,35.1,42.3,100,54.9,85.9,51.6,21.5,38.2,0.415,7.4,33.3,349.4,0,0,0,55.4,38.8,47.8,52.3,45.7,49.1,50.2,48.4,49.4,2.5
22194,SIFKIL,2026-03-24 EDT,40.587,-74.197,16,50.2,32.5,39.4,48.3,32.6,38.7,68,27.2,49.2,26.1,13.6,20.9,0,5.7,19.3,305.6,0,0,0,60.8,34.5,44.9,49.1,42.1,45.2,48.4,45.7,46.8,21.4
22195,SIFKIL,2026-03-25 EDT,40.587,-74.197,16,56.9,35.6,45.2,54.6,36.5,44.4,77.4,25,54,37.4,16.6,28.5,0,4.4,20.6,171.7,0,0,0,63.9,37.8,49.3,50.5,43.9,46.8,48,46,46.9,17
22196,SIFKIL,2026-03-26 EDT,40.587,-74.197,16,76.6,45.7,61.4,75.5,45.6,60.9,77.5,31.8,55.5,55.9,33.9,44,0.018,6.2,26.7,209.7,0,0,0,72.3,48,58.1,55,47.8,50.6,50.4,48,48.5,17.7
22197,SIFKIL,2026-03-27 EDT,40.587,-74.197,16,64.9,43,53.6,65.3,42.8,53.3,93.4,37.2,59.1,59.9,19.3,38.7,0.024,6.9,30.9,340.9,0,0,0,61.3,48.6,57,54.3,51.8,53.1,51.4,50.4,51.2,9
22198,SIFKIL,2026-03-28 EDT,40.587,-74.197,16,44.9,30.5,38.2,43.4,30.1,37.7,50.5,19.6,33.7,20,3.6,11.1,0,7.7,29.4,331.1,0,0,0,59.4,37.8,47.2,51.6,45.5,48.5,51.4,49.1,50,22.4
22199,SIFKIL,2026-03-29 EDT,40.587,-74.197,16,57.6,28.6,43.9,56.5,30,43.5,80.3,22.3,47.1,30.9,14.6,22.9,0,4.3,22.6,199,0,0,0,63.1,35,47.7,50.5,43.9,47.2,49.5,47.3,48.3,22
22200,SIFKIL,2026-03-30 EDT,40.587,-74.197,16,72.8,45.7,58.6,71.2,46,58.2,80.3,34.1,57.2,49.9,30.4,42.6,0,6.6,27.8,214.9,0,0,0,68.9,45.9,56,54.3,47.5,50.4,50.5,48.6,49.1,16.9
22201,SIFKIL,2026-03-31 EDT,40.587,-74.197,16,80.7,61.9,71,79.5,62.1,70.6,68.8,40.9,54.4,56.1,50,53.2,0,7.5,29.2,224.8,0,0,0,75.9,56.3,64.5,59,52.5,55.1,53.7,50.5,51.7,17
