hex_id,cate,se,in_zone,adj_cate,t_stat,sig_95
1,-0.01815616328628862,0.07345689048268647,0,-0.026952546532369403,-0.24716759948568698,FALSE
2,-0.04136888651199445,0.08500024419354749,0,-0.061411478908039746,-0.4866913842952798,FALSE
3,-0.02281727932386267,0.07135727696290836,0,-0.0338719019553492,-0.3197610712600921,FALSE
4,-0.03839476412403645,0.10939139564701264,0,-0.056996439739773634,-0.3509852296603821,FALSE
5,-0.045431009188567975,0.08565582963696544,0,-0.06744163785374734,-0.530390160029013,FALSE
6,-0.04335817968838181,0.08521037265263734,0,-0.06436455418378349,-0.508836874415897,FALSE
7,-0.018328382146887874,0.0734440584261375,0,-0.02720820279525168,-0.24955568278298074,FALSE
8,0.01622639884360106,0.06931496730353594,0,0.024087840750761487,0.23409660964773057,FALSE
9,-0.04431672814427471,0.10703370716130879,0,-0.06578750469670903,-0.4140445969743501,FALSE
10,-0.04677085180877275,0.11123472184777877,0,-0.0694306137181797,-0.4204698949378162,FALSE
11,-0.03971746753627727,0.10692276595170601,0,-0.0589599727122859,-0.371459409815647,FALSE
12,-0.043523709729096464,0.08416777707383873,0,-0.06461028099591434,-0.5171065607555962,FALSE
13,-0.0386671231159151,0.08166691297542569,0,-0.057400752494972423,-0.4734735489212184,FALSE
14,-0.017399868995944864,0.07296931853829941,0,-0.025829839232856994,-0.2384545908402885,FALSE
15,-0.04536683448149459,0.08809272141137424,0,-0.06734637148324146,-0.5149895899984873,FALSE
16,-0.04303258048014457,0.07961259380175106,0,-0.06388120714220097,-0.5405247891722136,FALSE
17,-0.04502694162027441,0.09287769213160034,0,-0.06684180573255914,-0.4847982393498193,FALSE
18,-0.0330926149541614,0.11238732167543124,0,-0.04912548044241245,-0.2944514956031354,FALSE
19,-0.045083026042096665,0.07687119065406867,0,-0.0669250621984253,-0.5864749284940404,FALSE
20,-0.0378428262704185,0.0807103205466726,0,-0.05617709644306247,-0.4688722088339993,FALSE
21,-0.016156083761954633,0.0727186042711452,0,-0.023983459088175653,-0.22217263276552437,FALSE
22,-0.042161513761850046,0.10955905582766444,0,-0.06258812192989946,-0.38482910831369144,FALSE
23,-0.034505739613125454,0.13348247270232552,0,-0.05122324237185767,-0.25850389878583885,FALSE
24,-0.04778168270148051,0.08613637644144877,0,-0.07093117670841437,-0.5547212998211055,FALSE
25,-0.04436311272155912,0.0957444471275882,0,-0.06585636189180744,-0.46334919729017005,FALSE
26,-0.04094844792131924,0.08116937472243639,0,-0.06078734425467193,-0.5044815000897191,FALSE
27,-0.045306429871884754,0.0886654855647707,0,-0.06725670176472179,-0.5109815796225253,FALSE
28,-0.05978538540447321,0.12604931175382697,0,-0.08875048966356203,-0.4743015616081543,FALSE
29,-0.03381428593900509,0.1825720469678571,0,-0.05019678997479309,-0.18521064150065808,FALSE
30,-0.04472440843012498,0.10546314800666887,0,-0.06639269984182028,-0.42407617518962043,FALSE
31,-0.03212339736857358,0.21830667281980282,0,-0.04768669176973764,-0.14714803241534097,FALSE
32,-0.0387173396104632,0.07895522800658082,0,-0.05747529811260422,-0.49037081632182933,FALSE
33,-0.04544172913056902,0.08968872017617538,0,-0.06745755144358741,-0.5066604701383621,FALSE
34,-0.03417161663614698,0.12156735031573393,0,-0.05072724192602852,-0.28109205759109396,FALSE
35,-0.07124435055515062,0.3336876691290328,0,-0.10576114805908725,-0.21350609311128405,FALSE
36,-0.04565029785211194,0.11615979791534986,0,-0.06776716851873388,-0.3929956720945665,FALSE
37,-0.03653967277058036,0.19559875724870263,0,-0.054242585016315584,-0.18680932989835097,FALSE
38,-0.03633160084613265,0.09992147793929565,0,-0.05393370542885386,-0.3636015158643354,FALSE
39,-0.03629491464083077,0.07821826734216705,0,-0.0538792453185374,-0.464020948994665,FALSE
40,-0.023200620959091256,0.07132576690157197,0,-0.0344409667460969,-0.3252768524887733,FALSE
41,-0.04778248697881664,0.0900576379512876,0,-0.07093237064581101,-0.5305767291460864,FALSE
42,-0.050332660596252486,0.11248998648700638,0,-0.07471806435244713,-0.44744125382276906,FALSE
43,-0.06700743336230745,0.32174150376991295,0,-0.09947150932907313,-0.20826481065441432,FALSE
44,-0.006830037155046287,0.17748308692306175,0,-0.01013908562819645,-0.03848274939012686,FALSE
45,-0.025810967018442744,0.17203382644305917,0,-0.038315985521863806,-0.1500342551933286,FALSE
46,-0.04054672079029607,0.09215108400480983,0,-0.060190986476793044,-0.4400026459610582,FALSE
47,-0.03897133658665239,0.07777185823473261,0,-0.05785235273652855,-0.5010981796143832,FALSE
48,-0.0246624865356688,0.07168366960325034,0,-0.036611083821797064,-0.3440460940709225,FALSE
49,-0.018559986799895876,0.07332395250544005,0,-0.027552016358110835,-0.253123108693832,FALSE
50,-0.045657427245354314,0.08970872676800852,0,-0.0677777519938923,-0.5089519034578076,FALSE
51,-0.043556281516814725,0.08836689622878519,0,-0.06465863331629591,-0.49290269745409965,FALSE
52,-0.03855006967472064,0.24399092463289182,0,-0.05722698845293221,-0.15799796542729197,FALSE
53,-0.041937099085266605,0.10966935234713969,0,-0.0622549817770055,-0.38239579415516056,FALSE
54,-0.07075688002641116,0.28922145168967767,0,-0.10503750551953533,-0.24464603027554915,FALSE
55,-0.03785880526903523,0.2334429729341998,0,-0.0562008170219627,-0.16217581875855577,FALSE
56,-0.03108584599684012,0.11029044945140903,0,-0.046146462637325705,-0.2818543777041701,FALSE
57,-0.03204100213061368,0.0750756994566076,0,-0.04756437729998196,-0.42678259893046755,FALSE
58,-0.02913067330281617,0.07340341206252331,0,-0.04324403869546267,-0.3968572098256597,FALSE
59,-0.02614403854643913,0.07213277393487999,0,-0.03881042510777067,-0.3624432712104132,FALSE
60,0.011363862635499156,0.07354166121090015,0,0.016869480167214006,0.1545227895098844,FALSE
61,-0.017176087238825192,0.08999714218752064,0,-0.02549763863922066,-0.1908514739616576,FALSE
62,0.008116143974394077,0.10519163780304346,0,0.012048291518641749,0.07715579055428735,FALSE
63,0.05359357581411922,0.07687931180536538,0,0.0795588430875689,0.6971131056662105,FALSE
64,0.07017201363998954,0.07915680314838519,0,0.10416928031982302,0.886493780053838,FALSE
65,0.044504758684661506,0.09763990408189391,0,0.06606663315625032,0.45580502257902517,FALSE
66,-0.034413904937561454,0.10187126320210052,0,-0.051086915201442054,-0.3378175930663424,FALSE
67,-0.04847599117553288,0.08949265628169237,0,-0.0719618670122875,-0.5416756322769881,FALSE
68,-0.030307429209702013,0.11760408421697723,0,-0.04499091482988989,-0.257707284670364,FALSE
69,-0.04801348935784601,0.0979252461785577,0,-0.07127529014216623,-0.49030756859469943,FALSE
70,-0.03364570405615554,0.17099622116229105,0,-0.049946532749719094,-0.19676285140957991,FALSE
71,-0.12793999760019661,0.49016388387989634,0,-0.18992496841415069,-0.2610147377393179,FALSE
72,-0.0310003331720571,0.10019061806683106,0,-0.04601952015764337,-0.3094135336242627,FALSE
73,-0.031023498601852405,0.07451244232366848,0,-0.046053908883645404,-0.41635326442652326,FALSE
74,-0.030528272699326644,0.07279549580435549,0,-0.04531875361039776,-0.41937035199779604,FALSE
75,-0.01053477707857713,0.07627817368750082,0,-0.015638715346480554,-0.13810998047405257,FALSE
76,0.013852160091513578,0.07251164060717065,0,0.020563319659187115,0.19103360474985231,FALSE
77,0.05184868137167017,0.11156724994792158,1,0.07696857399202177,0.464730298504916,FALSE
78,-0.0038416252389694445,0.07942458902712606,1,-0.005702833874128153,-0.04836821047518931,FALSE
79,0.039670160708636396,0.09852157556438405,0,0.058889746450647665,0.40265455034985576,FALSE
80,0.0660620522659362,0.06742598053291149,0,0.09806810555984115,0.9797714730109184,FALSE
81,0.0702140373899833,0.07742036842432051,0,0.10423166393354756,0.9069194427641932,FALSE
82,0.03882436125483689,0.1292585928207598,0,0.05763417010579294,0.30036193654586524,FALSE
83,0.04340217717770484,0.14870470841288125,0,0.06442986778333577,0.2918682107710936,FALSE
84,-0.03276656820467091,0.10028241450623775,0,-0.048641469032688754,-0.32674291266324434,FALSE
85,-0.03511270927013339,0.0952141690799751,0,-0.05212427953848181,-0.3687760929850733,FALSE
86,-0.03281894746632982,0.09448450706195513,0,-0.04871922524499706,-0.34734739574616047,FALSE
87,-0.03386804331366183,0.0904429876640213,0,-0.05027659197475572,-0.37446842688871856,FALSE
88,-0.020784468290089494,0.2193400962171335,0,-0.030854225086323572,-0.09475909169618546,FALSE
89,-0.05020891740332335,0.3362649745503596,0,-0.07453436947633829,-0.14931355092947388,FALSE
90,-0.05754519292913279,0.29090177396122735,0,-0.08542495821834342,-0.1978165761780561,FALSE
91,-0.06169663347072607,0.3081746803687576,0,-0.09158770816773154,-0.2002002026801836,FALSE
92,-0.02674087888762726,0.09426929894023961,0,-0.0396964254600817,-0.28366476878733526,FALSE
93,-0.01810884752949477,0.08315234198850041,0,-0.026882307015540223,-0.21777916407933692,FALSE
94,-0.016605959392830095,0.07703937661799444,0,-0.024651292577209476,-0.21555158052708548,FALSE
95,-0.013548839069348268,0.07598750846493685,0,-0.020113044243877852,-0.1783035046556389,FALSE
96,0.017589163469451212,0.0681283026800911,0,0.026110843981770725,0.2581770391674712,FALSE
97,0.03485603661470403,0.1021651202338121,0,0.051743252909674665,0.3411735486135926,FALSE
98,0.04921607503282582,0.1296822162982256,0,0.0730605101720242,0.3795129080740366,FALSE
99,0.022102528037424865,0.0503850419134566,1,0.032810864609351426,0.43867241542418617,FALSE
100,0.06300800496096995,0.05255870311783079,1,0.09353441907546571,1.198812018243924,FALSE
101,0.08240200998046385,0.07021622057762442,0,0.12232452271656191,1.173546643533284,FALSE
102,0.06489140530943618,0.07740537128962137,0,0.0963302980687689,0.8383320721586272,FALSE
103,0.07484483744294611,0.10431724592102204,0,0.11110601574133482,0.7174732881618701,FALSE
104,0.05335058211182945,0.14439722874090838,0,0.0791981226553516,0.3694709557588275,FALSE
105,-0.008718864365029675,0.11232257656593626,0,-0.012943020714367906,-0.07762343628140933,FALSE
106,-0.0067414334275098095,0.14165615021261999,0,-0.010007554750680507,-0.0475901216953249,FALSE
107,-0.009100212475166859,0.1565407587903752,0,-0.013509126147626798,-0.058133182344880636,FALSE
108,-4.274746133776215e-4,0.19711604640123684,0,-6.345795213886363e-4,-0.002168644416231246,FALSE
109,-0.05502040583919805,0.33077187733368996,0,-0.08167695042326141,-0.1663394309174968,FALSE
110,0.00532250624268079,0.21404183861714696,0,0.007901179060391943,0.024866662878004275,FALSE
111,-0.09679730025304926,0.35286789834703464,0,-0.14369411081736014,-0.27431597123593293,FALSE
112,-0.024083753769243155,0.19658497372815223,0,-0.03575196388709843,-0.12251065436235936,FALSE
113,0.011852537516132612,0.09091725936739228,0,0.017594910548720873,0.13036619887800485,FALSE
114,0.01648810637406494,0.07765188905653855,0,0.024476341574502486,0.21233361576123289,FALSE
115,0.020261067956135262,0.10157871795972225,0,0.03007724530080839,0.19946174122978333,FALSE
116,0.03343765247772974,0.09543971281406985,0,0.04963768336561552,0.35035365773649224,FALSE
117,0.038272572126609714,0.06943249817884867,0,0.056815047589648254,0.5512198628951068,FALSE
118,0.019671542320808387,0.13384809047438848,0,0.029202103517402444,0.14696916669552706,FALSE
119,0.056379261562821234,0.18090966183291893,1,0.08369415094873746,0.31164317589013524,FALSE
120,-0.002623770031246364,0.12527263393222274,1,-0.003894946456601271,-0.020944478844964046,FALSE
121,0.06719474006758958,0.06735284898110636,0,0.09974956326647925,0.9976525282017227,FALSE
122,0.05982307422637739,0.11126861361454239,1,0.08880643814288033,0.5376455433660471,FALSE
123,0.09476793732991627,0.08940570746278498,1,0.1406815526158092,1.0599763708526473,FALSE
124,0.07765737850456393,0.1001886812576374,0,0.11528118990352697,0.7751112953055672,FALSE
125,0.09304417247387342,0.10633434363624596,0,0.13812265006790997,0.8750152518189585,FALSE
126,0.08227604905302852,0.10822032516037682,0,0.12213753564751935,0.7602642935243425,FALSE
127,-0.017534413137500447,0.09161496211804131,0,-0.026029567951901568,-0.1913924618001613,FALSE
128,-0.017742029687031285,0.13198664541593122,0,-0.02633777154226836,-0.13442291552391986,FALSE
129,-0.03842505413340111,0.18683498320974076,0,-0.057041404795110155,-0.20566305877665952,FALSE
130,-0.01493851786206013,0.1322795742722759,0,-0.02217600114369266,-0.11293140263145714,FALSE
131,-0.032458721348188425,0.2090026717438858,0,-0.048184475085600066,-0.15530290152445375,FALSE
132,-0.05121388646517405,0.42243057591657024,0,-0.07602623066837648,-0.12123622054121566,FALSE
133,-0.09915013629756443,0.3157463839788386,0,-0.1471868599170954,-0.3140182796335983,FALSE
134,-0.11053053723048928,0.3631379667668593,0,-0.1640808909337319,-0.30437615271842877,FALSE
135,0.013508590468789043,0.12133337821359592,0,0.020053295812321584,0.11133449564890914,FALSE
136,0.014948084987388803,0.07567081778952327,0,0.022190203394825574,0.19754094674867365,FALSE
137,0.017245787356607895,0.07183553453204948,0,0.025601107397362342,0.2400732098528991,FALSE
138,0.023685919256143596,0.07465637739819064,0,0.03516138464095362,0.31726585298682924,FALSE
139,0.028766870699468334,0.07532380244018508,0,0.04270397929851207,0.3819094332407371,FALSE
140,-0.024882738192329737,0.17250012453217364,1,-0.03693804403532788,-0.14424765350061394,FALSE
141,0.03486131061419984,0.14777943735132792,1,0.051751082081211694,0.23590095644579598,FALSE
142,0.10028457572253219,0.10913223895428843,1,0.14887091788173645,0.918927135404395,FALSE
143,0.12275310933388849,0.12562337795082926,1,0.18222511216415507,0.9771517955991899,FALSE
144,0.0730399367379941,0.13481088102602531,1,0.10842666826745177,0.5417955596914592,FALSE
145,-0.04152047562617917,0.13793945381814826,0,-0.06163651062809208,-0.30100507488537304,FALSE
146,0.061775097047568055,0.10455258012102413,1,0.09170418614672872,0.5908519615303679,FALSE
147,0.038429963389480994,0.13309567318672894,0,0.05704869251062835,0.2887393892629777,FALSE
148,0.04557610178264809,0.09901794320129216,0,0.06765702558912862,0.4602812410473634,FALSE
149,-0.06080520958612542,0.06686824578854748,0,-0.09026440305359937,-0.9093286188246248,FALSE
150,-0.05785012705869542,0.06705244540666876,0,-0.08587762826689663,-0.8627593924104949,FALSE
151,-0.06381777546826474,0.07474464424472994,0,-0.09473651100062953,-0.8538106791880861,FALSE
152,-0.06479157058144533,0.12632431854642923,0,-0.09618209494296028,-0.5128986352507561,FALSE
153,-0.08532679119484878,0.07299031284452788,0,-0.12666631566778755,-1.1690152825704154,FALSE
154,-0.040939911421945765,0.10949048086469171,0,-0.06077467195199657,-0.37391297488718944,FALSE
155,-0.04783950344169049,0.26397785700772,0,-0.07101701071235408,-0.18122544058796353,FALSE
156,-0.1733742857597023,0.24828064668701763,0,-0.2573714738500729,-0.6982996382245522,FALSE
157,-0.04715417209526706,0.2240921832668074,0,-0.06999964681705809,-0.2104231009214838,FALSE
158,-0.2349890328265616,0.3896783319677421,0,-0.34883762290447273,-0.60303335738466,FALSE
159,-0.058875227757154064,0.06047743978085928,0,-0.08739937456538009,-0.9735072775978802,FALSE
160,-0.016493950166009883,0.06068031615889521,0,-0.02448501659421001,-0.2718171428576516,FALSE
161,0.023198658559934804,0.10845046841193388,0,0.034438053594582164,0.2139101739221444,FALSE
162,0.009667733326909705,0.0755077909779895,0,0.014351602166568557,0.12803623575384224,FALSE
163,0.0017278728749400146,0.06112552174198883,0,0.002565000839081974,0.02826761761205697,FALSE
164,-0.018761145689332563,0.22084071596855617,1,-0.027850633650897384,-0.08495329136681398,FALSE
165,-0.08904019102458569,0.19107036224962037,1,-0.13217880088430134,-0.46600733874289074,FALSE
166,-0.07519483543301862,0.2723291103500431,1,-0.1116255824011472,-0.27611750846747746,FALSE
167,0.11409268359321181,0.18577304918128917,1,0.16936884269328095,0.6141508905410327,FALSE
168,0.1122540638975278,0.1016337528453258,1,0.1666394398936995,1.1044959056895678,FALSE
169,0.0163677333947304,0.1545951116457167,1,0.024297649728896302,0.10587484442742334,FALSE
170,0.05072358923986028,0.17753567006084156,1,0.07529839194102042,0.2857092843510111,FALSE
171,0.07992346431762891,0.14008285508253612,0,0.11864515961232004,0.5705442273470112,FALSE
172,0.07329843534175823,0.17620674250754956,0,0.10881040548861715,0.4159797423110399,FALSE
173,-0.052336437073007815,0.07247103449683513,0,-0.07769263986593133,-0.7221704152062765,FALSE
174,-0.09846133858371212,0.11399656934940623,0,-0.14616435025240132,-0.86372194484136,FALSE
175,-0.09453878047724036,0.12529968673719183,0,-0.14034137277508132,-0.7545013314800177,FALSE
176,-0.10938126314674715,0.17876642903134732,0,-0.16237481114517335,-0.6118669133764861,FALSE
177,-0.04057966474831329,0.12723558826401873,0,-0.06023989127828764,-0.3189332898285417,FALSE
178,-0.10217240258078687,0.16979869983030363,0,-0.15167336796107628,-0.6017266485720898,FALSE
179,-0.037682565695855944,0.2646992640218991,0,-0.05593919207278929,-0.14235991866127135,FALSE
180,-0.09956844730728331,0.2539600826912609,0,-0.14780783620909455,-0.3920633756775414,FALSE
181,-0.07579483073407524,0.19336509555533787,0,-0.11251626624309875,-0.3919778309337324,FALSE
182,-0.052090507693053595,0.10732193192622157,0,-0.07732756146514946,-0.4853668468143417,FALSE
183,-0.12514438748567502,0.23447591099462348,0,-0.18577492798380776,-0.533719591726182,FALSE
184,-0.07562055871163781,0.07346548564108117,0,-0.11225756209288977,-1.02933449703287,FALSE
185,-0.0793192510663256,0.11476076289565693,0,-0.11774821428777976,-0.6911704755609237,FALSE
186,-0.06055667291546744,0.15239636958930436,0,-0.08989545416967033,-0.3973629626392195,FALSE
187,-0.05027567744576539,0.1052284581389297,0,-0.07463347373763235,-0.47777643362775546,FALSE
188,-0.015984830893680472,0.07715058727998465,0,-0.0237292368261162,-0.20719000926941034,FALSE
189,-0.07223500146539984,0.09495524946384944,1,-0.10723175417420135,-0.7607267831243025,FALSE
190,-0.1300236324282293,0.10450751043721199,0,-0.19301809242793547,-1.2441558686478078,FALSE
191,-0.5615990221142987,0.36208859219203393,1,-0.8336851534872327,-1.550998938448893,FALSE
192,-0.09872787666780848,0.11543124762601283,1,-0.14656002195908183,-0.8552959332786404,FALSE
193,0.07500328213758396,0.15376336908516813,1,0.11134122446565042,0.48778381082454253,FALSE
194,-0.03607348912475629,0.12991701920690638,1,-0.05355054252867219,-0.27766561567507564,FALSE
195,0.016501972151804375,0.2481446727917097,1,0.024496925109351603,0.06650141615434144,FALSE
196,0.04642125792040547,0.22653141541864869,1,0.06891164694116425,0.20492194353977422,FALSE
197,0.048201059186236656,0.1506580725993938,0,0.07155373468180007,0.31993678370229334,FALSE
198,0.03827415009628407,0.16984966068203028,0,0.056817390061480226,0.22534133976243728,FALSE
199,-0.04505899435437585,0.07796202662866064,0,-0.06688938752579027,-0.577960788128244,FALSE
200,-0.04560889563321889,0.08012938036986088,0,-0.06770570755841629,-0.5691906691739975,FALSE
201,-0.038778793532357185,0.08217941464735126,0,-0.05756652551915079,-0.4718796513550863,FALSE
202,-0.016367542048167462,0.23860205968281845,0,-0.024297365677852033,-0.06859765615571539,FALSE
203,-0.031854271839991295,0.49023691564604743,0,-0.04728717904131663,-0.06497730142988697,FALSE
204,-0.030179747882083285,0.4308272468770733,0,-0.04480137385310449,-0.07005069456689768,FALSE
205,-0.05338560638636099,0.5208273175351907,0,-0.07925011565487407,-0.10250154818876965,FALSE
206,-0.06460874804036548,0.1515052390419475,0,-0.09591069767868572,-0.4264456361306236,FALSE
207,-0.04469856697254087,0.26998581858772397,0,-0.06635433859352033,-0.16555894382288594,FALSE
208,-0.03520965534393228,0.2677127925600623,0,-0.052268194501351103,-0.13152025723997807,FALSE
209,-0.06905099757348407,0.12248082787584676,0,-0.10250514912538504,-0.5637698468488302,FALSE
210,-0.022610019425929356,0.40210982297644915,0,-0.03356422780882065,-0.05622846827905914,FALSE
211,-0.05595254199300781,0.09463578100762372,0,-0.0830606922779645,-0.591240875250983,FALSE
212,-0.05676273989934343,0.19963358762149325,0,-0.08426341867046343,-0.2843346181152943,FALSE
213,-5.524357107423092e-4,0.2325973162521285,0,-8.200823579929529e-4,-0.0023750734515934203,FALSE
214,0.006317751972439984,0.2504373657447628,0,0.009378606114748422,0.025226874406907882,FALSE
215,-0.053293642902336666,0.09527195643215469,0,-0.07911359727027041,-0.5593843655377044,FALSE
216,-0.0028019564161474234,0.107232735670673,0,-0.004159461417981209,-0.026129673915553462,FALSE
217,-0.11647772696045387,0.46496123927100746,1,-0.17290940307069597,-0.2505106170636379,FALSE
218,-0.037664859769238036,0.14763836186927679,1,-0.0559129078957006,-0.25511567110577654,FALSE
219,0.11591974420585331,0.3687509995561096,1,0.1720810862109887,0.3143577762376067,FALSE
220,0.08013450193259974,0.15951206405646204,1,0.11895844172197574,0.5023726726038399,FALSE
221,0.10765748049626052,0.19163414375355636,1,0.15981588218169468,0.5617865292038419,FALSE
222,0.08002610859648329,0.1261617879010592,1,0.11879753347338758,0.6343133680004818,FALSE
223,0.2704048268780467,0.18693011840701212,1,0.4014118271623915,1.4465556924822622,FALSE
224,0.11858318117009274,0.2876887750536605,0,0.17603491762254622,0.4121925895369894,FALSE
225,0.06553508749997976,0.24357297751551682,0,0.09728583442956959,0.2690572992474292,FALSE
226,-0.013030103520595061,0.0930894849428407,0,-0.01934298926060264,-0.13997395654939843,FALSE
227,-0.007049611662841564,0.09354373481088625,0,-0.01046504062459944,-0.0753616656112084,FALSE
228,-0.0021776375130716677,0.09869622297616887,0,-0.003232669561086271,-0.02206404102817064,FALSE
229,0.01724809867582583,0.117132820297836,0,0.0256045385153684,0.14725248339422492,FALSE
230,-0.004535855759091322,0.6124371599036299,0,-0.006733408456584487,-0.007406238641373528,FALSE
231,-0.033662546762463275,0.15266578304965372,0,-0.049971535489468255,-0.2204983074138801,FALSE
232,-0.013736162984312923,0.1701358410021777,0,-0.02039112372879432,-0.08073644508647124,FALSE
233,-0.00228408777098208,0.46332282124592894,0,-0.003390693339814888,-0.004929797683696871,FALSE
234,-0.02808500644146552,0.5880840778473208,0,-0.04169176224291535,-0.047756787676127135,FALSE
235,-0.01911713712317694,0.2035274197748996,0,-0.02837909748626405,-0.09392904967949972,FALSE
236,-0.03562599726026837,0.12639714004659408,0,-0.052886247704358964,-0.2818576215184574,FALSE
237,-0.03365731982433944,0.14161016948783497,0,-0.0499637761798177,-0.23767586710805239,FALSE
238,-0.0032799188401368548,0.2626837691499308,0,-0.0048689893215459355,-0.012486187672542459,FALSE
239,0.017771820275373097,0.16387710662234847,0,0.02638199521473972,0.10844602178831422,FALSE
240,0.009348311909680301,0.16142827561283488,0,0.013877425961190822,0.05791000290494978,FALSE
241,0.006523535666461595,0.28949073083025234,0,0.00968408885916221,0.022534523463850653,FALSE
242,-0.030642056849074516,0.1214705097967131,0,-0.045487664439319515,-0.25225922654276756,FALSE
243,0.0011782089038642955,0.10985566922808461,0,0.0017490330862047286,0.010725062367223615,FALSE
244,0.04413821830204392,0.1704316104431537,1,0.06552250956787338,0.25897906020647454,FALSE
245,-1.2846372731849571,0.46425389424408514,1,-1.9070243716568487,-2.7671006944953036,TRUE
246,0.034590949655349354,0.16373624803997855,1,0.05134973537546484,0.21126018257669785,FALSE
247,0.11984879120900761,0.2640210230007535,1,0.17791369635612633,0.4539365458358427,FALSE
248,0.17774505506479485,0.1648149491627553,1,0.26385981399221753,1.0784522639950034,FALSE
249,0.3160933098651734,0.210138308052457,1,0.46923568092966067,1.5042155463927442,FALSE
250,0.021819955323816982,0.24551311846883245,1,0.03239138974055875,0.08887490599239403,FALSE
251,0.019400770678724755,0.22135119866231934,0,0.028800147158681184,0.08764700980147595,FALSE
252,0.10164107064644186,0.23365405139187193,0,0.15088461383616802,0.43500666922301706,FALSE
253,0.08198441926295608,0.24487507145702628,0,0.12170461568732663,0.3348010018951387,FALSE
254,0.01964960562306938,0.11668693021727686,0,0.02916953882533319,0.16839594277166123,FALSE
255,0.016885590277314486,0.10539123782828137,0,0.025066400345690763,0.16021816068644082,FALSE
256,5.498930560867977e-4,0.09706642154412028,0,8.163078260702215e-4,0.005665121339997591,FALSE
257,-0.027705524477977007,0.15367027474637776,0,-0.041128427075796475,-0.18029202149669527,FALSE
258,-0.026819874692192623,0.15607492969716577,0,-0.0398136935229889,-0.17183973585143736,FALSE
259,-0.040357882699355745,0.14485462107952932,0,-0.05991065922081399,-0.27860956315089264,FALSE
260,0.013092488254834639,0.21242376505999577,0,0.01943559844383088,0.06163382073157808,FALSE
261,-0.02589696795534008,0.528325923222655,0,-0.038443652596509656,-0.049017030618855685,FALSE
262,-0.02251105561126542,0.5188338845938154,0,-0.03341731754051717,-0.0433877899645835,FALSE
263,-0.024353549120852105,0.5631348030435321,0,-0.0361524709575514,-0.04324639320679581,FALSE
264,-0.005815782506309611,0.11634888624378448,0,-0.008633440124534797,-0.04998571704523126,FALSE
265,-0.019605574690442017,0.15683955255944929,0,-0.02910417557970745,-0.1250040208002418,FALSE
266,0.057680742139465044,0.2860782915883522,0,0.08562617894660515,0.20162572217280936,FALSE
267,-0.020191323239683215,0.12426650797649288,0,-0.029973710336624614,-0.16248403184792756,FALSE
268,0.021192220469617065,0.2497859445021415,0,0.0314595269564985,0.08484152505800972,FALSE
269,0.013276970465968615,0.23338157342387517,0,0.0197094594629008,0.056889540468795075,FALSE
270,0.025719355804419374,0.13024881313232628,0,0.03817999007668534,0.19746326423941993,FALSE
271,0.053877645302371956,0.13006981003533435,0,0.07998053989541487,0.41422098861938617,FALSE
272,-0.09396460699805273,0.4643772437669409,1,-0.13948902103251112,-0.20234541691972135,FALSE
273,-0.44405348472780065,0.4061017524754208,1,-0.6591906021810922,-1.093453751482338,FALSE
274,0.11866976443176908,0.3861043997595957,1,0.17616344914941448,0.30735149484351304,FALSE
275,0.073439870932095,0.4045303297656744,1,0.10902036445790908,0.18154354699346106,FALSE
276,0.12566854650673945,0.19945352781978007,1,0.18655303402872692,0.6300642955801192,FALSE
277,-0.5785601388074069,0.9073831435024841,1,-0.8588636716412954,-0.6376139373431319,FALSE
278,0.16247131559182917,0.33214270461316314,1,0.24118618149744475,0.48916117480603627,FALSE
279,0.20268419670502935,0.2471424002543031,0,0.3008815880827486,0.8201109825609552,FALSE
280,0.11213974141610572,0.2696345252914837,0,0.16646972991964615,0.4158953357136999,FALSE
281,0.10112326032995815,0.2594363643982403,0,0.1501159323460369,0.38978059442249896,FALSE
282,0.03968506521301432,0.15737923213766233,0,0.05891187195929471,0.252162020833226,FALSE
283,0.030341667801676818,0.14147350445443205,0,0.04504174149568115,0.2144689065184621,FALSE
284,-0.010037015771895015,0.14594244673251697,0,-0.014899796304565224,-0.06877379403053889,FALSE
285,-0.0041881345201483094,0.1467442864342236,0,-0.006217221598979922,-0.028540358346596285,FALSE
286,-0.015168264730215378,0.5098752971894466,0,-0.02251705685336987,-0.02974896962811583,FALSE
287,0.06794424904340225,0.18379876120043306,0,0.1008621978704143,0.3696665233195389,FALSE
288,0.03116639091952414,0.22747261107798405,0,0.046266030342371985,0.13701161986855384,FALSE
289,0.029185528003520415,0.18232210943535906,0,0.04332546965914909,0.16007673503727163,FALSE
290,0.06454249160628639,0.2135908966008026,0,0.09581234101629912,0.30217810137720946,FALSE
291,0.014520115294626301,0.5939015665240714,0,0.021554888935666892,0.024448690007012778,FALSE
292,0.02881531870621373,0.17642566846799726,0,0.042775899623066105,0.16332838048132822,FALSE
293,0.00830384320656291,0.1399625007515707,0,0.012326928156203882,0.059329057154401565,FALSE
294,0.008343592789473775,0.31185248943558297,0,0.01238593580369824,0.026754934054157194,FALSE
295,0.053878115215439726,0.5608620791343415,0,0.07998123747417232,0.09606303799072584,FALSE
296,0.02123030967443975,0.14999421026537355,0,0.03151606979813177,0.1415408610564271,FALSE
297,0.02652173227432672,0.313282001295177,0,0.039371105666507554,0.0846576955097325,FALSE
298,0.03578460232133387,0.24648624917817036,0,0.05312169449018212,0.1451788991907102,FALSE
299,0.046182763319184805,0.18494262249723467,0,0.06855760535562877,0.24971400694761614,FALSE
300,0.12140064560765199,0.17753095809071487,1,0.18021740046097495,0.6838280315347514,FALSE
301,-1.8610523074747534,1.0338203281979916,1,-2.762703668470927,-1.8001699683335446,FALSE
302,0.1769810008450272,0.37780226945556156,1,0.2627255871962351,0.4684487499243154,FALSE
303,0.18358283831573993,0.3665318576725446,1,0.2725259138854592,0.5008646164660283,FALSE
304,-0.05157873814095586,0.4995285431986856,1,-0.07656784739730006,-0.1032548366719469,FALSE
305,0.07504236581458765,0.38096470115103026,1,0.11139924358601674,0.19697983983255637,FALSE
306,-0.4903491876265086,0.80901768874123825,1,-0.7279158646140695,-0.6061044084084857,FALSE
307,-0.05943905301798838,0.17881273316359986,1,-0.08823636453617632,-0.3324095100297261,FALSE
308,0.04460311815834304,0.25867524727620667,0,0.06621264628961439,0.1724290152536976,FALSE
309,0.09625472000530436,0.2630113197797642,0,0.14288865874335654,0.3659717767505385,FALSE
310,0.08753177219324446,0.27165367944538843,0,0.12993957621436628,0.3222182463051869,FALSE
311,0.07612362862969226,0.14435774300630128,0,0.1130043616871431,0.5273262593636521,FALSE
312,0.10047541030939355,0.16007017115123875,0,0.14915420890535547,0.6276960259788914,FALSE
313,0.05991322993571922,0.1404197809880402,0,0.08894027291363443,0.42667229299283793,FALSE
314,0.14588917369867935,0.2093980684776739,0,0.2165702456340021,0.6967073515018316,FALSE
315,0.07183966742713806,0.16134882225165617,0,0.10664488684468537,0.4452444487948573,FALSE
316,0.07230350599206234,0.16103135090414825,0,0.10733344809562269,0.44900266678567474,FALSE
317,0.09556879400818276,0.7170813143499051,0,0.14187041209819978,0.13327469576420906,FALSE
318,0.06105682121008446,0.14943635559625648,0,0.09063791665864403,0.4085807698298418,FALSE
319,0.0611166697204187,0.16384269140576205,0,0.09072676085629976,0.3730204209662375,FALSE
320,0.03766948228631177,0.13959837086767263,0,0.05591976995155249,0.2698418473810073,FALSE
321,0.10983188135597365,0.1295469341313669,0,0.1630437469804047,0.8478153658549632,FALSE
322,0.05233439189477574,0.1277875810122187,0,0.0776896038301457,0.4095420813214366,FALSE
323,-0.01708591816206473,0.343425986845951,0,-0.02536378402473818,-0.04975138404342384,FALSE
324,0.08935152660222703,0.14725279410508205,0,0.13264097378455816,0.6067900249041407,FALSE
325,0.10977808626122465,0.1792488952659532,0,0.1629638889855424,0.6124338233624588,FALSE
326,0.018811668840068546,0.3052422637523033,0,0.027925634494946956,0.06162865066199928,FALSE
327,0.11135079446779542,0.3602145377551449,0,0.16529855024910622,0.3091235438795252,FALSE
328,0.10189933921401466,0.14419785077679423,0,0.1512680095721279,0.7066633702588675,FALSE
329,0.15446308665370465,0.4074016343702638,1,0.22929808819858843,0.3791420397526488,FALSE
330,-0.5165082373609747,0.4975064321895167,1,-0.7667485736007316,-1.038194089446907,FALSE
331,0.17126453123973207,0.25597952314107464,1,0.2542395755533487,0.6690555913933213,FALSE
332,0.2463449849097265,0.2031783949710165,1,0.3656953599778115,1.212456594830704,FALSE
333,-0.058088917336298236,0.39142274795129406,1,-0.08623210877949633,-0.14840455144810955,FALSE
334,0.08122498931712735,0.3216452570220753,1,0.12057725355523559,0.2525297281518834,FALSE
335,0.421059081789404,0.21757685775201577,1,0.625055762930708,1.9352199776196237,FALSE
336,0.02869659900641662,0.24099613502001066,1,0.042599662045631065,0.11907493455873827,FALSE
337,0.08538535187637893,0.26158150248227485,0,0.12675324810329283,0.32641968589565984,FALSE
338,0.1331534596581689,0.24760157518550802,0,0.19766427305118034,0.5377730717520989,FALSE
339,0.1600728099831196,0.2548525926739045,0,0.23762563662860045,0.6280995939795678,FALSE
340,0.11983089925252385,0.1206857878393253,0,0.17788713602054884,0.9929164104398142,FALSE
341,0.05525465654343562,0.19842014448470574,0,0.08202469200867507,0.27847301838697464,FALSE
342,0.1410784759534987,0.2841851994851719,0,0.2094288384553134,0.49643146866577,FALSE
343,0.11700497370595081,0.16001092483536114,0,0.17369209279527992,0.7312311570371828,FALSE
344,0.09998107394169478,0.13320220339408984,0,0.14842037413294484,0.7505962468645689,FALSE
345,0.10721159726709403,0.2942898810900162,0,0.1591539753518972,0.36430609462341856,FALSE
346,0.2591480825961414,0.544632713704922,0,0.3847013625517235,0.47582173467557437,FALSE
347,0.13761516938061003,0.1490020890241632,0,0.2042876128511057,0.9235787919610536,FALSE
348,0.09349860399006292,0.12335823855787117,0,0.13879724669896817,0.7579437343068077,FALSE
349,0.10813181664615516,0.24051831669949972,0,0.16052002693686304,0.4495783029333835,FALSE
350,0.09406681063502724,0.11488456615225111,0,0.13964074076745167,0.8187941495149568,FALSE
351,0.06555572376563605,0.11536722999666078,0,0.09731646865011416,0.5682352238805899,FALSE
352,0.11169138986492884,0.15844054538759447,0,0.16580415890359998,0.7049419679268158,FALSE
353,0.05736311467466165,0.21307204058611728,0,0.08515466583614878,0.2692193425137693,FALSE
354,0.12262905529460053,0.14883961663471265,0,0.18204095584138383,0.823900639273756,FALSE
355,0.20746533534889638,0.5048695186930005,0,0.3079791152279166,0.41092862149012266,FALSE
356,-1.0102498871439167,0.828494443610165,0,-1.4997004963670002,-1.2193804013238185,FALSE
357,0.14249812575620652,0.24846381764543674,0,0.2115362868607839,0.5735166073941376,FALSE
358,0.17153810482890608,0.1692607355178143,1,0.254645691359644,1.0134547998041288,FALSE
359,-1.6358219006526777,0.9679111735116745,1,-2.4283525765218426,-1.690053741933528,FALSE
360,0.1288570949495146,0.19093998491055542,1,0.19128638539374312,0.6748565263052517,FALSE
361,0.2824987153498211,0.2253412550639772,1,0.4193650195110717,1.2536484509665846,FALSE
362,0.23552005346371807,0.34723376333284717,1,0.3496259149134688,0.6782752091937445,FALSE
363,0.2723040850988999,0.2891391179121429,1,0.40423124692456064,0.9417753193175389,FALSE
364,-0.25663738660034296,0.7922135359361087,1,-0.38097427277023344,-0.3239497622280472,FALSE
365,0.3557610840892889,0.3910703669774672,1,0.5281218846805604,0.9097111776556244,FALSE
366,0.15396345183348836,0.2697893840608885,0,0.22855638795450434,0.5706801710134766,FALSE
367,0.10798579448913107,0.2946879106940767,0,0.16030325927951766,0.36644120973538674,FALSE
368,0.1465199956363791,0.2879672071960698,0,0.2175066911462724,0.508807919703917,FALSE
369,0.22172024631095405,0.32088580400376565,0,0.32914031239063385,0.6909630888761664,FALSE
370,0.12421036780875522,0.28785316932353683,0,0.18438839006787366,0.43150599349193597,FALSE
371,0.07654246115945065,0.1442446463361336,0,0.11362611216765946,0.5306433417368128,FALSE
372,0.3070521109792972,0.6720492560309298,0,0.4558141595521782,0.4568892952768416,FALSE
373,0.17174468097406742,0.2912826416949102,0,0.25495235048564685,0.5896152272401903,FALSE
374,0.12208230396202994,0.48019229542078445,0,0.18122931185579177,0.25423628226906736,FALSE
375,0.17161662293822122,0.5283416126438275,0,0.254762250291263,0.32482132550462883,FALSE
376,0.08959612130470922,0.143921949742293,0,0.13300407087705904,0.6225327093271058,FALSE
377,0.10663407625650967,0.18429675324181236,0,0.15829665425019995,0.5785998634311104,FALSE
378,0.0826037531218278,0.3538954924053718,0,0.12262400732239295,0.2334128433238387,FALSE
379,0.3229902015975532,0.6685192784735898,0,0.4794740111547508,0.4831426886222745,FALSE
380,0.08439305834602726,0.140334144393555,0,0.12528020354377567,0.6013722370327368,FALSE
381,0.38218506008121467,0.6210664500298914,0,0.5673478726419284,0.615369031869006,FALSE
382,0.07622873180178591,0.4285818627074802,0,0.11316038573759286,0.17786271056881908,FALSE
383,0.24372560147070468,0.2749249192300898,0,0.3618069253502341,0.8865169521673157,FALSE
384,0.3139282371014546,0.2403334325289167,0,0.4660216635466949,1.3062195875044686,FALSE
385,0.012898404778325906,0.4810108802869953,0,0.01914748449325212,0.02681520378630535,FALSE
386,0.14604219176740801,0.3162646067381482,0,0.21679739861520586,0.46177216373858704,FALSE
387,0.1155403333160529,0.12476930085053811,0,0.17151785655167207,0.9260317444149131,FALSE
388,0.047953677851135516,0.3901444567742962,1,0.07118650087582364,0.12291262125730358,FALSE
389,0.18513170371231172,0.21326639386135796,1,0.2748251808624754,0.8680772453660173,FALSE
390,0.33137699216130145,0.6734876347702914,1,0.4919240733932507,0.4920312936024806,FALSE
391,-0.40012118881217906,0.7179767976568942,1,-0.5939737812443788,-0.557289859669516,FALSE
392,0.32744801428634807,0.19040388661542815,1,0.4860915658678694,1.7197548858218288,FALSE
393,0.20813186678912496,0.44351694677860376,1,0.3089685709501845,0.46927601820144405,FALSE
394,0.3242725257122478,0.22820387859027716,1,0.4813776016780298,1.4209772757388346,FALSE
395,0.3069531248176537,0.20940501630044733,0,0.45566721611012556,1.4658346310923498,FALSE
396,0.36555772802188646,0.43247502256963627,0,0.5426648526683948,0.8452689957673222,FALSE
397,0.4079925073993588,0.4805816449372559,0,0.6056586332225653,0.8489556596624195,FALSE
398,0.1636168233820881,0.30583956142985186,0,0.24288667028096772,0.5349759940053265,FALSE
399,0.2176542492840227,0.32196898571646904,0,0.323104402031114,0.6760099852465059,FALSE
400,0.20034097911644425,0.14766384742870484,0,0.29740311743363845,1.3567368222148826,FALSE
401,0.21553414159406295,0.1928950728928013,0,0.3199571346119877,1.1173646810245017,FALSE
402,0.21534885728374176,0.19021878844153445,0,0.31968208288894984,1.132111391561782,FALSE
403,0.21533647686393387,0.1967804871458389,0,0.31966370434521785,1.0942979153433168,FALSE
404,0.21272993325166448,0.19684342921204967,0,0.3157943302439508,1.0807062958779339,FALSE
405,0.24315714499727406,0.16703717231390647,0,0.3609630604152158,1.4557067844773994,FALSE
406,0.23072177166735197,0.1666661944738998,0,0.34250293902077866,1.3843345520406862,FALSE
407,0.24370383245093727,0.14213042131911963,0,0.3617746095735475,1.714649335371764,FALSE
408,0.25658523159766145,0.2456357066874373,0,0.38089684946694496,1.0445762754034658,FALSE
409,0.25869958012277217,0.38275531201580615,0,0.38403556749399254,0.6758876284702979,FALSE
410,0.23806394190114824,0.3377629036982452,0,0.3534022783665763,0.7048256019075225,FALSE
411,0.21123799247310004,0.17695120954325302,0,0.31357956699117895,1.1937640495272577,FALSE
412,0.22310126849533626,0.22343348814713204,0,0.33119041868786603,0.9985131161199211,FALSE
413,0.1923171304756236,0.12791518634125776,0,0.2854918369251773,1.5034737936631817,FALSE
414,0.2703089111547921,0.2823219995230678,0,0.4012694417391365,0.957448982408138,FALSE
415,-0.7604262180963184,0.6074719489902999,0,-1.1288410830251054,-1.251788200854787,FALSE
416,0.21504764739560658,0.12191268581189586,0,0.319234941419799,1.7639480745048346,FALSE
417,0.1795343735776927,0.16126729748988478,0,0.26651602994046963,1.1132720419584987,FALSE
418,0.199335128113106,0.15745620263755586,0,0.2959099470129595,1.265971900592256,FALSE
419,0.2598614839550718,0.30957058777637925,1,0.38576039595099615,0.8394256244484853,FALSE
420,0.26658455832342287,0.2861531516736096,1,0.3957406969593268,0.9316149647986162,FALSE
421,0.17653615252825688,0.30621795698814136,1,0.2620652166780512,0.5765048995317197,FALSE
422,0.29506055051792496,0.36897764962982754,1,0.4380128715688884,0.7996705242551709,FALSE
423,0.23278276423490984,0.34075341823025607,1,0.345562450945411,0.683141391343615,FALSE
424,0.303820585272452,0.23339076193505867,1,0.451017009096384,1.301767828141332,FALSE
425,0.30714088711371285,0.20531252825099375,1,0.4559459463650677,1.4959675852719243,FALSE
426,0.16842437500167146,0.206649399991576,0,0.2500234070843563,0.815024747270194,FALSE
427,0.026396248048561558,0.4568853996676626,0,0.03918482625379881,0.057774330428948105,FALSE
428,0.17723417198003474,0.48637608829333595,0,0.26310141587156416,0.364397379406415,FALSE
429,0.16315518523748782,0.3149748059156411,0,0.2422013755203256,0.5179943988319664,FALSE
430,0.2100158935828997,0.3677135437676621,0,0.3117653798919609,0.5711399461413289,FALSE
431,0.2627983121369488,0.18573113189370982,0,0.3901200724410942,1.414939485144273,FALSE
432,0.2901285082255694,0.1562393168805676,0,0.4306913302670036,1.8569494159229416,FALSE
433,0.29518757341368357,0.1595603754724126,0,0.4382014351136543,1.8500055075686406,FALSE
434,0.2860729005872273,0.1603250620835053,0,0.4246708427958429,1.7843305149523423,FALSE
435,0.06504829259914481,0.11500927173206911,0,0.09656319484930195,0.5655917268190717,FALSE
436,0.27907647474143704,0.1780931365677281,0,0.4142847557026881,1.5670254346680306,FALSE
437,0.06876955997500483,0.31809231115125525,0,0.10208735931762877,0.21619371976050186,FALSE
438,0.24952569151104068,0.30031865342471503,0,0.3704170702491922,0.8308697733742093,FALSE
439,0.28917722274990704,0.16766828850554288,0,0.42927916153707596,1.724698363222973,FALSE
440,-0.04291745154207015,0.22402463210615525,0,-0.06371029999558941,-0.19157469934704988,FALSE
441,0.2569962796231377,0.1885680191285447,0,0.38150704396999036,1.3628837000612826,FALSE
442,0.015302268311988618,0.14053134059538602,0,0.022715983119690406,0.10888865250383178,FALSE
443,0.23576941163555562,0.24843410667587454,0,0.34999608330332643,0.949021914865972,FALSE
444,0.22241412380170067,0.2707215660788471,0,0.33017036290638546,0.8215604210006786,FALSE
445,-1.8318089965873887,1.2452666430603259,0,-2.7192924210050338,-1.4710174778998302,FALSE
446,0.25285760401754775,0.23078001094065542,0,0.37536324337274163,1.0956651010930472,FALSE
447,0.25794748408973556,0.1458669887488987,0,0.3829190924432015,1.768374642557246,FALSE
448,0.2186492193924811,0.14813096543868562,0,0.32458141992986766,1.4760534284304276,FALSE
449,0.24669999144424606,0.13499892337831199,0,0.36622236174520356,1.8274219176764133,FALSE
450,0.27890646739496794,0.18656641600841467,1,0.4140323823986865,1.4949446602564767,FALSE
451,0.07272714110871276,0.11958836179142583,1,0.10796232794288034,0.6081456424292878,FALSE
452,0.22599193825689973,0.19141101581041473,1,0.33548157370942777,1.1806631781356622,FALSE
453,-0.6534485801460673,0.49360588866218935,1,-0.9700344166984941,-1.323826548984447,FALSE
454,0.18568761987429783,0.22938100863697267,1,0.27565042989707417,0.8095161015189984,FALSE
455,0.26091024936215773,0.18559568660693246,1,0.38731727214726663,1.4057991008957644,FALSE
456,0.031418236675779,0.24741666301388532,0,0.04663989151322656,0.1269851282167514,FALSE
457,0.24045097304198518,0.31237357344029854,0,0.35694578956347156,0.7697545294686736,FALSE
458,0.09638200725269633,0.41103037461928055,0,0.14307761471407643,0.2344887706704663,FALSE
459,-0.022906200059014725,0.2790956214775846,0,-0.03400390342581891,-0.08207294667592778,FALSE
460,0.18102588402756348,0.3254749926403059,0,0.26873015437688164,0.5561898398370092,FALSE
461,0.21953525413577465,0.34045427503850756,0,0.32589672494620614,0.6448303641096703,FALSE
462,-0.0316974078736433,0.10082988707476259,0,-0.047054316883955484,-0.3143652025528953,FALSE
463,-0.05059894284373561,0.17259286575525187,0,-0.07511335627359066,-0.2931693765111257,FALSE
464,-0.02837091859985389,0.12235624150767843,0,-0.04211619446637703,-0.23187144562685413,FALSE
465,-0.02781350747123157,0.20996861081606932,0,-0.04128872617668614,-0.1324650735323289,FALSE
466,-0.03384664984155493,0.24586832410824813,0,-0.050244833692823676,-0.13766169336499529,FALSE
467,-0.03590300239013711,0.2981122327879392,0,-0.05329745758029848,-0.12043451573379933,FALSE
468,-0.05166423868768683,0.10015283454216778,0,-0.07669477165040203,-0.5158539838024696,FALSE
469,0.0061493582332023235,0.3410236208469966,0,0.009128628185986882,0.018032059532794915,FALSE
470,-0.016986386618894633,0.18511285739917638,0,-0.025216030972155946,-0.09176232735830596,FALSE
471,-0.0017096554356178482,0.1460054279766311,0,-0.0025379573292121267,-0.01170953340098758,FALSE
472,-0.04627877723912319,0.2037405855259779,0,-0.06870013655035805,-0.22714559850532293,FALSE
473,-0.033951660952297055,0.09843682090558803,0,-0.05040072107960601,-0.3449081414855983,FALSE
474,-0.032841048506767584,0.09793869480793051,0,-0.04875203390128748,-0.33532250527917296,FALSE
475,-0.05093119895362703,0.1775757783878791,0,-0.07560658538380005,-0.2868138854071523,FALSE
476,-0.9367825359525603,0.8142034514060891,0,-1.390639337884782,-1.1505509272096344,FALSE
477,-0.04620347716446158,0.3916596575551208,0,-0.06858835474193266,-0.11796843579162623,FALSE
478,-0.004516383346775498,0.12092666592762126,0,-0.006704501958511952,-0.03734811765569314,FALSE
479,-0.04258433116211843,0.10489462676908515,0,-0.0632157878897025,-0.40597247422275984,FALSE
480,-0.038346360422777885,0.09473437608370379,0,-0.05692458518603674,-0.4047776742509652,FALSE
481,-0.03147546953934056,0.14353763482947257,1,-0.046724852823278706,-0.21928374099750528,FALSE
482,-0.01974892974832963,0.10520026982989478,1,-0.029316983969202622,-0.18772698758532627,FALSE
483,0.0027548143057110766,0.14443299303521678,0,0.004089479676512224,0.019073303459406787,FALSE
484,0.03799540376026751,0.21704450645733545,1,0.0564035953916621,0.175058122319886,FALSE
485,-0.5892380481715878,0.5120330490940804,1,-0.8747148646752252,-1.150781281040556,FALSE
486,0.052773471918539,0.30653676479325487,1,0.07834141140563992,0.1721603343538003,FALSE
487,-0.23708419690391205,0.41972373782786304,0,-0.35194786191242344,-0.5648577279208948,FALSE
488,-0.08506318727510641,0.11967361400844348,0,-0.12627499968318542,-0.7107931684013892,FALSE
489,-0.12301014515082136,0.4525769218499614,0,-0.18260667790065627,-0.27179942063329904,FALSE
490,-0.10700148133641738,0.4559689101389262,0,-0.15884206146847055,-0.2346683709286578,FALSE
491,-0.07419192657377138,0.1396346673506287,0,-0.11013677954834403,-0.5313288453466376,FALSE
492,-0.06123516543028947,0.147255914964351,0,-0.09090266592411714,-0.41584180469160653,FALSE
493,-0.04417078291608921,0.11903310302110706,0,-0.06557085123904723,-0.3710798239734774,FALSE
494,0.10690025798523226,0.6630320462235008,0,0.15869179695278185,0.16122939847947765,FALSE
495,0.09357005539892864,0.2553922634844384,0,0.13890331522192043,0.36637779908564094,FALSE
496,0.07901458576406634,0.26292875763154394,0,0.1172959433092442,0.30051709244674435,FALSE
497,0.11608870009087491,0.2581565140103069,0,0.17233189863656326,0.449683404410396,FALSE
498,0.11130312187511932,0.36870590604995607,0,0.16522778101487096,0.30187507183581386,FALSE
499,0.09117717318046661,0.2425475834907027,0,0.13535111818983697,0.37591458083506984,FALSE
500,0.11374292124795284,0.16989301105231608,0,0.1688496258445879,0.6694973533250721,FALSE
501,0.0999395636535397,0.24175293707933276,0,0.14835875274546168,0.4133954476869247,FALSE
502,0.15685023375049462,0.23228739111808988,0,0.23284177153032137,0.6752421343040327,FALSE
503,0.1395475476318256,0.2559195493744873,0,0.20715619879147112,0.5452789674446697,FALSE
504,0.1317241962467827,0.31349166526520655,0,0.1955425533907556,0.42018404583530833,FALSE
505,0.10915648483878794,0.42398548667398717,0,0.16204113118706717,0.2574533522245799,FALSE
506,0.07999267753628382,0.16283349953494877,0,0.11874790557615814,0.4912544271586762,FALSE
507,0.03628306919789158,0.7774355047307926,0,0.05386166093977957,0.046670198334272814,FALSE
508,0.15692146366717327,0.2687960956623508,0,0.2329475112515117,0.58379368673677,FALSE
509,0.10410781883138036,0.3024898816007129,0,0.15454646376502396,0.34416959099743655,FALSE
510,0.04172310179352113,0.1480931626992456,0,0.061937306072473435,0.2817355037399959,FALSE
511,0.05525240658328228,0.1336086976450911,0,0.08202135197726135,0.41353899526848886,FALSE
512,0.034194383677357526,0.16953546805397873,0,0.050761039250273504,0.20169457205539026,FALSE
513,0.046391416538552804,0.12759443828130448,0,0.06886734786650339,0.363584942756476,FALSE
514,0.08678670646492485,0.19482296012903558,0,0.12883353754333424,0.44546446890779245,FALSE
515,0.08984877956891159,0.1727940658504087,0,0.13337913820352687,0.5199760716707452,FALSE
516,0.13240830935958686,0.24827979457192387,1,0.19655810883688796,0.5333027989163639,FALSE
517,0.29156674157945706,0.3632998030987388,1,0.43282636566979366,0.8025513338916236,FALSE
518,0.34754442687453124,0.2986969108793126,1,0.5159243827948767,1.163535390611908,FALSE
519,0.09405976507839837,0.2673345164063557,0,0.13963028174646294,0.35184295070758836,FALSE
520,0.15679216674852073,0.3667895009450889,0,0.23275557195456198,0.42747179606973995,FALSE
521,0.09390537588896376,0.813841462924075,0,0.13940109335755516,0.11538534243704955,FALSE
522,8.576564213323637e-4,0.7245775420314416,0,0.0012731778316954758,0.0011836640960853123,FALSE
523,0.13353028821100374,0.8386479812616136,0,0.1982236692707922,0.15922090220753704,FALSE
524,0.11586851100859222,0.2530002861386438,0,0.1720050313137393,0.45797778641679654,FALSE
525,0.09848312774485879,0.16387262834142263,0,0.1461966959286572,0.6009736265392216,FALSE
526,0.17587261541062776,0.42645971914528347,0,0.26108020598185644,0.41240147079568057,FALSE
527,0.14135056208662547,0.5405601781566243,0,0.20983274615587091,0.26148904007070595,FALSE
528,0.14416094815553449,0.3095515410330483,0,0.21400472126436734,0.4657090307947896,FALSE
529,0.16973385561812038,0.5317543884342422,0,0.2519673110188802,0.3191959658629315,FALSE
530,0.16408422941075462,0.2844375725485127,0,0.2435805273772331,0.576872555691527,FALSE
531,0.12788827506941325,0.2866098077446374,0,0.18984818710877638,0.4462103934117938,FALSE
532,0.2131980038223622,0.33123844953820153,0,0.3164891738426912,0.6436390585682119,FALSE
533,0.19650190335004405,0.3476322384262056,0,0.29170406821252165,0.5652579986241896,FALSE
534,0.20219220993034917,0.31049507192481834,0,0.3001512412452154,0.6511929760331492,FALSE
535,0.1321465064987326,0.3140465898724906,0,0.1961694664966414,0.4207863124779887,FALSE
536,0.18249499843321756,0.4692307759202521,0,0.2709110322284082,0.38892376160815467,FALSE
537,0.1636440149760208,0.4476915865285993,0,0.24292703578601435,0.3655284573134745,FALSE
538,0.1712631171154889,0.39492133033076837,0,0.2542374763075518,0.4336638817965254,FALSE
539,0.14741579135707206,0.40155204569472513,0,0.21883648618417603,0.3671150301376949,FALSE
540,0.12987021910767327,0.31685128788833117,0,0.19279035270144299,0.4098775169045354,FALSE
541,-0.005488773419409297,0.6591992161189418,0,-0.008148000139654048,-0.008326425889467285,FALSE
542,0.1777163293443321,0.2535495229227394,0,0.2638171710998157,0.7009136806717049,FALSE
543,0.14274621968780826,0.22853314139778233,0,0.21190457850535974,0.624619338861429,FALSE
544,0.08174231226582437,0.4230123934125878,0,0.12134521155534615,0.19323857536745145,FALSE
545,0.12576587480386817,0.19078583848496583,0,0.1866975163962797,0.6591992141690258,FALSE
546,0.2724952692568118,0.3417030477840378,1,0.40451505688105416,0.79746221470355,FALSE
547,0.20214207022092395,0.44708410166460183,1,0.3000768096139234,0.4521343287947398,FALSE
548,-0.18061052821369863,0.6295490048195694,0,-0.2681135650279008,-0.28688875183824986,FALSE
549,0.1987291129864787,0.32682340113791103,0,0.295010326832077,0.6080626793998148,FALSE
550,0.171932519910959,0.3973873719632702,0,0.25523119451273185,0.43265723080614255,FALSE
551,0.14058214173299313,0.34447515916723087,0,0.20869203790098667,0.4081053103302155,FALSE
552,0.1043071776152794,0.6474288579729912,0,0.1548424088286891,0.16110986764144328,FALSE
553,-0.07416022161220592,0.7420985785171711,0,-0.11008971401812016,-0.09993311368469353,FALSE
554,0.20691132450547842,0.44029800487731524,0,0.30715669460957284,0.4699347310536468,FALSE
555,0.20149674754105623,0.30177444817852284,0,0.2991188379718274,0.6677064567834298,FALSE
556,0.10257025562207055,0.4696459517947928,0,0.15226397471202685,0.21839910517718594,FALSE
557,0.06487529500858714,0.3654319768655423,0,0.09630638257371428,0.1775304273179615,FALSE
558,0.13062226886941566,0.35677776837530123,0,0.19390675906320592,0.3661166150128829,FALSE
559,0.15422898136652008,0.3626977113921441,0,0.22895056248256446,0.4252273353877596,FALSE
560,-0.0804294812375809,0.4869833561562175,0,-0.11939633398578868,-0.16515858339064104,FALSE
561,0.1483314740156525,0.32417579227559684,0,0.2201958030770193,0.4575649309728502,FALSE
562,0.0041086052445724955,0.3188478670981242,0,0.006099161606522071,0.01288578556904095,FALSE
563,0.006205428677376089,0.31854906151260975,0,0.009211863902247779,0.01948029182038713,FALSE
564,0.09449003536758617,0.48850826755332194,0,0.1402690114058061,0.19342566266244887,FALSE
565,-0.18395265989886253,0.851068788065987,0,-0.2730749083657696,-0.21614311613622458,FALSE
566,0.049783229014112064,0.57387598841314,0,0.07390244157738779,0.08674910611222948,FALSE
567,-0.23609286635293758,1.099686883657465,0,-0.35047624688105405,-0.2146909905551595,FALSE
568,0.03267516736558765,0.6232793225412566,0,0.048505785885889253,0.052424597100964775,FALSE
569,0.029760105607369094,0.3602102865345961,0,0.04417842131859379,0.08261870002013619,FALSE
570,-0.17173615585054972,0.8431558410093416,0,-0.25493969507025527,-0.2036825785906487,FALSE
571,0.08635274801151442,0.32432702848894324,0,0.12818933286064707,0.2662520864012982,FALSE
572,0.1065564379970008,0.393678475518905,0,0.15818140144215295,0.2706686918977459,FALSE
573,0.15146052747912234,0.3722020645181653,0,0.2248408350557817,0.40693091714898405,FALSE
574,-0.008561847307309536,0.516239337149187,0,-0.012709931295207762,-0.016585034675176767,FALSE
575,0.005635326522558675,0.30198422072574777,0,0.008365555978396682,0.018660996621000587,FALSE
576,-0.1268828413859173,0.4906971750372463,0,-0.18835563619301648,-0.2585766697684499,FALSE
577,0.06788649561926921,0.3983065790697511,0,0.10077646379616056,0.1704377963774005,FALSE
578,0.14739642551773321,0.3130995327537185,1,0.2188077378920568,0.4707653959792844,FALSE
579,-0.5243322898314033,0.6166292188027679,0,-0.7783632597519726,-0.8503202148763466,FALSE
580,-0.24141726573580286,0.7504807795104472,0,-0.35838023627907684,-0.32168347588233226,FALSE
581,0.0935119148652441,0.31072370336122124,0,0.1388170064894619,0.30094876526537473,FALSE
582,-0.05753684193336266,0.4491117952808089,0,-0.08541256129292824,-0.12811251572091872,FALSE
583,-0.18934882183379298,0.834491731469051,0,-0.2810854281740624,-0.22690317314523975,FALSE
584,0.06324847686672302,0.3315994202116098,0,0.09389139593931844,0.190737597871435,FALSE
585,-0.03746029927975117,0.6801201463877578,0,-0.05560924097969844,-0.055078943740616504,FALSE
586,0.05470210425408141,0.3930769460494099,0,0.0812044365915169,0.1391638578753111,FALSE
587,0.08009555677499872,0.4278788522221529,0,0.11890062823154272,0.1871921371178528,FALSE
588,-0.2141697435233867,0.7875445713404992,0,-0.3179317065571327,-0.2719461873235226,FALSE
589,-0.40894365978181346,0.6698965326347897,0,-0.607070604377663,-0.6104579436668901,FALSE
590,-0.2007777972415142,0.492219301335707,0,-0.2980515672551391,-0.4079031372737215,FALSE
591,-0.012066565878581341,0.47068613129358716,0,-0.017912632377236403,-0.025636119435724154,FALSE
592,-0.3054190783594146,0.6471446686502363,0,-0.4533899476202718,-0.47194868961284003,FALSE
593,-0.18597622152515034,0.9741466685985224,0,-0.2760788546309383,-0.19091193094435063,FALSE
594,-0.030588911388049284,0.519194711974099,0,-0.045408770815777995,-0.05891606883233292,FALSE
595,-0.296038811103457,0.9992560545783441,0,-0.4394650844365843,-0.2962592117876898,FALSE
596,-0.15023624614492562,0.7484201465099598,0,-0.22302340815185162,-0.20073784336980874,FALSE
597,0.0667957512765906,0.5771055352748324,0,0.0991572705124581,0.11574269729501165,FALSE
598,-0.17458153272049762,0.5565978337813783,0,-0.2591636134873866,-0.31365830429924046,FALSE
599,0.0038266774388046147,0.45237348086997,0,0.005680644093548058,0.008459110890951084,FALSE
600,-0.15243966582201682,0.9212537673376445,0,-0.22629435094084868,-0.1654697882675218,FALSE
601,-0.025753975478914556,0.45017152692598067,0,-0.03823138245364593,-0.057209250115787855,FALSE
602,-0.12861983965303345,0.9744446954889897,0,-0.19093418353712682,-0.13199295993754703,FALSE
603,-0.389636071405247,0.5311849497837153,0,-0.5784087849204522,-0.7335224229600191,FALSE
604,0.01842171705139426,0.5812329684380284,0,0.027346757032572427,0.03169420533886732,FALSE
605,-0.1358138303165928,0.41517480529767037,0,-0.20161355257868216,-0.3271244511555019,FALSE
606,-0.3925874787449988,0.4727641764297831,0,-0.5827901039472926,-0.8304086864401147,FALSE
607,-0.10799964802311801,0.6148288996772445,0,-0.1603238246387036,-0.17565805393957995,FALSE
608,-0.22474694387599417,0.821469295452357,0,-0.33363339860465574,-0.2735914112921691,FALSE
609,-0.10308732606192873,0.64789080645865,0,-0.1530315578666306,-0.15911219149010725,FALSE
610,-0.07629765586293731,0.565123466364805,0,-0.11326270245154232,-0.13501059574419577,FALSE
611,-0.4605758867658889,0.3862160472832008,1,-0.6837178551439684,-1.192534308208489,FALSE
612,-0.09527557612742112,0.8152975918829521,0,-0.14143513464168345,-0.1168598767811635,FALSE
613,-0.4078173364641881,0.7215745634520666,0,-0.605398594650161,-0.5651769853321319,FALSE
614,-0.07692419154918957,0.394424942519222,0,-0.11419278508913662,-0.1950287196795135,FALSE
615,-0.07254517936084583,0.35349706813509774,0,-0.1076922085129566,-0.20522144566449663,FALSE
616,-0.026168973936930975,0.6060259961766953,0,-0.038847441313338824,-0.043181272919026806,FALSE
617,-0.19233163239480056,0.5979041196292019,0,-0.2855133648022548,-0.32167637934001453,FALSE
618,-0.004820937469309645,0.4026472974333183,0,-0.007156607892447099,-0.011973102762742452,FALSE
619,-0.08854102701948117,0.3701792792737283,0,-0.1314377995580452,-0.23918417906370631,FALSE
620,-0.41412716029862734,0.6656881317865929,0,-0.6147654315653813,-0.622103865945726,FALSE
621,-0.19421474226360524,0.6568304764211355,0,-0.288308812582946,-0.29568473028508185,FALSE
622,-0.34434245566772403,0.8115348085113053,0,-0.5111711055420801,-0.42431014918434895,FALSE
623,0.15326706673104074,0.556201548571491,0,0.22752261492755965,0.27556030206079274,FALSE
624,-0.19634024848148238,0.5548469864033382,0,-0.29146409403414536,-0.3538637737842116,FALSE
625,-0.4410913067627904,0.9556002507715687,0,-0.6547932943258917,-0.4615855912622934,FALSE
626,-0.38300879875507626,0.7950195040906037,0,-0.5685707000965886,-0.4817602546659371,FALSE
627,0.06129406712342849,0.8359368031259833,0,0.09099010458613686,0.07332380497451423,FALSE
628,-0.2531846910037697,0.6941312529843121,0,-0.3758487989979732,-0.3647504559335724,FALSE
629,-0.1935369492673281,0.541153906876168,0,-0.2873026392530735,-0.3576375349196454,FALSE
630,-0.4731611658236343,0.7225198083353762,0,-0.7024005092971674,-0.6548763928199521,FALSE
631,-0.11466527186018972,0.7784637714969199,0,-0.17021884121258626,-0.14729686346186427,FALSE
632,0.14238178783533526,0.7876038524970599,0,0.211363584997713,0.1807784298971122,FALSE
633,0.05137488369309866,0.7149220412852962,0,0.07626522858929172,0.07186081939890428,FALSE
634,-0.25684052812129327,1.3463276598249503,0,-0.3812758332491593,-0.19077118875704277,FALSE
635,-0.2569663801604782,1.4930910818752228,0,-0.3814626586752606,-0.17210361998662904,FALSE
636,-0.6654480832568115,0.894338360023821,0,-0.9878474954232204,-0.7440674726722971,FALSE
637,0.22851916883656243,0.33874810794511784,0,0.3392332088276152,0.6745991002659294,FALSE
638,0.21665734368845968,0.3898286446302808,0,0.3216245109313748,0.555775843239895,FALSE
639,-0.37446069508725743,0.6501619006435194,0,-0.555881171023869,-0.5759499206530289,FALSE
640,-0.2800564362434766,0.8251083970186818,0,-0.41573949355490813,-0.33941775075297853,FALSE
641,-0.30239833867662896,0.5961427165710657,0,-0.44890570579127587,-0.5072582961610005,FALSE
642,-0.1770067468345944,0.5168228665854769,0,-0.262763806723725,-0.34249016109529934,FALSE
643,-0.23044166560534013,0.783510697630886,0,-0.34208712585853013,-0.29411425562169136,FALSE
644,0.12656608947633252,0.41263451007841345,0,0.18788542283088244,0.3067268645375323,FALSE
645,-0.26981101032686805,0.6038084179156672,0,-0.4005303155800728,-0.4468487061810921,FALSE
646,-0.07416834070823268,0.74313190236152,0,-0.11010176669191536,-0.09980508234479098,FALSE
647,-0.42380471723887275,0.6066695357315386,0,-0.6291316167356039,-0.6985759005153235,FALSE
648,-0.30373666613954087,0.4896371433816893,0,-0.4508924324278953,-0.6203301163832816,FALSE
649,0.259378851830595,0.9349328645105024,0,0.3850439359485241,0.27743045696270024,FALSE
650,-0.23681071376766938,0.4921068133824275,0,-0.3515418803821204,-0.48121811632719325,FALSE
651,-0.1625837822099622,0.5217170983625556,0,-0.24135313647084805,-0.31163207554485445,FALSE
652,-0.2907738043531345,0.4911884890755388,0,-0.43164926249261265,-0.5919800867084591,FALSE
653,-0.3397321699771524,0.7856757669817536,0,-0.504327206991306,-0.4324075964341691,FALSE
654,0.22150353307027315,1.3341238370395938,0,0.3288186049014727,0.16602921477048718,FALSE
655,0.19717908462560677,0.824662187696024,0,0.2927093334523555,0.2391028563786755,FALSE
656,-0.029926509849479064,1.123366783354044,0,-0.044425445869316994,-0.02664001668282133,FALSE
657,0.10337334703350216,0.45721771296298985,0,0.1534561516216002,0.22609217469636805,FALSE
658,-0.0309401570353721,1.0685344697042383,0,-0.045930189603684016,-0.028955693908438992,FALSE
659,-0.3847458995293567,0.6493246701244513,0,-0.5711493996110156,-0.5925323913160658,FALSE
660,-0.1967613671733549,0.656478348169844,0,-0.2920892382873322,-0.29972255402161235,FALSE
661,-0.1909093947765545,0.42066505927299913,0,-0.28340207482422225,-0.4538275536991057,FALSE
662,-0.1392062948335645,0.34588460543769056,0,-0.20664961423506434,-0.4024645579626464,FALSE
663,-0.3805276507500379,0.4427307391525889,0,-0.5648874738551727,-0.8595013110641219,FALSE
664,-0.058673852892952405,0.5344059915708819,0,-0.08710043666136028,-0.10979265543127822,FALSE
665,0.1337115714747072,0.872751194881677,0,0.19849278150135896,0.15320697612202652,FALSE
666,0.11082747772861426,0.6725266140776399,0,0.16452169455875232,0.16479270174402313,FALSE
667,0.021556135936850462,1.0423652402991774,0,0.03199975389815992,0.020680021842116942,FALSE
668,-0.19333174946387766,0.43835428465210696,0,-0.28699802328527657,-0.4410399447043443,FALSE
669,-0.13669563076776686,0.6526899652595721,0,-0.2029225718531718,-0.2094342460334955,FALSE
670,0.03860204869755285,0.7496967811754314,0,0.05730415051682763,0.05149021533349741,FALSE
671,-0.2743201337221527,0.9538482579709089,0,-0.4072240402517045,-0.2875930541674471,FALSE
672,-0.11362841200101664,0.45439053125179024,0,-0.16867963861998714,-0.2500677373007406,FALSE
673,-0.16296901746935902,0.5791754885839882,0,-0.24192501231769303,-0.28138106788289324,FALSE
674,0.23957203911915326,0.9502515485012328,0,0.3556410256064358,0.25211433698478464,FALSE
675,-0.16166549649483777,0.7483139694996759,0,-0.23998995538040302,-0.21603966127069313,FALSE
676,0.045087842826606765,0.6409862605095253,0,0.06693221264131337,0.07034135613260425,FALSE
677,-0.36511386416527136,0.40518596549280117,0,-0.5420059435662449,-0.9011019513501838,FALSE
678,-0.4216039605301689,0.5038971770930354,0,-0.6258646270824232,-0.8366864902129179,FALSE
679,-0.22194534436151492,0.9091101563300702,0,-0.3294744670017388,-0.2441347099866007,FALSE
680,-0.16163282829131861,0.5072093473088638,0,-0.23994145993224059,-0.3186708390705046,FALSE
681,-0.2070495806881032,0.5961130141371974,0,-0.3073619337967747,-0.3473327637172673,FALSE
682,-0.2870482940861825,0.44473036305236185,0,-0.426118799517394,-0.6454434370436405,FALSE
683,-0.1755421586492866,0.6483633105402563,0,-0.26058964797703227,-0.2707465949962746,FALSE
684,-0.20993097217058493,0.8659274791533358,0,-0.31163931535503653,-0.24243481957154867,FALSE
685,-0.25406102927652396,0.6152085299071701,0,-0.3771497097521931,-0.4129673385947033,FALSE
686,-0.3962533194855272,0.8644889066524668,0,-0.5882319884237317,-0.45836715362829406,FALSE
687,-0.07989125916958356,0.5950407945802457,0,-0.11859735156292177,-0.1342618185126963,FALSE
688,-0.20885296205083426,0.9560168718958362,0,-0.3100390258303831,-0.2184615859725016,FALSE
689,-0.1739073845977511,0.7733331858160337,0,-0.25816285091648833,-0.22488028160105558,FALSE
690,0.26269071533155686,0.5630450771352921,0,0.38996034663017626,0.4665536135545251,FALSE
691,-0.1842399101119001,0.84534578063029,0,-0.27350132691088014,-0.21794621128235928,FALSE
692,-0.1997698130516419,0.554091366695507,0,-0.2965552301516971,-0.3605358701815373,FALSE
693,-0.17926635525358306,0.6180087802189177,0,-0.2661181608401434,-0.2900708873263603,FALSE
694,-0.29988172075111064,0.6817959808428066,0,-0.44516982499574725,-0.43984084561544334,FALSE
695,-0.3622332563802035,0.6719544086245274,0,-0.5377297253948,-0.5390741570126539,FALSE
696,-0.11065747075819027,0.42786038456675224,0,-0.16426932181298395,-0.2586298585933378,FALSE
697,0.26682231015609537,0.3731774826771782,0,0.39609363591632,0.7150010987852483,FALSE
698,0.22018403628300753,0.6491025084190535,0,0.3268598321146612,0.33921304174171996,FALSE
699,-0.04953247075155995,0.6308919773780888,0,-0.07353019477429168,-0.07851180951358891,FALSE
700,-0.08952280959618354,0.6509930813328526,0,-0.13289524076773201,-0.13751729805314253,FALSE
701,-0.2942379549133637,0.4907142007627641,0,-0.4367917409831108,-0.5996116567566242,FALSE
702,0.1411825439442801,0.6573232329121625,0,0.20958332579494773,0.21478404668399448,FALSE
703,-0.2827346692727827,1.0865408347955923,0,-0.4197152894986147,-0.26021541042769253,FALSE
704,0.173835967983701,0.5730849092880248,0,0.25805683404590735,0.30333370355130634,FALSE
705,-0.1635599191855881,0.4678983634065791,0,-0.24280219687213847,-0.3495629221585097,FALSE
706,-0.02028888634229038,0.8623864635966038,0,-0.03011854126931664,-0.023526443420360615,FALSE
707,0.0031327921034712473,0.7205645826036913,0,0.004650581932627479,0.004347690934449209,FALSE
708,-0.38212034452087057,0.4745736398057533,0,-0.5672518033830196,-0.8051866190403568,FALSE
709,-0.17916228752609797,0.7547721082130381,0,-0.2659636738913684,-0.23737269246776213,FALSE
710,-0.07190471094757814,0.6697941741172245,0,-0.10674144295533758,-0.1073534433803446,FALSE
711,0.01490122516421164,0.6514513080412893,0,0.022120640704472658,0.022873889391695247,FALSE
712,-0.34608421944230544,0.5535053784964009,0,-0.5137567272090902,-0.6252589999801705,FALSE
713,0.11673147255820548,0.43155334964062125,0,0.17328608452717686,0.2704914065790808,FALSE
714,-0.1133675749574864,0.6182964829754203,0,-0.16829243002077698,-0.1833547142495928,FALSE
715,-0.315882514857535,0.5492300014997742,0,-0.468922758966877,-0.5751370354768663,FALSE
716,0.1698343937942838,0.4283594706595517,0,0.2521165584027353,0.3964763368784333,FALSE
717,0.262508898231438,0.4016584292497141,0,0.3896904419276208,0.653562527548088,FALSE
718,-0.22979581859807657,0.6706119020331545,0,-0.3411283758604395,-0.3426658815648573,FALSE
719,0.025327632295286916,1.1066305155341933,0,0.037598482522405476,0.022887162372402813,FALSE
720,-0.18365593640081443,0.56681507051325275,0,-0.27263442687404227,-0.32401385558523244,FALSE
721,-0.1775327761895448,0.6711981872648681,0,-0.2635446892506739,-0.26450127482165986,FALSE
722,-0.054895638174509875,0.7029395117535642,0,-0.08149173473450504,-0.07809439824710712,FALSE
723,-0.3010036867501388,0.8902849904701821,0,-0.4468353663504771,-0.3380981258497586,FALSE
724,-0.2812636788397984,0.5079797756747303,0,-0.4175316267132277,-0.5536907024816224,FALSE
725,-0.11799192511534139,0.5969673529492904,0,-0.17515720705798737,-0.19765222425046794,FALSE
726,-0.1707221814997712,0.6923253035795771,0,-0.25343446566462274,-0.2465924336682114,FALSE
727,-0.16437383121396082,0.6205255625213221,0,-0.24401043682195966,-0.26489453640890537,FALSE
728,-0.13346439694321707,0.5866905659170402,0,-0.19812585469217814,-0.22748686393925985,FALSE
729,-0.13943486423045454,0.5359603296276545,0,-0.20698892200666863,-0.2601589269252886,FALSE
730,-0.18260615947803918,0.5323005662871856,0,-0.2710760490982115,-0.34305084578760325,FALSE
731,-0.011697438856435382,0.5596829160442428,0,-0.017364668962066128,-0.02090011776509309,FALSE
732,-0.020363445377305722,0.849896609490677,0,-0.030229223015728186,-0.023959908946464742,FALSE
733,0.027094330349009328,0.8796762496268822,0,0.040221118745200395,0.03080034314954108,FALSE
734,0.24040759431532271,0.8060624271937682,0,0.3568813945076192,0.2982493491878533,FALSE
735,0.3440419219737475,0.4179654339290027,0,0.5107249678728091,0.8231348672536108,FALSE
736,0.26522552941311345,1.125416822906889,0,0.3937232393408655,0.23566870870834386,FALSE
737,0.40674392444499496,0.5603197929910756,0,0.6038051309354148,0.7259138969082846,FALSE
738,0.08960933496827574,0.43487163295707565,0,0.13302368635839856,0.20605927859433568,FALSE
739,0.2592711192560969,0.2844379505947457,0,0.3848840085904459,0.9115208386010862,FALSE
740,-0.09286300316478714,0.4397625098073173,0,-0.13785370700122845,-0.21116625699965927,FALSE
741,0.1785073699441925,0.5642388006409849,0,0.26499145876403996,0.3163684768601612,FALSE
742,-0.15885711256463564,0.410439765778425,0,-0.23582095241617576,-0.3870412318927068,FALSE
743,0.2832383867516314,0.6611377921468592,0,0.4204630503869567,0.4284105221574073,FALSE
744,-0.17662637018696964,0.6247973562197778,0,-0.26219914341169837,-0.28269385013985204,FALSE
745,0.01885005566171076,0.4511949574087129,0,0.027982619144194018,0.041778072543119146,FALSE
746,-0.15706025433110699,0.717692568420177,0,-0.23315354386803683,-0.218840574978833,FALSE
747,0.04880056869216049,0.8264849471638269,0,0.07244369736831173,0.05904592559081077,FALSE
748,-0.12236195483514553,0.4444840870763871,0,-0.18164444929709014,-0.2752898436476916,FALSE
749,0.2436326698663351,0.4679769743165254,0,0.36166896980579427,0.5206082419378808,FALSE
750,-0.03868142844729372,0.9476915682359727,0,-0.05742198854047188,-0.04081647420298895,FALSE
751,-0.13855620694274462,1.0276298219697582,0,-0.2056845687102378,-0.13483085443857637,FALSE
752,-0.1859401713262661,0.4207132259823709,0,-0.27602533866241524,-0.44196416904197244,FALSE
753,-0.00879195821526946,0.6209027510240456,0,-0.013051527416403662,-0.01415996015602929,FALSE
754,0.14290139869116683,0.7240395217026943,0,0.21213493936095015,0.19736684864261475,FALSE
755,-0.20839498180356802,0.44576534134113216,0,-0.3093591611623521,-0.46749929273682356,FALSE
756,-0.08985653192953277,0.6224334780492634,0,-0.1333906464642251,-0.14436326948728317,FALSE
757,-0.11969027894775508,0.4574570576476298,0,-0.1776783873302053,-0.2616426546422422,FALSE
758,-0.21198146086758707,0.5077839327647744,0,-0.3146832344445825,-0.4174638998784258,FALSE
759,-0.21125929422927772,0.7351638468520191,0,-0.3136111891222177,-0.2873635518583955,FALSE
760,-0.08343790660477095,0.6737336058368377,0,-0.12386229540174405,-0.12384406222565307,FALSE
761,0.12948836236955819,0.8828793906842227,0,0.19222349221773508,0.14666597016066488,FALSE
762,-0.044458447249850416,0.74258792096835,0,-0.06599788454003418,-0.059869607348144956,FALSE
763,-0.08166342798954013,0.3211934046048305,0,-0.12122810905446542,-0.2542500151583498,FALSE
764,0.08699390030721299,0.9013491737246073,0,0.12914111363126843,0.09651520503173232,FALSE
765,-0.07826915998971955,0.31060098169901407,0,-0.116189370155395,-0.2519926355724329,FALSE
766,0.20169720637572874,0.5487434434834989,0,0.29941641604403035,0.3675619431465588,FALSE
767,-0.17856498729655854,1.2604016018045654,0,-0.26507699084183806,-0.14167308819736518,FALSE
768,0.08918585643374961,0.4235343721181471,0,0.13239503895490806,0.2105752503338047,FALSE
769,0.27623690295719144,0.34419438113240264,0,0.4100694548464394,0.8025607566525913,FALSE
770,0.01697027576395289,0.7022762801742459,0,0.025192114654559183,0.024164671715442666,FALSE
771,0.2856878099417651,0.8639075923147798,0,0.4240991816261707,0.3306925561057806,FALSE
772,-0.1419339405522029,0.5459089277341712,0,-0.21069876255986153,-0.25999563909186924,FALSE
773,-0.04407127502324526,0.4331006016956333,0,-0.0654231332950122,-0.10175759361843806,FALSE
774,0.23305081732842337,0.6770222860479991,0,0.3459603716603852,0.34422916664799524,FALSE
775,-0.1251574322296025,0.7725863638166649,0,-0.1857942927065283,-0.161997982479668,FALSE
776,-0.06254740666843521,0.5834964673276372,0,-0.09285066795930079,-0.10719414798669967,FALSE
777,0.03327362534261054,0.456271378394818,0,0.04939418759384031,0.0729250768690961,FALSE
778,-0.13241971744810108,1.1384574916680115,0,-0.19657504396969527,-0.11631503013264577,FALSE
779,0.0921404160532465,0.29652440769975125,0,0.13678103749278678,0.31073467701365143,FALSE
780,-0.03692442978948749,0.47283148825557425,0,-0.05481375092247274,-0.0780921548302831,FALSE
781,0.22229726587275236,0.7390740151584724,0,0.3299968890992825,0.3007780835388826,FALSE
782,0.09362219116441245,0.8870760688302451,0,0.1389807099678833,0.10554020613797938,FALSE
783,0.08487512424044039,0.5520295851313091,0,0.12599582298638393,0.1537510425645964,FALSE
784,-0.21255119972515965,0.6376250586910484,0,-0.31552900305923365,-0.3333482535355439,FALSE
785,-0.07130982310748467,0.6159238950338175,0,-0.10585834106102004,-0.11577700375396116,FALSE
786,0.1619993079714898,0.5104374608138352,0,0.24048549340876482,0.31737346963759294,FALSE
787,0.2221847751418212,0.36883752013350507,0,0.3298298983307994,0.6023920100682784,FALSE
788,-0.037130649338547726,0.49887017416275437,0,-0.055119880687020936,-0.0744294833838553,FALSE
789,-0.11787938628527751,0.4550851930281788,0,-0.17499014488707787,-0.25902707469099845,FALSE
790,-0.005805921727873193,0.6412605949340081,0,-0.00861880194985757,-0.009053919379641092,FALSE
791,0.17274639570876413,0.49810611454938114,0,0.25643938067882993,0.34680641466335266,FALSE
792,0.0357300182992769,0.9543732362865893,0,0.05304066534480506,0.03743820230992679,FALSE
793,0.039237614017980746,0.8819511595533038,0,0.058247637508164044,0.044489554317105336,FALSE
794,-0.007712455791950815,0.5684684316276065,0,-0.011449022589942124,-0.013567078421345139,FALSE
795,0.02888819841954813,0.5685673810698564,0,0.04288408844214301,0.0508087508734498,FALSE
796,-0.11832899527389908,0.8355229013622774,0,-0.17565758254976654,-0.1416226833291699,FALSE
797,-0.09630499114073013,0.2982857783985956,0,-0.14296328547453502,-0.3228614909425516,FALSE
798,0.14087113721839095,0.9070225921512309,0,0.20912104727620592,0.15531160793280774,FALSE
799,0.010927588912989925,0.32921247263374603,0,0.016221838502983102,0.03319311940269966,FALSE
800,-0.08027234446215979,0.305823476256061,0,-0.11916306684753364,-0.2624793408435037,FALSE
801,-0.07411021273314271,0.28687439148864297,0,-0.11001547660249829,-0.25833680151292504,FALSE
802,-0.03353451008358986,0.6130182462783037,0,-0.04978146699918364,-0.054703934649875906,FALSE
803,0.3166414693702493,0.8033636124647209,0,0.4700494153257858,0.3941446493933086,FALSE
804,0.3328167902820556,0.7829856557740933,0,0.49406143166850647,0.4250611589467991,FALSE
805,0.43056976195068125,1.116242006440934,0,0.6391742220764732,0.38573155235711415,FALSE
806,-0.18649990363772764,0.8178463966426304,0,-0.27685625271250697,-0.2280378129723807,FALSE
807,0.2471952851435609,0.7076539945765349,0,0.366957617661747,0.3493165968652297,FALSE
808,0.21975618711744607,0.8122066797449168,0,0.32622469657628783,0.270566830583643,FALSE
809,0.02509397845174453,0.3703738960100812,0,0.03725162696755931,0.06775309686258639,FALSE
810,-0.004859376069804269,1.007856683600634,0,-0.007213669406608126,-0.004821495108256691,FALSE
811,0.022099132287005257,0.2922762048949701,0,0.03280582366982287,0.07561043942987632,FALSE
812,-0.005630874096234446,0.5227530801632124,0,-0.008358946419659327,-0.0107715751659969,FALSE
813,0.18305693311784965,0.4977118607329156,0,0.271745215667766,0.3677970077873681,FALSE
814,0.049378621398941926,0.8524976717900341,0,0.07330180776487633,0.05792229472634106,FALSE
815,-0.16148043478951046,1.0306829288252077,0,-0.23971523411107182,-0.15667324089045404,FALSE
816,0.22356762983775946,0.5131083851897577,0,0.33188272496339133,0.4357122906012922,FALSE
817,0.1529613080045299,0.801247700217324,0,0.22706872077745663,0.19090389646427924,FALSE
818,-0.071505329476818,0.3899527408969278,0,-0.10614856727422063,-0.18336921882469412,FALSE
819,0.16574624054952375,1.1128013062597684,0,0.24604775747693264,0.14894504492146285,FALSE
820,-0.25449162355556704,0.6797463196939656,0,-0.377788920369518,-0.3743920580109119,FALSE
821,0.16788300604095674,1.1440233763406344,0,0.24921975314741118,0.14674788078016454,FALSE
822,-0.14921998492142374,0.8023857769889983,0,-0.2215147839186601,-0.18597037634612726,FALSE
823,-0.22598196448295557,0.8171126065794777,0,-0.3354667677946486,-0.27656159342460845,FALSE
824,0.23366232992797384,0.48866188800305466,0,0.3468681527556875,0.47816769767507056,FALSE
825,0.2059079635156201,0.439981139419311,0,0.30566722057579704,0.4679927048404355,FALSE
826,-0.21457399648946304,0.8888554758905381,0,-0.31853181389849206,-0.2414048203668688,FALSE
827,0.019158057515279454,0.49320365134034166,0,0.028439843182085076,0.03884411127779584,FALSE
828,-0.12465097007145676,0.5324873880281975,0,-0.1850424573837751,-0.2340918731109101,FALSE
829,-0.03721843725768558,0.4986107916682477,0,-0.05525020050945444,-0.07464426739172743,FALSE
830,0.2658395239409785,0.3088262401966732,0,0.39463470482076674,0.8608061406041176,FALSE
831,0.18448712173388676,0.9663276431713204,0,0.2738683087803354,0.19091570342377034,FALSE
832,-0.10283860080654446,0.32108470947055645,0,-0.15266232903156154,-0.3202849521427453,FALSE
833,0.028345734569028908,0.7716124698175995,0,0.042078809158039576,0.0367357134284384,FALSE
834,-0.04467186153383624,0.2524588824035549,0,-0.06631469477846952,-0.1769470779104075,FALSE
835,-0.0446871811058385,0.25245327296012976,0,-0.0663374364486526,-0.1770116924287054,FALSE
836,-0.04472941238178362,0.252458532879295,0,-0.0664001281314759,-0.17717528447798422,FALSE
837,-0.10392645549812392,0.5281712652120625,0,-0.1542772326724312,-0.1967665837640696,FALSE
838,0.007763285493601001,0.49194263791448534,0,0.011524478504132305,0.015780875442129288,FALSE
839,0.038636286593008315,0.5790256545503519,0,0.05735497614864658,0.06672638127409347,FALSE
840,-0.059922205149600574,0.49510595668094354,0,-0.08895359648128255,-0.12102905315723292,FALSE
841,-0.09855687371669991,0.5283465587127464,0,-0.1463061706952299,-0.18653830916741848,FALSE
842,0.01725467258081262,0.5518873534768531,0,0.025614297376712728,0.031264845030619645,FALSE
843,0.19194784525944136,0.7073128555241452,0,0.28494363867338124,0.2713761580329271,FALSE
844,0.1789426208555173,0.8186012871458043,0,0.2656375820807209,0.21859557719415743,FALSE
845,0.23605584424142384,0.8263270587712646,0,0.35042128812310686,0.28566878179256916,FALSE
846,0.030831147914422673,0.4368189530103218,0,0.04576836723193541,0.07058106728646033,FALSE
847,0.09240095357852782,0.6553863788198021,0,0.13716780146174032,0.1409869911317357,FALSE
848,0.2863720800983021,0.25043980035415175,0,0.425114970201321,1.1434767145371376,FALSE
849,0.14980074037631635,0.8062293269089179,0,0.22237690650343228,0.18580413212038835,FALSE
850,0.01605125803010108,0.7360754781805084,0,0.02382784689351632,0.02180653819602562,FALSE
851,0.1574857339677599,0.4022118952749804,0,0.2337851618770092,0.39154917051891647,FALSE
852,0.14028970617035513,0.6931056885537172,0,0.20825792178375213,0.20240737954855548,FALSE
853,0.2756375929551617,0.3987698935011825,0,0.4091797883204053,0.691219666898811,FALSE
854,0.12971246894955935,0.8222542174724807,0,0.1925561750059678,0.1577522695453983,FALSE
855,0.05043980797252606,0.4516065211765393,0,0.074877122992717,0.1116897245883844,FALSE
856,-0.011150719023749193,0.3076685816456164,0,-0.016553071737570365,-0.036242631483876984,FALSE
857,0.11920182481275296,0.3859644284073248,0,0.1769532846422098,0.3088414787462076,FALSE
858,0.29265060680510746,0.4928735871103464,0,0.43443534700954733,0.5937640288676855,FALSE
859,0.15858369879432457,0.6677111074383487,0,0.2354150738585366,0.23750346074476072,FALSE
860,0.0894003695539836,0.5611672400184119,0,0.13271348039893696,0.15931145508609942,FALSE
861,0.014524130557338012,0.4983687392414198,0,0.021560849531711918,0.029143341894689413,FALSE
862,-0.13048527100416055,0.5576765280516047,0,-0.19370338782888175,-0.2339802097464035,FALSE
863,0.13012879314857428,0.5733122586294855,0,0.19317420190788356,0.226977168532293,FALSE
864,0.2575455939617736,0.3546278482079928,0,0.38232249269886154,0.7262418765565205,FALSE
865,0.2399747066921302,0.4859949605103936,0,0.3562387794560023,0.49378023681584665,FALSE
866,-0.16659049290332642,0.6114874081945547,0,-0.24730103717551924,-0.27243487056453486,FALSE
867,0.3666646966728055,0.3075822347185055,0,0.5443081306893796,1.1920867179093466,FALSE
868,-0.05211759155735903,0.8354982016746909,0,-0.07736776704721315,-0.062379058929023894,FALSE
869,0.03516444799568982,0.5951911256366111,0,0.052201084884748894,0.059080934646124364,FALSE
870,0.36147673619774495,0.33780950207811755,0,0.5366066827619004,1.0700608892705286,FALSE
871,0.01338152785556019,0.9905039709390785,0,0.019864673307578996,0.013509817474909676,FALSE
872,-0.12768013949875004,0.454305448993463,0,-0.1895392130394818,-0.28104470193265774,FALSE
873,-0.01980193269186929,0.6011454805988036,0,-0.029395666027717926,-0.03294033363129421,FALSE
874,-0.03496814799139035,0.24693033389149419,0,-0.051909680532587044,-0.14161139071215126,FALSE
875,-0.034994703265080807,0.2469419804773297,0,-0.05194910142997247,-0.14171224834852844,FALSE
876,-0.05767404149982022,0.21050546796380853,0,-0.08561623194960057,-0.2739788284726928,FALSE
877,-0.07538260453042228,0.2276556706010438,0,-0.11190432275258119,-0.3311255297590494,FALSE
878,-0.06170721150612997,0.5679912942606679,0,-0.09160341109939993,-0.10864112202010393,FALSE
879,-0.061631478426850815,0.5680792279694199,0,-0.0914909865022466,-0.10849099103156871,FALSE
880,-0.09042014123046978,0.5866376026894707,0,-0.13422731584585887,-0.15413287661059216,FALSE
881,-0.07820016275095597,0.5482102218551379,0,-0.11608694481040019,-0.14264630543795298,FALSE
882,-0.015546137764444678,0.5018100511985645,0,-0.02307800358962687,-0.030980124306623592,FALSE
883,0.12241629803960428,0.7186555696214997,0,0.18172512095242818,0.1703407073072269,FALSE
884,-0.0034744183603883727,0.7093121141040906,0,-0.005157720882693629,-0.004898292713887736,FALSE
885,-0.01789652794957174,0.45313113260281473,0,-0.02656712184853249,-0.039495251290223465,FALSE
886,-0.17111433833850673,0.44144086420551354,0,-0.2540166164900666,-0.38762686514414796,FALSE
887,-0.11661631338148948,0.31722111176044016,0,-0.17311513249176466,-0.36761838685426484,FALSE
888,0.10033631628762259,0.6611076427362053,0,0.14894772595876357,0.15177001414224872,FALSE
889,-0.10889128682014579,0.6173322571074611,0,-0.16164744878704476,-0.1763900809757795,FALSE
890,-0.07122195248546453,0.36794145290215546,0,-0.1057278984674235,-0.19356871024913894,FALSE
891,0.19874285198250208,0.30819896346489994,0,0.29503072216140896,0.6448524347653636,FALSE
892,-0.05497435194877234,0.514073787444612,0,-0.08160858412774384,-0.10693864050536804,FALSE
893,0.040408715971370295,0.6834967122487845,0,0.05998612043515542,0.05912057109743933,FALSE
894,0.15086682545855742,0.46185422876454385,0,0.22395949349240626,0.326654637031526,FALSE
895,0.1846130159244498,0.4536239997947611,0,0.2740551967795124,0.4069736522052992,FALSE
896,0.0625622160165744,0.513386794412709,0,0.09287265220996772,0.12186175549790429,FALSE
897,0.08208900110536849,0.4287361622847005,0,0.12185986583184313,0.19146740659318962,FALSE
898,0.11830559423584612,0.4191569577348461,0,0.17562284406691184,0.282246523772808,FALSE
899,-0.12949802456821582,0.6479210084533031,0,-0.1922378356037698,-0.1998669944000573,FALSE
900,0.266883094181728,1.801002317982177,0,0.39618386887211887,0.14818586934454414,FALSE
901,-0.018428685142449747,0.4758336429515755,0,-0.02735710105710302,-0.03872926056286691,FALSE
902,0.0622057611632689,0.4523670824228573,0,0.0923435004355033,0.13751168814074113,FALSE
903,0.06224235456911623,0.5416237426326361,0,0.09239782278644972,0.1149180688914758,FALSE
904,0.05269987311499913,0.5132750010103804,0,0.07823215510815812,0.10267375775414657,FALSE
905,-0.3375061092694833,0.5320448454819179,0,-0.5010226539389196,-0.6343565061019915,FALSE
906,0.09845088151071053,1.5310922462464351,0,0.14614882688756792,0.06430107771237742,FALSE
907,0.27627291847919344,0.6998409497605763,0,0.41012291933766154,0.3947652942768062,FALSE
908,-0.047534010233331855,0.5692051979252515,0,-0.07056351071988448,-0.08350944511152208,FALSE
909,0.26676473446057714,0.5057949559802404,0,0.396008165677475,0.5274167551623403,FALSE
910,0.28910255858952266,0.3775062458777238,0,0.429168323733663,0.7658219214819679,FALSE
911,-0.11218789629055619,0.6922956528168493,0,-0.16654121509379452,-0.16205200167598932,FALSE
912,0.19120882165860018,0.5144705662240587,0,0.28384656944812076,0.37166134315899074,FALSE
913,0.04088054036553099,0.5934864271626572,0,0.06068653652737722,0.0688820139678221,FALSE
914,-0.018931107907591116,0.23177466099895572,0,-0.028102939962761073,-0.08167893688635969,FALSE
915,-0.09695116938640182,0.3828871319862144,0,-0.14392252719097318,-0.25321083235017805,FALSE
916,-0.01898762277900847,0.231775693519766,0,-0.02818683542446346,-0.0819224073528193,FALSE
917,-0.019044037360306902,0.2317972754522481,0,-0.02827058200701917,-0.08215815877538263,FALSE
918,-0.024092542051482833,0.21778440937879276,0,-0.035765009957585324,-0.11062565093710927,FALSE
919,-0.024625446724021494,0.24367550348697922,0,-0.03655609878827249,-0.10105835987464104,FALSE
920,-0.009857399518832482,0.22795409864411248,0,-0.014633158725782611,-0.0432429141544943,FALSE
921,-0.13880942761398185,0.47873791184740816,0,-0.2060604709213417,-0.2899486841940892,FALSE
922,-0.00996529088350113,0.22522531433695972,0,-0.014793321805438797,-0.04424587401659501,FALSE
923,-0.19537553005518668,1.2240082321649508,0,-0.29003198429458354,-0.15961945755023102,FALSE
924,0.012427204558682882,0.29548647567635533,0,0.018447994978549296,0.04205676259882137,FALSE
925,0.046369442422874406,0.2771037137061039,0,0.06883472762807577,0.16733605552487765,FALSE
926,-0.12850751265144078,0.3677050872814922,0,-0.19076743582234093,-0.34948527256318157,FALSE
927,0.04980323392018385,0.47989472175210085,0,0.07393213855429163,0.10377949925840338,FALSE
928,0.08541620677854277,0.520357588727983,0,0.1267990517333445,0.16414905562796375,FALSE
929,-0.029560570018995466,0.6114519478102965,0,-0.043882213791391976,-0.04834487832585441,FALSE
930,-0.006227955766243515,0.6747191744831319,0,-0.00924530502091169,-0.009230441347712455,FALSE
931,0.2299026260865605,0.5157296645892486,0,0.3412869299424874,0.4457812723835961,FALSE
932,-0.12176815533779164,0.43736341216937813,0,-0.18076296303091327,-0.2784141333034835,FALSE
933,0.3302783729732608,0.5209654099128741,0,0.49029319002212673,0.6339737085970761,FALSE
934,0.12234743913052588,0.5922462933382482,0,0.181622900955734,0.20658202593536518,FALSE
935,0.20586896279660008,0.6109773037120018,0,0.30560932460528784,0.3369502623842819,FALSE
936,-0.021440460237320345,0.45293751305052543,0,-0.03182803509253515,-0.04733646390408085,FALSE
937,0.03473362690239541,0.4483215377037705,0,0.0515615375651391,0.07747481211876495,FALSE
938,0.04980562211956178,0.9477241396186522,0,0.07393568379971863,0.05255286853788772,FALSE
939,-0.1273310995833927,0.393445696007276,0,-0.1890210686269215,-0.3236306836637449,FALSE
940,0.23468989069859617,0.5370881824749767,0,0.34839355099364844,0.43696714684190713,FALSE
941,0.1856614787412164,0.4577181576433847,0,0.2756116237850848,0.40562401914994195,FALSE
942,-0.17177271035744968,0.5428942809728808,0,-0.2549939596763096,-0.3164017680378369,FALSE
943,-0.15764318707727576,0.4582372161460221,0,-0.23401889860838668,-0.34402091650941136,FALSE
944,-0.03926936231503193,0.8010637928550011,0,-0.05829476736925324,-0.04902151696942318,FALSE
945,0.326706404908823,0.6868304769771939,0,0.48499065809669506,0.4756725507387047,FALSE
946,0.25181933786377614,0.37438697737466675,0,0.37382195315733324,0.6726177807508743,FALSE
947,-0.07614339987949713,0.8378613791464717,0,-0.11303371180489466,-0.09087827864445107,FALSE
948,0.009485049205789391,0.6581964964354771,0,0.014080410384605533,0.01441066498706167,FALSE
949,0.3962623860385888,0.521243374982804,0,0.588245447582995,0.760225271067784,FALSE
950,0.010531919123367069,0.45490939207286646,0,0.01563447275571003,0.023151685383712824,FALSE
951,0.004646107809635646,0.5661435648569568,0,0.006897075938294631,0.008206589455467083,FALSE
952,0.14740787866783486,0.4489153956025039,0,0.21882473991810103,0.3283644983260019,FALSE
953,-0.0661287424920624,0.5082213413627762,0,-0.09816710617988283,-0.1301179960580575,FALSE
954,-0.04855256758350738,0.38921215426203637,0,-0.07207554351798257,-0.12474576410792006,FALSE
955,-0.03409159207415353,0.5100861719598048,0,-0.05060844668846366,-0.06683496622378537,FALSE
956,-0.004587834638929911,0.6138871839334087,0,-0.006810570308208063,-0.00747341654786456,FALSE
957,-0.018254732078696267,0.2702937177728351,0,-0.027098870396178934,-0.0675366494978556,FALSE
958,-0.03952646512239418,0.25549781658293774,0,-0.058676432552021617,-0.1547037295700858,FALSE
959,-0.033199372123347316,0.24239328153022194,0,-0.049283959826232515,-0.1369649023015845,FALSE
960,0.038841106394641986,0.3490349139845497,0,0.05765902800956211,0.11128143586335124,FALSE
961,0.02448894684126706,0.34838451721953534,0,0.03635346680134934,0.07029286788263123,FALSE
962,-0.054719960190195295,0.23243478721412586,0,-0.08123094345540659,-0.2354206994832733,FALSE
963,-0.043117399541659926,0.25796320692399816,0,-0.06400711974092997,-0.16714554007836976,FALSE
964,-0.0034379708941025154,0.4859382742125111,0,-0.005103615176792736,-0.0070749127544520556,FALSE
965,0.1112361909724521,0.48543823542783404,0,0.16512842311418752,0.22914591981905932,FALSE
966,0.10357985606475414,0.4184921782348576,0,0.15376271111803175,0.24750726883747198,FALSE
967,0.18534469331033987,0.5238162759661332,0,0.2751413606611061,0.3538353079397692,FALSE
968,-0.08308070207530047,0.3525391700015948,0,-0.12333203074448594,-0.2356637478749514,FALSE
969,0.1468062991387499,0.9411018924715334,0,0.21793170431388678,0.1559940536865837,FALSE
970,0.215408094392755,0.6760818958624967,0,0.31977001947070155,0.31861242803721707,FALSE
971,0.22608932012858646,1.0190426522195262,0,0.335626135607592,0.22186443289312036,FALSE
972,0.03787469816267256,0.6814996935078003,0,0.056224409779338805,0.055575517529178546,FALSE
973,0.25470334603175016,0.7826598373100925,0,0.37810321914516204,0.3254330091948181,FALSE
974,0.02662086396196055,0.3925437258177609,0,0.03951826513966568,0.0678163022641695,FALSE
975,-0.0048390378212687475,0.5634394170808594,0,-0.00718347758791841,-0.008588390649591871,FALSE
976,-0.05176378594220917,0.8106485830106337,0,-0.07684254802624622,-0.06385477878708654,FALSE
977,-0.004265261673383108,0.5344269126654951,0,-0.006331715677585174,-0.007981000904519926,FALSE
978,0.12392502951845365,0.5237660249821002,0,0.18396480974280424,0.2366037956026048,FALSE
979,-0.03873748266128224,0.6927543818715542,0,-0.057505200163271174,-0.05591806226707445,FALSE
980,-0.19940153346754497,0.7641876383986796,0,-0.2960085247453412,-0.26093268648702794,FALSE
981,-0.23555141134299107,1.2018491300253529,0,-0.3496724652053413,-0.1959908323418449,FALSE
982,0.05257741597158155,0.7577686292561742,0,0.07805036935286719,0.06938452443352207,FALSE
983,0.20175582902778835,0.6522180321662642,0,0.2995034404738382,0.30933801133599526,FALSE
984,0.4867248952361897,2.007042754307638,0,0.722535658027651,0.2425084837836917,FALSE
985,-0.00217324844466609,0.6099198495612149,0,-0.00322615405620951,-0.003563170548113094,FALSE
986,-0.01039681378980075,0.3966409969630948,0,-0.01543391095571413,-0.026212151213325322,FALSE
987,0.20553377354320915,0.341416316814184,0,0.30511174128844293,0.6020033707266281,FALSE
988,0.35187024471750955,0.8925057443666891,0,0.5223459931794604,0.39424983753711557,FALSE
989,0.6319431999929019,0.5160986196962293,0,0.9381100089844364,1.2244621006056122,FALSE
990,0.11180388081886537,0.9218007737926549,0,0.16597115000313117,0.12128855171043061,FALSE
991,-0.10007649474873288,0.444542750519369,0,-0.1485620248606508,-0.22512231867871277,FALSE
992,-0.18691733835466973,0.565167422841741,0,-0.27747592816128996,-0.3307291446750826,FALSE
993,0.4185509561685964,0.8267658229013051,0,0.6213324888315542,0.5062509172183824,FALSE
994,-0.020657612480593904,0.7162885682588751,0,-0.030665909578558043,-0.02883979082733036,FALSE
995,0.32445063977914396,0.45171269064566927,0,0.48164200928443823,0.7182677097590076,FALSE
996,-0.08988874238549469,0.3344091706950385,0,-0.1334384623931443,-0.26879867618064796,FALSE
997,-0.04378578287831801,0.6776856914664834,0,-0.06499932457510559,-0.06461075308166447,FALSE
998,0.030818767120192287,0.2270130524843349,0,0.045749988132378946,0.1357576878638683,FALSE
999,3.4889815836510233e-4,0.27517461307284974,0,5.179339764748095e-4,0.0012679155045190707,FALSE
1000,3.586081350875236e-4,0.27525476175885655,0,5.323482883155122e-4,0.0013028226389111145,FALSE
1001,2.6221360433003525e-4,0.2752373393425522,0,3.892520826502346e-4,9.526818016638797e-4,FALSE
1002,-0.02662763950638831,0.22471080799742532,0,-0.039528323331674185,-0.11849736887908571,FALSE
1003,-0.039823740226797306,0.21889208146011746,0,-0.05911773289494104,-0.18193321549666594,FALSE
1004,-0.05454237064880885,0.2434731726789204,0,-0.08096731449908985,-0.22401798953323063,FALSE
1005,0.07963720379445474,0.5545172282523627,0,0.1182202102466653,0.14361538242092556,FALSE
1006,-0.0365101709944221,0.24338479609470628,0,-0.054198790081110663,-0.15001007285687312,FALSE
1007,0.12012559192903806,0.45003842294872015,0,0.17832460278878923,0.26692296880332333,FALSE
1008,-0.11354315228605072,0.3668834131243393,0,-0.16855307187795465,-0.30948020058778225,FALSE
1009,-1.0803385889041502e-4,0.7122190990439365,0,-1.6037461014763496e-4,-1.5168627046850713e-4,FALSE
1010,-0.06729366694316181,0.5406763665305516,0,-0.09989641869926644,-0.12446200926993782,FALSE
1011,-0.16421564932509292,1.0297653311862245,0,-0.24377561822878752,-0.15946900167626238,FALSE
1012,0.14458818648603183,0.533312877375043,0,0.21463895002743635,0.2711132481887414,FALSE
1013,-0.024162842918211257,0.5123270460169237,0,-0.035869370518342936,-0.04716292670095165,FALSE
1014,-0.028996096523896495,0.33381039687108394,0,-0.043044261526750595,-0.0868639706722336,FALSE
1015,0.03908550283758275,0.395676769245955,0,0.05802183078880793,0.09878139399507421,FALSE
1016,0.315921368851334,0.5949764540101143,0,0.4689804371260411,0.5309812963555756,FALSE
1017,0.15718996297602192,0.41378768739987587,0,0.23334609436632192,0.3798807160352183,FALSE
1018,0.04255144879631359,0.3609320250799673,0,0.06316697452090456,0.11789324814523174,FALSE
1019,0.01507847114148901,0.2909675460409712,0,0.022383759645127444,0.05182183149513797,FALSE
1020,0.10749198857170635,0.3843791969526079,0,0.15957021195242074,0.2796509005271677,FALSE
1021,0.12865633602480328,0.6849938826157596,0,0.1909883618424702,0.18782114598382738,FALSE
1022,0.047506227231661605,0.7161338985174573,0,0.07052226727910249,0.06633707373720074,FALSE
1023,0.02506668072002339,0.5624474273096776,0,0.03721110390259009,0.04456715330697378,FALSE
1024,0.13604066696415773,0.5243785937264552,0,0.20195028811043172,0.259432151868358,FALSE
1025,0.14767692019368558,0.5623640503586008,0,0.21922412794575263,0.26260021439762543,FALSE
1026,0.030424055186415763,0.5965867539979546,0,0.04516404430745051,0.05099686672983033,FALSE
1027,0.055494135680704965,0.6383422683424618,0,0.08238019512290726,0.08693476592863365,FALSE
1028,-0.017069091682156347,0.6047847392527925,0,-0.025338805372830526,-0.028223416654403508,FALSE
1029,0.009555192190415314,0.40223660236817,0,0.01418453657179824,0.023755153395188487,FALSE
1030,-0.08391036749135077,0.6259936341266984,0,-0.12456365635722101,-0.13404348369837843,FALSE
1031,-0.051116122866420845,0.6668445660368962,0,-0.0758811021022241,-0.07665372932437244,FALSE
1032,-0.10436000772227656,0.6052056757040015,0,-0.1549208343140022,-0.17243725878955196,FALSE
1033,0.42013962934842036,1.027183264291198,0,0.6236908498535808,0.40902110066827785,FALSE
1034,-0.030661645037350627,0.3733084811549388,0,-0.04551674280503323,-0.08213487393184819,FALSE
1035,-0.007519464007614175,0.9383141712144792,0,-0.011162529239685326,-0.008013802027397262,FALSE
1036,0.18641340802747236,0.4901644833330593,0,0.27672785130283184,0.3803078647393701,FALSE
1037,0.19613398650904076,0.636446192660158,0,0.2911579012927368,0.30817057085259375,FALSE
1038,-0.032335589834566546,0.4000812502495625,0,-0.04800168823806157,-0.08082255745400782,FALSE
1039,0.054781395224364475,0.5850957620871459,0,0.08132214282341474,0.09362808410874317,FALSE
1040,-0.08628385367401122,0.340960125478907,0,-0.12808706027099845,-0.2530614204602909,FALSE
1041,0.03594975209350282,0.2708418658564543,0,0.053366856799476586,0.13273336446646739,FALSE
1042,0.03591564272744427,0.2708509278406521,0,0.053316221967580305,0.13260298945172627,FALSE
1043,0.03591822343686175,0.27087457278003013,0,0.05332005299121478,0.1326009417134548,FALSE
1044,0.038099860657569755,0.2289682822920296,0,0.056558660057074744,0.16639798436788122,FALSE
1045,0.008064509574232728,0.2335868015303646,0,0.01197164104182704,0.03452467999646119,FALSE
1046,0.03584175707398162,0.2710754298933853,0,0.053206539845778146,0.13222060401445562,FALSE
1047,0.20389722220919698,0.4101170029664838,0,0.30268230587926237,0.4971684195835699,FALSE
1048,0.08608872380850877,0.30924769666893137,0,0.1277973929719727,0.2783811318105694,FALSE
1049,0.002867466997249152,0.47895194866996466,0,0.004256710873037626,0.005986961750989892,FALSE
1050,-0.1446685857821888,0.48976399380311275,0,-0.21475830155213194,-0.29538428225155766,FALSE
1051,0.09354820257113346,0.3114658005720766,0,0.1388708750334992,0.3003482321311401,FALSE
1052,0.1283168558496856,0.3709525338836328,0,0.19048440871799122,0.3459117922886015,FALSE
1053,-0.03216894061586153,0.3887491722528188,0,-0.0477543000233322,-0.08274986266707934,FALSE
1054,-0.028944746707645377,0.5705537648597551,0,-0.042968033510395284,-0.05073097136561729,FALSE
1055,0.08034938575533167,0.4075676298640592,0,0.1192774334681895,0.19714368823189304,FALSE
1056,0.15723023689288865,0.4700445099300978,0,0.23340588037954924,0.33450074103890926,FALSE
1057,-0.11604997539028543,0.4287844772021852,0,-0.17227441241118996,-0.27064873277948504,FALSE
1058,0.2737182956613901,0.5127142225323649,0,0.4063306208611715,0.5338613278747338,FALSE
1059,-0.07927470438899298,0.43949738164782753,0,-0.11768208542703214,-0.1803758286153258,FALSE
1060,0.07308789713974936,0.4940216272522223,0,0.10849786474986037,0.14794473178485848,FALSE
1061,0.07232265616160438,0.4184903598526989,0,0.10736187622922923,0.17281797407964347,FALSE
1062,0.17833493995237448,0.4329527642891798,0,0.26473548908009464,0.4119039180755991,FALSE
1063,0.061188169438344556,0.22623533138835142,0,0.09083290109331245,0.270462482861751,FALSE
1064,-0.05082025785302885,0.6073741293314605,0,-0.07544189501783034,-0.08367208183359232,FALSE
1065,0.2429324642779136,0.6444181458791418,0,0.36062952532589093,0.3769795525333867,FALSE
1066,-0.02734785820286642,0.5250528672073886,0,-0.04059747696420228,-0.052085913459195325,FALSE
1067,0.1233426238791243,1.1951071441517152,0,0.18310023748449056,0.10320633131740892,FALSE
1068,0.5087638297136292,1.1859285583117378,0,0.7552521189704546,0.4290004032265606,FALSE
1069,0.09840198116852995,0.5987225546813094,0,0.146076235077983,0.16435322237176747,FALSE
1070,0.09352915471084194,0.5845075372743682,0,0.1388425987764093,0.16001359904951798,FALSE
1071,0.08008385741162251,0.5825204464338563,0,0.1188832607056605,0.13747819136974418,FALSE
1072,-0.022772954829167632,0.5118811049233153,0,-0.03380610292132674,-0.04448875844436422,FALSE
1073,0.38078431691856673,0.5613411861846516,0,0.5652684908542752,0.6783473692830172,FALSE
1074,-0.18792222142549111,0.8892182419028645,0,-0.27896766170096116,-0.21133419510529922,FALSE
1075,0.45899816379746716,0.7990225027120224,0,0.6813757495431839,0.5744496084147155,FALSE
1076,-0.07631651711267125,0.9989619011099021,0,-0.11329070168811542,-0.07639582353228823,FALSE
1077,0.15120621614283286,0.489006438619887,0,0.22446331376909953,0.30921109458104296,FALSE
1078,-0.08474712665542115,0.3449342919129079,0,-0.12580581253032755,-0.24569063918069028,FALSE
1079,0.314711483749458,0.4463767957932917,0,0.4671843812086679,0.705035491798267,FALSE
1080,0.15829826418406745,0.3732197950328958,0,0.23499135054796727,0.42414219795098207,FALSE
1081,0.03490931368047602,0.48224229719958556,0,0.051822341898448636,0.0723895723854934,FALSE
1082,-0.0039962522215605,0.4712138800024164,0,-0.005932375263337437,-0.008480760841637363,FALSE
1083,-0.0022928327794821506,0.469849252901344,0,-0.0034036751710976084,-0.004879932798283251,FALSE
1084,-0.0020682722614609925,0.469877709168436,0,-0.0030703185188213525,-0.004401724578766054,FALSE
1085,0.03511908231261399,0.2328938915702705,0,0.05213374022250975,0.15079434705576036,FALSE
1086,0.011592505619189597,0.2104138500501684,0,0.017208897177297313,0.05509383349254637,FALSE
1087,0.024534224396458568,0.21752795202714648,0,0.03642068063909295,0.11278653693846578,FALSE
1088,0.0069372742931680656,0.20393912891060922,0,0.010298277518556243,0.034016396609249114,FALSE
1089,0.02454952779292109,0.21750189076654297,0,0.03644339829693484,0.11287041094861783,FALSE
1090,0.007532969980310232,0.20989333919099348,0,0.01118257864945409,0.03588951421395783,FALSE
1091,0.19900991500426155,0.5393614796525454,0,0.29542717313001654,0.3689731701501245,FALSE
1092,0.09182438411967789,0.2863043800435957,0,0.13631189292403006,0.32072294564859866,FALSE
1093,-0.02387850452362879,0.39214545077229934,0,-0.03544727452316588,-0.06089195852355796,FALSE
1094,0.1458595328176036,0.4256852007465701,0,0.21652624419967606,0.342646473407565,FALSE
1095,0.14130920352917914,0.42592526327329244,0,0.20977135001030278,0.3317699505382683,FALSE
1096,-0.029131581838767438,0.7548857283281036,0,-0.04324538740317788,-0.03859071743651469,FALSE
1097,-0.003583591228892317,0.5090565171486662,0,-0.005319786335180882,-0.007039672626066696,FALSE
1098,0.2039422466301374,0.7711993241337194,0,0.3027491439430843,0.26444816566615087,FALSE
1099,0.011676131210260336,0.49323869446668284,0,0.017333038087416423,0.02367237473711429,FALSE
1100,0.1975334691378819,0.9102758585106183,0,0.2932354118372453,0.21700396345903716,FALSE
1101,-0.22574222873708846,1.8265513999434393,0,-0.33511088374888026,-0.12358931084232218,FALSE
1102,0.10722592054413407,0.4963453271347301,0,0.1591752380374564,0.21603088551900118,FALSE
1103,0.013543434542890042,0.656565692276332,0,0.02010502130706274,0.02062769148953636,FALSE
1104,0.12766111711046624,0.4148317099004311,0,0.18951097459519753,0.3077419446577692,FALSE
1105,0.05061754935821112,0.2913930290197691,0,0.07514097735957115,0.1737088547673426,FALSE
1106,0.12462020676121731,0.275584655094531,0,0.18499678972053343,0.45220299627521027,FALSE
1107,-0.04980934128464659,0.4413859317758141,0,-0.07394120484336807,-0.11284759594455183,FALSE
1108,-0.01246842218337083,0.5222698506504755,0,-0.018509181911594483,-0.0238735247072786,FALSE
1109,0.04836813232800509,0.5816716418649408,0,0.07180175220382927,0.08315367098338922,FALSE
1110,0.170905450014255,0.5557924242209769,0,0.2537065249695902,0.3074987037720127,FALSE
1111,-0.02682934551008343,0.8792550929291856,0,-0.039827752807204214,-0.03051372204248835,FALSE
1112,0.4000710273093555,1.2538023506297293,0,0.5938993172611206,0.319086199757416,FALSE
1113,0.09321806670915866,0.5750023617714992,0,0.1383807933988733,0.16211771099855532,FALSE
1114,0.0776553330191334,0.5709071785814788,0,0.11527815341170992,0.13602094339062612,FALSE
1115,0.09645329571051656,0.4621011639584218,0,0.14318344133869548,0.2087276623245967,FALSE
1116,0.24191506436663254,0.37616784899988914,0,0.359119210728118,0.6431040425432633,FALSE
1117,0.025977755892181698,0.5640323742983898,0,0.038563581052353746,0.0460572071319415,FALSE
1118,0.059668429698149145,0.8317153927952109,0,0.08857687070744116,0.07174140362800885,FALSE
1119,-0.06768946173021512,1.0156996371290954,0,-0.10048397000331202,-0.06664318786363,FALSE
1120,0.37450830515318545,0.7461332219832084,0,0.5559518474381037,0.5019322208408697,FALSE
1121,0.0809350059369036,0.4747512441373745,0,0.12014677766526621,0.1704787653246974,FALSE
1122,-0.12279225465992832,0.33226056704784107,0,-0.18228322280157208,-0.3695661382599395,FALSE
1123,-0.12518259125059472,0.5994861706181696,0,-0.1858316408881518,-0.20881647882137253,FALSE
1124,-0.07411622982833463,0.4769281028801294,0,-0.11002440888822368,-0.15540336034038013,FALSE
1125,-0.02443437373088218,0.4192229917211134,0,-0.0362724538541825,-0.05828490854131651,FALSE
1126,-0.010904156898382925,0.4128164610751276,0,-0.016187054035907984,-0.02641405546180122,FALSE
1127,-0.010048052144572137,0.4124662218284945,0,-0.01491617963090121,-0.024360909118880933,FALSE
1128,-0.010955994611843982,0.412834697371347,0,-0.016264006328204555,-0.026538453966210615,FALSE
1129,0.02463879936432502,0.2218330560141303,0,0.03657592057845118,0.11106910668334109,FALSE
1130,0.024592627025832956,0.22180821437354273,0,0.036507378448591865,0.11087338264405758,FALSE
1131,0.011326006234692716,0.21015809142977443,0,0.01681328291957997,0.05389279164860216,FALSE
1132,0.029509029410103804,0.2250654634453541,0,0.04380570254628171,0.13111309464532125,FALSE
1133,0.02952211277951501,0.22508586683096968,0,0.04382512460794173,0.13115933574667712,FALSE
1134,0.10596720933395685,0.42929353070689846,0,0.15730670050955606,0.24684091828606267,FALSE
1135,0.01607360290625882,0.2118742028972231,0,0.023861017520201328,0.07586389794729223,FALSE
1136,0.12507879195902546,0.3525948105034853,0,0.18567755242838563,0.35473803990597613,FALSE
1137,-0.039844460845128535,0.6979317733744891,0,-0.059148492335740606,-0.05708933503984379,FALSE
1138,0.13980469757320094,0.43001593423984036,0,0.20753793394396056,0.3251151560705311,FALSE
1139,0.09656817971794275,0.2892227895716985,0,0.14335398488950823,0.33388855650326765,FALSE
1140,-0.031238086839706896,1.1287460128698295,0,-0.04637246183863233,-0.027675036264610372,FALSE
1141,-0.011016694019945107,0.5380419999617995,0,-0.016354113670572882,-0.020475527971287155,FALSE
1142,0.2715786755803,0.7896576763838418,0,0.4031543875960343,0.34391950297243656,FALSE
1143,0.034777614475282805,0.40029763632452703,0,0.05162683644389443,0.08687939003239104,FALSE
1144,-0.14208462474003483,2.1837215389284768,0,-0.21092245093059234,-0.06506535847503427,FALSE
1145,0.10183329353019287,0.6589908152038056,0,0.1511699657652729,0.15452915455080957,FALSE
1146,0.18757961256350386,0.2568600438006576,0,0.2784590640887064,0.7302794540869872,FALSE
1147,-0.009929733043838906,0.42654160164972427,0,-0.014740536736645635,-0.023279635574663587,FALSE
1148,0.09614673939840304,0.4222645924251681,0,0.14272836318497176,0.22769311261976516,FALSE
1149,0.17949540211124784,0.3829031022488122,0,0.26645817739496064,0.4687750009259808,FALSE
1150,0.22152745740458635,0.9616421067044303,0,0.3288541202096171,0.23036372457084484,FALSE
1151,0.15979515204327885,0.37412119009380146,0,0.23721345766624827,0.4271213614048812,FALSE
1152,0.18582761625152056,0.3873607743408204,0,0.27585825237652434,0.47972750097824735,FALSE
1153,0.08805737835492998,0.7760508696861873,0,0.13071983051739008,0.11346856474825917,FALSE
1154,0.16169110249341587,0.4021832449803325,0,0.24002796709341206,0.4020334126582595,FALSE
1155,-0.05618621571082023,0.9700605214986305,0,-0.08340757733586036,-0.05792031988274202,FALSE
1156,0.44127786289598,1.1663283214671731,0,0.6550702340505135,0.3783478929336794,FALSE
1157,0.09491772834819891,0.5726506693623512,0,0.14090391509001335,0.16575153654127422,FALSE
1158,0.07327080841933041,0.7123163702587442,0,0.10876939374508188,0.10286273273870608,FALSE
1159,0.24802605916039466,0.3116720126405669,0,0.3681908889753788,0.795791887308241,FALSE
1160,-0.023959036666593485,0.4366483892807587,0,-0.035566823256914404,-0.054870319586105616,FALSE
1161,0.36704634607154196,1.3561504386341918,0,0.5448746833809531,0.27065311901620753,FALSE
1162,0.11974441006904857,1.1565320332787679,0,0.17775874415133028,0.1035374781012967,FALSE
1163,0.05724741481938091,0.6556669329221163,0,0.08498291117168187,0.08731173091838851,FALSE
1164,0.07474715679273167,0.8000531981145036,0,0.11096101031101875,0.0934277332668494,FALSE
1165,0.19183218304757207,0.5554369616642868,0,0.28477193988998256,0.3453716556290647,FALSE
1166,-0.027240089638922247,0.4373883282281678,0,-0.0404374961803422,-0.06227895872134977,FALSE
1167,-0.1599381588722416,0.7735801613391535,0,-0.23742574911523387,-0.20675059530400938,FALSE
1168,0.11720432760550996,0.4647479825662553,0,0.17398803060821724,0.25218899705239944,FALSE
1169,0.023583004696258368,0.4554502747167449,0,0.03500860955183225,0.05177953775727809,FALSE
1170,0.03300327265646441,0.3944429715491241,0,0.04899285316879648,0.08367058114091448,FALSE
1171,0.032252658595036995,0.39445993966410847,0,0.047878578082178845,0.08176409148797432,FALSE
1172,0.033798054809268716,0.3944574024537234,0,0.050172695111104414,0.08568239459832118,FALSE
1173,0.03205121829730829,0.3945677505620052,0,0.04757954304308953,0.08123121631622433,FALSE
1174,0.031466547378771116,0.22392234245853407,0,0.04671160801246018,0.140524375697785,FALSE
1175,0.011094751261316298,0.21856678996387205,0,0.016469988450782326,0.050761377165992154,FALSE
1176,0.018778601002978474,0.22275482102433106,0,0.02787654579686458,0.08430165918127233,FALSE
1177,0.018819954277071387,0.22279248776164462,0,0.02793793409937543,0.08447302001136585,FALSE
1178,0.0187989595723455,0.22279127031800589,0,0.027906767781517672,0.08437924675195937,FALSE
1179,0.009591519305785133,0.2098742600452856,0,0.014238463618606152,0.04570126562311893,FALSE
1180,0.09029801096310006,0.28107217673659946,0,0.1340460153330584,0.3212627162585389,FALSE
1181,0.07595596285583212,0.2883418406278872,0,0.11275546441184355,0.26342331272642217,FALSE
1182,0.1288932944008654,0.2674236863564967,0,0.19134012292526856,0.4819815931676319,FALSE
1183,0.0014730920493561405,0.4950499269023685,0,0.002186782602727449,0.0029756434034312203,FALSE
1184,0.11855835133735501,0.36399356028254165,0,0.1759980581158486,0.32571551882765953,FALSE
1185,-0.1346018423699087,0.3464015286833229,0,-0.19981437502037372,-0.3885717331604516,FALSE
1186,0.18992484002970228,0.2618536282613517,0,0.2819405183703739,0.7253091786077582,FALSE
1187,-0.05378546231425957,0.5655996359938777,0,-0.07984369566035182,-0.09509458438697044,FALSE
1188,0.1489076790689131,0.4217332037457926,0,0.22105117066020916,0.3530850256662976,FALSE
1189,0.22714894162753166,0.3964547629458823,0,0.33719912750608344,0.5729504671344772,FALSE
1190,0.26922541130443006,0.6831100518335734,0,0.39966100279340655,0.39411718592309875,FALSE
1191,0.053215730907917466,0.7568684001240841,0,0.07899793810693831,0.07031041446464546,FALSE
1192,0.1854304060365374,0.42664403299065684,0,0.275268599891379,0.4346255700254882,FALSE
1193,0.011176649511420974,0.31067953289138095,0,0.016591565149672936,0.03597484973472175,FALSE
1194,0.04950289292074988,0.28229285839595664,0,0.0734862869371201,0.17536006118622702,FALSE
1195,0.10097497957759385,0.23514792850200364,0,0.14989581183847508,0.4294104575823787,FALSE
1196,0.021556873044361363,0.4145774658136631,0,0.03200084812297899,0.051997213601692384,FALSE
1197,0.18848153024353267,0.7717501715037032,0,0.27979794708155226,0.24422609440602924,FALSE
1198,0.23360874534757226,0.6025610921201918,0,0.3467886072661522,0.38769304623633866,FALSE
1199,-0.07028220016969783,0.5813827116496703,0,-0.10433285053685482,-0.12088801190918194,FALSE
1200,-0.5477949901284141,2.4219254505064916,0,-0.8131932792642882,-0.22618160687557706,FALSE
1201,-0.03950360801490496,0.3894948919043082,0,-0.058642501525764335,-0.10142266005534747,FALSE
1202,0.046542944485729335,0.39905033229041265,0,0.06909228878506816,0.11663427071614933,FALSE
1203,0.089142207228785,0.5535707897495017,0,0.13233024237815563,0.16103126985642263,FALSE
1204,-0.19932640795916348,0.8483653538629647,0,-0.29589700207788705,-0.23495349857410655,FALSE
1205,0.07512362427308841,0.5749295625613301,0,0.11151987052406287,0.1306657878895811,FALSE
1206,-0.177180909644997,0.5891869925513478,0,-0.26302234875033975,-0.30072101367641046,FALSE
1207,0.03481484835751718,0.5767761747377698,0,0.05168210957223541,0.06036110692912322,FALSE
1208,-0.0022725564208982557,0.49709423064905117,0,-0.003373575227093902,-0.004571681344864937,FALSE
1209,0.05034321768371491,0.6495205116322976,0,0.07473373618721697,0.07750828000365735,FALSE
1210,0.13533540206777314,0.6758816542931083,0,0.20090333316528605,0.20023535364237374,FALSE
1211,0.18356908309309788,0.6321312642905536,0,0.2725054944679602,0.290397095449976,FALSE
1212,0.0351724144701405,1.0065905001866797,0,0.052212910994150166,0.03494212836661732,FALSE
1213,0.37997492086317036,0.5213161759318861,0,0.5640669547972239,0.7288761377564025,FALSE
1214,0.11604415530620125,0.6043357052979741,0,0.17226577258543893,0.19201935991682711,FALSE
1215,0.03945893007810599,0.37024351367670977,0,0.05857617781234775,0.10657561475218941,FALSE
1216,0.018274287405326748,0.3791199344040852,0,0.027127899979282638,0.048201863703239325,FALSE
1217,0.029024725340165917,0.3750976021786031,0,0.04308676056636052,0.07737912791654095,FALSE
1218,0.04282416332307122,0.37269695157752986,0,0.06357181506219,0.11490344404966986,FALSE
1219,0.031006982525228446,0.221690547655249,0,0.046029391020662995,0.13986605587463932,FALSE
1220,0.026988824772071488,0.2183833078113965,0,0.04006449733091794,0.12358465050533984,FALSE
1221,0.030753424128421712,0.2214868319156361,0,0.0456529874611198,0.13884989849028873,FALSE
1222,0.030762634807968994,0.22149752858544883,0,0.04566666057394537,0.1388847767486555,FALSE
1223,0.014841559929970386,0.2133694573005769,0,0.022032068577372072,0.06955803383359994,FALSE
1224,0.017750672480633015,0.2107477159741467,0,0.026350601637098816,0.08422711676178053,FALSE
1225,0.03308353293870576,0.28653192211092876,0,0.049111998329461816,0.1154619446760899,FALSE
1226,0.02089787292160728,0.20868160209269898,0,0.031022572526240993,0.10014238299897747,FALSE
1227,0.21244979048310114,0.5101458842935115,0,0.3153784625913883,0.41644909235584177,FALSE
1228,0.13145236792955992,0.6252727319790076,0,0.19513902841396188,0.21023204948264593,FALSE
1229,-0.14629246019618353,0.4902669086414984,0,-0.21716891826755713,-0.2983935028402214,FALSE
1230,0.14473918662630383,0.3706295139082486,0,0.21486310742472903,0.3905225601168255,FALSE
1231,0.01638599736041133,0.49844989981823834,0,0.02432476230643368,0.032873910429887826,FALSE
1232,0.20036946547004278,0.815464901725539,0,0.29744540498959376,0.24571194302300103,FALSE
1233,-0.14347248202157895,0.4263763008959807,0,-0.21298270382495543,-0.33649262803792807,FALSE
1234,0.03696978622143035,0.401352335516499,0,0.054881081851546575,0.09211304619382382,FALSE
1235,0.1722211650108273,0.538363976410309,0,0.25565968374599485,0.3198972675682345,FALSE
1236,0.016303868430029064,0.5314193059198526,0,0.024202843166201374,0.03067985722085899,FALSE
1237,-0.006666481917605894,0.21542735478911312,0,-0.009896290381303402,-0.030945382605342155,FALSE
1238,0.059363873587789884,0.4038164227416579,0,0.08812476182261006,0.1470070810512033,FALSE
1239,0.18205321260673407,0.39446075289635846,0,0.270255207930186,0.4615242740120388,FALSE
1240,0.07088474093473981,0.17993629642171077,0,0.10522731308113628,0.3939435363758382,FALSE
1241,-0.04520216482410763,0.7697266323418137,0,-0.06710192189699309,-0.05872495886829941,FALSE
1242,0.16811760753971333,0.44232826487392046,0,0.2495680154819197,0.38007430428989863,FALSE
1243,-0.06729632979757211,0.8935891134157965,0,-0.09990037166588558,-0.07531014958354625,FALSE
1244,0.23841016070554968,0.31260226881980585,0,0.3539162348830975,0.7626629250185547,FALSE
1245,-0.25912646032137465,1.1663899080015998,0,-0.3846692646157446,-0.2221610959969136,FALSE
1246,0.2684587057206322,0.5184701460855387,0,0.39852284008809835,0.5177900940825648,FALSE
1247,0.09567243327272885,0.5631946441896861,0,0.14202426300029916,0.16987454383622655,FALSE
1248,-0.06712985068318301,0.45249454398433364,0,-0.09965323596840987,-0.148355049968309,FALSE
1249,0.3935988899487923,0.7050054023868654,0,0.5842915284004528,0.5582920196302389,FALSE
1250,0.009263885230505363,0.7151640185865809,0,0.013752095848041069,0.012953511348087818,FALSE
1251,0.17038116267201545,0.7573590667771567,0,0.25292822843385043,0.2249674825932307,FALSE
1252,0.2686267557628756,0.7075869358479243,0,0.39877230780393197,0.37963781148809855,FALSE
1253,0.030876955870203525,0.8492297211261741,0,0.04583636844123653,0.03635877914076913,FALSE
1254,0.27862419748293993,0.4397629132866028,0,0.413613357034205,0.6335782055849595,FALSE
1255,-0.01585320331131338,0.4598624938367176,0,-0.02353383769455125,-0.034473790586936504,FALSE
1256,0.06402476785741046,0.6581105005804178,0,0.0950437880344569,0.09728574122574261,FALSE
1257,0.36659386306084024,0.7635172961891167,0,0.5442029792764712,0.480138256056007,FALSE
1258,-0.022127999915513185,0.5093281680482385,0,-0.03284867722254602,-0.043445466604190325,FALSE
1259,0.2940884156745245,1.511611303414504,0,0.43656975227163713,0.19455293501062257,FALSE
1260,0.021644204214364877,0.35942747905034006,0,0.032130489908312763,0.06021855722203552,FALSE
1261,0.03420168133477507,0.35893788385007336,0,0.050771872511024815,0.09528579421017859,FALSE
1262,0.037237723638502106,0.36163385177404167,0,0.055278830846613336,0.1029707906376232,FALSE
1263,0.04496835560001605,0.3652902117683166,0,0.06675483568209963,0.12310309488538115,FALSE
1264,0.027486661010549012,0.21902863518161583,0,0.04080352760793678,0.12549345882449303,FALSE
1265,0.019184901737329268,0.21631275523085616,0,0.028479693018887836,0.0886905708211913,FALSE
1266,0.031595515577055165,0.22233772424667667,0,0.04690305932905369,0.14210595922984684,FALSE
1267,0.03133654710466821,0.22211531853327318,0,0.04651862459510871,0.14108233196880543,FALSE
1268,0.03134826447711611,0.22212031874878022,0,0.046536018855182236,0.1411319083895753,FALSE
1269,0.04945468005098473,0.2823338468317405,0,0.07341471566981465,0.17516383744262057,FALSE
1270,0.013276071113843017,0.21230818935114482,0,0.019708124388434244,0.06253207261772274,FALSE
1271,0.02991773727110671,0.287117940251747,0,0.04441242311098081,0.10420016681951198,FALSE
1272,0.013688907438093947,0.21276624808219943,0,0.020320973593642072,0.06433777707451709,FALSE
1273,0.01440903982686834,0.2103585078020503,0,0.02138999910370487,0.06849753773889387,FALSE
1274,0.09215423676092294,0.4322082648134339,0,0.13680155412181716,0.2132172016671223,FALSE
1275,-0.11094091903669315,0.2055716773931827,0,-0.1646900964444634,-0.5396702524565392,FALSE
1276,0.1403892807198503,0.38687357162002856,0,0.20840573867856574,0.36288154843964093,FALSE
1277,-0.1353190160810725,0.5662998398266161,0,-0.20087900841880388,-0.23895294782796175,FALSE
1278,-0.04144395038564119,0.5564730386541551,0,-0.06152291007967344,-0.07447611565490125,FALSE
1279,-0.007266121381471576,0.6447187574107289,0,-0.010786445988390837,-0.011270218677448174,FALSE
1280,0.039084790069298395,0.6932644124253965,0,0.05802077269519818,0.056377897622870383,FALSE
1281,0.24066758616314005,0.8122241005642511,0,0.3572673484267286,0.29630687638540715,FALSE
1282,-0.0459684646038736,0.6251462537963607,0,-0.06823948219242643,-0.07353233635284276,FALSE
1283,0.24722416791935503,1.0441238331575835,0,0.36700049370038473,0.2367766734829842,FALSE
1284,0.1899657805639244,0.5374022976652839,0,0.28200129396686324,0.3534889623457525,FALSE
1285,0.11152822930466007,0.299663746116774,0,0.165561949548928,0.37217791858344906,FALSE
1286,0.12171028242162966,0.2743878234370634,0,0.18067705157257133,0.4435702754482706,FALSE
1287,0.07575836418358867,0.5014232939199137,0,0.11246213220699397,0.1510866469551944,FALSE
1288,0.13874707529186767,0.6588374530521808,0,0.20596790985341756,0.21059378857273117,FALSE
1289,-0.057719269592697846,0.45399756050265344,0,-0.08568337236129618,-0.12713563819328166,FALSE
1290,0.27609144470769137,0.7494687781414455,0,0.4098535243011833,0.3683828503067879,FALSE
1291,0.014410716550938996,1.3366541885725167,0,0.021392488174926786,0.01078118534632279,FALSE
1292,0.13746729022071769,1.1335890262525412,0,0.2040680885014224,0.12126730855463724,FALSE
1293,0.07613056571697628,0.35678540146049004,0,0.11301465968704945,0.21337915005865754,FALSE
1294,0.10528866978003551,0.5532718578662743,0,0.15629941892628624,0.19030187110200672,FALSE
1295,-0.09748878753754568,0.6065505469319936,0,-0.14472061310851358,-0.16072656768781401,FALSE
1296,0.2537926446568396,0.5086641781467932,0,0.37675129689169196,0.4989394880950289,FALSE
1297,0.3436166630615715,0.7065529674289754,0,0.5100936775259447,0.4863282427528871,FALSE
1298,0.10413477689420883,0.48391777200421915,0,0.1545864825967204,0.21519105707343375,FALSE
1299,0.14332355929879445,0.7616900302952698,0,0.2127616303221297,0.18816520316438295,FALSE
1300,0.2840962667343795,0.5350073890878216,0,0.42173656009215243,0.5310137252847269,FALSE
1301,0.015611160856669224,0.70845130147398,0,0.023174529374905755,0.0220356160320253,FALSE
1302,0.18557986124444784,0.8817477308351035,0,0.2754904638602249,0.2104682039484072,FALSE
1303,0.06134385780975394,0.5598297054761359,0,0.0910640180979788,0.10957592498165297,FALSE
1304,0.006889732747685551,0.5099727378675377,0,0.010227702821874267,0.013510002076768104,FALSE
1305,-0.04864337077043936,0.35222088317569605,0,-0.0722103394593101,-0.138104732268742,FALSE
1306,0.01761534164243197,0.30598798063157795,0,0.02614970507892384,0.05756873719703899,FALSE
1307,0.03964111900667589,0.4420186215804396,0,0.058846634488548225,0.08968201128029152,FALSE
1308,0.05368839922150149,0.36058305748957226,0,0.0796996069846285,0.14889329408676977,FALSE
1309,0.061940713968196615,0.3642011646581955,0,0.09195004193076213,0.17007280585257947,FALSE
1310,0.06138069143760993,0.3642310862718468,0,0.09111869705482065,0.16852128703753186,FALSE
1311,0.026814305093284526,0.2186641347879876,0,0.03980542553864826,0.12262781511601407,FALSE
1312,0.02683452266222676,0.2186806420849602,0,0.03983543821032865,0.12271101093530358,FALSE
1313,0.025061838757558554,0.2170008552406827,0,0.03720391608341355,0.11549188932809346,FALSE
1314,0.019327912820004345,0.21190608127765775,0,0.028691990782444273,0.09120980721020099,FALSE
1315,0.022577618213343725,0.2151254868011019,0,0.033516128704612944,0.1049509221295488,FALSE
1316,0.01082584985277357,0.20581994992968597,0,0.01607080842513005,0.05259864195123939,FALSE
1317,0.014899980791238443,0.207844372909838,0,0.022118793451838117,0.07168816063017491,FALSE
1318,0.007573348782465743,0.20780824364387326,0,0.011242520363287411,0.036443928545223644,FALSE
1319,0.12656648729420497,0.37182357362638374,0,0.1878860133854258,0.34039392946446606,FALSE
1320,-0.011417222935487761,0.5709423800240299,0,-0.01694869271590871,-0.01999715441513946,FALSE
1321,0.18693519236712997,0.8817042012567996,0,0.27750243216954523,0.2120157668531789,FALSE
1322,0.016910825059243923,0.6107816662305531,0,0.02510386099326607,0.0276871851174075,FALSE
1323,0.009885246420866628,0.44424911228137753,0,0.014674497025676867,0.022251583959509484,FALSE
1324,0.24215537375641244,0.34188049507655516,0,0.3594759463394957,0.7083041508471787,FALSE
1325,-0.015945130726492018,0.807429519133917,0,-0.02367030253550549,-0.01974801558357123,FALSE
1326,0.0971966253308002,0.44656103739707514,0,0.14428690278391798,0.21765585707463875,FALSE
1327,0.35776167657107194,1.0040230940053987,0,0.5310917336022368,0.35632813498724986,FALSE
1328,0.16202985730190095,0.9600822060619787,0,0.24053084342222616,0.16876664964608354,FALSE
1329,0.009053719827971317,0.40138382830565944,0,0.01344010852439925,0.0225562645764512,FALSE
1330,0.14359029487938782,0.42930350986301224,0,0.21315759520933747,0.3344726786072783,FALSE
1331,0.0906817176362993,0.44432577549822344,0,0.13461562201708693,0.20408835731984645,FALSE
1332,0.06815121942844649,0.3149922827118957,0,0.10116944223948977,0.2163583781853483,FALSE
1333,-0.13426818682069555,0.8398631099773841,0,-0.19931906846390857,-0.1598691325117389,FALSE
1334,0.1910253147748471,0.43548431262727777,0,0.28357415628762117,0.43865027794546946,FALSE
1335,-0.16447604410849204,0.506124038646762,0,-0.24416217029960147,-0.3249718083896118,FALSE
1336,0.36392142802516125,1.8436518933027322,0,0.5402357903655701,0.19739161679444248,FALSE
1337,0.24270310698448144,0.8521764497443011,0,0.360289047933928,0.2848038185722047,FALSE
1338,0.40972150030364696,0.855610337071848,0,0.6082252967280734,0.4788645982303525,FALSE
1339,0.08444114098663925,0.37412810943551533,0,0.12535158148789632,0.225701140483788,FALSE
1340,0.008579932329887227,1.5543480776960186,0,0.012736778234446971,0.005519955570444107,FALSE
1341,0.3154019135731942,1.3999526957184614,0,0.46820931371550645,0.22529469355486234,FALSE
1342,-0.12175559707085298,1.1006933829974663,0,-0.18074432047583747,-0.11061717909058535,FALSE
1343,0.0023001092533331277,0.4535781380892336,0,0.0034144769851685436,0.005071032001283583,FALSE
1344,0.3456947664970317,0.9725304549120467,0,0.5131785902721093,0.3554590653187262,FALSE
1345,0.3191855384063613,0.6506286393276647,0,0.4738260468748727,0.4905802159834153,FALSE
1346,0.23388287294297827,0.5109123615394449,0,0.3471955454862202,0.45777493470359376,FALSE
1347,0.22687086580100393,0.5947155950419805,0,0.3367863281973399,0.38147791598602576,FALSE
1348,0.04886720085344558,1.200591973646236,0,0.07254261179198541,0.04070258832818475,FALSE
1349,-0.00784250164502236,0.9472227660661814,0,-0.011642073668574992,-0.008279469123817928,FALSE
1350,-0.18664806750268792,0.7978626296253194,0,-0.2770761997025064,-0.23393509179686592,FALSE
1351,0.033329657533924195,0.44472562633231016,0,0.04947736652431581,0.07494431523723222,FALSE
1352,0.3856092271699114,1.3397953528465325,0,0.572430996280853,0.28781203513704173,FALSE
1353,0.0348411847999771,0.36639263406256106,0,0.05172120561800815,0.09509248156453935,FALSE
1354,0.027866499865188174,0.3531285764766311,0,0.041367392574506855,0.07891318268045149,FALSE
1355,0.05196368746264806,0.36163344638100686,0,0.07713929877399861,0.14369159706511375,FALSE
1356,0.025116398118143257,0.2170634556491456,0,0.03728490861921246,0.11570993395931463,FALSE
1357,0.02505282533852527,0.21700534792840356,0,0.037190535800802095,0.11544796281606357,FALSE
1358,0.025062777548766863,0.2170196967535448,0,0.03720530970459481,0.11548618822939853,FALSE
1359,0.017764839561609982,0.21330857951764284,0,0.026371632451992835,0.08328234898840833,FALSE
1360,0.009049383533429163,0.20615294722705832,0,0.01343367136151508,0.04389645481741335,FALSE
1361,0.00769770048334208,0.20528533249374234,0,0.011427118560131115,0.037497566873545274,FALSE
1362,0.0549129871413957,0.24688807492235387,0,0.08151748901033443,0.22242057320373126,FALSE
1363,0.023658411178106964,0.29362336842780123,0,0.035120549320098234,0.08057400643819775,FALSE
1364,-0.2604622433500503,1.3126163435969558,0,-0.38665221407868083,-0.19842983414049756,FALSE
1365,0.39425408488010916,1.1108454906203225,0,0.5852641552487379,0.3549135214654815,FALSE
1366,0.0021983326629210504,0.5049919468625904,0,0.0032633911943143155,0.004353203405675739,FALSE
1367,0.05271640169167775,0.9111889149305966,0,0.07825669152728038,0.05785452481683565,FALSE
1368,6.455557095624212e-5,0.514026623346812,0,9.5831757111139e-5,1.2558799101868056e-4,FALSE
1369,0.3502457567543008,0.5637226892608952,0,0.5199344656596169,0.6213086033728977,FALSE
1370,0.29520600438572897,1.0786998299119657,0,0.43822879560958383,0.27366835165795955,FALSE
1371,-0.16926853508712295,0.510257263488422,0,-0.25127654981198766,-0.3317317502349748,FALSE
1372,0.2770435581322707,1.013433599192788,0,0.4112669221086071,0.27337119901386653,FALSE
1373,0.09832299121330748,0.3251953460546533,0,0.14595897569833582,0.3023505483894072,FALSE
1374,0.24253570437297473,0.4752497886404713,0,0.3600405413191146,0.5103331135965095,FALSE
1375,0.11846753319557811,0.25286144910442576,0,0.17586323997428263,0.46850768915214847,FALSE
1376,0.32598363391517804,0.7691853994741914,0,0.48391771561808367,0.42380372032284763,FALSE
1377,0.043380188397796504,0.4175443723891177,0,0.06439722577608323,0.10389360093535081,FALSE
1378,0.14113112874307174,0.4509328802510098,0,0.2095070007156241,0.3129759104381825,FALSE
1379,0.13328390084776853,0.5747931083324708,0,0.1978579110008388,0.23188152209137955,FALSE
1380,0.55548393006183,1.0587799593803315,0,0.8246073929221273,0.524645300603287,FALSE
1381,0.3541748623369098,1.0651854860251964,0,0.5257671627650585,0.33250064611613755,FALSE
1382,0.0929006231581076,0.3564055212151045,0,0.13790955330556756,0.2606598877631822,FALSE
1383,-0.08893318237275567,0.5379646427284157,0,-0.13201994817834486,-0.16531417738108192,FALSE
1384,-0.03349479084085312,0.8098056023923598,0,-0.04972250439121344,-0.04136152027338596,FALSE
1385,-0.2047585667679877,0.8585238582658927,0,-0.3039609586945706,-0.23850072982429812,FALSE
1386,0.3828793702791846,1.1145971522520168,0,0.5683785655049308,0.34351368071018845,FALSE
1387,-0.007366923618478953,0.7317640828188174,0,-0.010936085366527518,-0.010067347921888892,FALSE
1388,-0.027840490380239745,0.5990069673632158,0,-0.041328781892156094,-0.04647774048904893,FALSE
1389,0.09008774053541017,0.6236387629931217,0,0.1337338721011801,0.1444550048541543,FALSE
1390,-0.013938297071005532,0.7617665132055255,0,-0.020691188686982644,-0.018297334983068445,FALSE
1391,0.2915401528304003,0.3520214125165484,0,0.43278689507873924,0.8281886909839472,FALSE
1392,0.2286298299232361,0.5447592191301872,0,0.3393974835171994,0.4196896938950158,FALSE
1393,0.14050399458446453,0.5263216373209484,0,0.208576029654978,0.26695462360173855,FALSE
1394,-0.008095359743702837,0.7653567977415027,0,-0.012017437646267282,-0.010577236352497943,FALSE
1395,0.07350075786308745,0.613854031835085,0,0.10911075017513967,0.11973654004252561,FALSE
1396,0.0339892045121649,0.36115354443236297,0,0.0504564539196545,0.09411289197116109,FALSE
1397,0.030716226351862958,0.35340069057254053,0,0.045597767931101714,0.08691614694385555,FALSE
1398,0.025186281451883216,0.21712536707478466,0,0.03738864935863871,0.11599879733632544,FALSE
1399,0.020676922905964366,0.2134751260272428,0,0.030694575609489273,0.09685869867258289,FALSE
1400,0.025191557325582956,0.21711395887517457,0,0.037396481312402786,0.11602919248534523,FALSE
1401,0.02517494839883013,0.21711231274617862,0,0.03737182561482508,0.11595357297060176,FALSE
1402,0.025188568500013234,0.21713057458604018,0,0.03739204444658621,0.11600654835476433,FALSE
1403,0.01775431779408634,0.21334227755122157,0,0.026356013049131558,0.08321987558149925,FALSE
1404,0.016208196750857565,0.21245955076838371,0,0.024060820022652807,0.07628838850613592,FALSE
1405,0.010982009227257996,0.2059501263326905,0,0.016302624626652964,0.053323634332312714,FALSE
1406,0.07836228251125296,0.2813367172515985,0,0.11632760911344273,0.2785355686125172,FALSE
1407,0.017835726463952248,0.63036888870378,0,0.026476862973650366,0.02829410966113451,FALSE
1408,0.2977885029787782,0.6005096708736508,0,0.44206247524780906,0.4958929346558914,FALSE
1409,-0.22230961895937043,1.5393567049178372,0,-0.3300152270673125,-0.1444172219792528,FALSE
1410,0.041380243725071035,0.6744092403915987,0,0.06142833851703852,0.06135776505826554,FALSE
1411,0.2136524748001851,0.5103685299085469,0,0.31716382905394025,0.4186239203237503,FALSE
1412,0.07167899151392688,0.6621347903750056,0,0.10640636591054477,0.10825438046131194,FALSE
1413,0.39548917980100845,0.38810275168906694,0,0.5870976347566342,1.0190321456876947,FALSE
1414,0.04360025956382105,0.6976888092603979,0,0.0647239180540266,0.06249241636832411,FALSE
1415,0.19567522471501997,0.24978686978695921,0,0.2904768764305096,0.783368737043342,FALSE
1416,-0.19399592606019883,1.0896188892643,0,-0.287983983277803,-0.1780401642919232,FALSE
1417,0.12289587959552428,0.4206267014991118,0,0.18243705243256428,0.29217327182873526,FALSE
1418,0.165558842508473,0.3730618995857568,0,0.2457695679529758,0.44378384040907803,FALSE
1419,0.06757796676967188,0.2966088198127614,0,0.10031845744073029,0.2278353246957776,FALSE
1420,0.23054066388080935,0.5316255231385751,0,0.3422340872833717,0.4336523621359615,FALSE
1421,0.37930675956775756,0.7245133660190195,0,0.5630750795798788,0.5235331428762078,FALSE
1422,-0.10461166402987664,0.4648181663209938,0,-0.1552944142512281,-0.2250593277321136,FALSE
1423,0.41049473728635844,2.33353404530388,0,0.6093731551951108,0.17591118420254398,FALSE
1424,0.1016857935292183,0.66198952091144,0,0.1509510042712003,0.15360634922017397,FALSE
1425,0.03405532837045431,1.5108101331070924,0,0.050554613775310286,0.022541104023718065,FALSE
1426,0.08257030176069985,0.36228651885628227,0,0.12257434928874589,0.2279143646342943,FALSE
1427,0.06833712144290888,0.3628188270799161,0,0.10144541093487174,0.18835053845719157,FALSE
1428,0.029477940889833548,0.7564130415939462,0,0.04375955211372643,0.03897069361431998,FALSE
1429,-0.030784170449941927,0.6905225260120453,0,-0.04569862990486774,-0.044580979316820916,FALSE
1430,0.05261031483984823,0.9779503217512806,0,0.0780992072193172,0.05379651058924491,FALSE
1431,0.13266045874266355,0.8358464943060895,0,0.19693242073711276,0.15871390218941672,FALSE
1432,-0.06162896407949939,0.5845395942195843,0,-0.09148725399208356,-0.10543163318436946,FALSE
1433,-0.03216977406603368,0.6669281388911215,0,-0.047755537267357435,-0.04823574263866157,FALSE
1434,-0.03342781480359564,0.9186003385523832,0,-0.04962307948892149,-0.036389943918673416,FALSE
1435,0.06666637337008186,0.5497562098122734,0,0.0989652109902753,0.12126533939988889,FALSE
1436,0.012774261871865445,0.7936234134882294,0,0.018963196248523346,0.016096125258853525,FALSE
1437,0.14180856682743287,1.2024851823338811,0,0.2105126471841889,0.1179295752752639,FALSE
1438,-0.05544976688799721,0.8848613434484539,0,-0.08231433032916287,-0.06266492179656093,FALSE
1439,0.32199311062582314,1.8420476628162923,0,0.47799384486692853,0.17480172588668547,FALSE
1440,-0.035824650887707296,1.524107790499668,0,-0.05318114597405095,-0.023505326270894814,FALSE
1441,0.03874866356861048,0.3293307650656262,0,0.05752179804908475,0.11765880287828251,FALSE
1442,0.03422921283532719,0.35896673699689985,0,0.050812742602245976,0.09535483182003798,FALSE
1443,0.025188496888841307,0.21713352994693486,0,0.03739193814089744,0.11600463961046048,FALSE
1444,0.025202528497319476,0.21713004564011398,0,0.03741276784894029,0.11607112421047362,FALSE
1445,0.020627015229747286,0.21343942702143448,0,0.03062048842794365,0.09664107291515468,FALSE
1446,0.025002362453656276,0.21700181094561413,0,0.037115624420509745,0.11521729862393854,FALSE
1447,0.017850763534174478,0.21338235297157193,0,0.026499185274264463,0.08365623157484191,FALSE
1448,0.01596786296440855,0.21278255251646022,0,0.02370404819479315,0.07504310280878562,FALSE
1449,0.025227994715217448,0.21720485423500202,0,0.03745057205966894,0.11614839274228347,FALSE
1450,0.07938351144050634,0.28219339555544903,0,0.11784360782979543,0.2813088920251078,FALSE
1451,0.014859163268729709,0.4904093313827119,0,0.022058200464354714,0.030299511689213198,FALSE
1452,0.03698572718498825,0.7919812732715283,0,0.05490474596798408,0.04670025470704256,FALSE
1453,0.4107251245991253,0.49555213778574747,0,0.6097151616350125,0.8288232322724896,FALSE
1454,-0.16562763507197878,2.008667574689416,0,-0.24587168946068283,-0.08245646873529505,FALSE
1455,0.07234806501881635,0.3860899063961819,0,0.10739959528889736,0.1873865745264451,FALSE
1456,-1.2814949617843847,0.6991902071286541,0,-1.90235965847336,-1.832827389054927,FALSE
1457,-0.008473074781283053,0.2903423300009778,0,-0.012578149838916737,-0.029183050164454206,FALSE
1458,-0.024165333457524942,0.3402089156533844,0,-0.035873067685838304,-0.0710308647000461,FALSE
1459,0.19022762740435484,0.8977340996332479,0,0.2823900015941176,0.21189751785307998,FALSE
1460,0.3527564603315246,1.0507497866480573,0,0.5236615666956168,0.33571880271975574,FALSE
1461,0.12101001421182964,0.3247544256052696,0,0.17963751413218998,0.3726200620246946,FALSE
1462,0.20837295014884885,0.39413261158755647,0,0.30932645550809906,0.5286874113500218,FALSE
1463,0.11889022643835986,0.25123837022568235,0,0.1764907216241969,0.4732168351974389,FALSE
1464,-0.11299763145682745,0.5064730137976095,0,-0.16774325455574976,-0.2231069146400408,FALSE
1465,0.06494517233270027,0.5714192049565432,0,0.09641011439194146,0.11365591455337835,FALSE
1466,-0.014364813735754897,0.4431455348398351,0,-0.021324346148293302,-0.03241556691064648,FALSE
1467,0.16190227060534923,0.6458189236221371,0,0.24034144292381146,0.2506929801581299,FALSE
1468,0.05384617032496705,0.4271322904836865,0,0.07993381577315764,0.12606438689987923,FALSE
1469,0.057103179885361954,0.4091880995693952,0,0.08476879661953556,0.13955239642954886,FALSE
1470,0.09532276956597097,0.3739741658398398,0,0.1415051925789514,0.25489132211018667,FALSE
1471,0.03621851900371634,0.3689718573976952,0,0.05376583716441754,0.09816065447148267,FALSE
1472,-0.05528479721500903,0.7618035095616675,0,-0.08206943537434598,-0.07257094056552618,FALSE
1473,-0.0839609919460002,0.6847334109364112,0,-0.12463880758537971,-0.12261851197121935,FALSE
1474,0.028809563440950262,0.7186520633614847,0,0.042767356019862396,0.040088333297470746,FALSE
1475,-0.04900788477209544,0.7122349683709774,0,-0.07275145491616188,-0.06880859119313698,FALSE
1476,0.04295697094841977,0.5788672277045317,0,0.06376896594950128,0.07420867669217246,FALSE
1477,0.22936723044192642,0.6216194775487636,0,0.34049214330184696,0.36898333904592534,FALSE
1478,0.21946778338991974,0.5410288714488319,0,0.3257965656565724,0.4056489310860668,FALSE
1479,0.35882759312371876,0.35806829069039803,0,0.5326740704116073,1.0021205520093854,FALSE
1480,0.16463369796313065,0.26796917093303285,0,0.24439620503404139,0.6143755171160105,FALSE
1481,0.43618491305646473,1.83690191107675,0,0.6475098279574364,0.23745683448104374,FALSE
1482,0.36289171895607747,0.728873098854172,0,0.5387072030114213,0.4978805220367756,FALSE
1483,-0.1564225935469154,0.636742850057671,0,-0.23220694619281268,-0.24566054182272784,FALSE
1484,0.05742521982869563,0.3524938638751177,0,0.08524685998684056,0.16291126091499955,FALSE
1485,0.03178455855807158,0.3809187099430811,0,0.04718369074121501,0.08344184133885416,FALSE
1486,0.02518730396295537,0.21713440048164104,0,0.03739016726067658,0.11599868057334832,FALSE
1487,0.025274036418077184,0.2171980589951812,0,0.03751892026293134,0.1163640068194068,FALSE
1488,0.02528927643122626,0.21721759835185164,0,0.03754154382921445,0.11642369965928077,FALSE
1489,0.013097699443557818,0.21170408788442635,0,0.0194433343737372,0.06186795717760596,FALSE
1490,0.0252341472775637,0.21717323654936668,0,0.037459705444311715,0.11619363268930058,FALSE
1491,0.025280289383518978,0.21722094060402686,0,0.03752820269443285,0.11638053547333885,FALSE
1492,0.025160888625434637,0.2171311270675475,0,0.03735095409639349,0.11587877318762922,FALSE
1493,0.02120060986212412,0.2140167710333202,0,0.03147198088128202,0.09906050707971575,FALSE
1494,0.02522092758274045,0.21720684249315256,0,0.03744008100966387,0.11611479313104761,FALSE
1495,0.09741411590487037,0.2884693879224149,0,0.14460976421259905,0.3376930793470201,FALSE
1496,0.1606855639320017,0.49758946434603374,0,0.23853526048798765,0.3229279867152849,FALSE
1497,0.25543341489239346,0.5364649936650094,0,0.37918699519564414,0.47614181336852796,FALSE
1498,0.20857783306159003,0.37681501659571387,0,0.3096306010564878,0.5535284526236753,FALSE
1499,0.20253329549727203,0.45689543910850305,0,0.3006575775492599,0.44328149979447407,FALSE
1500,-0.9310213964138737,0.910002992707499,0,-1.3820870144094148,-1.023097070970986,FALSE
1501,0.17704046071698257,0.6959529341480418,0,0.26281385446616523,0.2543856804536768,FALSE
1502,0.0960802612127239,0.41678359125488146,0,0.1426296773357286,0.2305279363888551,FALSE
1503,0.30400118185432295,0.7406601858639252,0,0.45128510195827953,0.4104462311548826,FALSE
1504,0.1146856258010271,0.2845395080771819,0,0.17024905632625795,0.40305694831635963,FALSE
1505,-0.04545105982804268,0.49929980501355864,0,-0.0674714027211879,-0.09102959659038609,FALSE
1506,0.04014178260607221,0.5721410276662444,0,0.05958986193958043,0.07016064338159772,FALSE
1507,0.22177558428882022,0.3649512652501155,0,0.32922246077187095,0.6076854785989813,FALSE
1508,0.10433190846608435,0.2961331981478028,0,0.15487912139822238,0.35231412458528655,FALSE
1509,-0.08083717789441158,0.5946201287464712,0,-0.12000155343336982,-0.13594759744313703,FALSE
1510,0.2062142069342365,0.35884628522619955,0,0.3061218342439129,0.5746588871729547,FALSE
1511,0.0018806233494388469,0.4055367905822538,0,0.002791756580746867,0.004637368034448174,FALSE
1512,0.44688823499066377,2.483285026586611,0,0.6633987455626381,0.17995849457721416,FALSE
1513,0.04404618509925438,0.34142164252757695,0,0.06538588768682975,0.12900818112518078,FALSE
1514,0.08876134307577555,0.3555079390329333,0,0.13176485537184626,0.24967471420533574,FALSE
1515,0.08262871270920008,0.362345914423098,0,0.12266105944785981,0.2280382071942381,FALSE
1516,0.07257535417971596,0.375632494612388,0,0.1077370025697669,0.1932084024163188,FALSE
1517,0.0680212565133309,0.17895120925390604,0,0.10097651428098323,0.3801106279020362,FALSE
1518,0.14723196361114194,0.7094825921793213,0,0.21856359670868514,0.20752019180469075,FALSE
1519,0.2616675879639741,0.4625788069828345,0,0.38844152971117774,0.5656713710485317,FALSE
1520,0.41812120767353383,1.0855705485107876,0,0.6206945337676043,0.38516263014607643,FALSE
1521,0.5887880873308807,1.2616900617497684,0,0.8740469046935004,0.46666618465261034,FALSE
1522,0.08290850417405458,0.8605176469360053,0,0.12307640559544297,0.09634724455595074,FALSE
1523,0.10593197765407597,0.9213028099116031,0,0.15725439961996668,0.1149806301624543,FALSE
1524,0.11295330650870224,0.5714569187656606,0,0.16767745484861715,0.19765848097994837,FALSE
1525,-0.09627733095085518,0.5586207723893709,0,-0.1429222243459836,-0.17234828296672752,FALSE
1526,-0.019887641941299643,0.9004661900162879,0,-0.029522900096783093,-0.022085939663031556,FALSE
1527,-0.00492815467709776,0.5495955698040949,0,-0.007315770196531587,-0.008966874821888425,FALSE
1528,0.7679369813373998,0.45218970818069265,0,1.1399906961100315,1.6982628473059724,FALSE
1529,0.05989917015456413,0.1942396183408724,0,0.08891940138368384,0.30837771751304965,FALSE
1530,0.04030429183271258,0.3644898010611718,0,0.059831104399449234,0.11057728286325456,FALSE
1531,0.025269570135034183,0.21719759499321048,0,0.037512290134107035,0.11634369218417957,FALSE
1532,0.02528918424830487,0.2172236988582043,0,0.037541406985078435,0.1164200056496263,FALSE
1533,0.025286448766007805,0.217214831786135,0,0.0375373462034729,0.11641216466702557,FALSE
1534,0.0252648646388218,0.21720325980821276,0,0.03750530489699375,0.11631899383614361,FALSE
1535,0.02527337024162131,0.21722025308775036,0,0.03751793133417791,0.11634905070942735,FALSE
1536,0.02519457843155646,0.21715766886505683,0,0.037400966097984746,0.1160197499044463,FALSE
1537,0.02516451226233224,0.21714725027564208,0,0.037356333329911,0.11588685663939537,FALSE
1538,0.025222450078930717,0.21721160635802028,0,0.037442341131957685,0.11611925578855886,FALSE
1539,0.025470854218681043,0.21037881524996546,0,0.03781109327578258,0.12107138348705586,FALSE
1540,0.11991835221563923,0.36440491432231137,0,0.17801695860589323,0.3290799533772836,FALSE
1541,0.07695486268450354,0.4296533841577098,0,0.11423831592011205,0.17910917386433586,FALSE
1542,-0.04735706802361408,0.43844649248445067,0,-0.07030084271752299,-0.10801105456509856,FALSE
1543,0.24030412205755686,0.2921409738595839,0,0.35672779152452916,0.8225621996216725,FALSE
1544,0.2778567957358587,0.5328264080610315,0,0.41247416088515687,0.5214771481522217,FALSE
1545,0.19397807529798292,0.4580288883266469,0,0.2879574840944857,0.42350620286562785,FALSE
1546,0.023348393186114983,0.4255999136189824,0,0.03466033235557325,0.05485995753048388,FALSE
1547,-0.026475578283184125,0.18949711545997946,0,-0.03930259077300773,-0.139714940878747,FALSE
1548,0.3470619470202451,0.7922468571303503,0,0.5152081488351724,0.4380729868432185,FALSE
1549,0.21646314272420533,0.760093711075794,0,0.3213362225720357,0.2847848095175469,FALSE
1550,-0.007219731408651131,0.33746059463756284,0,-0.010717580783701771,-0.021394294692111293,FALSE
1551,0.0848088404165203,0.2778067746886729,0,0.12589742566419754,0.3052799576668432,FALSE
1552,0.10818949057673569,0.2485352438344098,0,0.16060564300415464,0.43530844522323964,FALSE
1553,-0.027838071032166522,1.0563557119972866,0,-0.04132519040696766,-0.026352932744153162,FALSE
1554,0.26772312624981526,0.3423346054882405,0,0.39743088362114914,0.782051016630312,FALSE
1555,0.2281385134676466,0.5650889021281479,0,0.33866813175809757,0.4037214544622406,FALSE
1556,0.14436989018316676,0.614046026905469,0,0.2143148925066903,0.23511248971144666,FALSE
1557,0.06760532676293673,0.35491335887767234,0,0.10035907293200828,0.19048402961421973,FALSE
1558,0.08481052712288914,0.3696601259992177,0,0.12589992955398835,0.22942838883052433,FALSE
1559,0.09505385373491505,0.3631237238366782,0,0.14110599114329903,0.26176712645100364,FALSE
1560,0.04162407161952029,0.3729108477596695,0,0.0617902972947499,0.11161936390315422,FALSE
1561,0.37306588843568705,1.355524984869851,0,0.5538106018960567,0.27521874742242874,FALSE
1562,-0.23125143465281311,0.4895779976598516,0,-0.3432892156166108,-0.4723485037280652,FALSE
1563,0.11961662720918201,0.557771663069362,0,0.17756905245147683,0.21445447147842472,FALSE
1564,0.3256728734780147,0.5171891294941856,0,0.4834563965050644,0.6296978318096611,FALSE
1565,0.03287431466750448,0.44261594849717606,0,0.048801417007788374,0.07427277480425949,FALSE
1566,0.1476607103587917,0.7579882072862931,0,0.21920006469393172,0.19480607869539063,FALSE
1567,0.20074147695459743,1.1731072958004731,0,0.29799765034506526,0.17111945145445617,FALSE
1568,0.17936267683574114,0.40560975765904694,0,0.2662611487547293,0.4422050343929652,FALSE
1569,0.10734560015751156,0.5036036678949116,0,0.15935290059191076,0.2131549212225191,FALSE
1570,0.01070657938910322,0.6768433172814735,0,0.015893753247154203,0.015818401564642703,FALSE
1571,-0.0778248655450335,1.1381814863326984,0,-0.1155298218518436,-0.06837649924863103,FALSE
1572,0.11815265660730698,0.6376822996069446,0,0.17539581049793834,0.18528451656904082,FALSE
1573,0.05159027229366277,0.36817159877604716,0,0.076584969670472125,0.1401256166015247,FALSE
1574,0.051812346521039575,0.36171916319677927,0,0.07691463546233762,0.14323915289180594,FALSE
1575,0.015845819035428567,0.21216369327696,0,0.023522875850010908,0.07468676091881245,FALSE
1576,0.020878893860268866,0.21369444840969093,0,0.030994398400144063,0.09770442805439777,FALSE
1577,0.0252139813941192,0.21721217859622258,0,0.0374297694989617,0.11607996180080522,FALSE
1578,0.025435304391721536,0.21738695471831673,0,0.037758320101723974,0.11700474126738568,FALSE
1579,0.025482070448948582,0.21743470646504495,0,0.037827743597958964,0.11719412628841343,FALSE
1580,0.025394200483393598,0.21737268155839526,0,0.03769730197887488,0.11682332987446571,FALSE
1581,0.02537618409279325,0.21736927201080553,0,0.03767055692275568,0.11674227851088256,FALSE
1582,0.025420442275258404,0.217421063288634,0,0.03773625751728773,0.11691802942529025,FALSE
1583,0.18031771464239998,0.6022435400308642,0,0.26767888776259463,0.2994099606832793,FALSE
1584,0.03074936380372801,0.23620060434345433,0,0.04564695997125215,0.1301832562588028,FALSE
1585,0.3119017093200009,0.6312494791139274,0,0.46301331406957713,0.49410212545095683,FALSE
1586,-1.15535117990263,0.895593347704749,0,-1.715101144803535,-1.2900399303585666,FALSE
1587,0.05705071960308497,0.38927145071068636,0,0.08469092013335969,0.14655767716571155,FALSE
1588,-0.14591757098499009,2.195751829233075,0,-0.21661240097093173,-0.06645449136934373,FALSE
1589,-0.0753197971148044,0.7358371853777319,0,-0.11181108610531566,-0.10235932433360242,FALSE
1590,-0.036019428759612546,0.23909652055860964,0,-0.05347029074396865,-0.1506480674643825,FALSE
1591,-0.0156910383334515,0.19876557562623948,0,-0.023293106266725646,-0.07894243399046656,FALSE
1592,0.14379495648435756,0.494128922495548,0,0.21346141222972645,0.2910069618231123,FALSE
1593,0.2836701382935595,0.7169619387198378,0,0.4211039789433235,0.3956557844619522,FALSE
1594,0.16425539800365177,0.47238782792244627,0,0.24383462453378515,0.3477130194612428,FALSE
1595,0.19289369979603704,0.37242863800539516,0,0.2863477452573807,0.5179346594534513,FALSE
1596,0.05711865107377814,0.2983009630462484,0,0.08479176336196474,0.19147994190324655,FALSE
1597,-0.14999556047410656,0.7773839624358506,0,-0.22266611395702995,-0.19294913160301289,FALSE
1598,-0.01717787843183181,0.3748642264209265,0,-0.02550029763782615,-0.04582426708421935,FALSE
1599,0.016617577261740672,0.40902475006482963,0,0.024668539125804672,0.04062731475077442,FALSE
1600,0.46866312300026663,1.5228362678934784,0,0.6957232335649667,0.3077567384499995,FALSE
1601,0.02981663025985742,0.3350191401734511,0,0.04426233130014634,0.088999781458517,FALSE
1602,0.09366247245996234,0.36696444988333665,0,0.13904050693465286,0.25523582049906746,FALSE
1603,0.07980887523617887,0.3619145190573269,0,0.11847505387460529,0.2205185783760646,FALSE
1604,0.0703653326673972,0.36611771311451113,0,0.10445625945741054,0.19219319401077142,FALSE
1605,0.043194358111823046,0.3594269470508444,0,0.06412136356054535,0.12017562530088427,FALSE
1606,0.5843851497133795,1.19311267669572,0,0.8675108111838965,0.48979879363264484,FALSE
1607,-0.2582259856838482,0.4045424616116093,0,-0.38333252379740884,-0.6383161477169342,FALSE
1608,0.03965982645971587,0.626026473998311,0,0.05887440541628289,0.06335167617819126,FALSE
1609,-0.08202810063566231,0.557400072080795,0,-0.12176946001659919,-0.14716198426284444,FALSE
1610,0.020154970119562497,0.6417440860917244,0,0.029919744686161973,0.03140655372815036,FALSE
1611,0.11643987829580418,0.9486426907517208,0,0.17285321730726821,0.12274366253065759,FALSE
1612,0.09977928219475259,0.5692921773826509,0,0.14812081737287677,0.1752690203007756,FALSE
1613,0.10115596213857304,0.6119640485262031,0,0.15016447768044966,0.1652972300941331,FALSE
1614,0.7198569140033461,0.47606531546358766,0,1.0686165719811096,1.5120969552305161,FALSE
1615,0.19637014052789467,1.3541780386467788,0,0.2915084683195696,0.14501057831666364,FALSE
1616,0.04490871007918079,0.6774052974739184,0,0.06666629281924855,0.06629518583135952,FALSE
1617,0.05145358923798826,0.3555925194556174,0,0.07638206576615246,0.14469817676918353,FALSE
1618,0.05159384878523271,0.36170493367468537,0,0.07659027891747226,0.1426407106507312,FALSE
1619,0.025473600402715207,0.21741751166676318,0,0.037815169943953064,0.11716443724992452,FALSE
1620,0.02090634982539775,0.21372328080251476,0,0.03103515636018545,0.09781971223207873,FALSE
1621,0.025426774578845138,0.21737828250379504,0,0.037745657725051195,0.11697016963229172,FALSE
1622,0.025404177974587213,0.21736871506356673,0,0.037712113411853966,0.11687136286911427,FALSE
1623,0.02523152920522811,0.21725652209669155,0,0.03745581895599712,0.11613703911728201,FALSE
1624,0.02541890615056268,0.2173981865060611,0,0.03773397716368613,0.11692326674424211,FALSE
1625,0.02539062835003743,0.21738610395388638,0,0.037691999201576405,0.11679968447028007,FALSE
1626,0.02544400907092165,0.2174443096190459,0,0.037771242064778124,0.11701391089745498,FALSE
1627,0.013689702485108802,0.20686282102252082,0,0.02032215382876804,0.06617768440670364,FALSE
1628,0.04669903995727495,0.26994642596292495,0,0.06932401012365641,0.17299373307386814,FALSE
1629,-0.013188502802588814,0.19822509568185182,0,-0.019578130570543088,-0.06653296222268525,FALSE
1630,0.1580775656816953,0.6705749269963301,0,0.23466372699881677,0.23573438152506468,FALSE
1631,-0.019749669577715127,0.5423567067536523,0,-0.02931808223460287,-0.03641453923549574,FALSE
1632,-0.21343646826927237,1.503024380231465,0,-0.31684317066461426,-0.14200466145226684,FALSE
1633,0.1464991563524401,0.6647260715855866,0,0.21747575554819418,0.22039026693054514,FALSE
1634,-0.006000143202009017,0.513095549500422,0,-0.008907120755801799,-0.011694007495974356,FALSE
1635,0.05585579722003103,0.2670291534637205,0,0.08291707614308488,0.20917490279809384,FALSE
1636,0.04676598730629682,0.25192151609630264,0,0.06942339243870164,0.1856371302894965,FALSE
1637,-0.06925861590280899,0.2929428722059615,0,-0.10281335535782891,-0.23642362547095813,FALSE
1638,0.009732271355283012,0.29197760163121605,0,0.014447407881983804,0.033332253230764636,FALSE
1639,0.03431264550809193,0.2526081457669959,0,0.050936597128092294,0.13583348788657706,FALSE
1640,0.10660904181075044,0.2627248129814874,0,0.15825949099860334,0.405782158909606,FALSE
1641,0.12123127611908247,0.3919572181962989,0,0.17996597404726336,0.30929721533631194,FALSE
1642,0.11874193593850327,0.5542685860094813,0,0.17627058664663192,0.21423176224616866,FALSE
1643,0.2018864395058064,0.39742295964193597,0,0.29969732972956303,0.5079888683021709,FALSE
1644,0.19848025668504451,0.5437855043605268,0,0.2946409034611524,0.36499732908189697,FALSE
1645,0.06930224495511034,0.3647894860331165,0,0.10287812201826114,0.18997873460864742,FALSE
1646,0.08758001921842716,0.3699149496305862,0,0.13001119818486637,0.23675717703728527,FALSE
1647,0.09220829625245715,0.3628678704887908,0,0.1368818046096607,0.2541098392873709,FALSE
1648,0.03966744326643572,0.37302033096711823,0,0.058885712449289127,0.10634123658512439,FALSE
1649,0.06196721962791063,0.3658208171542264,0,0.09198938917695883,0.16939227272510812,FALSE
1650,0.6076818742625081,1.618605827051974,0,0.9020944422386121,0.37543536796064875,FALSE
1651,0.10136650472606966,0.703546361606751,0,0.1504770249293959,0.14407935319936843,FALSE
1652,-0.0596875201554096,0.4322785867196668,0,-0.08860521019907953,-0.13807651359357534,FALSE
1653,-0.010544534506197393,1.064378842347337,0,-0.015653200098452905,-0.009906749445472735,FALSE
1654,0.1592442439564231,0.5848420007589967,0,0.23639564304253577,0.272285922949718,FALSE
1655,0.4058494563025082,1.1694591288725262,0,0.6024773066670407,0.347040308021527,FALSE
1656,0.028210199748706047,0.6266627266826555,0,0.041877609791526556,0.04501655922323876,FALSE
1657,0.06784935366069737,0.4521661086032954,0,0.10072132712708981,0.1500540451169119,FALSE
1658,0.277338833316022,0.5398327284011544,0,0.4117052535999261,0.5137495722747827,FALSE
1659,0.7708602280159003,0.4767208010784133,0,1.1443302110662215,1.6170056483209876,FALSE
1660,0.13500870341131327,0.6035624912591604,0,0.20041835400964325,0.22368637111570047,FALSE
1661,0.0274620126679861,0.37704348218615336,0,0.04076693752062609,0.07283513431596093,FALSE
1662,0.05156472062835733,0.3617062182017963,0,0.07654703861437481,0.1425596742149158,FALSE
1663,0.05236442604118221,0.36147572198742967,0,0.07773418906083658,0.14486291293168282,FALSE
1664,0.025513159601896856,0.21744930470856008,0,0.03787389496971508,0.11732923053532536,FALSE
1665,0.025501444515291603,0.2174487388594777,0,0.03785650410293998,0.11727566068696056,FALSE
1666,0.025476248149275908,0.2174201547747974,0,0.037819100483200696,0.11717519093693989,FALSE
1667,0.025455913515683038,0.2174144452892455,0,0.037788914030838026,0.1170847386971772,FALSE
1668,0.025287005410298297,0.21730634895371945,0,0.03753817253340312,0.11636569999933027,FALSE
1669,0.025469644570552456,0.21744457393137773,0,0.03780929757164843,0.11713166307194355,FALSE
1670,0.02549230643022734,0.21749343657051504,0,0.03784293875551345,0.11720954357150132,FALSE
1671,0.009431038308419975,0.20793555059487617,0,0.01400023203405591,0.04535558388856075,FALSE
1672,0.009209100687854037,0.20939062748397094,0,0.0136707690329105,0.043980481832019934,FALSE
1673,0.07766393563525398,0.2675851862890217,0,0.11529092386368449,0.2902400417314892,FALSE
1674,0.09078474506766418,0.42319408116598434,0,0.13476856466219245,0.21452271926283575,FALSE
1675,0.16913658356317368,0.5070300414701805,0,0.25108066979410165,0.3335829629990888,FALSE
1676,0.11494174529912576,0.6727154539767668,0,0.1706292618014733,0.17086235290068932,FALSE
1677,-0.15393461072616685,2.0896587622088765,0,-0.2285135737720765,-0.07366495119205495,FALSE
1678,0.09016214088465689,0.4595816499347809,0,0.13384431828099666,0.19618307410109123,FALSE
1679,-0.005211912004456115,0.18666430507009446,0,-0.007737003606307237,-0.027921310410680744,FALSE
1680,-0.004814309354030888,0.33831305100683107,0,-0.007146768556753994,-0.014230338852442554,FALSE
1681,-0.03969614704692373,0.493522439056048,0,-0.05892832277213428,-0.08043433065140843,FALSE
1682,0.22468707249993813,0.8406113739888943,0,0.33354452046318595,0.26729006940953737,FALSE
1683,0.16156974763553464,0.3757529556685793,0,0.23984781766413021,0.42998929269379316,FALSE
1684,0.07639667873142225,0.5246945716438927,0,0.11340970038433931,0.1456021900361345,FALSE
1685,0.025006319521926404,0.5665110390799581,0,0.03712149862779686,0.04414092188307204,FALSE
1686,0.19940368739525652,0.38262918871322216,0,0.29601172221806477,0.5211408153827704,FALSE
1687,-0.21605489835900943,0.3415666598605255,0,-0.32073019005976866,-0.6325409466112201,FALSE
1688,0.2524986789355668,0.9964771040248523,0,0.3748304245816135,0.2533913503036889,FALSE
1689,0.06193397377621356,0.36915798029335284,0,0.09194003621891675,0.16777091945025133,FALSE
1690,0.094728092088652,0.3667059101556689,0,0.14062240296495318,0.25832169448384223,FALSE
1691,0.08038163343918828,0.361553737398071,0,0.11932530466134862,0.22232278393152943,FALSE
1692,0.07071664481129102,0.36561392698329526,0,0.10497777695845853,0.19341890336284162,FALSE
1693,0.023967143256799224,0.41378982408038756,0,0.03557885736600969,0.057921055236348905,FALSE
1694,0.5890569671403727,1.7077796406254566,0,0.8744460526556924,0.34492562923670683,FALSE
1695,0.10876691162231535,0.6165893544350064,0,0.1614628157093323,0.1764008911927789,FALSE
1696,-0.03949072962083114,0.8451884252733598,0,-0.05862338374685567,-0.046724172314663005,FALSE
1697,-0.02132183561007876,1.9083856746650603,0,-0.031651938648853774,-0.011172707851006554,FALSE
1698,0.252032822358056,0.36419406457991665,0,0.3741388676218756,0.6920289122470072,FALSE
1699,0.004569955967673248,0.6762205525093296,0,0.0067840296943468695,0.006758084992706869,FALSE
1700,0.14622628002112012,0.975027044207185,0,0.21707067481051223,0.14997151195946548,FALSE
1701,-0.008213052537110757,0.5753821963170147,0,-0.012192150796883582,-0.014274081801074121,FALSE
1702,0.23435855626332763,0.8085214758765407,0,0.3479016900953112,0.28986064471479,FALSE
1703,0.3317539260955122,0.4357866804309629,0,0.49248362604990237,0.7612759659552478,FALSE
1704,0.06679991222144703,0.693077630930689,0,0.09916344737141741,0.09638157291520975,FALSE
1705,0.046777127289564076,0.36962782761807994,0,0.069439929573373,0.12655196333836857,FALSE
1706,0.05158360768225676,0.3617033199825471,0,0.07657507615683667,0.14261303347933266,FALSE
1707,0.025604252636576234,0.21743611665809084,0,0.038009121185587726,0.11775528845025247,FALSE
1708,0.021042777150671706,0.2137462979550184,0,0.031237680636639266,0.0984474461171722,FALSE
1709,0.025530267079809498,0.21737620881591374,0,0.037899290758859595,0.11744738404849975,FALSE
1710,0.02550819447834323,0.21736767102789153,0,0.037866524319787126,0.11735045215196765,FALSE
1711,0.025553072562724953,0.21741516532505767,0,0.037933145149227195,0.11753123350213646,FALSE
1712,0.02553680273996399,0.21743349097017237,0,0.037908992846335685,0.11744650111636731,FALSE
1713,0.008657307399784878,0.20825065782594648,0,0.012851640341544053,0.041571572883196156,FALSE
1714,0.013398228174559683,0.21202455115203683,0,0.019889464675548196,0.06319187142130625,FALSE
1715,0.009056857562774707,0.2091200907848901,0,0.013444766443694264,0.04330936128031323,FALSE
1716,0.019005769693834457,0.2080013475480159,0,0.028213774241798054,0.09137330078809747,FALSE
1717,0.16757638418972481,0.5983957923083693,0,0.2487645777018692,0.2800427181201974,FALSE
1718,-0.1287255108146375,0.404926250623511,0,-0.19109105075931213,-0.317898655906907,FALSE
1719,-0.1283154616751452,0.7276730894844703,0,-0.19048233908722276,-0.17633668680265752,FALSE
1720,0.18140173495525103,0.4141781154052181,0,0.26928809932692416,0.4379800095854258,FALSE
1721,0.10029279752698655,0.3535305299842163,0,0.14888312302462056,0.28368921216355547,FALSE
1722,-0.010161227224800892,0.19239149296885139,0,-0.015084186305443167,-0.052815366563250365,FALSE
1723,0.08731493378287629,0.47402644080029965,0,0.12961768291271997,0.18419844605179056,FALSE
1724,0.1040586812173913,0.4397267880076359,0,0.1544735197290706,0.2366439435925025,FALSE
1725,0.052577697943206186,0.2852448268710814,0,0.0780507879354286,0.1843248079901869,FALSE
1726,0.28806891893842945,0.6390225539058265,0,0.4276339014906756,0.4507961685823103,FALSE
1727,-0.010110778745092615,1.077447459568108,0,-0.015009296309391443,-0.00938401093742937,FALSE
1728,0.05867954744798156,0.41496737700170705,0,0.08710889014115027,0.1414076158756455,FALSE
1729,0.0278205617817121,0.47161847237105203,0,0.04129919819263369,0.05898955068881167,FALSE
1730,0.12320502501158026,0.4200036956479574,0,0.18289597407146635,0.29334271647659355,FALSE
1731,0.06483720611926895,0.36272051237336,0,0.0962498402004426,0.17875252131462008,FALSE
1732,0.09111331297683843,0.3697035662653279,0,0.13525631869488228,0.24644964585342535,FALSE
1733,0.09544462816274163,0.3627215106718262,0,0.14168608980090527,0.26313473382364566,FALSE
1734,0.042112954106050975,0.3721314470016314,0,0.06251603586403395,0.11316687811623281,FALSE
1735,0.06407203147785778,0.36524026376213853,0,0.09511395015567757,0.17542433799025092,FALSE
1736,0.04243346416848668,0.36051098136834875,0,0.06299182814655957,0.11770366607815112,FALSE
1737,0.13903783766720698,0.9354018014943922,0,0.20639954214971407,0.14863969413473543,FALSE
1738,0.09109427883766873,0.8326192492635819,0,0.13522806280658772,0.10940688546203794,FALSE
1739,0.11219566230961078,0.7059048775949569,0,0.1665527436302281,0.15893878321377436,FALSE
1740,0.32842805995577673,0.5861678062364095,0,0.4875464286652904,0.5602969942421525,FALSE
1741,0.55624411946815,1.5970169041599505,0,0.8257358824616947,0.34830196099943034,FALSE
1742,0.19353303339268144,0.40195389019098005,0,0.28729682619708996,0.48148068252487425,FALSE
1743,-0.023507210064622395,1.53022824980912,0,-0.03489609358114724,-0.015361897852529303,FALSE
1744,0.028886766857222163,0.758904404697839,0,0.04288196330977908,0.03806377546157944,FALSE
1745,0.22821351539168944,0.5023346761772031,0,0.33877947096649236,0.454305717312625,FALSE
1746,0.7439426145393068,0.9419822217800453,0,1.1043714258136064,0.7897629035222056,FALSE
1747,0.02393024552833878,0.170234184154297,0,0.035524083252801535,0.14057250397281465,FALSE
1748,0.0515546316994697,0.36170420669226566,0,0.07653206175384443,0.14253257425709695,FALSE
1749,0.02559621944571971,0.21743700901431123,0,0.03799719603670303,0.11771786027481193,FALSE
1750,0.02556971221768599,0.2174206539394553,0,0.03795784646235972,0.11760479859841805,FALSE
1751,0.02556536066974013,0.21742048338491185,0,0.03795138665603119,0.11758487641884374,FALSE
1752,0.0255292074948828,0.21738015169399552,0,0.03789771782125204,0.1174403794271893,FALSE
1753,0.02551266641508567,0.21738200472458982,0,0.037873162841441724,0.1173632861073699,FALSE
1754,0.025540374014089234,0.21743444061868644,0,0.037914294348119,0.11746241276872621,FALSE
1755,0.01582338806368956,0.2121064369138119,0,0.023489577415753138,0.07460116861101813,FALSE
1756,0.011338116907455308,0.20624763785466285,0,0.016831261027951495,0.05497331763598172,FALSE
1757,0.006059061085529334,0.20777616745958974,0,0.00899458345219478,0.029161482568532585,FALSE
1758,0.058819115752149355,0.2662998761627751,0,0.08731607715270172,0.2208754904421973,FALSE
1759,0.2523691943939318,0.9927435671469752,0,0.3746382067612177,0.2542138803469765,FALSE
1760,-0.041550371765024706,0.5527668812089571,0,-0.06168089098867084,-0.07516798342576139,FALSE
1761,-0.2871588307223059,0.49259943242974014,0,-0.42628288946204096,-0.5829459228280041,FALSE
1762,-0.08876042779450093,0.40040263445763774,0,-0.13176349665080175,-0.2216779315519007,FALSE
1763,0.09765575868777095,0.47340659472952995,0,0.14496847922565786,0.20628305514747705,FALSE
1764,0.08796433125736025,0.6546236109006962,0,0.13058170352506213,0.134373905542958,FALSE
1765,0.10280741384696887,0.4065747324677357,0,0.15261603246736402,0.25286228001177447,FALSE
1766,0.05200096426000247,0.390666726402045,0,0.07719463560917848,0.13310824993702425,FALSE
1767,0.13039185415546067,0.6062643515862403,0,0.19356471194665986,0.2150742556680122,FALSE
1768,0.06710212868060494,0.7188664203951486,0,0.09961208307984667,0.09334436381618723,FALSE
1769,-0.15442755037739578,0.7722225803086084,0,-0.22924533514026332,-0.19997803005926204,FALSE
1770,0.25499533930447665,0.34882595027654945,0,0.37853667868979185,0.7310102333336043,FALSE
1771,-0.18637317409491422,0.4594972537255419,0,-0.27666812464569873,-0.4056023677700478,FALSE
1772,0.4606637223697312,1.5613978676595726,0,0.6838482457536159,0.2950328881006058,FALSE
1773,0.06539440399705199,0.3687496860701656,0,0.09707699192252621,0.17734090757872198,FALSE
1774,0.09731179332856066,0.36677675895904716,0,0.14445786791403567,0.26531613836368,FALSE
1775,0.08221195617800348,0.36236355398681624,0,0.12204239075543688,0.2268770003867292,FALSE
1776,0.0737185955339453,0.36451980597373207,0,0.10943412686369001,0.20223481502472213,FALSE
1777,0.04200605178960259,0.36294226144812713,0,0.06235734101132412,0.1157375600791153,FALSE
1778,0.05722720217796406,0.3548212814292398,0,0.08495290581483751,0.16128458233240608,FALSE
1779,0.11968091250670591,0.6109919195115271,0,0.17766448299181398,0.19587969772560632,FALSE
1780,-0.004565914941912711,0.8504910522473298,0,-0.0067780308534501465,-0.0053685631728256035,FALSE
1781,-0.006881930239792326,0.5194398185849564,0,-0.010216120118318163,-0.013248753741174273,FALSE
1782,0.08162682576614358,0.7010841892823094,0,0.12117377361400214,0.11642942033781117,FALSE
1783,-0.08669117460421623,0.4412243244746365,0,-0.12869172195815398,-0.19647868396067908,FALSE
1784,0.026325211336678107,0.17535767743293504,0,0.03907937334217011,0.15012294712186808,FALSE
1785,0.07293000955093683,0.6135802300439822,0,0.10826348304061638,0.11885977738511737,FALSE
1786,0.2360734700615303,0.3701542256297326,0,0.35044745338330524,0.6377705662009001,FALSE
1787,-0.011199007185470143,0.7675587915011041,0,-0.01662475477463191,-0.014590422661394315,FALSE
1788,-0.10001983004627119,1.0471306344988336,0,-0.14847790697705612,-0.09551800582564524,FALSE
1789,0.046978083065479265,0.3675260021504647,0,0.06973824534724539,0.1278224745748642,FALSE
1790,0.0515740317785396,0.36170110038240144,0,0.07656086087432039,0.14258743400010107,FALSE
1791,0.025568402329575284,0.21742094073511806,0,0.03795590195350621,0.11759861880427164,FALSE
1792,0.025538906908929983,0.2173994127278202,0,0.03791211645296301,0.11747459014944163,FALSE
1793,0.025520876974510068,0.2173921150987688,0,0.03788535129125094,0.11739559626123075,FALSE
1794,0.025582162375591636,0.2174794780416972,0,0.037976328531230556,0.11763023622250364,FALSE
1795,0.02555506242682319,0.21746347263261512,0,0.03793609907202769,0.11751427546637297,FALSE
1796,0.016622216673346582,0.2132472446887924,0,0.024675426261331016,0.07794809587155334,FALSE
1797,0.020790574472295632,0.2099699215139061,0,0.03086328962035816,0.09901691786325069,FALSE
1798,0.07849895337737887,0.2895022680901924,0,0.11653049492256407,0.271151427915318,FALSE
1799,0.12879768356358806,0.41094342266101835,0,0.19119819010058076,0.31341950366202,FALSE
1800,0.2846574041906344,0.7839272414104718,0,0.4225695600581853,0.36311712255140915,FALSE
1801,-0.2543228831988169,1.4304443539130665,0,-0.3775384278923639,-0.17779292322913604,FALSE
1802,0.04169583023841544,0.6762957667796856,0,0.06189682186628924,0.06165324742007226,FALSE
1803,0.08571737957541543,0.3052569156349656,0,0.12724613814108376,0.28080405450312085,FALSE
1804,-0.004132180960625106,0.19929569828311472,0,-0.006134159396193956,-0.02073391947855808,FALSE
1805,6.209838608824864e-4,0.25100711618823346,0,9.218410377992873e-4,0.0024739691460253367,FALSE
1806,0.03610630843355931,0.31363356051946867,0,0.053599262290315974,0.11512259202668468,FALSE
1807,0.03508693364531874,0.2527053146735798,0,0.05208601601792059,0.13884525416745044,FALSE
1808,-0.014335011059651095,0.19582076704543722,0,-0.021280104531724263,-0.07320475389785841,FALSE
1809,0.13546380763786806,0.938846314326586,0,0.2010939492689434,0.14428752136608566,FALSE
1810,-0.014635377134701484,0.5544614417883293,0,-0.021725993373264616,-0.026395662586558493,FALSE
1811,0.07922724340418996,0.6218608392003143,0,0.11761163032144596,0.12740349353092037,FALSE
1812,-0.18798842039240538,0.8512705741626733,0,-0.27906593305422106,-0.22083274824495672,FALSE
1813,0.2593912192366181,0.8915779800635055,0,0.3850622951734918,0.29093497712689376,FALSE
1814,0.09098298999967959,0.36981206715249915,0,0.13506285622978298,0.2460249355848115,FALSE
1815,0.09475905767790653,0.3627164422808214,0,0.14066837090829698,0.2612483103386375,FALSE
1816,0.041407353874903845,0.37314495069715153,0,0.06146858311956532,0.11096854934668672,FALSE
1817,0.05445168646141267,0.34998487124424743,0,0.08083269521075202,0.1555829721091342,FALSE
1818,0.05724878111966865,0.36096454106786346,0,0.08498493942354886,0.1585994595211654,FALSE
1819,0.05317272063205235,0.36509048128241184,0,0.07893409001065575,0.1456425827517567,FALSE
1820,0.2870102438719735,1.1677907745880773,0,0.42606231455673005,0.24577197398499104,FALSE
1821,0.1880396898728617,0.8187219634315045,0,0.27914204181331853,0.22967466157220465,FALSE
1822,0.19410286975015895,0.5663670846368218,0,0.2881427395488578,0.34271566094739736,FALSE
1823,0.008441737448513167,1.0395457968189732,0,0.012531630048013637,0.008120601780455483,FALSE
1824,0.008036998000563574,0.662336048318794,0,0.011930800531758672,0.012134320668433896,FALSE
1825,0.02689148424278283,0.5860388750537685,0,0.03991999680491092,0.045886860731407214,FALSE
1826,0.3460755275267947,0.9386155133378034,0,0.5137438241935376,0.36870851015035777,FALSE
1827,0.4789736313329944,1.0379685335215532,0,0.7110290253904947,0.4614529399152047,FALSE
1828,0.5016666097005638,1.2749503150440646,0,0.744716404478557,0.3934793409445334,FALSE
1829,0.05410088045945056,0.19160940291141176,0,0.08031192906965554,0.28234982019365423,FALSE
1830,0.051545232801105824,0.36170157447184875,0,0.07651810923306616,0.1425076262838264,FALSE
1831,0.025473998434520286,0.21742315930174574,0,0.037815760816076134,0.11716322454484612,FALSE
1832,0.025475797975338638,0.21743378580824746,0,0.03781843220688039,0.11716577476972909,FALSE
1833,0.02545927704669136,0.21746478942773986,0,0.03779390714114362,0.11707310003466598,FALSE
1834,0.025452010224408763,0.21747417272827602,0,0.03778311965467823,0.11703463406760434,FALSE
1835,0.025490817765890593,0.21752024151447702,0,0.03784072885608841,0.11718825608325768,FALSE
1836,0.02552925229607612,0.2175774263127418,0,0.03789778432793788,0.11733410367388408,FALSE
1837,0.020466432034370225,0.20990861618804055,0,0.0303821051320088,0.09750162907098565,FALSE
1838,0.052962456888026165,0.25002600511200684,0,0.0786219567005739,0.21182779313015862,FALSE
1839,-0.09646924384199192,0.35402520495084394,0,-0.14320711609579675,-0.27249258666593124,FALSE
1840,0.05088487238137175,0.6219088940822121,0,0.07553781429627968,0.08182046094784604,FALSE
1841,0.023136365734610986,0.49307190323521355,0,0.03434558084873277,0.04692290431234343,FALSE
1842,0.1989010434340077,0.25029278916941794,0,0.29526555495017043,0.794673486575659,FALSE
1843,0.05402906928229192,0.39070642001768885,0,0.08020532647617841,0.1382855937710105,FALSE
1844,-0.05434738121567798,0.34446430870705735,0,-0.08067785566977051,-0.15777362078431356,FALSE
1845,0.07579583380171957,0.2761702184055792,0,0.11251775528166559,0.2744533217206173,FALSE
1846,0.09641761160297416,0.42440288828282474,0,0.14313046882716665,0.22718415511517645,FALSE
1847,0.2059435544572969,0.4391266794080901,0,0.30572005478402425,0.46898438221720756,FALSE
1848,0.04797888696916472,0.7889594795535978,0,0.07122392342573182,0.06081286582209737,FALSE
1849,-0.006577334458972001,0.5099485308032005,0,-0.009763952343294732,-0.01289803590298082,FALSE
1850,0.24448395126833763,0.3643744352333104,0,0.36293268401885936,0.6709690022896189,FALSE
1851,-0.05322206376197456,0.6179686493523511,0,-0.0790073391318666,-0.086124213287766,FALSE
1852,0.41830869821655714,2.3870893109833906,0,0.6209728606093238,0.175237975509274,FALSE
1853,0.06534229121522671,0.3687469799699059,0,0.09699963129545265,0.1772008850636808,FALSE
1854,0.09644221523724834,0.366859621381654,0,0.14316699254570694,0.26288588227298226,FALSE
1855,0.08217231679221228,0.36238627214674984,0,0.12198354669388017,0.22675339301742714,FALSE
1856,0.04002206162831232,0.3766286146408983,0,0.05941213798033344,0.10626399607600688,FALSE
1857,0.0676170071678123,0.3675881623230111,0,0.10037641231428643,0.18394772764307665,FALSE
1858,0.052199010940840826,0.1931595390222173,0,0.07748863287593077,0.27023781069821706,FALSE
1859,0.049134725745466554,0.5653406657179426,0,0.07293974839992769,0.08691171310499826,FALSE
1860,0.27012402569846916,0.49419168385333695,0,0.4009949821087549,0.5465976756068498,FALSE
1861,0.8151930946645968,0.41665042421594495,0,1.2101416731257573,1.956539696794097,FALSE
1862,-0.061665150946759624,1.1966560482532933,0,-0.09154097284271918,-0.05153122406122424,FALSE
1863,-0.0552684039202449,1.228469699516062,0,-0.08204509977915542,-0.044989635431803565,FALSE
1864,-0.09644010136731938,1.26912239683393,0,-0.14316385453814856,-0.07598959848782731,FALSE
1865,0.03051796146135855,0.44096813386869926,0,0.0453034467354397,0.0692067274649044,FALSE
1866,0.05906014289604692,0.6701039947717292,0,0.08767387825908245,0.08813578691791824,FALSE
1867,0.028752010809371446,0.5851417139268726,0,0.04268192001908244,0.04913683322355769,FALSE
1868,0.07287362692131268,0.378659701430484,0,0.10817978388983214,0.19245149839292083,FALSE
1869,0.0518160190681218,0.36170716799261243,0,0.07692008730227566,0.14325405646697081,FALSE
1870,0.02546710202213293,0.21742704836747734,0,0.03780552319743139,0.11712941059242328,FALSE
1871,0.025509313256663398,0.2174696133486047,0,0.03786818512908137,0.11730058679863407,FALSE
1872,0.02546579317643086,0.21748493051205964,0,0.03780358023601755,0.11709221929295359,FALSE
1873,0.025453346256301804,0.2174873022199056,0,0.03778510297357651,0.11703371183741769,FALSE
1874,0.025522261187417145,0.21756619620488551,0,0.03788740613412718,0.11730802685626047,FALSE
1875,0.025536970177159102,0.21760222322017217,0,0.03790924140428933,0.11735620068238242,FALSE
1876,0.00793969118795931,0.20839865468704724,0,0.01178635005765363,0.03809857218071951,FALSE
1877,0.07782924242899954,0.27292845685503947,0,0.11553631926910633,0.285163530860166,FALSE
1878,0.17340409002398416,0.575387510759196,0,0.257415717824268,0.3013692281836042,FALSE
1879,-0.030764062519390917,0.5654532754031102,0,-0.04566877998970119,-0.05440602054601115,FALSE
1880,0.22079837795882012,0.5123022107359599,0,0.3277718129303777,0.43099243636217566,FALSE
1881,0.39190013865408485,0.5610029644714613,0,0.5817697581015427,0.6985705307694879,FALSE
1882,0.017341490154414968,0.22902333271733583,0,0.02574317673604917,0.07571931623149553,FALSE
1883,0.005318713190779845,0.20906893497821208,0,0.007895548332894735,0.02543999753638258,FALSE
1884,0.0463545538576164,0.357526197983828,0,0.06881262578080831,0.12965358655958734,FALSE
1885,0.10787200163941318,0.473752463846664,0,0.1601343355356236,0.22769697230393157,FALSE
1886,-0.030798408579008875,0.6508539375355629,0,-0.045719766189564,-0.047320000391525695,FALSE
1887,0.015389703503594086,0.7726157539006989,0,0.02284577932350031,0.019918961561288667,FALSE
1888,0.17930646710681916,0.40742520806753163,0,0.2661777062723913,0.44009664487205397,FALSE
1889,0.09573665250776298,0.6227872832499504,0,0.14211959547188127,0.15372287630564846,FALSE
1890,-0.06234187939245981,0.6160397832146158,0,-0.09254556586355232,-0.10119781399043373,FALSE
1891,0.07980708336340969,0.3637319311233728,0,0.11847239386690268,0.21941181550085093,FALSE
1892,0.0903977467849936,0.3697700117899335,0,0.13419407163427927,0.2444701947229528,FALSE
1893,0.09469834238098859,0.3627211498653749,0,0.14057823997922325,0.26107753136572315,FALSE
1894,0.0029232063196466423,0.4131883807984189,0,0.004339455044089207,0.007074754411046179,FALSE
1895,0.04085875071574977,0.3576521475159488,0,0.060654190125750844,0.1142415920036598,FALSE
1896,0.020786080259674593,0.35412700312790135,0,0.030856618030502696,0.058696682478537814,FALSE
1897,0.28009171844828884,0.7338617806563655,0,0.41579186944798485,0.38166821849991284,FALSE
1898,0.002606740086176383,0.5036633723156346,0,0.0038696657637751057,0.005175560164702223,FALSE
1899,-0.09104534189539779,1.0425703183341732,0,-0.1351554166647288,-0.08732777088922954,FALSE
1900,0.7339121951284021,0.431700981620481,0,1.0894814217059792,1.7000475476648382,FALSE
1901,-0.1312783153292516,0.8359745965098334,0,-0.19488064999254548,-0.15703624951922496,FALSE
1902,0.24189177620288776,0.8428310546656632,0,0.3590846398054463,0.2869991261758172,FALSE
1903,0.3962090475928114,0.8078367509295595,0,0.5881662674765424,0.4904568245216655,FALSE
1904,0.2005580826270271,0.6031106724839356,0,0.29772540427249633,0.33253943559151516,FALSE
1905,0.024093749430161505,0.583390967392197,0,0.03576680229275581,0.04129949001072546,FALSE
1906,-0.04889382928248293,1.4651960495093488,0,-0.07258214128736373,-0.033370161828416095,FALSE
1907,0.03726129502777865,0.3608242118060458,0,0.055313822213252366,0.10326716946535658,FALSE
1908,0.025160085165372388,0.21729991954163214,0,0.03734976137222742,0.1157850643407717,FALSE
1909,0.025261119461194116,0.21735159287606454,0,0.03749974523812252,0.11622238018562943,FALSE
1910,0.025107019756561127,0.2173206341811847,0,0.0372709865849724,0.11552984764267202,FALSE
1911,0.025288702248385014,0.2174180433338669,0,0.03754069146357405,0.11631372383179675,FALSE
1912,0.02535828805757948,0.21755509480085533,0,0.037643990532365904,0.11656030432563229,FALSE
1913,0.010609132067389565,0.2063353362395775,0,0.015749094189426653,0.05141694224915126,FALSE
1914,0.11819387025752046,0.4117352633647401,0,0.175456991530937,0.28706278226360504,FALSE
1915,0.23788061129283994,0.8339260064315883,0,0.3531301268842767,0.285253858805463,FALSE
1916,0.3880437614879593,0.7597735832870559,0,0.5760450252173183,0.5107360535083905,FALSE
1917,0.16664750827481972,0.6290364443623885,0,0.24738567562192462,0.26492504491331814,FALSE
1918,-0.09037449955835017,0.2684670376767077,0,-0.13415956148210803,-0.3366316414128299,FALSE
1919,-0.008536378828862894,0.343316198286565,0,-0.012672123728729211,-0.024864480241440876,FALSE
1920,0.00147457428091749,0.23182592324687049,0,0.0021889829527958573,0.006360696251157477,FALSE
1921,0.05164545372988971,0.3802990823836248,0,0.07666688566804156,0.13580220442865182,FALSE
1922,0.09756766827577731,0.2014890621612551,0,0.14483771035720938,0.48423307562815626,FALSE
1923,0.1704115806160731,0.35431180966062686,0,0.2529733834062807,0.480965003055641,FALSE
1924,0.08841984152491265,0.5448070642448978,0,0.13125790154600908,0.16229569572021335,FALSE
1925,-0.011100443187484325,0.3183196069084306,0,-0.016478438028068206,-0.03487200582864986,FALSE
1926,-0.26403435977705925,0.3010145951338211,0,-0.3919549662460789,-0.8771480321732517,FALSE
1927,0.40846434781050467,2.041216478155206,0,0.6063590730917564,0.20010829433420174,FALSE
1928,0.0649578283415106,0.3687096352860674,0,0.09642890204332992,0.17617610749746845,FALSE
1929,0.06675948002526093,0.37396991129855983,0,0.09910342639496283,0.1785156452652773,FALSE
1930,0.0459899822035364,0.3563621476631204,0,0.06827142473981554,0.12905406060974825,FALSE
1931,0.29082522341574374,0.8456224846942254,0,0.43172559330412685,0.3439185081755546,FALSE
1932,0.3621797471821166,1.3835067483216403,0,0.5376502918091571,0.2617838674234759,FALSE
1933,0.4534545751634767,1.6361707444868592,0,0.6731463770563889,0.277143798525557,FALSE
1934,0.16159222425925943,0.7227899938445631,0,0.2398811838680622,0.22356732333791832,FALSE
1935,-0.06940160728548005,1.0707551943576001,0,-0.10302562387703088,-0.06481556909664823,FALSE
1936,0.1873325263697679,0.5192135254878617,0,0.2780922684155697,0.36080055155294183,FALSE
1937,-0.12415639571518186,0.8043896686274059,0,-0.18430826932096545,-0.15434857079534575,FALSE
1938,0.24341308142811954,0.8243087722365983,0,0.36134299412989557,0.2952935715674437,FALSE
1939,0.27771838859078046,0.6277386487591206,0,0.41226869759650325,0.44241084906873107,FALSE
1940,-0.08940455599083065,0.6101451591134514,0,-0.13271969510036621,-0.14652997676935864,FALSE
1941,0.5969524828470009,1.9807597699930604,0,0.8861668248873817,0.30137550847425193,FALSE
1942,0.020962529657085546,0.21384349994454707,0,0.03111855446053683,0.09802743437383626,FALSE
1943,0.01631994319981928,0.21314352026952124,0,0.024226705915942948,0.07656785990576967,FALSE
1944,0.02511991582279052,0.21729681981561474,0,0.037290130597925554,0.11560185668665468,FALSE
1945,0.025170542919376742,0.21738360449232144,0,0.037365285747998994,0.11578859858433266,FALSE
1946,0.025128787191666693,0.21735804423052832,0,0.03730330000925275,0.11561010902828739,FALSE
1947,0.025187037739681492,0.21743954901629942,0,0.03738977205630085,0.11583466693905557,FALSE
1948,0.08865667389078043,0.28454495221001685,0,0.13160947556860245,0.3115735253856998,FALSE
1949,0.008072181653670397,0.2084271654438397,0,0.01198303012633698,0.03872902861045448,FALSE
1950,0.12392088372281061,0.3583263647423457,0,0.18395865537262038,0.3458324475005233,FALSE
1951,0.26687358445312237,0.47184934722470206,0,0.39616975182554287,0.5655906615592561,FALSE
1952,0.24241577276208473,0.8278146774187785,0,0.35986250467820957,0.2928382153333703,FALSE
1953,0.31018489903920593,0.6588368074269247,0,0.460464735482199,0.4708068759100261,FALSE
1954,0.0087720960922321,0.25268817787439524,0,0.013022042398729231,0.03471510288301846,FALSE
1955,-0.010019215549433608,0.21045567662623288,0,-0.01487337214673999,-0.04760724780651857,FALSE
1956,0.049294693250824716,0.36465906669974485,0,0.07317721771345213,0.13518022106773303,FALSE
1957,0.1078465868825168,0.3763425463893788,0,0.16009660771796425,0.2865649603458188,FALSE
1958,0.1126748024330965,1.03673640318233,0,0.16726401981067127,0.10868220898507454,FALSE
1959,0.07873999801249824,0.63103103989166065,0,0.11688832199439587,0.12477991261098158,FALSE
1960,-0.025976856763764336,0.3803994232121302,0,-0.03856224630997864,-0.06828837053540512,FALSE
1961,-0.2059571378579436,0.8760097837594875,0,-0.30574021913440075,-0.2351082621178693,FALSE
1962,0.23851587563314766,0.5423987672741126,0,0.35407316707523095,0.4397426580296939,FALSE
1963,0.08776993576511577,0.3840877942568768,0,0.1302931263918988,0.22851529540252846,FALSE
1964,0.09054446956668662,0.36975133116901177,0,0.13441187935822313,0.24487936062439522,FALSE
1965,0.06922135370905096,0.368693792364599,0,0.10275804020146435,0.18774754319866171,FALSE
1966,0.12195211868602417,0.4127539393423286,0,0.18103605380594678,0.2954596117976233,FALSE
1967,0.04661288288682499,0.3667792893045054,0,0.06919611127114118,0.12708700912533344,FALSE
1968,0.07828483818468869,0.7415146647888896,0,0.11621264419588397,0.10557422786368832,FALSE
1969,0.002043725714606215,0.517890578731538,0,0.0030338795456814707,0.0039462500353103225,FALSE
1970,0.11570948657898457,0.26920882773857313,0,0.17176896198173344,0.4298131214751593,FALSE
1971,0.2855487256187358,0.7962331035594986,0,0.4238927130772123,0.3586245338735758,FALSE
1972,0.12628162894768297,0.7207318909045538,0,0.18746314552955196,0.17521304460274867,FALSE
1973,0.2207620928901262,0.8024032261039634,0,0.32771794830121664,0.2751261282460536,FALSE
1974,-0.04278868486096049,0.7174745440592301,0,-0.06351914782815722,-0.05963791358906823,FALSE
1975,0.18943702573678112,0.5483045136008681,0,0.2812163655181553,0.34549601733659924,FALSE
1976,0.07896327272543482,0.5824667510661955,0,0.11721976988870234,0.13556700460737697,FALSE
1977,0.3018216905537436,1.5073901498541902,0,0.44804968047800886,0.20022798383214777,FALSE
1978,0.016322447193003315,0.2131494788001326,0,0.02423042305550296,0.07657746706623972,FALSE
1979,0.013896854488667348,0.212544206530024,0,0.020629667807748484,0.06538336055141676,FALSE
1980,0.025114146095139327,0.21730880374180012,0,0.03728156552552861,0.11556893076904151,FALSE
1981,0.025148936504541603,0.2174113815380167,0,0.03733321135584581,0.11567442480072757,FALSE
1982,0.02534045374584363,0.21757594991871673,0,0.03761751576953447,0.1164671635597154,FALSE
1983,0.09614121232292436,0.2867925226535134,0,0.1427201583260113,0.335229145562755,FALSE
1984,0.009145166876305762,0.2074172623750655,0,0.013575860268124938,0.044090673898534403,FALSE
1985,0.25352179464680286,0.8179324928185603,0,0.37634922419694367,0.30995442395640455,FALSE
1986,0.19179953822451906,0.8163141463331792,0,0.28472347914976426,0.2349579988121827,FALSE
1987,-0.04000823135627506,0.3172310783815681,0,-0.059391607153155813,-0.12611699824741898,FALSE
1988,0.11332611803299565,0.8017819198161052,0,0.16823088785083684,0.14134282057518566,FALSE
1989,-0.010895229260971409,0.34021771029500314,0,-0.016173801094801217,-0.03202428601240113,FALSE
1990,-0.06249177289069961,0.3957935868457102,0,-0.0927680804676845,-0.15788980662554394,FALSE
1991,0.034652457797789055,0.5442320244957923,0,0.05144104327158173,0.06367221375826436,FALSE
1992,0.2849702839827525,0.4706174080716393,0,0.4230340253211998,0.6055243157077885,FALSE
1993,-0.005174340582353454,0.298222393769399,0,-0.007681229405197579,-0.01735061045199215,FALSE
1994,0.08557661951181014,0.6410288189937956,0,0.1270371819808863,0.13349886460040483,FALSE
1995,0.2737270197654498,0.4401717804268262,0,0.40634357166013235,0.6218640811094748,FALSE
1996,-0.05003555790290531,0.6063373861502986,0,-0.07427701995110163,-0.08252098426683938,FALSE
1997,0.45400989574974193,2.520472129719016,0,0.6739707419679448,0.18012890934063028,FALSE
1998,0.06494031778711314,0.3687170811262597,0,0.09640290789331246,0.17612505932394174,FALSE
1999,0.06675564219309833,0.37396079787210373,0,0.09909772919185253,0.17850973303337817,FALSE
2000,0.047426068768139366,0.35570820027575756,0,0.0704032732667674,0.13332857868155135,FALSE
2001,0.038525265465376074,0.3492667772472513,0,0.057190166983769566,0.11030326379455051,FALSE
2002,0.055739510861933225,0.6033334453136291,0,0.08274445082416204,0.09238591245833938,FALSE
2003,0.08374035679112612,2.048066984447261,0,0.12431127807462064,0.040887508771460544,FALSE
2004,0.09242462028705034,0.6621738109022925,0,0.13720293432834121,0.13957758335550982,FALSE
2005,0.3611758526406268,0.6007188258974634,0,0.5361600257261501,0.601239443596655,FALSE
2006,-0.02737731742324166,0.4821792733073162,0,-0.04064120872599859,-0.056778295830631376,FALSE
2007,0.25870767628076047,1.0929799871114991,0,0.3840475861166207,0.23669937174647343,FALSE
2008,0.3797326980624393,1.4213271578763031,0,0.5637073787565725,0.2671676932071167,FALSE
2009,0.5439101736986562,0.8596098298374034,0,0.8074263287284426,0.6327407561190147,FALSE
2010,-0.05009405582361745,0.42495302449496264,0,-0.07436385921913309,-0.1178813961452609,FALSE
2011,0.10189279730019322,0.5607244894744347,0,0.15125829820117895,0.18171633166173468,FALSE
2012,0.02516105653167312,0.21732481159472072,0,0.03735120335063484,0.11577627214786153,FALSE
2013,0.014856480507915945,0.2114959331572268,0,0.022054217946984277,0.07024475736311954,FALSE
2014,0.025134735750648115,0.2173285764282468,0,0.03731213055402255,0.11565315598957415,FALSE
2015,0.0248240022344643,0.21711410467743608,0,0.03685085140478534,0.11433620248368954,FALSE
2016,0.024830789984956015,0.21714058569918654,0,0.036860927716508986,0.11435351850508081,FALSE
2017,0.02488978929408524,0.2172144396971706,0,0.03694851128797224,0.1145862555398496,FALSE
2018,0.025055964352373773,0.2173686018601958,0,0.03719519561882,0.11526947377841133,FALSE
2019,0.012470216918437048,0.21481364568945813,0,0.01851184616833324,0.05805132573590979,FALSE
2020,0.07456332900607433,0.27309438689565996,0,0.11068812077506895,0.27303134954056174,FALSE
2021,0.1561101184215552,0.619942290248833,0,0.23174308165140714,0.2518139524872478,FALSE
2022,0.008406558786492768,0.5635124428344965,0,0.01247940786262674,0.014918142258238959,FALSE
2023,0.29171349460394197,0.6133283552003331,0,0.4330442182886992,0.47562368856835063,FALSE
2024,0.23141327322249614,0.4728734834398622,0,0.3435294624964903,0.4893767177197327,FALSE
2025,-0.01723578088914114,0.20954472835894566,0,-0.025586252949549238,-0.08225346933861592,FALSE
2026,0.08336203818151695,0.3165917235661977,0,0.12374966988853141,0.26331085741123733,FALSE
2027,-0.02263685290715046,0.3197597074223454,0,-0.033604061701027574,-0.07079332505533985,FALSE
2028,0.02614179631022336,0.7711316944812472,0,0.03880709654242406,0.03390056004352067,FALSE
2029,-0.2124651303517683,0.9469341197994325,0,-0.31540123439165985,-0.22437160717872323,FALSE
2030,-0.05828307547369906,0.4242460055105632,0,-0.08652033356302677,-0.13738037534038228,FALSE
2031,-0.08556874174834156,0.4892083919557099,0,-0.1270254875615803,-0.1749126612613147,FALSE
2032,0.148633916285172,0.6129466124374008,0,0.2206447739974745,0.24249080306378515,FALSE
2033,0.08684547668891485,0.3835415635801495,0,0.12892078104141425,0.22643041833135397,FALSE
2034,0.061766858931146806,0.3276100928678088,0,0.09169195678897943,0.18853771686475435,FALSE
2035,0.041882676896362464,0.3563291661750558,0,0.062174192870467083,0.11753928915206041,FALSE
2036,0.074563605108748,0.355149564144146,0,0.11068853064526248,0.2099498708056546,FALSE
2037,0.0625247134243365,0.881879641737124,0,0.09281698018573893,0.0708993727320607,FALSE
2038,0.5511588888296869,0.8511843057517361,0,0.8181869354044431,0.6475200319194357,FALSE
2039,0.1400702482578582,0.44601351331932554,0,0.20793213987128512,0.31404933723964146,FALSE
2040,0.5052827301823722,1.3064575017036537,0,0.7500844799918568,0.38675787733123407,FALSE
2041,0.2553769466899373,1.1067310411351523,0,0.3791031690133005,0.23074887863270033,FALSE
2042,-0.05003286088217248,0.5849640381795977,0,-0.07427301626509958,-0.0855315158139879,FALSE
2043,0.5692371819431633,1.7736589057772387,0,0.845023884857016,0.32093948847155407,FALSE
2044,0.4402952965230407,1.2531671978234464,0,0.6536116293073083,0.3513460113604666,FALSE
2045,0.5152649719901139,0.8781180310230068,0,0.7649029651849097,0.586783272619776,FALSE
2046,0.2065514850645631,0.5579362895758313,0,0.30662251846660016,0.3702062205374614,FALSE
2047,-0.08266272511209338,0.5976715745875966,0,-0.12271155033942123,-0.1383079413959616,FALSE
2048,0.024936279932145658,0.21724452284716447,0,0.03701752592866944,0.11478438952262465,FALSE
2049,0.01484690187794518,0.2114784165666008,0,0.022039998617386244,0.07020528202824637,FALSE
2050,0.025066420990667786,0.2172738451858362,0,0.037210718338336654,0.11536787121905197,FALSE
2051,0.025149413857584294,0.2173551741611626,0,0.03733391997913216,0.11570653403878359,FALSE
2052,0.025121758516931835,0.21735542542500624,0,0.03729286604917732,0.11557916471516627,FALSE
2053,0.024819796034271868,0.21710965436321442,0,0.03684460736497234,0.1143191725262917,FALSE
2054,0.02482899207860053,0.2171521694852653,0,0.036858258752039845,0.11433913894323437,FALSE
2055,0.02505072204273331,0.21736604022514094,0,0.03718741349038825,0.11524671478942412,FALSE
2056,0.020726482698857147,0.2138174496093328,0,0.030768146363564064,0.09693541259951717,FALSE
2057,0.00917317720313867,0.2094477930417982,0,0.013617441169631863,0.043796962813105585,FALSE
2058,0.07303777857060285,0.5686037015388358,0,0.10842346450098857,0.12845111344322538,FALSE
2059,0.20606085824113068,0.5672889516901553,0,0.30589419045588123,0.3632379189250949,FALSE
2060,0.2734450909952808,0.8201926412379701,0,0.40592505271551965,0.3333913001006109,FALSE
2061,0.1800354929149107,0.6334645845780996,0,0.26725993392732345,0.2842076689019924,FALSE
2062,0.1497858282952474,0.37300590754110563,0,0.22235476974730334,0.40156422530316316,FALSE
2063,-0.001705622271152571,0.22482016723300158,0,-0.002531970158287905,-0.007586607074199352,FALSE
2064,0.1010040610085645,0.4312488228586005,0,0.14993898277768206,0.23421295469061976,FALSE
2065,0.31843411544876093,0.53853956276697,0,0.4727105709942658,0.5912919634217286,FALSE
2066,0.22212082504644995,0.3535802850065024,0,0.32973496539292785,0.6282047796934298,FALSE
2067,-0.07303070066893541,0.5416030191987399,0,-0.10841295746428509,-0.13484175324018455,FALSE
2068,0.011266623800422157,0.7179072291157437,0,0.016725130604707844,0.015693704344361337,FALSE
2069,-0.11129636637550865,0.5350792641127631,0,-0.16521775257908664,-0.20799977468768804,FALSE
2070,0.06138148196079752,0.3681637277656488,0,0.09111987057439427,0.16672332805112547,FALSE
2071,0.08935127904281319,0.35852141233331775,0,0.13264060628639704,0.24922159728564053,FALSE
2072,0.0639336284233451,0.357039208913012,0,0.09490849293940588,0.179066127269293,FALSE
2073,0.054170406499911776,0.36661265623983086,0,0.0804151394126776,0.14775923738015895,FALSE
2074,0.047363733067020804,0.3553145852043454,0,0.0703107368724569,0.13330084111177534,FALSE
2075,0.018419007975382568,0.34284888678223424,0,0.027342735450693396,0.053723400266081904,FALSE
2076,0.16701047639561642,0.553793046931368,0,0.24792449624229915,0.301575610818953,FALSE
2077,0.1857678637622171,0.5005609669509976,0,0.2757695507206193,0.37111935613709734,FALSE
2078,0.039241730618712126,0.8191384519488969,0,0.058253748538948366,0.047906102473089955,FALSE
2079,0.051944114421752965,0.44736488743926356,0,0.0771102428943402,0.11611129053753722,FALSE
2080,0.6858523686111476,0.4504221768203385,0,1.0181373447598256,1.52268783356268,FALSE
2081,0.14264297779991894,0.5954683922600366,0,0.2117513175028258,0.23954752200789833,FALSE
2082,0.04772571347805434,0.8075887298910925,0,0.07084809125280418,0.059096557086043534,FALSE
2083,0.4548993690730886,1.3883656814560341,0,0.6752911515037473,0.3276509749189548,FALSE
2084,0.017040169455458234,0.5939559192255611,0,0.025295870769929632,0.028689282998772585,FALSE
2085,-0.03108047723793099,0.9275162927408411,0,-0.04613849279688982,-0.033509359869126565,FALSE
2086,-0.050859477691378246,0.5462049739676075,0,-0.07550011626763053,-0.09311427049434826,FALSE
2087,0.013917926309379628,0.2128241509238639,0,0.020660948603107843,0.06539636713672901,FALSE
2088,0.014198085996988645,0.21027436722638365,0,0.02107684137173471,0.06752171548186295,FALSE
2089,0.025132471968934436,0.21733754212281503,0,0.03730877000471403,0.11563796904785256,FALSE
2090,0.025148141976788725,0.21737605359398315,0,0.037332031891556296,0.11568956911767586,FALSE
2091,0.025108864900064184,0.21736065636325183,0,0.03727372567226419,0.11551706422022576,FALSE
2092,0.024821760976350707,0.21713075387684097,0,0.036847524291416446,0.11431711322860276,FALSE
2093,0.024896173914001972,0.21725070192572524,0,0.036957989158526924,0.11459651772500878,FALSE
2094,0.025280681178822862,0.21770936338728478,0,0.03752878430856534,0.11612123973671667,FALSE
2095,0.013637001500133862,0.2122417401299387,0,0.020243920023120816,0.06425221302739514,FALSE
2096,-0.002859085497780948,0.18592018060107526,0,-0.004244268665349485,-0.015378026680791705,FALSE
2097,0.00663123887795478,0.32789524466297754,0,0.009843972628308962,0.020223650650288034,FALSE
2098,0.02235212405641187,0.6462922632737707,0,0.03318138607966238,0.03458516421531642,FALSE
2099,0.04567313722022893,0.6968342401683517,0,0.06780107321116456,0.06554376146785572,FALSE
2100,0.02411280232085647,0.4997691915950513,0,0.03579508601740263,0.04824787667262688,FALSE
2101,-0.009831128237871026,0.2098589992021687,0,-0.014594159411257097,-0.0468463505270039,FALSE
2102,0.22627541428665712,0.8943068327860101,0,0.33590238953721985,0.25301765120338776,FALSE
2103,0.12235665762413479,0.437910454579669,0,0.18163658566841445,0.27941022267116133,FALSE
2104,0.04853764064245543,0.2336486199009016,0,0.0720533847024363,0.20773775878942452,FALSE
2105,0.03039608954796833,0.6976127711502066,0,0.0451225297451679,0.04357157839563633,FALSE
2106,0.15889024857864595,0.39569052532627796,0,0.23587014232185283,0.40155181488772934,FALSE
2107,0.2475227085766112,0.7305227129818821,0,0.3674436727371462,0.338829586237314,FALSE
2108,0.16576845415909292,0.5462760673210533,0,0.24608073324037585,0.30345179676646666,FALSE
2109,0.08720485091498334,0.3834614701836581,0,0.1294542665800666,0.22741489744254292,FALSE
2110,0.08861648339173268,0.36858935125118475,0,0.13154981338785077,0.2404206282436594,FALSE
2111,0.07559485913382899,0.337386278354829,0,0.11221941146294487,0.22406026558770098,FALSE
2112,0.022864830869015904,0.35972084766676454,0,0.03394249149638932,0.06356270707500737,FALSE
2113,0.041215016211866684,0.3581657572973155,0,0.061183060802366775,0.1150724639978742,FALSE
2114,0.034390519766908746,0.3565395822848685,0,0.05105220027350017,0.09645638654344796,FALSE
2115,0.061771523856134006,1.1271219737291789,0,0.09169888179872983,0.05480464873890948,FALSE
2116,0.1472785933566038,0.9732941926151483,0,0.21863281785219082,0.15131970834109296,FALSE
2117,0.27421514736679836,1.480476743414121,0,0.4070681896139165,0.18522084091265897,FALSE
2118,0.6127220241052266,1.9232375844195388,0,0.9095764675445078,0.3185888363814162,FALSE
2119,0.0013552495000518112,0.4616338756530368,0,0.002011847141774827,0.002935767003958813,FALSE
2120,-0.09571550344908894,0.5995315835840507,0,-0.14208820001794975,-0.15965047725574946,FALSE
2121,0.030967348412351874,0.5625189957334931,0,0.04597055478666736,0.05505120475437847,FALSE
2122,0.551509509116327,1.7880185117027485,0,0.8187074258539864,0.30844731500633,FALSE
2123,0.1673352880004143,0.5787698238026233,0,0.24840667409862963,0.2891223438378161,FALSE
2124,-0.06451925607050815,0.4710518831222343,0,-0.09577784821903834,-0.1369684707401242,FALSE
2125,0.4695279401737625,0.6730160598671144,0,0.697007041423659,0.6976474532665234,FALSE
2126,0.10862881225625236,0.6650818680859318,0,0.16125780931391645,0.16333148965386768,FALSE
2127,0.024913993975759458,0.21777720794653999,0,0.03698444276748356,0.11440129208505305,FALSE
2128,-0.006943459791035263,0.1842919954126018,0,-0.010307459795475806,-0.037676404639766965,FALSE
2129,0.025158938419302335,0.2173996532599661,0,0.03734805904523649,0.11572667224642406,FALSE
2130,0.024826906634072582,0.21715182740365502,0,0.036855162941554234,0.11432971543878753,FALSE
2131,0.024831679295307243,0.21717215075061297,0,0.03686224788411517,0.1143409926617267,FALSE
2132,0.024692433662624566,0.21721574914544298,0,0.036655539873445137,0.11367699515236829,FALSE
2133,0.009191380877593225,0.207162264948952,0,0.0136444642457664,0.044368026579831625,FALSE
2134,0.0031914495265034696,0.18854941033596762,0,0.004737657979412032,0.01692632992496116,FALSE
2135,0.14289939082282105,0.540838571247163,0,0.21213195871111973,0.2642181945220695,FALSE
2136,0.35455328715062207,0.583167297633634,0,0.5263289286095134,0.6079786856864612,FALSE
2137,-0.18211065179018193,1.2363348788345467,0,-0.27034047551895174,-0.1472988062602034,FALSE
2138,0.25002025328489186,0.6501834969723562,0,0.3711512396335864,0.3845379872745708,FALSE
2139,-0.040372535367756326,0.35822176199105105,0,-0.05993241088280682,-0.11270263186513191,FALSE
2140,-0.004162982244629385,0.21023714420059728,0,-0.006179883430908327,-0.019801364123635954,FALSE
2141,0.03590852494181439,0.308344109740904,0,0.05330565572374498,0.11645601069528351,FALSE
2142,0.16129369641329908,0.5684686053214875,0,0.23943802384947335,0.28373369242103047,FALSE
2143,0.13848704772781298,0.24176313781085307,0,0.20558190291410042,0.5728211876376305,FALSE
2144,0.08693085604215171,0.3309636098576066,0,0.129047525384629,0.2626598618487173,FALSE
2145,0.10573428384359193,0.4689685292846079,0,0.15696092618385496,0.22546136305752798,FALSE
2146,-0.19920303220368027,0.47324461875095397,0,-0.2957138526570433,-0.4209303694343988,FALSE
2147,0.4806047960591224,2.610743573023652,0,0.713450464462709,0.18408732325346927,FALSE
2148,0.04265656939332915,0.34917871920900356,0,0.06332302443838421,0.12216256904189153,FALSE
2149,0.08130630049465887,0.34288116907807664,0,0.12069795875387604,0.23712675943467984,FALSE
2150,0.01873850709753493,0.35207688556177763,0,0.02781702700784005,0.05322276998569664,FALSE
2151,0.0707667816336061,0.36499706930271736,0,0.10505220430387974,0.19388315026418557,FALSE
2152,0.05400981963683622,0.3693901153943402,0,0.08017675067210046,0.1462134945846571,FALSE
2153,0.03557378737453985,0.3551679934902759,0,0.05280874292802716,0.1001604537192449,FALSE
2154,0.11208936720049853,0.4177614942359036,0,0.16639495016751593,0.26830947501639146,FALSE
2155,0.5097368402911174,1.2515147077593654,0,0.7566965382815568,0.40729592479477833,FALSE
2156,0.4286491193975569,0.734026396714267,0,0.6363230576003184,0.5839696246842419,FALSE
2157,0.585335396072474,1.3178237909526591,0,0.8689214373611819,0.4441681809745847,FALSE
2158,0.05783338614032621,0.19206603194623104,0,0.08585277662978442,0.3011119954647508,FALSE
2159,-0.15294756969199355,0.7547622053085064,0,-0.22704832646275075,-0.2026433870380099,FALSE
2160,0.2806831004715478,0.49932098427703925,0,0.41666976701086544,0.5621295906038186,FALSE
2161,0.4482983545993007,1.1147326872365415,0,0.6654920465408627,0.40215771882553014,FALSE
2162,0.5966978263966133,1.9191639731218553,0,0.8857887912841027,0.3109155000580696,FALSE
2163,0.49357252981058064,1.2957125128390257,0,0.7327008667555495,0.38092750121639074,FALSE
2164,0.042848553567985344,0.5719839800541904,0,0.06360802200749106,0.07491215674244203,FALSE
2165,0.011964275827589342,0.6012860119911471,0,0.017760784362009403,0.01989781167196934,FALSE
2166,-0.005101971871216779,0.19903794770536323,0,-0.007573799161062693,-0.02563316156559879,FALSE
2167,0.011103209515402118,0.22544551119138068,0,0.016482544599525646,0.04925008023768814,FALSE
2168,0.02515748333459762,0.2174097373249157,0,0.037345898994261294,0.11571461170113151,FALSE
2169,0.02515063647367224,0.21740615840350766,0,0.037335734934003516,0.11568502317672368,FALSE
2170,0.02485460871557668,0.21717257794765496,0,0.036896286257588,0.11444634930643674,FALSE
2171,0.02487922428917458,0.2172307166020443,0,0.03693282769987164,0.11452903474397712,FALSE
2172,0.024851684590937975,0.21721240132594669,0,0.03689194543931332,0.1144119048416844,FALSE
2173,0.016584252823234877,0.21401336729859882,0,0.02461906950684774,0.07749166807929318,FALSE
2174,8.606512900164972e-4,0.18852694130297246,0,0.0012776236684229083,0.004565136866212593,FALSE
2175,0.05989438844435276,0.268040650074935,0,0.08891230300805547,0.22345263088866685,FALSE
2176,-0.040980271746342195,0.557153952183281,0,-0.06083458623587932,-0.07355286915897413,FALSE
2177,0.21418409802613717,0.44059510550400566,0,0.31795301559678113,0.48612455143169975,FALSE
2178,-0.09189482837977749,0.3067719033045373,0,-0.13641646635005264,-0.29955425314342443,FALSE
2179,-0.06599243141690785,0.4403173880361856,0,-0.09796475447495215,-0.1498746885995893,FALSE
2180,-0.014917484845446806,0.2088765787744098,0,-0.022144777952424335,-0.07141770002637748,FALSE
2181,0.12463204466849848,0.5223207347050274,0,0.18501436291272227,0.2386120948058524,FALSE
2182,0.029676068224649656,0.7886317816341901,0,0.04405366911007434,0.03762981522651215,FALSE
2183,0.1647801763622362,0.4061602587304718,0,0.24461364997577426,0.4057023621101848,FALSE
2184,0.1145801291973131,0.3569142803086229,0,0.17009244823258896,0.32102982569998584,FALSE
2185,0.04796532354887616,0.34584265171949113,0,0.07120378873589117,0.13869117447023355,FALSE
2186,0.3281541563702351,0.5428660910741642,0,0.48713982298443775,0.604484534521063,FALSE
2187,0.22166981528999058,0.529748808076895,0,0.3290654483118216,0.41844325444487723,FALSE
2188,0.0704435964136724,0.3648870964420475,0,0.10457244079098958,0.19305587153000484,FALSE
2189,0.06588284091405693,0.34142433651140736,0,0.09780206905066839,0.19296468900615615,FALSE
2190,0.7129926748143959,1.9534830484387746,0,1.0584267139570187,0.36498534010019706,FALSE
2191,-0.017484125829797324,0.3977577210927801,0,-0.025954917213224883,-0.043956722654590566,FALSE
2192,0.06731240954757797,0.36813319814347734,0,0.09992424180868106,0.18284797428495822,FALSE
2193,0.015042291553055245,0.3402905388793805,0,0.02233005159979832,0.04420426028473022,FALSE
2194,0.029858599961299616,0.4200145259015774,0,0.044324634679623255,0.07108944600715172,FALSE
2195,-0.025866351382890177,0.5340677321579116,0,-0.03839820276327088,-0.04843271709821647,FALSE
2196,0.3433656783275886,0.8046256610108241,0,0.5097210945294756,0.4267396566699474,FALSE
2197,0.5629626623481223,1.9482854091364785,0,0.835709456544878,0.2889528709233825,FALSE
2198,0.5615626124286796,2.009014920969791,0,0.8336311038661534,0.27952137466336097,FALSE
2199,0.030773757756985605,0.5653279107844342,0,0.045683172421532345,0.05443523514394459,FALSE
2200,0.5313388524808986,0.854050791475957,0,0.7887643947750915,0.6221396406209604,FALSE
2201,0.4417665527877286,1.0579330223730696,0,0.655795686715791,0.4175751616078621,FALSE
2202,0.5637265999720815,1.479495541665998,0,0.8368435102561672,0.38102622420699733,FALSE
2203,0.19441993049812564,0.6103357570724486,0,0.28861341137684327,0.31854586306836263,FALSE
2204,-0.004107174826810848,0.7225485621930553,0,-0.00609703817324635,-0.0056842889761553024,FALSE
2205,0.05561611334868559,0.44377778912603905,0,0.08256126910425003,0.1253242381918529,FALSE
2206,0.024667308198942455,0.21777840450562996,0,0.036618241507134955,0.11326792596786042,FALSE
2207,0.02515284227113939,0.21739608975703914,0,0.037339009406585466,0.11570052754513703,FALSE
2208,0.025087614929452662,0.2173538019098137,0,0.03724218041610585,0.1154229404271577,FALSE
2209,0.02486007802667143,0.2171947373990472,0,0.03690440536620455,0.11445985443467051,FALSE
2210,0.024894303545636917,0.2172667640074017,0,0.03695521262531355,0.1145794372156656,FALSE
2211,0.015383554807599906,0.21202532528187912,0,0.022836651678398018,0.07255527040059054,FALSE
2212,0.002229143064766126,0.1864369702089801,0,0.0033091287643238075,0.01195655058257729,FALSE
2213,0.0669430742677233,0.5735547125667761,0,0.09937596923812943,0.11671610885758252,FALSE
2214,0.2582470607763168,0.7583271716346087,0,0.38336380944964044,0.34054834171331816,FALSE
2215,-0.13058844006338285,0.7281464365398878,0,-0.1938565407183741,-0.17934365054910112,FALSE
2216,0.1690690201432876,0.37224048884223854,0,0.25098037293128694,0.4541929887023701,FALSE
2217,0.18669173982438703,0.8064137727217425,0,0.27714103059569745,0.2315086201892115,FALSE
2218,-0.05951078443731309,0.34307460324792866,0,-0.08834284873036961,-0.1734631006606648,FALSE
2219,-0.00443015359094095,0.24345546911907298,0,-0.006576495205655711,-0.018196977077455514,FALSE
2220,0.2279073333632119,0.34714876708566517,0,0.33832494843109806,0.6565120057216614,FALSE
2221,0.018695802359162038,0.29163919040097774,0,0.02775363247728869,0.06410593285990468,FALSE
2222,0.06650004588696937,0.3069250558419738,0,0.09871830038710912,0.21666541919995014,FALSE
2223,0.09805276559039651,0.3341468711900698,0,0.14555782989671998,0.29344211795603503,FALSE
2224,0.0907557768830322,0.45381638895707666,0,0.13472556183544207,0.199983471490749,FALSE
2225,-0.24423704232055418,0.4651222104872423,0,-0.3625661514646265,-0.525102944588911,FALSE
2226,0.4544241148765526,2.5101657158233177,0,0.6745856439223898,0.18103351185621006,FALSE
2227,0.04948975078122066,0.35037189120272677,0,0.07346677763211931,0.14124920412803796,FALSE
2228,0.6999024257885796,1.9360607269093872,0,1.038994439614396,0.36150850851970046,FALSE
2229,0.025264229824059594,0.35279823750856787,0,0.03750436252419461,0.07161098650172831,FALSE
2230,0.07072493756314883,0.3649828585955589,0,0.10499008742167727,0.19377605248448074,FALSE
2231,0.06667750391699012,0.3662696259251561,0,0.09898173411681616,0.182044863121178,FALSE
2232,0.04277463267619362,0.3373052394059221,0,0.0634982875749287,0.12681283205541166,FALSE
2233,0.5855769082479239,1.6311892091132456,0,0.869279958489479,0.35898772807984536,FALSE
2234,0.2443474086213143,0.4897046321101689,0,0.3627299885490335,0.49896895516059453,FALSE
2235,0.060312785587761604,0.7125442031399654,0,0.08953340716419915,0.08464427234406163,FALSE
2236,0.6067926101206346,1.8412196457841141,0,0.9007743432295052,0.32956014319639837,FALSE
2237,-0.026732754642602437,1.3093691832599117,0,-0.03968436514267768,-0.020416514291291325,FALSE
2238,0.05562169311751706,0.7963168985708214,0,0.08256955218568628,0.0698486911647151,FALSE
2239,0.09706995794858811,0.5512367020104616,0,0.14409886699357105,0.17609487466011628,FALSE
2240,-0.010713934375649294,0.4358281744300944,0,-0.015904671612119434,-0.024582931999885607,FALSE
2241,0.33952805824700366,0.9734512952405469,0,0.5040242062516733,0.3487879259158044,FALSE
2242,0.1420303869893708,0.5711866441566437,0,0.21084193581979865,0.24865845243821916,FALSE
2243,0.04948286519611951,0.6814644208154208,0,0.07345655608641524,0.07261254393429628,FALSE
2244,0.10742714205669607,0.4175939404262099,0,0.15947394829331407,0.25725263625006733,FALSE
2245,-0.11277322079653587,0.3102756679090186,0,-0.16741012036497963,-0.36346137470761675,FALSE
2246,0.0026552687398049835,0.20750358438709357,0,0.003941705807393014,0.012796254809997092,FALSE
2247,0.024923931160523584,0.2173047630678234,0,0.03699919436618493,0.11469574255371719,FALSE
2248,0.024928698575371246,0.21732635286771518,0,0.03700627152056466,0.1147062850244634,FALSE
2249,0.025092431703161444,0.21737859372874638,0,0.03724933084295952,0.11543193500677797,FALSE
2250,0.02487049170109432,0.2172176947682952,0,0.03691986430651205,0.11449569855542166,FALSE
2251,0.02525557982483907,0.2176886208898153,0,0.03749152173273333,0.11601699584298605,FALSE
2252,-0.007948156582745319,0.1817788103921297,0,-0.011798916806657098,-0.043724329395707404,FALSE
2253,0.13845230518321136,0.38514512091185504,0,0.20553032813834726,0.3594808753007617,FALSE
2254,-0.10459991768714033,0.40770797652717405,0,-0.15527697698520482,-0.2565559756228332,FALSE
2255,-0.10126896232140277,0.4043249714646125,0,-0.15033222472247945,-0.2504642786582527,FALSE
2256,0.37605913522709505,0.9274383096300683,0,0.55825403094856,0.4054815628406546,FALSE
2257,-0.0023886183045741904,0.5616078162567354,0,-0.003545867317172891,-0.004253178526778639,FALSE
2258,0.3662879787078452,1.0249644777685378,0,0.5437488986357749,0.35736651040365325,FALSE
2259,-0.027867768665591108,0.19834621642099626,0,-0.041369276089287,-0.14050063151414427,FALSE
2260,0.020509148698334922,0.279124088713016,0,0.03044551736591868,0.07347681381746163,FALSE
2261,0.13927133927791355,0.2995653377952217,0,0.20674617171724527,0.4649113956338877,FALSE
2262,0.07346137471630332,0.6269284029866943,0,0.10905228649646743,0.11717665744019966,FALSE
2263,0.10913424196083361,0.3753800784449508,0,0.16200811197515413,0.2907299780343513,FALSE
2264,0.07964336631180483,0.7150256141237707,0,0.11822935840935891,0.11138533325047931,FALSE
2265,0.11370844073297606,0.6455526404275611,0,0.16879844004780267,0.1761412371540529,FALSE
2266,0.28520574349465905,1.0353961648089445,0,0.42338356136309824,0.27545566922906883,FALSE
2267,0.06343561781754518,0.3626464553987817,0,0.09416920381676551,0.17492413581649002,FALSE
2268,0.05661223172401044,0.33558278453539486,0,0.08403999158759355,0.16869825966307694,FALSE
2269,0.14264469390804888,0.3889050314474091,0,0.21175386503908097,0.3667854164219998,FALSE
2270,0.010245398419896776,0.3723290570022613,0,0.015209137156387553,0.027517053066944897,FALSE
2271,0.06730790264040522,0.3681222797127458,0,0.09991755137395787,0.18284115455583702,FALSE
2272,0.041460996641551895,0.3509929565866788,0,0.06154821498569303,0.11812486793111182,FALSE
2273,0.035983553600608176,0.35484536709411224,0,0.053417034619468395,0.1014062939451161,FALSE
2274,0.09174945936925588,0.6332566624090391,0,0.13620066827869431,0.14488510712263492,FALSE
2275,0.6972062213596162,0.46068414411281017,0,1.0349919654029365,1.5134148424020593,FALSE
2276,0.004831923555991566,0.9341550343329607,0,0.0071729165699927966,0.00517250710899592,FALSE
2277,-0.03476169230930025,1.3635444265131964,0,-0.05160320023216984,-0.025493626487984346,FALSE
2278,0.3275187332432175,1.3907527676328895,0,0.4861965470770428,0.23549745207458117,FALSE
2279,-0.07309107203107475,0.4808857283254689,0,-0.10850257782744363,-0.1519925997504461,FALSE
2280,0.39563082524441207,0.7853986414821322,0,0.5873079052495923,0.5037325051871925,FALSE
2281,0.17848250715753644,0.45380033480102777,0,0.2649545503377549,0.39330624829925137,FALSE
2282,0.05851164986150994,0.19620174294514306,0,0.08685964874357667,0.2982218658366836,FALSE
2283,0.3005566806163036,1.5061019895072338,0,0.44617179258588413,0.19955931451537334,FALSE
2284,0.11357096156184612,0.45869412922611646,0,0.16859435432227332,0.2475962832867663,FALSE
2285,0.02582634768372081,0.21811158999659264,0,0.038338817884079834,0.11840887356845306,FALSE
2286,0.024935352025985402,0.21735309039806402,0,0.03701614846617543,0.11472278576908379,FALSE
2287,0.024649567519410137,0.21712238263062242,0,0.036591905739876696,0.11352844981139049,FALSE
2288,0.024883285238099375,0.2172412968443652,0,0.0369388561164008,0.11454215013237617,FALSE
2289,0.005008266259168499,0.20274738320210892,0,0.007434694614069401,0.024702001969495232,FALSE
2290,0.13383360773005343,0.5276961481299679,0,0.19867394245474934,0.2536186936446827,FALSE
2291,-0.058077337330354445,0.4500153736355476,0,-0.08621491843789586,-0.12905634058935359,FALSE
2292,0.4121560560052992,0.4836100996092113,0,0.6118393574081721,0.8522486530747566,FALSE
2293,0.3095580471068883,0.5410343062071772,0,0.45953418338216057,0.5721597384036307,FALSE
2294,-0.06706449160105121,0.3538120705616006,0,-0.09955621141125574,-0.18954834269673376,FALSE
2295,0.3487037061043102,0.5806177847867301,0,0.5176453150696059,0.6005735877215584,FALSE
2296,-0.00595205780960929,0.5604168964367294,0,-0.008835738726694381,-0.010620767945174317,FALSE
2297,-0.003878914075529327,0.4566496083944475,0,-0.005758188581324312,-0.00849428972285196,FALSE
2298,0.27085938903032747,0.35789756950813717,0,0.4020866177207279,0.7568070087834704,FALSE
2299,0.29026191808760526,0.776107505298698,0,0.43088937516546044,0.3739970508027662,FALSE
2300,0.07872258999268411,0.3279348517942048,0,0.11686248005539816,0.24005557677683614,FALSE
2301,0.12311295317712201,0.3482664744592876,0,0.18275929484230174,0.35350216631751596,FALSE
2302,0.22421625373898876,0.5841629475392701,0,0.3328455972180759,0.38382484661767413,FALSE
2303,-0.13375281327744323,0.45193588933638973,0,-0.1985540043263465,-0.29595528134276344,FALSE
2304,0.5003448737658563,1.8316549727931675,0,0.7427543077116366,0.2731654603065661,FALSE
2305,0.04358649527315727,0.3496771394593273,0,0.0647034851751881,0.1246478261076802,FALSE
2306,0.09868710599265823,0.3462903635960631,0,0.14649949851578511,0.28498369105001625,FALSE
2307,0.03822054761323458,0.3688043481760473,0,0.05673781799573807,0.10363366864370632,FALSE
2308,0.07072129031714271,0.36497725642004014,0,0.10498467314079947,0.1937690337497412,FALSE
2309,0.06434666100201604,0.3745565979112398,0,0.09552163348129669,0.17179422645563577,FALSE
2310,0.045417976746752915,0.3551041180706993,0,0.06742229139332438,0.12790045070023784,FALSE
2311,0.03579827168272611,0.36896295689398223,0,0.05314198644796984,0.0970240264336682,FALSE
2312,0.030095518942334,0.39562728767466215,0,0.044676337281105864,0.07607038209933227,FALSE
2313,0.031784462945198384,0.5101055216975863,0,0.047183548805368035,0.062309584180587754,FALSE
2314,0.44909564047947453,0.7341345922354747,0,0.6666756052281332,0.6117347489538083,FALSE
2315,-0.00907632493987648,0.6273050086158901,0,-0.013473665467068602,-0.014468758921442112,FALSE
2316,-0.027726775921608843,1.4779847674969517,0,-0.04115997451863092,-0.01875985228762923,FALSE
2317,0.5596655769904123,1.6642132049893088,0,0.8308149837907152,0.33629439744411094,FALSE
2318,-0.057734233364404364,0.5146798603905011,0,-0.08570558585138549,-0.11217503890787546,FALSE
2319,0.059679231011654156,0.6011980880718799,0,0.08859290509203355,0.0992671670048938,FALSE
2320,-0.11105490710801803,0.47371319764943515,0,-0.16485930999184537,-0.23443490208647863,FALSE
2321,0.04636253366117593,0.3499718530631522,0,0.06882447167706766,0.13247503550752648,FALSE
2322,0.04655611067030652,0.46261790752365195,0,0.06911183378457467,0.10063620519905249,FALSE
2323,0.4141483186427745,0.45320867297835493,0,0.6147968408034556,0.9138137536537261,FALSE
2324,0.023952046411450784,0.22910490538749717,0,0.03555644633013555,0.10454619629788996,FALSE
2325,0.024994812838074254,0.21732313416246188,0,0.037104417131719296,0.11501220491044988,FALSE
2326,0.02469630526063518,0.2175786914139747,0,0.03666128720144006,0.11350516495959115,FALSE
2327,0.024752564605661203,0.2172049580176166,0,0.03674480333812515,0.1139594824702557,FALSE
2328,0.02489920824297045,0.21723005761075176,0,0.036962493573442556,0.11462137660335485,FALSE
2329,0.024887632570721477,0.21724598382096819,0,0.036945309665145726,0.11455969004808533,FALSE
2330,0.024901438302186732,0.21729391888558483,0,0.03696580406221978,0.11459795299333009,FALSE
2331,0.025449540196872452,0.21776991254583322,0,0.03777945293660245,0.11686435421383651,FALSE
2332,-0.004035682282666739,0.19690991147198758,0,-0.005990908585602865,-0.02049506930605093,FALSE
2333,0.04772846417417247,0.38840209601963455,0,0.07085217461909425,0.12288415707148938,FALSE
2334,0.35139597731601563,0.5715276899231577,0,0.5216419504802408,0.614836312416046,FALSE
2335,-0.08430010978370131,0.32119251205613036,0,-0.12514222282550913,-0.2624597604846073,FALSE
2336,0.35474055021364864,0.5829532150958158,0,0.526606917760659,0.6085231902449367,FALSE
2337,0.24524742738666844,0.8044718028459678,0,0.3640660526321062,0.30485521869015214,FALSE
2338,0.18806163762471467,0.6123180563331445,0,0.27917462291505074,0.30713064179573335,FALSE
2339,0.17601368937650438,0.3778419092289336,0,0.26128962812517165,0.4658395087397731,FALSE
2340,0.2049429422822865,0.31780242406860176,0,0.30423466132382165,0.6448753274394373,FALSE
2341,-0.02558054974231958,0.32468972253213835,0,-0.037973934601818304,-0.07878459947184677,FALSE
2342,0.10970046385294673,0.26329127741226166,0,0.16284865970840512,0.416650581557921,FALSE
2343,0.10870485165563004,0.3753056274965789,0,0.16137068863856807,0.28964354299915457,FALSE
2344,0.2238167041989949,0.3480208001578431,0,0.3322524720407537,0.6431130096174825,FALSE
2345,0.2637255429220203,0.47231174639576295,0,0.3914965323509782,0.558371763849882,FALSE
2346,0.06515184184045024,0.5488848808506122,0,0.0967169121132783,0.11869855431157769,FALSE
2347,0.10149804525041017,0.455031962737929,0,0.15067229482465275,0.22305695766885486,FALSE
2348,0.07951683512982222,0.35955951145188175,0,0.11804152480616824,0.22115069299303908,FALSE
2349,0.07832818327510409,0.3372923019463853,0,0.11627698931924232,0.23222641851919534,FALSE
2350,0.038788728413655105,0.37260290002776764,0,0.05758127369839183,0.10410205720557848,FALSE
2351,0.06664756641292596,0.3691516169320356,0,0.0989372923502034,0.18054252874963414,FALSE
2352,0.03294830032596065,0.3539766374211777,0,0.04891124758547291,0.09308043764130468,FALSE
2353,0.04043929987245443,0.35700141318508144,0,0.060031521768251724,0.1132749013839039,FALSE
2354,0.015229501817438689,0.4474902722679745,0,0.022607962372166314,0.0340331461067352,FALSE
2355,-0.042856977422081166,0.5008924774794782,0,-0.0636205270899757,-0.08556123189898981,FALSE
2356,0.7424041158626989,0.44119805456270644,0,1.102087548073722,1.6827003387368356,FALSE
2357,-0.09225615046388166,0.6202211598049743,0,-0.1369528434541485,-0.14874718317074379,FALSE
2358,0.04659341824953689,0.40832971254585093,0,0.06916721631497832,0.114107342223608,FALSE
2359,0.13240812210304073,0.5362447832440947,0,0.19655783085741105,0.24691731507767323,FALSE
2360,0.21130544431944048,0.8267964605748752,0,0.31367969822477265,0.25557129764745107,FALSE
2361,0.33518820504945346,0.5404967320945029,0,0.49758176059802806,0.6201484396594791,FALSE
2362,0.09339345395064617,0.6380514628530632,0,0.13864115307469455,0.14637291721428705,FALSE
2363,0.012124844777500945,0.21793683384270807,0,0.017999146510768796,0.05563467433986781,FALSE
2364,-0.040767668924697895,0.46435474873926036,0,-0.06051898060087115,-0.08779423282605285,FALSE
2365,0.01318932168373467,0.19538840993910223,0,0.019579346187071762,0.06750309134428935,FALSE
2366,0.016243380432081237,0.19831250849480303,0,0.024113049658970147,0.08190799740958807,FALSE
2367,0.025020387011593793,0.21829503581602425,0,0.03714238160091598,0.11461729726497581,FALSE
2368,0.02485593852894115,0.21721738764498533,0,0.03689826034517578,0.11442886224911734,FALSE
2369,0.024738082854741286,0.21721400180603803,0,0.036723305400516604,0.11388806729333793,FALSE
2370,0.024924360526789233,0.21731038214932835,0,0.036999831753835165,0.11469475264031359,FALSE
2371,0.011669239003466527,0.19400743370953163,0,0.01732280671191094,0.06014841174043742,FALSE
2372,-0.07363874713442128,0.25160728825993767,0,-0.109315593136615,-0.29267334680044904,FALSE
2373,-0.08517424724642371,0.26576072192531874,0,-0.12643986651091843,-0.3204922331237438,FALSE
2374,0.035038941476924955,0.21027847052391727,0,0.05201477237842327,0.16663114102753374,FALSE
2375,0.19335012950621985,0.8537439760856269,0,0.2870253081768412,0.22647319913485123,FALSE
2376,0.09154872906947957,0.3822515792237416,0,0.13590268722069937,0.2394986287705924,FALSE
2377,-0.009006260626608443,0.7152289709971085,0,-0.013369656066302669,-0.01259213621346003,FALSE
2378,-0.03334531117157386,0.7305546162731212,0,-0.04950060410983984,-0.04564383063060074,FALSE
2379,0.20851947705313287,0.7283436066272546,0,0.309543972455027,0.2862927266139197,FALSE
2380,0.0654078799086188,0.31083774128909714,0,0.09709699670700866,0.21042451163543127,FALSE
2381,0.13092930261944422,0.6193518440824808,0,0.19436254596620772,0.21139729197610657,FALSE
2382,0.0778337049277405,0.32491253901079875,0,0.11554294378019218,0.23955278908196778,FALSE
2383,0.12164415357309932,0.3582022217335005,0,0.18057888430897923,0.33959631234113774,FALSE
2384,0.2270124140721779,0.4288811294360825,0,0.3369964544396101,0.5293131324538967,FALSE
2385,-0.06373420095241646,0.71535694695793,0,-0.09461244591089649,-0.08909426437172023,FALSE
2386,0.4619938942442581,1.268215250398122,0,0.6858228655440928,0.36428665725256615,FALSE
2387,0.046376021962881916,0.3542270313269907,0,0.06884449485452211,0.13092174752770835,FALSE
2388,0.08085759271339638,0.3433937334406622,0,0.12003185891971963,0.2354661277689519,FALSE
2389,0.061144870988048446,0.3535043075580821,0,0.09076862520649738,0.17296782438217423,FALSE
2390,0.07071836960552917,0.36497107945868407,0,0.10498033738910842,0.19376431061446533,FALSE
2391,0.06433882893122429,0.3745505585646142,0,0.09551000689207016,0.17177608592492624,FALSE
2392,0.0663792321761303,0.36624670064546977,0,0.09853895428232952,0.1812418570847032,FALSE
2393,0.05116393312417472,0.36197749732268797,0,0.07595207569816047,0.14134561817406066,FALSE
2394,0.03877950131491556,0.36879931890150397,0,0.05756757621152663,0.10515068582670697,FALSE
2395,0.06082592605683781,0.19518234227744458,0,0.09029515633732225,0.3116364182697222,FALSE
2396,0.22635938695244928,0.625475105359279,0,0.3360270456744512,0.3618999141819182,FALSE
2397,0.4901225542001629,0.6117035454852393,0,0.7275794307611098,0.8012419705878422,FALSE
2398,0.07885772646736908,0.6172277815963432,0,0.1170630880839081,0.1277611423507517,FALSE
2399,0.12272594475250358,0.8809852606780522,0,0.18218478675882221,0.13930533259778635,FALSE
2400,0.18890878959035173,0.6318727365050418,0,0.2804322070430292,0.2989665144206525,FALSE
2401,0.5069929973942203,1.2759874212643925,0,0.7526233454935198,0.3973338521565004,FALSE
2402,0.7373798296400232,0.4775823710804555,0,1.0946290720689995,1.5439846072454824,FALSE
2403,0.34212073770761636,0.5772371323250862,0,0.5078729992319863,0.5926866421942899,FALSE
2404,0.02538338227432239,0.21825406648816217,0,0.03768124251307305,0.11630199007402757,FALSE
2405,0.002860995709426944,0.20723121935427405,0,0.004247104345303646,0.013805814193159297,FALSE
2406,0.01052697415826446,0.19347712450226834,0,0.015627132030694095,0.05440939948505923,FALSE
2407,0.02525219747983282,0.2176717329368854,0,0.03748650069333575,0.11601045822130139,FALSE
2408,0.02489852084424404,0.2172828744562895,0,0.03696147314055331,0.11459035097242715,FALSE
2409,0.024910883487548625,0.2173176199083083,0,0.03697982529533821,0.11462891733334436,FALSE
2410,0.02000201359483678,0.26348341772294187,0,0.02969268306608871,0.07591374731547357,FALSE
2411,0.40032472675762487,0.3708832793139343,0,0.5942759302094013,1.0793819756397534,FALSE
2412,-0.08977315085893436,0.31327220593001853,0,-0.13326686854100497,-0.28656596135754436,FALSE
2413,0.342961393791525,0.7810363056824101,0,0.5091209403229533,0.4391106934419283,FALSE
2414,0.13295403125877928,0.28795358564531914,0,0.1973682246443848,0.46172035316324433,FALSE
2415,0.10267732119914849,0.5685939812586877,0,0.15242291192264268,0.18058109052060892,FALSE
2416,0.3799061872568044,0.5643052469582753,0,0.5639649208104887,0.6732281673873832,FALSE
2417,0.03273930108419097,0.43513070824986066,0,0.04860099140963861,0.07524015304705045,FALSE
2418,0.2302557415815215,0.5694096207069008,0,0.3418111244905957,0.4043762753703873,FALSE
2419,0.03889353588797132,0.2585430470039141,0,0.05773685879001641,0.15043350164965955,FALSE
2420,0.11435683154955792,0.2543292005159786,0,0.16976096629189527,0.4496409823077837,FALSE
2421,0.11493376672368755,0.3565023531800678,0,0.17061741772834124,0.3223927295246632,FALSE
2422,0.1672931069717742,0.32136330347584263,0,0.24834405700716164,0.5205731493370396,FALSE
2423,0.30383846525862035,0.7799120931076816,0,0.4510435516622115,0.3895804000780761,FALSE
2424,0.08685542461257026,0.7248673330948597,0,0.1289355485818354,0.1198225118543229,FALSE
2425,0.019390147729981624,0.40847287103467655,0,0.02878437755384807,0.0474698544382291,FALSE
2426,0.08475366238824504,0.3592740780437427,0,0.12581551472568023,0.23590252558640212,FALSE
2427,0.07786672973473187,0.36105228578100484,0,0.11559196860075158,0.21566607608173874,FALSE
2428,0.03275473615069945,0.36742198303955037,0,0.04862390452964862,0.08914745895096221,FALSE
2429,0.06664661736263514,0.36915083820172334,0,0.09893588349957115,0.18054033870624975,FALSE
2430,0.04771353662453744,0.3571782036570674,0,0.07083001490011573,0.13358468164073076,FALSE
2431,0.03275331744090997,0.3576053570900042,0,0.0486217984766784,0.0915906789189023,FALSE
2432,0.6004206746620412,1.6275234994920595,0,0.89131530255879865,0.368916746731724,FALSE
2433,0.3258528784128706,1.053112191185789,0,0.48372361107602074,0.3094189594804377,FALSE
2434,-0.012649975200988098,0.6300738943189154,0,-0.018778694587717908,-0.0200769708363528,FALSE
2435,0.26596369319705015,0.5160825875051644,0,0.3948190321810901,0.5153510303123503,FALSE
2436,0.041142540182505495,0.4361584048703011,0,0.06107547124597002,0.0943293531044986,FALSE
2437,0.09651418395717724,0.454860686830649,0,0.14327382900901545,0.21218405272538055,FALSE
2438,0.3274628542535606,1.3921903897559214,0,0.48611359557208206,0.23521413210658015,FALSE
2439,0.4712062148405126,0.767629230477722,0,0.6994984144817455,0.6138461071203148,FALSE
2440,-0.05435920917732449,0.447224277401788,0,-0.08069541409781689,-0.12154798369429298,FALSE
2441,0.0148722517464084,0.32628771803201023,0,0.02207763010915964,0.04558017640415558,FALSE
2442,0.00303817986544778,0.20730126981591465,0,0.004510131513249235,0.014655867125877764,FALSE
2443,-0.027221050450855742,0.25896339256143835,0,-0.04040923279703762,-0.10511543806099012,FALSE
2444,0.0010920908628727387,0.24548943150304128,0,0.001621192172323198,0.0044486267949958944,FALSE
2445,0.011373367919747525,0.1941461401612009,0,0.016883590616209643,0.058581478417774044,FALSE
2446,0.024993042943375048,0.21746071268824949,0,0.03710178975012521,0.11493130246107922,FALSE
2447,0.025195371395115858,0.21753566790029455,0,0.03740214324025297,0.11582179436736748,FALSE
2448,0.02518171208134866,0.21754268694704698,0,0.037381866198010864,0.11575526824065684,FALSE
2449,0.015473844631171154,0.1971955761387174,0,0.022970685539673172,0.07846953229968032,FALSE
2450,-0.1114744971063109,0.3438540546586285,0,-0.16548218492280864,-0.3241913119709482,FALSE
2451,-0.042439721789990406,0.45683699635842756,0,-0.06300111748991376,-0.09289904742454971,FALSE
2452,0.31226771128523784,0.9698019300790028,0,0.4635566383855926,0.3219912248058731,FALSE
2453,0.06312223352928543,0.4609381880222883,0,0.0937039896369496,0.13694294629854623,FALSE
2454,0.037519938373118386,0.8005863388572221,0,0.055697774301071576,0.046865574082459775,FALSE
2455,-0.04552805923032592,0.4577080108135663,0,-0.0675857071554607,-0.09946965784889969,FALSE
2456,-0.0218209510227609,0.3501809515182166,0,-0.03239286784040259,-0.0623133580743205,FALSE
2457,-0.04607825240813681,0.5231857439191758,0,-0.0684024605076372,-0.08807245408287576,FALSE
2458,0.05967750255903365,0.40949490090610946,0,0.08859033923057105,0.1457344216667468,FALSE
2459,0.17806390013553824,0.3882109863872804,0,0.26433313462005736,0.45867815795893313,FALSE
2460,0.08097136462475994,0.3046506734227462,0,0.12020075158094717,0.26578429555086075,FALSE
2461,0.1109750990481393,0.35256906686437034,0,0.1647408361483564,0.3147613034663369,FALSE
2462,0.21902195008028957,0.4798509502098307,0,0.32513473293156264,0.45643746247561867,FALSE
2463,-0.00703933653646371,0.6711565543578953,0,-0.010449787356744428,-0.010488367417045251,FALSE
2464,0.2385655044000356,0.7505553944992152,0,0.354146840220146,0.3178519615586949,FALSE
2465,0.0434509563275579,0.3538405622032796,0,0.06450227968476524,0.1227981214392135,FALSE
2466,0.08438810823864287,0.34163682952284885,0,0.12527285518512116,0.24701115613473093,FALSE
2467,0.06456097148801268,0.352241315386777,0,0.09583977411790141,0.18328619803478133,FALSE
2468,0.0636225726787857,0.3568400640462521,0,0.09444673544707657,0.17829436514880573,FALSE
2469,0.03832410757424846,0.355938341326223,0,0.05689155117295755,0.10767063596310862,FALSE
2470,0.038864984188299305,0.3514319005870146,0,0.05769447422881512,0.1105903707756215,FALSE
2471,0.6092180518683191,1.6152214885642242,0,0.904374874384421,0.37717307266005673,FALSE
2472,0.024615946492475886,0.3387886569629942,0,0.03654199583993678,0.07265870915850846,FALSE
2473,0.5771421422823494,1.353861114093347,0,0.8567586775011947,0.4262934626561378,FALSE
2474,0.7272235551361624,0.6825135343194193,0,1.0795522380019942,1.065507888955384,FALSE
2475,0.36164480147858885,1.2458242325178832,0,0.5368561730992031,0.29028557322864373,FALSE
2476,0.08094353112541991,0.3628427231337512,0,0.12015943317714721,0.2230815887014013,FALSE
2477,0.026549948443858395,0.443523004279769,0,0.03941299213835053,0.05986149125899906,FALSE
2478,0.11769002824775343,0.5421761902220062,0,0.1747090457783526,0.21706970975535203,FALSE
2479,-0.0640729965381372,0.6691077970869371,0,-0.09511538277289285,-0.09575885502618377,FALSE
2480,0.045570302596090885,0.375425054966653,0,0.06764841678543654,0.12138322147982011,FALSE
2481,0.004504907143778947,0.1890162311303968,0,0.006687465710798039,0.023833440741240587,FALSE
2482,0.02975178294507018,0.3487269904856813,0,0.044166066453783,0.08531540074840231,FALSE
2483,0.313915946927654,1.0441099009033235,0,0.46600341897177955,0.30065412334091085,FALSE
2484,0.025344589651280877,0.21823561265126917,0,0.03762365545785921,0.11613406878638276,FALSE
2485,0.025116705506223427,0.21749068058978996,0,0.03728536493211313,0.11548405402066926,FALSE
2486,0.025169025439171985,0.21755824771060517,0,0.037363033071858905,0.11568867512047482,FALSE
2487,-0.027123828458176978,0.2591119973533572,0,-0.040264908236813876,-0.10467994047063582,FALSE
2488,0.09528926144572694,0.4166019922651876,0,0.14145545028726517,0.22872973056996485,FALSE
2489,0.14003119619490279,0.3714684433729099,0,0.2078741676814896,0.37696660024046297,FALSE
2490,0.05419593626669981,0.27348963536297766,0,0.08045303796076096,0.19816449787857782,FALSE
2491,0.04983091651683062,0.5542935904694313,0,0.073973232945352907,0.0898998606038883,FALSE
2492,0.07442722216219029,0.4315742869621048,0,0.11048607224833373,0.17245518190180203,FALSE
2493,-0.010383890523252217,0.6597438854222151,0,-0.015414726564303495,-0.01573927512281051,FALSE
2494,0.2668460018080999,0.29680399617109954,0,0.39612880581113824,0.899064720322264,FALSE
2495,0.09886312270330574,0.4489758372349411,0,0.14676079262894087,0.22019697833220458,FALSE
2496,0.06510121634725956,0.26808496483104516,0,0.09664175934342101,0.2428379987228609,FALSE
2497,0.18247487139668828,0.2753063050406024,0,0.2708811539507093,0.6628067285628519,FALSE
2498,0.11533000146267956,0.356053535933494,0,0.1712056221343067,0.32391196778964626,FALSE
2499,0.12051481880484444,0.3136353223926345,0,0.1789024041291056,0.3842514225931927,FALSE
2500,0.24965308518700713,0.5164672477131378,0,0.3706061842115021,0.4833860932952564,FALSE
2501,0.1773518183501495,0.5731939273925364,0,0.2632760601075122,0.3094097998506793,FALSE
2502,0.06606605073728916,0.3619427856449786,0,0.09807404122937109,0.18253175186116802,FALSE
2503,0.06794207597974487,0.3481717379650775,0,0.100858971990672,0.1951395491685762,FALSE
2504,0.08053903252210853,0.33547099109725914,0,0.11955896119107175,0.24007748705389195,FALSE
2505,-0.012047375993851701,0.39765604819584854,0,-0.017884145287041693,-0.030295970722714317,FALSE
2506,0.06266534941086878,0.3650177462514493,0,0.09302575215542039,0.17167754185765144,FALSE
2507,0.03618865702274468,0.3530821403113589,0,0.053721507510679785,0.102493592541476,FALSE
2508,0.3589899466753083,0.9549060621622129,0,0.5329150817742456,0.37594268263669856,FALSE
2509,0.03333638070155916,0.35813962075179073,0,0.04948734696377699,0.0930820796414005,FALSE
2510,0.005006169461607127,0.4450618382342544,0,0.00743158195017942,0.011248255931060469,FALSE
2511,0.042873899492607156,0.547289240282974,0,0.06364564764469224,0.07833864862835482,FALSE
2512,-0.17381005377122188,0.6254154552538738,0,-0.25801836479407925,-0.2779113504648961,FALSE
2513,0.05277956453589584,0.36763538163947596,0,0.07835045580286333,0.1435649754398625,FALSE
2514,0.02931217575632358,0.37479812780033056,0,0.043513476309938855,0.07820790335414725,FALSE
2515,0.0315841182870253,0.36161152865143553,0,0.046886140226431124,0.08734267517634886,FALSE
2516,0.1322874401379671,0.602189923958463,0,0.19637868032720393,0.21967727269228074,FALSE
2517,0.38340967166089873,0.5644991920445773,0,0.5691657897902304,0.6792032248482327,FALSE
2518,0.008771937892289089,0.2346114356682018,0,0.01302180755333496,0.03738921705715472,FALSE
2519,0.2823907434034733,0.8804166370160756,0,0.4192047368091461,0.32074671414724426,FALSE
2520,0.14766626308598838,0.37734353417337346,0,0.21920830763247498,0.3913311073673836,FALSE
2521,-0.027027212905632612,0.25892839434958287,0,-0.04012148392768855,-0.10438103157254662,FALSE
2522,0.024938855890787388,0.21746209949808126,0,0.03702134989985002,0.11468139022086206,FALSE
2523,0.02515453323359673,0.2175394568813776,0,0.0373415196144745,0.11563204944155615,FALSE
2524,0.0256900334310905,0.2185874419845688,0,0.03813646146223502,0.11752749013323506,FALSE
2525,0.023251477216434495,0.22864419764246813,0,0.03451646208180701,0.1016928374136698,FALSE
2526,0.12529812036620974,0.44763811634970635,0,0.18600314209219795,0.27990940849264867,FALSE
2527,0.07692342186165423,0.2700981857569254,0,0.11419164249976987,0.28479799538854134,FALSE
2528,0.19692021883129482,0.4169296388658148,0,0.29232505114244145,0.4723104343624558,FALSE
2529,-0.013782183307601269,0.5656716893506839,0,-0.02045944019441019,-0.024364279788195494,FALSE
2530,0.24666875385338946,0.4243203329431541,0,0.36617599001964424,0.5813267352579012,FALSE
2531,0.26777644649364785,0.7936846302354356,0,0.3975100367070933,0.33738393852255355,FALSE
2532,0.29233721256191536,0.7546388455016384,0,0.4339701180517867,0.3873869126993949,FALSE
2533,0.20156113366706474,0.6086293499619755,0,0.29921441819050687,0.3311722211221943,FALSE
2534,0.19938137046595353,0.3574649769215571,0,0.29597859307805796,0.5577647695251169,FALSE
2535,0.08114896914311862,0.3047141590963707,0,0.12046440277034996,0.2663117768592236,FALSE
2536,0.11852396160422565,0.34575220316714905,0,0.17594700708332647,0.34280030761489294,FALSE
2537,0.23079050866409506,0.521546994033947,0,0.3426049780404769,0.44251143483548316,FALSE
2538,-0.07335414470596911,0.6670636894719221,0,-0.1088931051871992,-0.10996572870581456,FALSE
2539,0.4804487794136681,1.8662656976827876,0,0.713218860140247,0.25743857373052936,FALSE
2540,0.039939037344318196,0.34788888712819727,0,0.059288889701367024,0.11480400444524874,FALSE
2541,0.06637011600890198,0.3291644164241264,0,0.09852542147159501,0.201632110572318,FALSE
2542,0.04011826697286622,0.3687251153230861,0,0.05955495334197483,0.10880264268875094,FALSE
2543,0.05643038392166073,0.3499614539229313,0,0.08377004130804627,0.16124742679257428,FALSE
2544,0.057631770753153774,0.3575679338372944,0,0.08555348167309551,0.16117712272090426,FALSE
2545,0.02690733352816261,0.3374925660418971,0,0.039943524826496074,0.07972718879035182,FALSE
2546,0.029646248767957288,0.33711493373201973,0,0.04400940258297839,0.08794107232141712,FALSE
2547,0.0341656396551545,0.3564606412160952,0,0.05071836918921828,0.095846878181545,FALSE
2548,0.012702529409274483,0.4442047736982664,0,0.018856710505617276,0.02859611188668335,FALSE
2549,0.11816577969629019,0.6484364794540718,0,0.17541529152269514,0.18223185067529776,FALSE
2550,-0.034904970889782436,1.4784906881781696,0,-0.051815895092127084,-0.023608515879659106,FALSE
2551,0.036379285154067395,0.3486566454274116,0,0.0540044920542113,0.10434129287703872,FALSE
2552,0.04771070202850983,0.360851879616323,0,0.07082580698569405,0.13221685883758844,FALSE
2553,0.02291114039789646,0.3730775336279495,0,0.03401123728328075,0.061411203658123595,FALSE
2554,0.06690280189501589,0.19554836101477457,0,0.099316185517183,0.34212918762311223,FALSE
2555,-0.06960694827257843,0.24885745743492946,0,-0.10333044942979243,-0.27970609757908926,FALSE
2556,0.0212924735021144,0.342103760568282,0,0.03160835104894518,0.062239811298024424,FALSE
2557,0.002786130536059971,0.20719407540887813,0,0.004135968141194319,0.013446960443061913,FALSE
2558,0.18684836440216435,0.3175643830054696,0,0.2773735373843891,0.5883794732702948,FALSE
2559,-0.05528161974262835,0.3684272184550137,0,-0.08206471846522564,-0.15004759956240432,FALSE
2560,0.024931442282370538,0.21657317428867642,0,0.037010344511614786,0.1151178688877632,FALSE
2561,0.02512790556267865,0.2175136816961297,0,0.03730199124451265,0.11552333336797986,FALSE
2562,0.02497901446340467,0.2175450028676241,0,0.037080964686304285,0.1148222856610702,FALSE
2563,0.0261205717061292,0.21778390872902256,0,0.03877558894247254,0.11993802415691647,FALSE
2564,0.002852129771555496,0.20767055906366175,0,0.004233942996219846,0.013733914833258434,FALSE
2565,0.04635983447969001,0.2797443182439933,0,0.06882046478346072,0.1657221664793739,FALSE
2566,0.11645111374082634,0.25870152923094153,0,0.17286989615345377,0.45013693613256933,FALSE
2567,0.1349450368981343,0.4200846062100091,0,0.20032384204519613,0.3212329966470432,FALSE
2568,0.20590492846497413,0.48040855706230545,0,0.3056627150895622,0.4286037903322979,FALSE
2569,0.16764723744598067,0.5561474689292359,0,0.24886975827642638,0.30144385583333844,FALSE
2570,0.15581336016399794,0.6714943361639278,0,0.23130254855972046,0.2320397236023152,FALSE
2571,0.17877311929786183,0.5406551089220551,0,0.26538595961247247,0.3306601867765483,FALSE
2572,0.05368998812431805,0.28605017759675005,0,0.07970196568654274,0.18769430096283934,FALSE
2573,0.1596225796121621,0.2665865360902717,0,0.2369572765333439,0.5987645961164018,FALSE
2574,0.10363567069417298,0.3522272559280615,0,0.153845567081204,0.2942295604612138,FALSE
2575,0.11704902382086457,0.30820137964977284,0,0.17375748451671624,0.37978098590562503,FALSE
2576,0.2529467169736267,0.47671118029571724,0,0.3754955301922355,0.5306078972528331,FALSE
2577,0.1800679816823374,0.5693832454360259,0,0.26730816300535276,0.3162509313818038,FALSE
2578,0.07080902945120451,0.36987940002228714,0,0.1051149205425342,0.1914381537521092,FALSE
2579,0.07469886525029308,0.3487437715060809,0,0.11088932225533363,0.2141941200202642,FALSE
2580,0.07234333965631792,0.33529135011371486,0,0.1073925805605865,0.2157626184862285,FALSE
2581,-0.022295800432907853,0.39744401764922255,0,-0.03309777452256044,-0.05609796460085544,FALSE
2582,0.05750634841217656,0.3606837936317626,0,0.08536729412740739,0.1594370177632301,FALSE
2583,0.027330436900229117,0.3553607456408748,0,0.04057161530705685,0.07690899244073816,FALSE
2584,0.03195664968989264,0.35792754102451213,0,0.047439157392680856,0.08928245532160414,FALSE
2585,0.03012718706312807,0.357742063942447,0,0.04472334812176841,0.08421482990039127,FALSE
2586,0.04877691557298725,0.36789378549615315,0,0.07240858467489186,0.1325842335368758,FALSE
2587,0.01939723676763774,0.4466590709753275,0,0.028794901121756304,0.04342738797463984,FALSE
2588,-0.02614889980675749,1.5425362447117905,0,-0.03881764157431542,-0.016951886800976392,FALSE
2589,0.06254678558080762,0.3746059076799082,0,0.0928497459642229,0.16696689587248142,FALSE
2590,0.05183945734142029,0.35867607143323754,0,0.07695488106028252,0.1445300132073892,FALSE
2591,0.051221892027409434,0.37195928640565035,0,0.07603811480299594,0.1377083296464549,FALSE
2592,0.05256176616936155,0.3549018167644703,0,0.07802713746097979,0.1481022741685316,FALSE
2593,0.23416108073987038,0.47162830176732135,0,0.34760854070295005,0.49649497255021424,FALSE
2594,0.02033847808859801,0.4725215420329306,0,0.030192159457746753,0.04304243569741969,FALSE
2595,0.07020107727075683,0.5099023170598966,0,0.10421242483490054,0.13767554082816716,FALSE
2596,0.38166478593537273,0.3876095387428353,0,0.566575533634822,0.9846630378944139,FALSE
2597,0.023292561577104746,0.2288698077105753,0,0.03457745118645743,0.10177210270810427,FALSE
2598,0.024987527240903286,0.21749467066800407,0,0.03709360177421946,0.11488799778016462,FALSE
2599,0.02515892608656701,0.21755591221179657,0,0.037348040737479646,0.11564349518607481,FALSE
2600,0.025047517761162704,0.21762378558496193,0,0.037182656783435755,0.11509549700110316,FALSE
2601,0.026020718051985928,0.21695581218323112,0,0.03862735772108029,0.11993556563495059,FALSE
2602,0.003822816590526761,0.20243781987563686,0,0.005674912723366899,0.018883905156038643,FALSE
2603,0.01868139449395196,0.21119104233264274,0,0.027732244221885635,0.08845732417252467,FALSE
2604,0.07826097226481699,0.26923553696445385,0,0.11617721560308399,0.2906784637243095,FALSE
2605,0.02414293485480907,0.28162774016624803,0,0.03583981730289999,0.08572640905529129,FALSE
2606,0.17717062149815435,0.4136179315285133,0,0.26300707615380403,0.4283436669281367,FALSE
2607,-0.007607732501833106,0.8324618455153321,0,-0.01129356246847186,-0.009138836263569018,FALSE
2608,-0.07818390594929778,0.2707456349562634,0,-0.11606281183713646,-0.28877254461342544,FALSE
2609,0.10958498709174391,0.3980470336680069,0,0.16267723622368263,0.27530662917373683,FALSE
2610,0.19955161377979302,0.35744694834496227,0,0.2962313166720096,0.5582691772967977,FALSE
2611,0.08700765628094273,0.30375021872889024,0,0.12916153416374562,0.2864447526821395,FALSE
2612,0.12229447495979655,0.3465012665901868,0,0.1815442764548622,0.35294091754197365,FALSE
2613,0.22702319790979383,0.5206542470852333,0,0.33701246288151265,0.436034468518662,FALSE
2614,-0.17798111176384265,0.7045432614634292,0,-0.26421023654928766,-0.25261913852408785,FALSE
2615,0.48941561940435657,1.856734711163115,0,0.7265299968758291,0.26358941665811364,FALSE
2616,0.04380013626521678,0.349642173740307,0,0.06502063195828925,0.12527131895063914,FALSE
2617,0.08741761957150594,0.342024331582431,0,0.1297701183944136,0.2555888909044984,FALSE
2618,0.11371749343221882,0.45052053234906414,0,0.16881187864128394,0.2524135644590562,FALSE
2619,0.04483234147835955,0.3615916860823378,0,0.06655292480009216,0.12398609593073112,FALSE
2620,0.05649432128649027,0.3577984630814934,0,0.08386495534762349,0.15789425365313248,FALSE
2621,0.04571590908227075,0.351607082202346,0,0.06786456738577518,0.1300198755836259,FALSE
2622,0.054653645869359634,0.35449750242906686,0,0.08113250086101575,0.1541721605790313,FALSE
2623,0.057585886569345365,0.36629035938361354,0,0.0854853673044541,0.15721376523872974,FALSE
2624,0.05107275330728017,0.36795999896802906,0,0.07581672065541754,0.13879974304412837,FALSE
2625,0.05770018556862242,0.35775247686628303,0,0.08565504241962255,0.16128521617528588,FALSE
2626,0.05553411822846548,0.37390836565077773,0,0.08243954860315558,0.14852333707968743,FALSE
2627,0.053008469915395005,0.3557913951775972,0,0.07869026233550892,0.14898749838774272,FALSE
2628,0.0482036230046445,0.3612819149698044,0,0.07155754063098924,0.13342384716011405,FALSE
2629,0.052059368807803943,0.37149721262719854,0,0.07728133626655306,0.14013394189324938,FALSE
2630,0.04604852162355323,0.36901825194583776,0,0.06835832561292969,0.12478656917574893,FALSE
2631,0.0619443237486532,0.3719667170433486,0,0.09195540059460501,0.1665318989855597,FALSE
2632,0.22505045893220108,0.5272569012905118,0,0.3340839620605302,0.4268326471998157,FALSE
2633,0.0035097168942706666,0.207581055681534,0,0.005210121016024961,0.016907693636818148,FALSE
2634,0.11226992392907902,0.5894599627023094,0,0.16666298386781167,0.1904623401636828,FALSE
2635,0.02603286690218106,0.21891922149237314,0,0.038645392503266145,0.1189154005057889,FALSE
2636,0.025176524187477886,0.21754591231997356,0,0.037374164848956434,0.11572970468159126,FALSE
2637,0.025201815097207685,0.21760990368840144,0,0.037411708817392385,0.11581189399033283,FALSE
2638,0.025056367287148527,0.21764926143986305,0,0.03719579376932652,0.11512268464127848,FALSE
2639,0.020991727454826536,0.21499663297338018,0,0.031161898144433473,0.09763747071064889,FALSE
2640,-4.323227538874604e-5,0.5019925782516744,0,-6.417765117784275e-5,-8.612134374439198e-5,FALSE
2641,0.07857326802493632,0.2894652034631485,0,0.11664081387953452,0.27144287840089004,FALSE
2642,0.06326408772794581,0.2678845360747686,0,0.09391457002389143,0.23616177572224,FALSE
2643,-0.01116471821119444,0.6195102743713066,0,-0.016573853317086027,-0.018021845113908166,FALSE
2644,0.29681648681837774,0.814231659377743,0,0.44061953213365496,0.36453567409207915,FALSE
2645,0.015509232588093292,0.4594150253627286,0,0.023023218420138603,0.03375865335672917,FALSE
2646,0.08005485098946266,0.3276924918854731,0,0.11884020111588521,0.24429870372935317,FALSE
2647,0.09126770201239345,0.2900311396578515,0,0.13548550685535815,0.31468242382546086,FALSE
2648,0.18112698009068448,0.2749383192279007,0,0.2688802299353872,0.6587913267213418,FALSE
2649,0.11520394129339705,0.36261576239444837,0,0.17101848774226083,0.31770251941800537,FALSE
2650,0.12593066643248318,0.32302702512482484,0,0.18694214704694945,0.38984560621149505,FALSE
2651,0.2503641733291344,0.4858820314373609,0,0.3716617836758325,0.5152776952637956,FALSE
2652,0.1279504989265846,0.6078835975910295,0,0.18994055747245894,0.2104851972213714,FALSE
2653,0.07155405525965504,0.36472239421924263,0,0.10622089995313157,0.19618772083581554,FALSE
2654,0.07103884548728938,0.3466738084016552,0,0.10545607893094437,0.20491552510071367,FALSE
2655,0.06568536312230767,0.34816660263392585,0,0.09750891629106247,0.18866072341628784,FALSE
2656,-0.013867297040083193,0.4037985608966268,0,-0.02058579022767934,-0.034342116052348305,FALSE
2657,0.02556435952348153,0.35620261728231173,0,0.037949900469732074,0.0717691512727439,FALSE
2658,0.03410428604864053,0.36561673014648555,0,0.05062729069931809,0.09327878960838726,FALSE
2659,0.05874063746959091,0.3772553321337485,0,0.08719957734329352,0.15570525441576943,FALSE
2660,0.05405540562020268,0.3560590397762046,0,0.08024442236674953,0.15181584956859503,FALSE
2661,0.03411429400048644,0.3554869558581871,0,0.05064214735066933,0.09596496703551483,FALSE
2662,0.051169506502336634,0.36129390220870616,0,0.07596034929274556,0.1416284808282701,FALSE
2663,0.04404554129443856,0.3558001323070535,0,0.06538493196843359,0.1237929311853867,FALSE
2664,-0.06009044817068652,0.3470312671608062,0,-0.0892033506712545,-0.17315571781848121,FALSE
2665,0.028905510439677807,0.2776368330547176,0,0.04290978787107835,0.10411266445321041,FALSE
2666,0.023463462712487382,0.22871475530095825,0,0.03483115130642241,0.10258832090484316,FALSE
2667,0.013337596729297536,0.1956119547611653,0,0.019799458222974214,0.06818395504294321,FALSE
2668,0.024988972935205557,0.21750632844898257,0,0.03709574788528594,0.11488848675530318,FALSE
2669,0.02523810205099676,0.2176398081191648,0,0.037465576244948326,0.11596271044853194,FALSE
2670,0.025232920582640195,0.2176708580133017,0,0.03745788443447139,0.1159223646791443,FALSE
2671,0.025070551659797366,0.21763397831105907,0,0.0372168502534428,0.11519594437576573,FALSE
2672,0.008813336933502591,0.20824901361032244,0,0.013083263796435892,0.04232114611593883,FALSE
2673,0.04549469506807902,0.2691333110611968,0,0.06753617856721804,0.1690414868701787,FALSE
2674,0.12894529556024634,0.43084782424420465,0,0.19141731785053182,0.2992826893960595,FALSE
2675,0.14562537362808364,0.3881867538429679,0,0.21617863846646013,0.37514256266197343,FALSE
2676,-0.14276402201221763,0.5099372008372018,0,-0.21193100578349455,-0.2799639284559576,FALSE
2677,-0.17029330413667698,0.49302728034609977,0,-0.25279780378274785,-0.3454034105721958,FALSE
2678,-0.02775714497090135,0.6076663051959524,0,-0.041205056907530686,-0.04567826903278861,FALSE
2679,0.11136489911219415,0.396289087149488,0,0.1653194883778554,0.2810193435131993,FALSE
2680,0.18157217612696355,0.37052609075276244,0,0.2695411166378603,0.49003884114632984,FALSE
2681,0.08720486984838303,0.31011347928614014,0,0.12945429468640868,0.28120309394200677,FALSE
2682,0.11604876244804083,0.3490396134885887,0,0.172272611816991,0.33248020557940156,FALSE
2683,0.22339551896110746,0.5307539994286595,0,0.33162722900102615,0.420902186703418,FALSE
2684,-0.18848039345131073,0.6881159809593649,0,-0.2797962595308965,-0.2739078856859757,FALSE
2685,0.4084389294502272,2.145387226540668,0,0.606321339924933,0.19038005092852864,FALSE
2686,0.04678509388090021,0.3464434148383237,0,0.06945175585628893,0.13504396930948628,FALSE
2687,0.07422953914493387,0.341041454236666,0,0.11019261483460323,0.21765547332384474,FALSE
2688,0.0449799102205677,0.36270251260624364,0,0.06677198833947395,0.12401323028439756,FALSE
2689,0.07099729637060016,0.3651023062045664,0,0.10539439990309653,0.19445863574145833,FALSE
2690,0.05097176122141171,0.3508524375019258,0,0.07566679944955207,0.145279769421958,FALSE
2691,0.041933320314772184,0.3539468413959447,0,0.06224937225003771,0.11847349774160926,FALSE
2692,0.06007689666415207,0.3669666265345509,0,0.08918323366719949,0.16371215342247386,FALSE
2693,0.05386584744338389,0.3593423969200156,0,0.07996302615430424,0.1499011747711296,FALSE
2694,0.027142059498974518,0.34597312489834586,0,0.04029197193786575,0.0784513522746873,FALSE
2695,0.05143398170013801,0.3613245090402074,0,0.07635295867629205,0.14234844416384315,FALSE
2696,-0.011308087392268375,0.2266431105107947,0,-0.016786682672235147,-0.04989380602297102,FALSE
2697,0.06983912488752103,0.5153518379132437,0,0.10367511206139005,0.13551736842603057,FALSE
2698,-0.03483727339796842,0.24583654163158092,0,-0.05171539920158726,-0.14170909323226955,FALSE
2699,0.0028120811236016664,0.20117303129650427,0,0.0041744913912461655,0.013978419997345495,FALSE
2700,-0.026981528545208425,0.259394829972832,0,-0.04005366619380287,-0.10401721787606318,FALSE
2701,0.025271712686889946,0.21761672502728205,0,0.037515470719546806,0.11612945964388398,FALSE
2702,0.02515006215828138,0.2175885691053768,0,0.03733488237159524,0.11558540166740726,FALSE
2703,0.02533045054164126,0.2177548716600391,0,0.037602666165987404,0.11632552855665793,FALSE
2704,0.02526240563196622,0.21769205837204048,0,0.03750165453894986,0.11604651920187285,FALSE
2705,0.008103644085894505,0.4292029473341658,0,0.012029735625465322,0.018880681356517402,FALSE
2706,0.09215388963364261,0.2871390901018684,0,0.13680103881668204,0.3209381544008834,FALSE
2707,0.05450200455757631,0.24759595687609906,0,0.08090739165442716,0.22012477604733255,FALSE
2708,0.15500693976805108,0.3752977909625067,0,0.23010542982358176,0.4130238533259491,FALSE
2709,0.22259550563657135,0.33946351561529364,0,0.3304396214643414,0.6557273326799391,FALSE
2710,0.08025321214968865,0.4861001180504796,0,0.11913466522247558,0.16509605566759947,FALSE
2711,0.2068163685904185,0.360177508486443,0,0.3070157340068937,0.5742067833705475,FALSE
2712,0.09502151087831552,0.2894096452786984,0,0.1410579786676596,0.3283287631509683,FALSE
2713,0.11388890573171323,0.24260345706045183,0,0.16906633757654987,0.4694446942828784,FALSE
2714,0.11479747658245704,0.35530059075117887,0,0.17041509709950042,0.32309959389527454,FALSE
2715,0.12326126955102806,0.32305619517316936,0,0.18297946822949718,0.3815474564261358,FALSE
2716,0.2516463691737693,0.49049866560844063,0,0.373565183784171,0.5130419037157089,FALSE
2717,0.19698058530724177,0.543463409689354,0,0.2924146642521222,0.3624541814504802,FALSE
2718,0.07203035699788998,0.36324487931519756,0,0.10692796259410928,0.19829696466384944,FALSE
2719,0.07085124777582721,0.3466849976530959,0,0.10517759299931759,0.2043677928247799,FALSE
2720,0.07046965789384321,0.3465397565740349,0,0.10461112865945223,0.20335230390452486,FALSE
2721,0.0023143623224948593,0.3930344113991036,0,0.0034356354482068642,0.005888447055453266,FALSE
2722,0.04748503518976329,0.3574056477226291,0,0.07049080801723236,0.13286033808457018,FALSE
2723,0.04155404758639638,0.3510529443488835,0,0.061686347689241465,0.1183697452344941,FALSE
2724,0.055864890589553316,0.36838037862061457,0,0.08293057511097368,0.1516500167537075,FALSE
2725,0.05976333257908489,0.3683304840637466,0,0.08871775258177461,0.16225464675017695,FALSE
2726,0.061703011988919074,0.36425160109568405,0,0.09159717698037075,0.16939668021585583,FALSE
2727,0.04557759929112086,0.3537297729751619,0,0.06765924861753822,0.12884863750024575,FALSE
2728,0.05191116127966466,0.3610580134682542,0,0.07706132445923261,0.14377512572291629,FALSE
2729,0.051405210212054936,0.36132901888254604,0,0.07631024784255824,0.14226704063524098,FALSE
2730,-0.005811218350831317,0.41817652632469127,0,-0.008626664705578161,-0.013896567561803368,FALSE
2731,-0.09457422923030849,0.417819132694224,0,-0.14039399590649504,-0.2263520787582543,FALSE
2732,0.013209922776110945,0.19615892811357075,0,0.019609928193420455,0.06734295962538475,FALSE
2733,0.014870853831185665,0.1968725524355443,0,0.02207555492540551,0.07553543471253747,FALSE
2734,0.02580759353221913,0.21886756069217359,0,0.038310977633193466,0.11791420094691984,FALSE
2735,0.025136130835849764,0.21753630590879763,0,0.03731420153665369,0.1155491297456716,FALSE
2736,0.02515583065911632,0.21759743697060563,0,0.037343445622802236,0.1156072011202711,FALSE
2737,0.025309083551850846,0.21772556554125652,0,0.03757094719664889,0.11624304885342031,FALSE
2738,0.02533505319200847,0.2177416100669041,0,0.0376094987300175,0.11635375151411771,FALSE
2739,0.004384275133607699,0.20248843364031188,0,0.006508389337879031,0.02165197811444212,FALSE
2740,0.04943287462974035,0.2477776681482889,0,0.07338234585569259,0.19950496345843396,FALSE
2741,0.05474957439857245,0.24771107728583944,0,0.08127490529451976,0.2210219058366763,FALSE
2742,0.09198875675758829,0.28551129587953367,0,0.13655590158941114,0.3221895528658918,FALSE
2743,0.15678258708195986,0.44605657747582456,0,0.23274135108616179,0.3514858764535474,FALSE
2744,-0.06118433709300557,0.848968659636753,0,-0.09082721203530782,-0.07206901738773774,FALSE
2745,-0.04419506214322238,0.4807999313162549,0,-0.0656068933801515,-0.09191985951876576,FALSE
2746,0.15932663527389504,0.3802731625653886,0,0.2365179516923871,0.4189794362532711,FALSE
2747,0.15788000000883953,0.36539934042954686,0,0.23437044378105318,0.4320752189186849,FALSE
2748,0.07735955713856797,0.3014199546664216,0,0.11483907864363309,0.2566504172697558,FALSE
2749,0.12041148787818312,0.3468469403847722,0,0.1787490109498773,0.347160300000356,FALSE
2750,0.23768982220112778,0.5485058828173043,0,0.3528469033975104,0.43334051583964,FALSE
2751,-0.17820438952197096,0.7080487802390071,0,-0.2645416889641346,-0.25168377447358464,FALSE
2752,0.44568864312769535,2.481252380507004,0,0.6616179698008932,0.17962245462375173,FALSE
2753,0.04208352077514669,0.3472006359059331,0,0.06247234253476105,0.12120807516766288,FALSE
2754,0.07439876856951763,0.3412531103632215,0,0.11044383332547154,0.21801638229855078,FALSE
2755,0.060370765734303444,0.3560331603660044,0,0.08961947780439893,0.1695650081364385,FALSE
2756,0.07141596821553174,0.3649930542845023,0,0.10601591184944661,0.19566391025037125,FALSE
2757,0.0658682787486422,0.3674211396828971,0,0.09778045173897298,0.1792718807782531,FALSE
2758,0.0502459825848888,0.35845668695038574,0,0.07458939217111808,0.14017309319115417,FALSE
2759,0.04249948554439698,0.3588611051628375,0,0.06308983586869199,0.11842878744162685,FALSE
2760,0.045216637027338455,0.355493251577073,0,0.0671234056612033,0.12719407985030406,FALSE
2761,0.04883960157156991,0.36098981499312494,0,0.0725016410804268,0.1352935721261279,FALSE
2762,0.05198974290179654,0.36107677592366333,0,0.07717797767465605,0.14398528614531525,FALSE
2763,0.35046485359284896,0.5700722241807815,0,0.5202597115633328,0.6147727230465967,FALSE
2764,0.31321841814999535,0.9698862857627981,0,0.4649679481764872,0.32294344476028414,FALSE
2765,0.026026241944203745,0.2177209582956406,0,0.03863555785453871,0.11953944235751082,FALSE
2766,0.02587087463081677,0.21894864362763397,0,0.03840491745559308,0.11815955651598085,FALSE
2767,0.02506527521667189,0.21755188645867266,0,0.03720901745437494,0.11521515912680182,FALSE
2768,0.025114411745546683,0.21752714698407755,0,0.03728195987949275,0.11545414948776483,FALSE
2769,0.02515058966118201,0.21758815546173832,0,0.037335665441578195,0.11558804571788653,FALSE
2770,0.02516371066694498,0.21762097502273092,0,0.03735514337382642,0.11563090673735188,FALSE
2771,0.025317897268048603,0.21774968867874472,0,0.03758403102345731,0.11627064737346726,FALSE
2772,0.02556181013305636,0.21785640971017978,0,0.03794611593866237,0.11733329382900379,FALSE
2773,0.02746376404075776,0.28951947184240595,0,0.0407695374067022,0.09485981673697962,FALSE
2774,0.06852943251723596,0.28647392164848046,0,0.10173089378153709,0.2392170014041467,FALSE
2775,0.04588835718328583,0.2694749985925436,0,0.0681205639525464,0.17028799488991098,FALSE
2776,0.05562120903945203,0.27415145046932493,0,0.08256883357920718,0.2028849708591111,FALSE
2777,0.1655932118249427,0.5806176896010938,0,0.2458205886772791,0.2852018028226309,FALSE
2778,0.008934745646965498,0.5123252863952811,0,0.013263493173504521,0.017439595281018308,FALSE
2779,0.07494921269292135,0.3805430817039841,0,0.11126095920254006,0.19695329200918874,FALSE
2780,0.060009610608922626,0.2917865593499003,0,0.08908334854797276,0.20566269653620745,FALSE
2781,0.11821072671180798,0.25143698602168835,0,0.17548201467935176,0.47014056516574454,FALSE
2782,0.11383661044707297,0.35609511506609787,0,0.16898870602684055,0.31968034839776666,FALSE
2783,0.1279359963454306,0.32232587763428894,0,0.18991902861268667,0.3969150639856066,FALSE
2784,0.267718634219983,0.510249215051345,0,0.3974242152716102,0.524682108904456,FALSE
2785,0.15581743331641137,0.6382465572265664,0,0.23130859509214172,0.2441336056609529,FALSE
2786,0.07697986276510971,0.36914554128033017,0,0.11427542815716489,0.20853526362018546,FALSE
2787,0.07133169493315596,0.3477828358971956,0,0.10589080945149759,0.20510412697376923,FALSE
2788,0.07607042249255286,0.3575361999040051,0,0.11292537799083871,0.2127628545388607,FALSE
2789,-0.01972640158168448,0.3979351189672854,0,-0.029283541250594174,-0.04957190416588038,FALSE
2790,0.06753603926769608,0.36910506062073517,0,0.1002562167057154,0.18297240128357675,FALSE
2791,0.04701681978815317,0.35804654424130533,0,0.06979574941921902,0.13131482636644637,FALSE
2792,0.057597543069663304,0.362883605146024,0,0.0855026712007823,0.1587218112168118,FALSE
2793,0.06074284905808055,0.3680403522821991,0,0.09017182980409671,0.16504399227263342,FALSE
2794,0.054952732839769765,0.3591901405662816,0,0.08157649089129337,0.15299064933445547,FALSE
2795,0.05171778101824797,0.3583623980767497,0,0.07677425442069583,0.14431698553142197,FALSE
2796,0.0517465415071103,0.3610415078328677,0,0.07681694892625478,0.14332574062665576,FALSE
2797,0.051997421285103894,0.36107631599235807,0,0.07718937611716406,0.14400673481504223,FALSE
2798,-0.05144224945866496,0.2845355341381321,0,-0.07636523203729362,-0.18079376136441203,FALSE
2799,0.18588192735997075,0.680148653203028,0,0.27593887638582887,0.27329603092588056,FALSE
2800,0.010216456468702149,0.19317811008761762,0,0.01516617327277345,0.05288620156843022,FALSE
2801,0.025024440360020054,0.21829691808302226,0,0.037148398734621384,0.11463487702791483,FALSE
2802,0.02506892013873009,0.21754970554580844,0,0.0372144282853876,0.11523306858005121,FALSE
2803,0.025176046390333644,0.2175993540610637,0,0.03737345556640812,0.11569908605183005,FALSE
2804,0.02513568603734197,0.2175692075536208,0,0.037313541240076166,0.11552961156576894,FALSE
2805,0.02516028483743965,0.21761282022284734,0,0.03735005778235544,0.11561949710349856,FALSE
2806,0.025217235259574013,0.217680304104675,0,0.03743459981243146,0.11584527761155601,FALSE
2807,0.025328898389883225,0.21773933531378162,0,0.03760036202045709,0.11632670024174568,FALSE
2808,0.0181306531953334,0.21393702045866553,0,0.026914677192758713,0.08474761944642674,FALSE
2809,0.07827315141468713,0.28915224335061473,0,0.11619529536467368,0.27069875200579424,FALSE
2810,0.02527290243393963,0.20943660072229847,0,0.037517236880833894,0.12067089680972297,FALSE
2811,0.12887423639496587,0.4314254719212121,0,0.19131183160717888,0.29871726354280065,FALSE
2812,0.03232308654001766,0.6767321853556607,0,0.04798312728865707,0.047763483456945484,FALSE
2813,0.17383356272973177,0.44182536269586375,0,0.2580532634832006,0.3934440559705767,FALSE
2814,-0.17330245973502284,1.8469617594422014,0,-0.2572648492156784,-0.09383110335070592,FALSE
2815,0.2249487200192224,0.8331758810052932,0,0.3339329322012492,0.2699894765890292,FALSE
2816,0.17749258007327895,0.38716459883387233,0,0.2634850187312479,0.4584421731942462,FALSE
2817,0.08781179805424005,0.30314889869611805,0,0.13035527031943364,0.28966556841185886,FALSE
2818,0.11582379590047988,0.3491287926362844,0,0.1719386524200769,0.33175091354078856,FALSE
2819,0.23448298966947995,0.5536142911991451,0,0.3480864095823866,0.4235493797704947,FALSE
2820,-0.16102881896880106,0.7073774506075987,0,-0.23904481733686175,-0.227642001919182,FALSE
2821,0.4534282788769994,2.5192504645078206,0,0.6731073406215577,0.17998539060132096,FALSE
2822,0.04384819194309142,0.3462987415460907,0,0.06509196987663893,0.12661955324274674,FALSE
2823,0.07828132310780779,0.3399514274823623,0,0.11620742611804982,0.230272082360558,FALSE
2824,0.057714739595614406,0.3416824255955342,0,0.08567664764995395,0.16891339815040443,FALSE
2825,0.07160052725422655,0.36492524028124274,0,0.10628988691785482,0.19620601523491507,FALSE
2826,0.065155194115235,0.37444689360909283,0,0.0967218885138923,0.17400383132368658,FALSE
2827,0.05750144863922985,0.3629315765919904,0,0.08536002048945525,0.15843605888245235,FALSE
2828,0.06077243757014421,0.3666428381492665,0,0.09021575349742578,0.16575378337378766,FALSE
2829,0.06047390490772765,0.3639112770207578,0,0.08977258632888138,0.16617760626384262,FALSE
2830,0.04823515754513848,0.3610355227287224,0,0.07160435317374064,0.13360224827899211,FALSE
2831,0.044617065708177216,0.35554411889987975,0,0.0662333512138867,0.12548953374965333,FALSE
2832,0.16892149784626537,0.3576408066002108,0,0.25076137833907286,0.4723216554958016,FALSE
2833,0.10265526309570543,0.43928483373714017,0,0.15239016700566377,0.23368724620511805,FALSE
2834,0.02568348302890773,0.21849617295571908,0,0.03812673749044357,0.11754660359251602,FALSE
2835,0.025058321962571926,0.21753691202243738,0,0.03719869545507775,0.11519112655229444,FALSE
2836,0.025246974160531226,0.21759251323202186,0,0.03747874675577142,0.11602868952393612,FALSE
2837,0.025155954997012897,0.21760214490313995,0,0.03734363020050681,0.11560527130010795,FALSE
2838,0.025222300736983946,0.21768491478472182,0,0.037442119436123265,0.11586609371589844,FALSE
2839,0.025226866651253663,0.21770271808846542,0,0.037448897465978855,0.11587759157422418,FALSE
2840,0.02135474499358006,0.214433689030444,0,0.03170079212500863,0.09958670715471506,FALSE
2841,0.020936144356509073,0.2103466846332803,0,0.031079385885637804,0.09953161084050018,FALSE
2842,0.025102446556522322,0.2091684685255233,0,0.03726419773950411,0.12001066285695569,FALSE
2843,0.07709032434968031,0.2887678137262348,0,0.1144394066889303,0.2669630086362932,FALSE
2844,0.08094989463125685,0.27626032994657385,0,0.12016887970417359,0.29302033573518066,FALSE
2845,0.2545085587214317,0.8229311839062774,0,0.37781406036406434,0.3092707673481691,FALSE
2846,-0.039166791327163046,1.0099882496826917,0,-0.05814250230753202,-0.03877945247330163,FALSE
2847,0.12494615313947084,0.34864095473768053,0,0.18548065213069198,0.35838059597295746,FALSE
2848,0.054279700386319775,0.2851659975481723,0,0.08057738451439134,0.19034422355053202,FALSE
2849,0.10885087040730937,0.24368972313871698,0,0.16158745124073123,0.4466781323615667,FALSE
2850,0.13764378575982686,0.3479945880161074,0,0.20433009342810138,0.39553427122106805,FALSE
2851,0.12045508273684935,0.308320343744135,0,0.1788137268503815,0.3906815919899567,FALSE
2852,0.24874425717242488,0.48125074470314794,0,0.36925704293276906,0.5168703839115281,FALSE
2853,0.1570021045392585,0.6410430533391589,0,0.23306722139197564,0.2449166303596037,FALSE
2854,0.05431734456506986,0.3572738870324608,0,0.08063326672163061,0.15203278643237297,FALSE
2855,0.08492292620911393,0.3580025006122003,0,0.12606678427730741,0.23721322075653642,FALSE
2856,0.06602047686871362,0.33405422185621153,0,0.09800638751894374,0.19763401432816233,FALSE
2857,0.039485165451926756,0.3725783822249081,0,0.05861512382327244,0.10597814402471535,FALSE
2858,0.06750500212782333,0.3690848482903245,0,0.10021014254657387,0.18289832931511582,FALSE
2859,0.050339333656760646,0.3556713766317419,0,0.07472797040864543,0.14153327190251078,FALSE
2860,0.04140163288407715,0.3475988591414105,0,0.06146009039623846,0.11910750508888783,FALSE
2861,0.0614997375267213,0.36398466406695534,0,0.09129541915219756,0.168962441547835,FALSE
2862,0.05170500241580865,0.3583446519741122,0,0.07675528478094135,0.1442884723714084,FALSE
2863,0.05117648460474511,0.3610626058056571,0,0.07597070817897646,0.14173853448642917,FALSE
2864,0.023168683506614066,0.4730428780179303,0,0.03439355608667268,0.04897797764907027,FALSE
2865,0.28399675328615853,0.5788906544802267,0,0.42158883390124524,0.49058790479378706,FALSE
2866,-0.026762291478952316,0.25916023302064706,0,-0.03972821212420049,-0.1032654245098637,FALSE
2867,0.024911214751082527,0.2175212308332107,0,0.036980317050984556,0.1145231417441903,FALSE
2868,0.025052743052602827,0.21755226017955412,0,0.037190413648609554,0.11515735590117909,FALSE
2869,0.025016052912652846,0.21757650103936485,0,0.0371359476973682,0.11497589488364296,FALSE
2870,0.02503033680196749,0.21761535323801373,0,0.037157151912451836,0.11502100577706441,FALSE
2871,0.025058556564786134,0.2176604562163294,0,0.03719904371847433,0.115126821841634,FALSE
2872,0.02511054820162407,0.21772580454281282,0,0.0372762245076682,0.11533106171935822,FALSE
2873,0.024890438271632512,0.21745372517654032,0,0.03694947468520906,0.11446314958010101,FALSE
2874,-0.0021691702695425274,0.2089153063723955,0,-0.0032201000676519175,-0.010383012653347382,FALSE
2875,0.07573773549788149,0.2812908178899471,0,0.11243150923876784,0.2692506497937423,FALSE
2876,0.0760133907037048,0.2813921524607672,0,0.11284071517312147,0.2701332998769498,FALSE
2877,0.047403093927302624,0.28005278005777695,0,0.07036916746715755,0.16926485756550252,FALSE
2878,0.06258152686715596,0.27214893398576545,0,0.09290131887211832,0.22995323167581924,FALSE
2879,0.177787299995298,0.3909543259963509,0,0.26392252594502325,0.45475209806722394,FALSE
2880,-0.1275506338811185,0.5616607402595468,0,-0.18934696393209174,-0.22709551289302612,FALSE
2881,0.11855091588094324,0.43526718658994357,0,0.17598702029459926,0.27236354940908436,FALSE
2882,0.22010977416631075,0.36146434907974534,0,0.3267495911389494,0.6089390965573501,FALSE
2883,0.08635696745172229,0.3036241766395217,0,0.12819559655506035,0.28442058997907055,FALSE
2884,0.12177250870476634,0.3472693966576489,0,0.18076942553756228,0.35065718395224504,FALSE
2885,0.23475005615852343,0.553619710601554,0,0.3484828656981243,0.4240276342463456,FALSE
2886,-0.18006831025019762,0.7035679614043872,0,-0.26730865075931276,-0.2559359154029193,FALSE
2887,0.4114122328980535,2.3106368015947703,0,0.6107351633891069,0.17805144997868222,FALSE
2888,0.05418610682165055,0.35864828921482367,0,0.08043844630001745,0.1510842473005471,FALSE
2889,0.09378927103568066,0.36587313808458577,0,0.13922873747975195,0.25634369204223356,FALSE
2890,0.07111088723542643,0.3580309805260038,0,0.10556302380351022,0.19861657538951896,FALSE
2891,0.06515739933283572,0.37443854184942765,0,0.09672516212567141,0.17401360183438958,FALSE
2892,0.051771186350777994,0.35836590905559695,0,0.07685353381950907,0.14446459622013377,FALSE
2893,0.017240783864283057,0.3354803471540371,0,0.025593679789580725,0.05139133785493219,FALSE
2894,0.05326856284795323,0.36155719809816356,0,0.07907636631336916,0.14733094273368802,FALSE
2895,0.06045758777765963,0.3638916117662837,0,0.08974836379901655,0.16614174612106658,FALSE
2896,0.04822037888254225,0.36101821952345164,0,0.07158241447529261,0.1335677156299583,FALSE
2897,0.4086580046975659,0.49955133897348,0,0.6066465537768291,0.8180500637578325,FALSE
2898,0.013890669053472183,0.34357556168713094,0,0.020620485623864593,0.04042973541325793,FALSE
2899,0.025055172030736074,0.2175517211412727,0,0.037194019429474715,0.11516880629257752,FALSE
2900,0.025121896624420416,0.21761883925855657,0,0.03729307106763049,0.11543989808057321,FALSE
2901,0.02505448753665505,0.2176488669874459,0,0.037193003308487085,0.11511425666231567,FALSE
2902,0.02506794314141324,0.2176804182934061,0,0.03721297794782293,0.11515938520305843,FALSE
2903,0.025120660573150513,0.2177461731900376,0,0.03729123616843713,0.11536671439560271,FALSE
2904,0.02511625269521392,0.21761722363775882,0,0.03728469274109945,0.11541482000074553,FALSE
2905,0.14997318264081572,0.3722160640045197,0,0.22263289440598524,0.4029196940812169,FALSE
2906,0.008727688674336124,0.208999182478838,0,0.012956120266484059,0.04175943929933715,FALSE
2907,0.04571125395718852,0.2694271508990551,0,0.06785765692383372,0.16966090390168184,FALSE
2908,0.07766965726837514,0.289209545137908,0,0.11529941754048767,0.2685584157719926,FALSE
2909,0.0037922186885929366,0.1932883750569503,0,0.0056294906062235115,0.019619486621870567,FALSE
2910,0.19947627313566013,1.0153061419057918,0,0.296119474638825,0.19646908937360602,FALSE
2911,0.11446467617152324,0.249213096375999,0,0.16992105998272375,0.4593044179300483,FALSE
2912,0.051242592326528585,0.28811628699305936,0,0.07606884408023615,0.1778538549879445,FALSE
2913,0.11796053932170412,0.2514168199455373,0,0.1751106153276683,0.46918316502156504,FALSE
2914,0.09461894444035386,0.3349350010469266,0,0.14046037495147545,0.2824994227076827,FALSE
2915,0.11992542818405483,0.3090768720345111,0,0.17802746277271392,0.388011653523736,FALSE
2916,0.26167078413643335,0.5049387814383647,0,0.3884462743802785,0.5182227900797004,FALSE
2917,0.1289012253801935,0.6037017000227045,0,0.1913518963427036,0.21351807585657895,FALSE
2918,0.051508100354194494,0.34882348936822904,0,0.07646298668390987,0.14766236197993227,FALSE
2919,0.08609018038460489,0.3608722193546511,0,0.12779955523689562,0.2385613958828979,FALSE
2920,0.07901644288044596,0.3578365238939253,0,0.117298700170088,0.22081715421500428,FALSE
2921,0.055970301751593385,0.36592541139980933,0,0.08308705636778534,0.15295549313584114,FALSE
2922,0.029236331556037283,0.35576456051334737,0,0.04340088675535105,0.08217887558516501,FALSE
2923,0.05986166565559745,0.36805302398535217,0,0.08886372652894535,0.16264413482438833,FALSE
2924,0.051710227794541805,0.3583357935123723,0,0.07676304177570031,0.14430662169604444,FALSE
2925,0.05117423730357828,0.36105040667506566,0,0.0759673720947875,0.14173709919023447,FALSE
2926,0.13319922843336301,0.5859326717029925,0,0.19773221609750005,0.22732855644697914,FALSE
2927,0.14580958990792178,0.8162293889895333,0,0.21645210471459125,0.17863800528970114,FALSE
2928,0.0035294778936771063,0.20777518259954517,0,0.005239455917216911,0.016987004172099005,FALSE
2929,0.024919698571921712,0.2175339145841219,0,0.036992911153181963,0.114555464234452,FALSE
2930,0.025118361025260685,0.2176064971578967,0,0.037287822524787496,0.11543019787242215,FALSE
2931,0.025031760701384183,0.21759971425992694,0,0.03715926566934424,0.11503581604653798,FALSE
2932,0.025038436484205277,0.21762725216867812,0,0.03716917576677442,0.11505193506187604,FALSE
2933,0.024923355055529787,0.21755287845667007,0,0.03699833914713848,0.11456228587889616,FALSE
2934,0.025123822615902163,0.21773757564229845,0,0.037295930172509324,0.11538579201035948,FALSE
2935,0.0249057838848094,0.21746900059208776,0,0.036972255013117336,0.11452567408228369,FALSE
2936,0.06828274481365042,0.2860375959873968,0,0.10136468966093007,0.23871947524219525,FALSE
2937,0.09087092162211217,0.28530794283319044,0,0.13489649243840454,0.31850119810804295,FALSE
2938,0.007381216883525072,0.20898681120323032,0,0.010957303499741044,0.03531905597787781,FALSE
2939,0.06912357599140341,0.26025811981357017,0,0.1026128906760294,0.26559623208266653,FALSE
2940,0.12681901543764668,0.2676909153018992,0,0.18826088754961584,0.4737516597999653,FALSE
2941,0.04167571768092024,0.3543442218281046,0,0.06186696508249484,0.11761365111560217,FALSE
2942,0.22089199637292542,0.7380420835182736,0,0.32791078803335916,0.29929458130615694,FALSE
2943,0.056264107137680694,0.4088869148749723,0,0.0835232059669663,0.13760310024810868,FALSE
2944,0.18000958211922785,0.39084055823732144,0,0.2672214697476771,0.46057037409593665,FALSE
2945,0.08251583363285771,0.29655435757090554,0,0.12249349218655707,0.2782485960036124,FALSE
2946,0.12027786160579086,0.34681992065150913,0,0.1785506447935584,0.3468020561790285,FALSE
2947,0.2378158975585442,0.5497088905797264,0,0.3530340603361086,0.4326215231988373,FALSE
2948,-0.06586353240615263,0.7118405120875381,0,-0.09777340586618632,-0.09252568698710577,FALSE
2949,0.38537682227273445,2.2756081598820863,0,0.5720859947677721,0.16935113393718154,FALSE
2950,0.05459426223212534,0.3582119117251699,0,0.08104434676036237,0.15240772415745785,FALSE
2951,0.07875760894671809,0.3398945501649769,0,0.11691446515672342,0.23171189096292064,FALSE
2952,0.03776289397709119,0.3683996295837642,0,0.0560584381769204,0.10250524415498882,FALSE
2953,0.05242275106390432,0.3580215111807148,0,0.0778207716644479,0.1464234673805492,FALSE
2954,0.039263732004867914,0.3664589835294303,0,0.058286409259982325,0.10714359251535349,FALSE
2955,0.05045292163051182,0.35795500170253575,0,0.0748965900173024,0.14094766490353083,FALSE
2956,0.060123497909904226,0.36667321029255706,0,0.08925241250332232,0.16397024986345082,FALSE
2957,0.04822702401455823,0.3610092402889455,0,0.07159227907207169,0.1335894449016268,FALSE
2958,-0.05122911307052005,0.41633923322398375,0,-0.07604883433098113,-0.12304656631521348,FALSE
2959,0.14614602693028753,0.5489778769813989,0,0.21695154032538314,0.26621478397979126,FALSE
2960,0.025824785648457287,0.21892860318630683,0,0.03833649906663688,0.117959852082373,FALSE
2961,0.02508189658168966,0.21758007397426904,0,0.037233691616366596,0.11527662493880685,FALSE
2962,0.025145983208007604,0.21764685024659344,0,0.03732882723233902,0.11553570924420573,FALSE
2963,0.025038627550288968,0.21761921265767023,0,0.03716945940145154,0.11505706341138375,FALSE
2964,0.024960210359773135,0.2175780050913432,0,0.03705305028224563,0.1147184447678633,FALSE
2965,0.024976623595544714,0.21760978950125867,0,0.03707741547955657,0.11477711390093619,FALSE
2966,0.025030413752501587,0.21767555257448745,0,0.03715726614434204,0.11498954961392051,FALSE
2967,0.017556980360682897,0.21359601759992072,0,0.02606306864934191,0.08219713343892145,FALSE
2968,-0.24432013867486252,1.1512790083570519,0,-0.3626895067308714,-0.2122162715565559,FALSE
2969,0.018806574785099027,0.21119493713712426,0,0.0279180724483053,0.08904841678514447,FALSE
2970,0.02822584468223148,0.29004970683764864,0,0.041900834455911376,0.09731381903457847,FALSE
2971,0.1158784878947347,0.19698053979528074,0,0.17201984184852925,0.5882737859037531,FALSE
2972,-0.005198451958259991,0.20435283993115957,0,-0.007717022373724755,-0.025438608829763246,FALSE
2973,-0.027149488647961944,0.3752021190512503,0,-0.04030300039584017,-0.0723596356987885,FALSE
2974,0.34473435402120167,0.7151607854658711,0,0.5117528726501145,0.48203755159286915,FALSE
2975,0.04623307641797153,0.28046327288863554,0,0.06863229438077435,0.16484538578543026,FALSE
2976,0.11650721061251884,0.2430980147977111,0,0.17295317110096178,0.479260230526637,FALSE
2977,0.11851116979844657,0.3745741829954382,0,0.1759280178434162,0.31638904969563764,FALSE
2978,0.11892418683126514,0.31835654877473357,0,0.17654113530772708,0.3735565902098496,FALSE
2979,0.2516056807823413,0.4905735553380855,0,0.3735047824898007,0.5128806435743235,FALSE
2980,0.153082771938902,0.6484494672493927,0,0.22724903212911984,0.23607509863220627,FALSE
2981,0.06779333650207796,0.35874300306239915,0,0.10063817051241886,0.18897465852535694,FALSE
2982,0.0783419713497403,0.3518971669181436,0,0.1162974575050239,0.22262745686714716,FALSE
2983,0.08431393844606212,0.3607005215971791,0,0.12516275126314672,0.23375053097434034,FALSE
2984,0.03242281204422967,0.37321241498721003,0,0.048131168273437594,0.08687495576839478,FALSE
2985,0.05000563396267197,0.36236372814816925,0,0.07423259831978815,0.1379984531515385,FALSE
2986,0.04958081274762237,0.3628568331847728,0,0.07360195772760923,0.1366401517437457,FALSE
2987,0.05046259966083995,0.3587469654995874,0,0.07491095690520969,0.14066348851359967,FALSE
2988,0.38805664916008265,0.5648234280540664,0,0.5760641567693494,0.6870406394030398,FALSE
2989,0.023848915198326926,0.22922377836584176,0,0.03540334962259714,0.10404206478205762,FALSE
2990,0.02486221502763836,0.2174563775635404,0,0.0369075777114348,0.11433196536336886,FALSE
2991,0.02488588821224875,0.21751031076054828,0,0.03694272019168903,0.11441245302456034,FALSE
2992,0.024892625104937442,0.21753736619471273,0,0.036952721005782424,0.11442919228256455,FALSE
2993,0.024972967107495286,0.21760028805121998,0,0.03707198747900694,0.11476532191729916,FALSE
2994,0.02502907669706451,0.2176658866102367,0,0.03715528130600831,0.11498851329828644,FALSE
2995,0.024797760438103934,0.21738798362780298,0,0.03681189585969891,0.11407144049213402,FALSE
2996,0.0023134639183496216,0.20386585365230733,0,0.0034343017810026435,0.011347971604382695,FALSE
2997,0.0691292276170496,0.2601781344985019,0,0.10262128042780737,0.26569960519663743,FALSE
2998,-0.11377868267453166,0.34863203350879013,0,-0.16890271313504301,-0.3263575108959772,FALSE
2999,0.054277458131223255,0.25068524171160317,0,0.08057405592101653,0.21651636833757407,FALSE
3000,2.6216815693219306e-4,0.20271718116916682,0,3.891846166836754e-4,0.0012932705329668855,FALSE
3001,-0.061131601998323654,0.3324481308257612,0,-0.09074892759432261,-0.18388312741142537,FALSE
3002,0.0854870039181021,0.699787799946421,0,0.1269041490035245,0.12216132365360953,FALSE
3003,0.20973332276810377,0.8235260260571933,0,0.3113459078419255,0.25467722468013165,FALSE
3004,0.1767274203928916,0.39275342184028394,0,0.2623491508958938,0.44997041544493305,FALSE
3005,0.08695127693021429,0.3037048139954964,0,0.1290778398804319,0.28630193834037704,FALSE
3006,0.11998007792774851,0.34659162074004723,0,0.17810858948085487,0.3461713173318079,FALSE
3007,0.2350439041161229,0.5475112588555965,0,0.34891907849406356,0.42929510638267004,FALSE
3008,-0.06650535150227904,0.7114149623923323,0,-0.09872617649183797,-0.09348320603018546,FALSE
3009,0.38564640102096504,2.275390983012607,0,0.5724861802938248,0.16948577360993625,FALSE
3010,0.043476961592779355,0.3482369020090254,0,0.0645408841029959,0.12484880649338118,FALSE
3011,0.08295131997344139,0.3446391230334116,0,0.12313996499436977,0.2406903756118238,FALSE
3012,0.06385990173259738,0.3604934089176025,0,0.09479904679532124,0.17714582334345466,FALSE
3013,0.07082543583550394,0.3651706599730964,0,0.1051392755689396,0.19395160564302164,FALSE
3014,0.18089418815753872,0.3319793758140433,0,0.268534653873334,0.5448958620214581,FALSE
3015,-0.08036078553148988,0.4296606706472668,0,-0.11929435626143156,-0.18703314271336385,FALSE
3016,0.015356242680863002,0.19708770140557855,0,0.022796107244248194,0.07791578353873047,FALSE
3017,0.024777207812250537,0.217458482864482,0,0.03678138580116168,0.11393994608015108,FALSE
3018,0.02501226639050745,0.2175790704319898,0,0.03713032666319317,0.11495713416206413,FALSE
3019,0.02488803663545523,0.21752319396027509,0,0.03694590949305908,0.11441555349725316,FALSE
3020,0.025107164775166533,0.2177058362236894,0,0.03727120186287273,0.11532609878850152,FALSE
3021,0.02470698332828055,0.21746911003928293,0,0.03667713862943999,0.1136114610659765,FALSE
3022,0.0249063760597211,0.21761022046334308,0,0.03697313408771097,0.11445407300580643,FALSE
3023,0.09424020003761803,0.2872858785545931,0,0.13989813468200613,0.3280363118151299,FALSE
3024,0.09272528623884739,0.2871937508967997,0,0.1376492683323226,0.32286665691471583,FALSE
3025,0.008462936036983766,0.20603679152327656,0,0.012563099028170134,0.04107487781388638,FALSE
3026,0.007100344930969309,0.20870772262219212,0,0.010540353384701398,0.034020518463624506,FALSE
3027,0.009823845104158424,0.20902673457587687,0,0.014583347710723503,0.04699803173068448,FALSE
3028,0.00529413705614724,0.2095186361432734,0,0.007859065437151485,0.02526809621138901,FALSE
3029,0.12015605686551409,0.6141718094652099,0,0.17836982752074546,0.1956391599447392,FALSE
3030,0.07480946747914143,0.46311098165480635,0,0.11105350957137687,0.16153680314776664,FALSE
3031,0.0487966982065485,0.2849117267278503,0,0.07243795169165554,0.1712695323810222,FALSE
3032,0.11850508961204788,0.2515283180707478,0,0.17591899189975993,0.4711401504251928,FALSE
3033,0.11496041685483345,0.35619612445022175,0,0.17065697944016756,0.32274471551949496,FALSE
3034,0.10840954791812366,0.29834033177820746,0,0.1609323147596366,0.3633754352687307,FALSE
3035,0.26476397939311286,0.5014937118110899,0,0.393038075399843,0.5279507462555145,FALSE
3036,0.14346204160732287,0.6218970923137234,0,0.2129672051897748,0.23068453507891903,FALSE
3037,0.06536515824551666,0.36500887652565905,0,0.097033577051955755,0.179078270281248,FALSE
3038,0.036143852062218595,0.32855497799892114,0,0.0536549952324843,0.11000853580838844,FALSE
3039,0.08592712351750881,0.36229882195128693,0,0.1275574998131515,0.2371719649948577,FALSE
3040,0.03813834690753943,0.3729355419050093,0,0.05661579230615224,0.10226525128906505,FALSE
3041,0.05865248279909101,0.3683180092829614,0,0.08706871308407589,0.15924413501602921,FALSE
3042,0.24846354820761818,0.5457311731251577,0,0.3688403347705485,0.455285606619792,FALSE
3043,0.09875465507840757,0.4731465708967198,0,0.14659977409979316,0.20871894916462178,FALSE
3044,0.020641819762966744,0.21317842209316645,0,0.03064246553093593,0.0968288420576898,FALSE
3045,0.024794756983092497,0.2174848230441151,0,0.036807437276699995,0.11400683797628984,FALSE
3046,0.024954328215099637,0.21754438640000842,0,0.03704431832849952,0.11470913420498481,FALSE
3047,0.02496314882930725,0.21757709158898947,0,0.037057412395298,0.11473243183369454,FALSE
3048,0.024995021795570355,0.21761861113512027,0,0.037104727325924326,0.11485700448685819,FALSE
3049,0.024998296005126253,0.2177014394053368,0,0.037109587839900794,0.11482834506473841,FALSE
3050,0.00793398492329447,0.20837827577441853,0,0.01177787919508867,0.038074913969839475,FALSE
3051,0.007871386366028113,0.20852996511620778,0,0.011684952594849576,0.03774702768324742,FALSE
3052,0.04737764278827666,0.28002481562137715,0,0.07033138564078362,0.16919087218447162,FALSE
3053,0.11589487314653986,0.19688023057501375,0,0.1720441655040703,0.5886567321058805,FALSE
3054,0.019760298849367863,0.2118726733759628,0,0.029333861225698525,0.09326497152515607,FALSE
3055,0.004812395710746443,0.2064262899953211,0,0.007143927782585076,0.023312901233924817,FALSE
3056,-0.04822600602792097,0.36821953082762304,0,-0.07159076788648819,-0.1309707986415781,FALSE
3057,0.0817564234209343,0.2710706382978578,0,0.12136615934914645,0.30160560337449277,FALSE
3058,0.0632957700361873,0.4089372015293774,0,0.09396160192560254,0.1547811492803015,FALSE
3059,0.17703581694717113,0.3914532819324036,0,0.26280696086094946,0.45225273389773696,FALSE
3060,0.07110662676705248,0.28798325061231117,0,0.1055566992034123,0.2469123694376853,FALSE
3061,0.12522868540915283,0.3666130553719944,0,0.18590006696109562,0.341582722093969,FALSE
3062,0.2375912982078906,0.5491723351481322,0,0.3527006460373838,0.43263522759900747,FALSE
3063,-0.15043823226460484,0.6943349758148614,0,-0.2233232534552731,-0.21666520844359416,FALSE
3064,0.46587649116462926,1.5205911926802163,0,0.6915865212522216,0.3063785279089172,FALSE
3065,0.05464085723122575,0.36036915612061604,0,0.08111351632342628,0.15162467792592488,FALSE
3066,0.09543718083602319,0.36399491503998066,0,0.14167503435836737,0.2621937200016668,FALSE
3067,0.07046547425174081,0.3616758134621236,0,0.10460491810677863,0.1948304852824235,FALSE
3068,0.05812530978916393,0.36610914861734006,0,0.08628613281881692,0.1587649748952789,FALSE
3069,0.0559075661473171,0.3632290265319999,0,0.0829939263233574,0.15391822256361368,FALSE
3070,0.059162797713193105,0.3669993910313783,0,0.08782626776408287,0.1612068007713253,FALSE
3071,-0.10278764287297158,0.3591753631373464,0,-0.1525866827590446,-0.2861767632811336,FALSE
3072,0.2105934459325979,0.552614961382591,0,0.312622747516093,0.3810853137340197,FALSE
3073,0.014076061448768634,0.2211823509776597,0,0.02089569779739404,0.06364007519836143,FALSE
3074,0.017687199801437164,0.2143993698613046,0,0.02625637741623315,0.0824965101944052,FALSE
3075,0.024992691322857388,0.21754367895047902,0,0.03710126777484802,0.11488585392796749,FALSE
3076,0.02497774487914789,0.21757679156508003,0,0.0370790800079051,0.1147996746320102,FALSE
3077,0.02514547855918503,0.21773295729071782,0,0.03732807808888517,0.11548770049364046,FALSE
3078,0.0250082597881197,0.21763100283163112,0,0.037124378923266525,0.11491129233764173,FALSE
3079,0.025106753789901598,0.2176650083346319,0,0.03727059176153675,0.11534584259544005,FALSE
3080,0.06879319900025253,0.2865878524979223,0,0.10212245108883188,0.24004227115924695,FALSE
3081,-0.10572749814948071,0.3714107780597325,0,-0.15695085292479669,-0.28466459347735185,FALSE
3082,0.0076045275886179415,0.20802809924382995,0,0.011288804823852682,0.036555290445184845,FALSE
3083,0.07614280981272306,0.28155932000840794,0,0.11303283585979908,0.2704325674974967,FALSE
3084,0.009432099177746497,0.20927180013512056,0,0.014001806878335344,0.045071047181973266,FALSE
3085,0.005445888673303526,0.2089287353373394,0,0.008084338390378113,0.026065771491463413,FALSE
3086,-0.0017096420647444478,0.21679350607768713,0,-0.0025379374803551945,-0.007886039096262431,FALSE
3087,0.08799752637342854,0.31920487992018026,0,0.13063098116683977,0.27567725905516555,FALSE
3088,0.053889846146487896,0.29320303010455695,0,0.07999865186178044,0.18379703008959572,FALSE
3089,0.11906240107562364,0.25126334046969623,0,0.1767463122382145,0.4738550432906596,FALSE
3090,0.09026453584661369,0.3407224422364807,0,0.13399632203494533,0.26492101680805924,FALSE
3091,0.12339950342439432,0.32314037834842346,0,0.18318467429894617,0.381875840014459,FALSE
3092,0.26476602765133556,0.5014634794001857,0,0.39304111600782754,0.5279866601014086,FALSE
3093,0.19644459460310748,0.9328157646279017,0,0.2916189942547606,0.21059313323405165,FALSE
3094,0.07784723936370955,0.3691752664215558,0,0.1155630354432541,0.21086797097294413,FALSE
3095,0.08678637612262602,0.3603158754662262,0,0.12883304715524724,0.24086192708087004,FALSE
3096,0.057272813767684554,0.36288462843656816,0,0.08502061552172725,0.15782650815063604,FALSE
3097,0.06016752879566688,0.36802732180577397,0,0.08931777567937811,0.16348658164955543,FALSE
3098,0.37595484746839053,0.5618383310401895,0,0.5580992173668071,0.6691512961964456,FALSE
3099,-0.0748920206382025,0.29468914948515557,0,-0.11117605847259038,-0.25413905048436486,FALSE
3100,-0.009783869473969803,0.20318262224522762,0,-0.014524004499504794,-0.0481530820197868,FALSE
3101,0.02489409306682211,0.21751182184150392,0,0.03695490017273419,0.11444937960641922,FALSE
3102,0.02498068597773103,0.21758552967929026,0,0.03708344602374052,0.11480858131766052,FALSE
3103,0.02498198937853805,0.21759356678915884,0,0.037085380902291,0.11481033077942417,FALSE
3104,0.024874774577407728,0.21756040825890405,0,0.03692622217085317,0.1143350243570325,FALSE
3105,0.02499653583664834,0.21770617052992014,0,0.03710697489673336,0.11481776458519341,FALSE
3106,0.20058943635428447,0.535266089382988,0,0.2977719484007652,0.37474714040918966,FALSE
3107,-0.01759965610299859,0.4371280670327765,0,-0.026126420135690116,-0.04026201342426942,FALSE
3108,0.0047746424966752755,0.20191965759217445,0,0.007087883714080355,0.0236462489765054,FALSE
3109,0.047903145268226005,0.28038531787548104,0,0.07111148602985681,0.17084755232975418,FALSE
3110,0.00947487989015529,0.20659564288435653,0,0.01406531419118027,0.045861954094835025,FALSE
3111,0.0027555969840768026,0.20913560852210067,0,0.0040906415505678525,0.01317612530716213,FALSE
3112,0.049032277420150275,0.2757830286170046,0,0.07278766542888855,0.17779294710786628,FALSE
3113,0.10528093025167834,0.5477363091439993,0,0.15628792971488756,0.19221097541663992,FALSE
3114,0.11383742773382334,0.43172857723500996,0,0.16898991927651352,0.2636782315011228,FALSE
3115,0.1805627977934866,0.38800235931341964,0,0.26804270994957347,0.4653652058018338,FALSE
3116,0.08639628363119636,0.30363708244969784,0,0.12825396082178572,0.2845379850648158,FALSE
3117,0.12783884051836925,0.3381303491376565,0,0.18977480227430937,0.37807561741914114,FALSE
3118,0.24116872336900239,0.5643137593118667,0,0.35801127893931145,0.4273663709052344,FALSE
3119,-0.17655812388471032,0.7057722130708064,0,-0.2620978328204516,-0.250163042147137,FALSE
3120,0.04329265085772185,0.3154171664712146,0,0.06426727763753717,0.13725521455305062,FALSE
3121,0.06251816359214175,0.3680078082779184,0,0.09280725706008597,0.16988270951285964,FALSE
3122,0.09107537316954087,0.3613390537554552,0,0.13519999763158863,0.25204962547773285,FALSE
3123,0.0569488283022338,0.36298651303845875,0,0.08453966405661417,0.15688965362798485,FALSE
3124,0.060224857332638895,0.3667263040671018,0,0.08940287901514386,0.16422290047026253,FALSE
3125,0.02059157537010225,0.4387950436915321,0,0.030567878498680406,0.046927547760949394,FALSE
3126,0.1288027274954092,0.5964534180886739,0,0.19120567774017574,0.21594767267518664,FALSE
3127,0.02384239322105602,0.4256436385442172,0,0.03539366784715233,0.056014917320511524,FALSE
3128,0.012546597102079738,0.19526200756636072,0,0.018625231382010804,0.06425518849495448,FALSE
3129,0.024983847635931776,0.21758185044973002,0,0.03708813945695278,0.11482505358002748,FALSE
3130,0.025190920861448123,0.21776036662279374,0,0.037395536491135216,0.11568184446109075,FALSE
3131,0.02501418300731134,0.21764379486199129,0,0.0371331718515062,0.1149317536168349,FALSE
3132,0.024987704142897835,0.21770481656149518,0,0.03709386438252302,0.11477791138277157,FALSE
3133,-0.0018146149964103546,0.20477702629537475,0,-0.002693768190883186,-0.008861418828266972,FALSE
3134,0.08151777540945888,0.27214740250583885,0,0.12101189002843561,0.29953537920579615,FALSE
3135,0.02163649366108381,0.21087762565868592,0,0.03211904370997111,0.10260213047022523,FALSE
3136,0.015579398687289678,0.20852696589900016,0,0.023127378920557412,0.07471167395604626,FALSE
3137,0.0064662726999328525,0.4297525003480368,0,0.009599082861715989,0.015046503963784074,FALSE
3138,0.016525969692138407,0.21232972846400008,0,0.024532549090713562,0.07783163390113947,FALSE
3139,-0.01055052787606793,0.20979991318326496,0,-0.015662097164301798,-0.05028852355554507,FALSE
3140,0.13493948619974463,0.3430869197896396,0,0.20031560211838584,0.3933099119094411,FALSE
3141,0.04586011252293129,0.27020928008416956,0,0.0680786351865129,0.16972071613767659,FALSE
3142,0.11214619355001726,0.26201500471520284,0,0.16647930801369287,0.4280143943356013,FALSE
3143,0.11445134430911609,0.36786579913012446,0,0.16990126903701422,0.3111225468085209,FALSE
3144,0.12318600182902321,0.3232956940242262,0,0.18286773444809562,0.3810319905460673,FALSE
3145,0.26179842871740133,0.5048957885934671,0,0.3886357608072233,0.5185197314612514,FALSE
3146,0.16244403137988137,0.5834797366683602,0,0.24114567850237212,0.27840560892042043,FALSE
3147,0.08265072511901743,0.3714105708147771,0,0.12269373653335064,0.22253196762198632,FALSE
3148,0.05996840613626831,0.36809211131123126,0,0.08902218113892021,0.1629168468801101,FALSE
3149,0.0361597070305055,0.5572906305121121,0,0.05367853169025811,0.06488482858087384,FALSE
3150,0.33283536803090435,0.5528396570715879,0,0.49408901005235434,0.6020468390309509,FALSE
3151,0.22359726356432827,0.4657128711430189,0,0.3319267157769613,0.48011828192668154,FALSE
3152,0.0249812964303488,0.21759713599494876,0,0.03708435223130909,0.11480526302022977,FALSE
3153,0.025035701941403227,0.2176906489455059,0,0.037165116379834856,0.11500586755874097,FALSE
3154,0.024998127691212416,0.2177071407609433,0,0.03710933798047162,0.11482456479763334,FALSE
3155,0.01581817991107451,0.2131819951200458,0,0.023481845992902865,0.07420035590795118,FALSE
3156,0.1992971240824859,0.4150360867507912,0,0.2958535306111264,0.4801922783214609,FALSE
3157,0.007665044514171497,0.20996567891215237,0,0.011378641273671898,0.03650617831392567,FALSE
3158,0.07847973668662674,0.2894098839094689,0,0.1165019680392392,0.27117158414387876,FALSE
3159,-0.0013670685405597004,0.20967625983268254,0,-0.0020293923265274566,-0.0065199014025268945,FALSE
3160,0.07401899134144645,0.2889785961443158,0,0.10988005984259848,0.2561400474950103,FALSE
3161,-0.05103497196783867,0.35272327311381857,0,-0.07576063483523099,-0.14468841683539957,FALSE
3162,0.07284118876747636,0.27605987957310174,0,0.10813162994690315,0.26386010484434674,FALSE
3163,0.1751326281769998,0.4943752570232281,0,0.25998170625847167,0.3542503911533162,FALSE
3164,0.17752327442025378,0.391488758850236,0,0.2635305840195787,0.45345688837049164,FALSE
3165,0.08822597737461095,0.32896201806766134,0,0.13097011318182805,0.2681950271732116,FALSE
3166,0.12145691147893857,0.34637864923776457,0,0.18030092628579394,0.35064780045252425,FALSE
3167,0.23788578461981555,0.5496728211366263,0,0.3531378066089982,0.4327770547721639,FALSE
3168,-0.19502935409794903,0.7410342872339595,0,-0.28951809138402124,-0.26318533090544344,FALSE
3169,0.46776497090827346,2.563171016947848,0,0.6943899405299303,0.18249463957550316,FALSE
3170,0.024084550339044268,0.22924972008946343,0,0.035753146382777296,0.105058145020397,FALSE
3171,0.18406023937412266,0.4041763736916067,0,0.27323460845037206,0.4553958404173414,FALSE
3172,0.16863858507679652,0.6658506429197161,0,0.25034139866255883,0.25326788652981724,FALSE
3173,0.024981776589748827,0.21757915915645706,0,0.03708506502058996,0.1148169552938887,FALSE
3174,0.02519337956476295,0.2177614187802938,0,0.03739918639857751,0.11569257633364947,FALSE
3175,0.02501636463196425,0.21764398260863735,0,0.037136410439915356,0.1149416782955499,FALSE
3176,0.007603606440030614,0.20837501667363265,0,0.011287437392872265,0.036490009989728095,FALSE
3177,0.015186961354559983,0.20826685864730723,0,0.022544811706071966,0.07292068192317905,FALSE
3178,0.09116751845810277,0.2852285368289584,0,0.13533678590224593,0.3196297238406154,FALSE
3179,0.004132781609698495,0.20237353718172837,0,0.006135051050550929,0.020421551489646198,FALSE
3180,0.0030765141168545658,0.20460212409510473,0,0.00456703812278635,0.015036569783725789,FALSE
3181,0.08997922652570384,0.285084949468368,0,0.13357278471449455,0.31562250723336627,FALSE
3182,0.08809273949720123,0.28515307016172126,0,0.13077232359191662,0.30893140812841485,FALSE
3183,-0.012237871871060185,0.20379475949388007,0,-0.018166933501364682,-0.06004998313721451,FALSE
3184,0.11988608645875255,0.34562159305047463,0,0.17796906058359757,0.34687093882251846,FALSE
3185,0.11755812573032783,0.3013861855601148,0,0.17451323850990097,0.3900581093717036,FALSE
3186,0.12364571647875823,0.2721054608113214,0,0.18355017381004782,0.45440365698685653,FALSE
3187,0.11490708784905548,0.3562604844222221,0,0.1705778133472496,0.3225367192643048,FALSE
3188,0.09400647120071813,0.29350691844107674,0,0.13955116780066845,0.3202870709147883,FALSE
3189,0.2648069086487643,0.501462255974045,0,0.3931018032228583,0.528069471817776,FALSE
3190,0.20252776176066964,0.4826731392734811,0,0.30064936280196325,0.4195960895307208,FALSE
3191,0.08777754808363745,0.3828127720506417,0,0.13030442676224357,0.22929628918448286,FALSE
3192,0.08941413765730984,0.36434763957423033,0,0.13273391893761452,0.24540885666721343,FALSE
3193,0.0773280898932752,0.5673162636086726,0,0.11479236599957798,0.1363050821095711,FALSE
3194,-0.12412312808600408,0.7321795923687857,0,-0.1842588840345865,-0.16952552267188223,FALSE
3195,0.27992255377402064,0.7393367736141099,0,0.41554074707796906,0.37861305397494494,FALSE
3196,0.02498377316919735,0.21759841167590574,0,0.037088028912225186,0.1148159721239535,FALSE
3197,0.02503787095328059,0.2176906370263311,0,0.03716833624477174,0.11501583759090243,FALSE
3198,0.012531969251194083,0.21181621070378398,0,0.018603516561239066,0.059164353896971146,FALSE
3199,0.008242050386713596,0.2087864287955911,0,0.012235197660829193,0.039475987181057826,FALSE
3200,-7.452651573580305e-4,0.502151526513463,0,-0.0011063347203875004,-0.001484143964537066,FALSE
3201,0.05509905894221215,0.25119863070161136,0,0.08179370975096054,0.21934458316240618,FALSE
3202,0.08843563699842652,0.2675468763656364,0,0.13128134968470284,0.33054258827364563,FALSE
3203,0.008754801020155552,0.20659418415464006,0,0.012996368128919382,0.04237680289006781,FALSE
3204,0.02244836959050479,0.21171099047906225,0,0.03332426110205939,0.10603308566885612,FALSE
3205,0.0439081040383896,0.382200474642612,0,0.0651809084652005,0.11488239013687042,FALSE
3206,0.03619066079418409,0.2518853403224584,0,0.05372448207871541,0.14367910712014267,FALSE
3207,0.10169065293221707,0.42748817750004026,0,0.15095821798058254,0.2378794509053002,FALSE
3208,0.22110072894954688,0.36563840666603703,0,0.32822064834886205,0.6046977694864903,FALSE
3209,0.08596268221759022,0.3034503455822704,0,0.12761028615922382,0.2832841796658436,FALSE
3210,0.11555604505689747,0.349194699360669,0,0.1715411803904997,0.3309215325102754,FALSE
3211,0.24104015957501707,0.5149500044697313,0,0.3578204279547103,0.4680845858487324,FALSE
3212,-0.19628467702492275,0.7393523560066827,0,-0.29138159905736105,-0.2654819118790346,FALSE
3213,0.4835947362265561,2.616057328043232,0,0.7178889848825278,0.1848563221618224,FALSE
3214,0.05795476425731359,0.3611437195707918,0,0.0860329605868534,0.1604756253997468,FALSE
3215,0.09436196803244125,0.36603478641395515,0,0.1400788974067556,0.25779508269393187,FALSE
3216,0.016684679156803803,0.1985903511830619,0,0.024768150862082953,0.08401555794331496,FALSE
3217,0.17971318585439364,0.459152156110265,0,0.2667814740286477,0.3914022475182185,FALSE
3218,0.007379249639489998,0.6045436633122553,0,0.010954383156078135,0.012206313765757747,FALSE
3219,0.025195454535887476,0.2177612136384561,0,0.03740226666145603,0.11570221397516137,FALSE
3220,0.015676124753403062,0.2124186754681034,0,0.023270967285384622,0.073798241698183345,FALSE
3221,0.02106962942063421,0.21441784523108837,0,0.031277542420445247,0.0982643464116826,FALSE
3222,0.008441102720194965,0.20880038613015017,0,0.012530687803539295,0.040426662405372314,FALSE
3223,0.09316286231998587,0.28722882054905385,0,0.13829884332800702,0.32435067672491874,FALSE
3224,0.007653003324943637,0.20995329715421973,0,0.011360766312544287,0.03645097947341202,FALSE
3225,0.04761645386367461,0.2802507729388625,0,0.07068589702739189,0.16990659245768527,FALSE
3226,0.05538137286883885,0.24803471696866333,0,0.0822128004544402,0.22328073080122782,FALSE
3227,0.05232512988402943,0.24799715308837406,0,0.07767585451694076,0.21099084901746157,FALSE
3228,0.20397310997206441,0.5328418632825126,0,0.30279496010183515,0.38280233597921703,FALSE
3229,0.22511063579292656,0.4923644281587551,0,0.33417329368931653,0.457203288699693,FALSE
3230,0.07805404772126316,0.2862991639825653,0,0.11587003928499945,0.2726310710638904,FALSE
3231,0.12168002096885128,0.27163661533779615,0,0.1806321289090501,0.4479514693464097,FALSE
3232,0.10888598311008418,0.3587804711501741,0,0.16163957551062752,0.30348915803867144,FALSE
3233,0.12041201484671869,0.30902567117092494,0,0.1787497932266035,0.38965052447088677,FALSE
3234,0.2649684190300934,0.501404863573371,0,0.39334156291214906,0.528452032040013,FALSE
3235,0.1618177284373226,0.6546462518265938,0,0.24021594136922883,0.24718346433026817,FALSE
3236,0.08628995159569502,0.3723393257177164,0,0.12809611254241407,0.23175084025670306,FALSE
3237,0.08558661127480197,0.3612934794677876,0,0.1270520146001314,0.23688944345432822,FALSE
3238,0.021147510617104313,0.21049051174996483,0,0.031393155864693253,0.10046776190189888,FALSE
3239,-0.07572338454276503,0.5654754418318667,0,-0.11241020546552781,-0.13391100468918318,FALSE
3240,0.3005605941053988,1.0190414780407062,0,0.4461776021005531,0.29494441647584513,FALSE
3241,0.02487646862939318,0.21751621555881415,0,0.03692873696509941,0.11436604193155814,FALSE
3242,0.024836716751016594,0.21752263597640006,0,0.036869725910021314,0.1141799180555684,FALSE
3243,0.02490645763586526,0.21762835298882247,0,0.03697325518624851,0.11444491167538483,FALSE
3244,0.008323320369417004,0.20888105607857135,0,0.012355841706377773,0.03984717678890975,FALSE
3245,0.0777547046990791,0.28929734436901067,0,0.11542566914978211,0.2687708899252797,FALSE
3246,0.007499241700794183,0.20810576722057578,0,0.011132509534697913,0.03603572260852135,FALSE
3247,0.013918933361726966,0.2078210767817831,0,0.020662443556905302,0.06697556175373956,FALSE
3248,0.008913928464701485,0.20905170160671055,0,0.013232590385024572,0.042639827354628665,FALSE
3249,0.024865638024886935,0.2854933950643222,0,0.03691265909846397,0.08709706933599869,FALSE
3250,0.04038683280032253,0.3812875979980411,0,0.05995363520264013,0.1059222303908506,FALSE
3251,2.836160892000433e-4,0.23154296928225454,0,4.2102374389117844e-4,0.0012248961394906825,FALSE
3252,0.10395880044300429,0.4140043421090974,0,0.1543252482480916,0.2511055799883599,FALSE
3253,0.19990903183980366,0.3617260033662975,0,0.29676189831208666,0.5526531960086049,FALSE
3254,0.07657325706673415,0.3011886802336413,0,0.11367182822071412,0.2542368358841837,FALSE
3255,0.1283615647607776,0.36521295167118556,0,0.19055077841227175,0.3514704617495224,FALSE
3256,0.24546462458124585,0.571825586572046,0,0.3643884785434202,0.42926484988673913,FALSE
3257,-0.1965413989621746,0.7391054246810653,0,-0.29176269884427947,-0.26591794945489006,FALSE
3258,0.4557394125950096,2.5190070228187365,0,0.6765381832558185,0.18092026281254392,FALSE
3259,0.058258236283153686,0.36051664854344384,0,0.08648346016480689,0.16159652132163133,FALSE
3260,0.09499449901709056,0.3659439847275238,0,0.14101787997306692,0.25958754066642736,FALSE
3261,0.06869137422720964,0.26260144321202644,0,0.1019712937715996,0.26158033781919354,FALSE
3262,0.31243134630639213,0.9719983916752958,0,0.4637995520701879,0.3214319581001554,FALSE
3263,0.01176676537155458,0.19400914796470836,0,0.01746758311277154,0.060650569805579674,FALSE
3264,0.021042882634145495,0.21434465632260682,0,0.03123783722524176,0.09817311518358628,FALSE
3265,0.024882061254460693,0.21753613505921987,0,0.0369370391314213,0.11438127852959716,FALSE
3266,0.007648219107207229,0.20823871796868926,0,0.011353664214533364,0.03672813193345348,FALSE
3267,0.00880161053093982,0.20916923612617794,0,0.013065856131295038,0.04207889598846358,FALSE
3268,0.010377396014335271,0.20889367150256458,0,0.015405085565209756,0.049677886073288095,FALSE
3269,0.0779549006795156,0.28929380838296875,0,0.11572285701889448,0.2694661911889883,FALSE
3270,0.007818754292011716,0.20835370383113666,0,0.011606821086465678,0.0375263513354605,FALSE
3271,0.09163329152611975,0.28551234895562994,0,0.1360282188934183,0.3209433562551791,FALSE
3272,0.07412467496244703,0.2887971134545485,0,0.11003694556056724,0.25666695236589654,FALSE
3273,-0.012786796421254515,0.20437804499834272,0,-0.018981803595259774,-0.06256443260017583,FALSE
3274,0.15821516166022218,0.4024884464659722,0,0.23486798612313922,0.39309243047700315,FALSE
3275,0.05454261388108695,0.2840126514383752,0,0.08096767557368421,0.19204290233148844,FALSE
3276,0.19846864132376713,0.45740550619756276,0,0.2946236606351003,0.433900857411289,FALSE
3277,0.11370414987811382,0.35613244955380813,0,0.16879207033942792,0.31927489342959814,FALSE
3278,0.12565546818435577,0.3228595095640662,0,0.18653361945930202,0.38919549978261203,FALSE
3279,0.2646756891305413,0.5002735608187272,0,0.3929070098562701,0.5290619170387176,FALSE
3280,0.16044604433560142,0.6557928214515194,0,0.23817969731279479,0.24465965330403158,FALSE
3281,0.08654699193425786,0.37230041480304615,0,0.12847768499120574,0.23246547275549725,FALSE
3282,0.07966871610428189,0.3660620268670174,0,0.11826698978833203,0.2176372042359473,FALSE
3283,0.01404560317554731,0.21334910044198999,0,0.02085048295693745,0.06583389921236783,FALSE
3284,-0.040965224962343456,0.23218737247514754,0,-0.06081224951531265,-0.1764317521906934,FALSE
3285,-0.0013801955232108213,0.1865817882333973,0,-0.002048879131374664,-0.007397268170054833,FALSE
3286,0.02489972617774791,0.21752965142095013,0,0.036963262439693105,0.11446589471870884,FALSE
3287,0.020812065834800463,0.2141801812210444,0,0.03089519321908779,0.09717082932767432,FALSE
3288,0.024905725953175036,0.21762620892265985,0,0.03697216901449272,0.11444267708594809,FALSE
3289,0.004280487204497846,0.20276008626280279,0,0.006354317745509949,0.021111093822231815,FALSE
3290,0.0034921459286559584,0.20494973497663824,0,0.005184037186480052,0.017039036079036746,FALSE
3291,0.008001882413131132,0.2083506063846799,0,0.011878671979632292,0.03840585132906776,FALSE
3292,0.022185699769401268,0.21157764580667446,0,0.03293433177259096,0.10485843003316656,FALSE
3293,0.010367359809917199,0.20643816722500669,0,0.015390186973347524,0.05022016979358921,FALSE
3294,0.15002994068034367,0.37364852312460145,0,0.2227171508470263,0.40152692007379576,FALSE
3295,0.031118272427318128,0.3726313013097888,0,0.046194599177108706,0.08350955037308529,FALSE
3296,0.0013105715462790647,0.23190416448611562,0,0.0019455234031609322,0.005651349768483913,FALSE
3297,0.06021937505875525,0.4006955750635906,0,0.08939474066346557,0.15028709775294724,FALSE
3298,0.15711689483717536,0.3649557427170812,0,0.23323762583245594,0.4305094466179549,FALSE
3299,0.08791899748036709,0.3286461383462226,0,0.1305144062269144,0.2675187297887738,FALSE
3300,0.1118242224569652,0.3525895586790337,0,0.16600134685357723,0.31715125903305624,FALSE
3301,0.23753213627911304,0.5482976356868129,0,0.3526128210595414,0.43321750964979755,FALSE
3302,-0.19639559322158973,0.7392119102086475,0,-0.29154625245382604,-0.2656823983885159,FALSE
3303,0.4180678160791201,2.305007103789447,0,0.6206152747628144,0.1813737647019889,FALSE
3304,0.04392726052307708,0.3456163039479963,0,0.06520934597354379,0.12709834582828783,FALSE
3305,0.011280538655115888,0.20496315945272275,0,0.016745786993544533,0.0550369085119313,FALSE
3306,0.009606547161442418,0.19244100579711754,0,0.01426077224033961,0.049919439579162235,FALSE
3307,0.09482233452544464,0.28752704023872366,0,0.14076230442006377,0.32978579839557687,FALSE
3308,0.024880820412865372,0.21752601877826944,0,0.036935197121063176,0.11438089361726936,FALSE
3309,0.015037095104761818,0.21204462242488378,0,0.02232233755183437,0.07091476752771067,FALSE
3310,0.0943838177457024,0.28770955446785557,0,0.14011133297169873,0.32805242745682767,FALSE
3311,0.0942034380281277,0.28755013366107696,0,0.13984356204153203,0.327607004833325,FALSE
3312,0.12934692664014397,0.430437701127478,0,0.19201353304198482,0.30050092336553186,FALSE
3313,0.012698521234278134,0.21176890794404005,0,0.018850760431177234,0.05996404929109669,FALSE
3314,0.006813464926848498,0.20887112081006934,0,0.010114484409062048,0.03262042593740911,FALSE
3315,0.0033108881584143226,0.20841808451995084,0,0.00491496280056722,0.01588580072617157,FALSE
3316,-0.014681462756293007,0.20575576997574033,0,-0.021794406773212212,-0.0713538325463438,FALSE
3317,0.16397536391527096,0.40259190547740425,0,0.24341891821529035,0.4072992071731412,FALSE
3318,0.06016825823610545,0.27464823897333074,0,0.08931885852254565,0.2190738905190941,FALSE
3319,0.117771320835172,0.2511876659921959,0,0.1748297233802549,0.46885789702282205,FALSE
3320,0.11452551001382648,0.36799877270072134,0,0.1700113668906077,0.31121166294477154,FALSE
3321,0.13014076827757068,0.3267449746725312,0,0.19319197880360858,0.3982946284269551,FALSE
3322,0.26248995916616535,0.4993832606185682,0,0.3896623271750714,0.5256282696400925,FALSE
3323,0.160696402228106,0.6570437371578591,0,0.2385513497726827,0.2445748937859484,FALSE
3324,0.10628919398867923,0.37602680949973416,0,0.15778468180176372,0.282663872105519,FALSE
3325,0.08898039268650633,0.3689123318916087,0,0.13209003116659015,0.24119657976803535,FALSE
3326,0.01700201613153162,0.21328648707527778,0,0.025239232744467873,0.07971445526003199,FALSE
3327,0.01757708960512545,0.2142334863463719,0,0.026092920514960347,0.08204641536154099,FALSE
3328,0.012051687888529655,0.21483876549740255,0,0.01789054622870088,0.056096430551661136,FALSE
3329,0.008629873640887825,0.20823824083429665,0,0.012810915346313975,0.04144230956961913,FALSE
3330,0.13997185147488603,0.9999109687816599,0,0.20778607135285007,0.13998431444894993,FALSE
3331,0.005057395032648248,0.20224113649829395,0,0.0075076255264219655,0.02500675737990085,FALSE
3332,0.0068176022843699285,0.20871604922314987,0,0.010120626252983536,0.03266448512103088,FALSE
3333,0.008774754262183835,0.20913116605866416,0,0.013025988411341333,0.04195813769680984,FALSE
3334,0.04439715883019853,0.2800501313323834,0,0.06590690281903311,0.15853289773145945,FALSE
3335,-0.051513087725646875,0.3529044578061908,0,-0.07647039036050303,-0.14596893461157978,FALSE
3336,0.040187992807717045,0.2536352818104698,0,0.05965846027671057,0.15844795929356437,FALSE
3337,0.17195768679271572,0.4446403081097857,0,0.2552685543635399,0.38673436406097894,FALSE
3338,0.17062175182819875,0.37051017458972496,0,0.2532853793541724,0.46050490250944504,FALSE
3339,0.08292696501677299,0.297071777692529,0,0.12310381043392943,0.2791479071519304,FALSE
3340,0.12941837566633976,0.36552563285663275,0,0.19211959802790005,0.3540610125066127,FALSE
3341,0.23501399049494914,0.5535790409875896,0,0.34887467218123613,0.42453556419997807,FALSE
3342,-0.1960197967449789,0.7396101835384404,0,-0.29098838833557356,-0.26503123010986906,FALSE
3343,0.45452786485442703,2.5182782675155653,0,0.6747396591767307,0.18049151704860894,FALSE
3344,0.04893056764275928,0.3459299091372066,0,0.07263667882094159,0.14144647904194918,FALSE
3345,0.006310918674433984,0.2076825965919136,0,0.009368462188436889,0.03038732555349661,FALSE
3346,0.03340196967588532,0.22889585128705264,0,0.04958471279237533,0.14592649664932866,FALSE
3347,0.05488997012183302,0.24772178783226273,0,0.08148332059705143,0.22157909726939357,FALSE
3348,0.09769564769828647,0.2878172066766268,0,0.1450276938512975,0.33943643893414305,FALSE
3349,0.0076087316406072145,0.20806127091682297,0,0.011295045674690973,0.03656966818994858,FALSE
3350,0.07693646275635241,0.28887831219804816,0,0.11421100150836846,0.2663282756360283,FALSE
3351,-0.0050547300967301815,0.2093954193068733,0,-0.007503669469836392,-0.02413964027227535,FALSE
3352,-0.004590584411825616,0.20723826177855834,0,-0.006814652303988576,-0.02215123970075962,FALSE
3353,0.12501054608332263,0.3466930028197177,0,0.18557624247035545,0.36057995133039594,FALSE
3354,0.04952141402596772,0.27431911302337453,0,0.0735137812343647,0.18052484014027867,FALSE
3355,0.11793816213857526,0.2512008778580379,0,0.1750773967417791,0.46949741236663234,FALSE
3356,0.11357752006171111,0.3561690839150513,0,0.1686040903149501,0.31888652101202614,FALSE
3357,0.1252422906027857,0.32283238056516766,0,0.18592026366282657,0.3879483538284785,FALSE
3358,0.27707706234905233,0.5188191895104497,0,0.4113166586056631,0.5340532269257393,FALSE
3359,0.15663782884039162,0.6414556608712736,0,0.2325264596919674,0.24419120197276656,FALSE
3360,0.09961607741033043,0.37420358772538737,0,0.1478785423681259,0.26620823711459063,FALSE
3361,0.023753342789438414,0.2167743816619689,0,0.03526147384426442,0.10957633742200507,FALSE
3362,0.008468223111704802,0.2080859588743311,0,0.012570947609678897,0.04069579301513082,FALSE
3363,0.12037677280648794,0.36600526391170757,0,0.1786974769572333,0.3288935561198015,FALSE
3364,0.00737951450209326,0.20976182943174984,0,0.01095477634055916,0.03518044499366045,FALSE
3365,0.013397032482248153,0.20755467575283748,0,0.019887689688610884,0.0645470039817448,FALSE
3366,0.02504707501112376,0.2093301101137586,0,0.0371819995277789,0.11965347458859191,FALSE
3367,0.004290218132020378,0.20865812302710665,0,0.006368763158492781,0.02056099264088098,FALSE
3368,-0.05266768028684361,0.35313965520095225,0,-0.07818436534744776,-0.1491412236240457,FALSE
3369,0.15570557855849784,0.3336358594684327,0,0.2311425484158702,0.46669317502793817,FALSE
3370,0.05086916993309823,0.3901737597419775,0,0.07551450425213153,0.13037568176480677,FALSE
3371,0.1572522716771532,0.36566583468627956,0,0.23343859067956452,0.43004365396090855,FALSE
3372,0.08134595055819809,0.30470668484912894,0,0.12075681866638625,0.2669647717065195,FALSE
3373,0.11188145339268545,0.3527352601185935,0,0.16608630530177845,0.3171825049615671,FALSE
3374,0.2473690170558512,0.5713412623401518,0,0.3672155200267086,0.43296193249312076,FALSE
3375,-0.1955791739510137,0.7310290190567181,0,-0.2903342905413254,-0.2675395488449678,FALSE
3376,0.46912489567500176,2.560844591048972,0,0.696408728033535,0.18319147413894377,FALSE
3377,0.06270384386901898,0.36795651553955505,0,0.09308289658941626,0.17041101657643662,FALSE
3378,0.00793616482507353,0.20842366187804495,0,0.011781115225917961,0.03807708181289522,FALSE
3379,0.008665429363794925,0.20865624657094464,0,0.012863697272816551,0.0415296906093277,FALSE
3380,0.008708122240271928,0.2090283179477323,0,0.012927074194564996,0.04166001202980259,FALSE
3381,0.025389463369666205,0.2111802281783487,0,0.03769026980604445,0.12022651736233547,FALSE
3382,0.009203440868978445,0.2085647561455404,0,0.01366236711840886,0.04412749804456948,FALSE
3383,0.14050374896884776,0.4329631180125661,0,0.2085756650423539,0.3245166692576569,FALSE
3384,-3.270547762449696e-4,0.2021394122710555,0,-4.85507810013649e-4,-0.001617966395422239,FALSE
3385,-0.015906912578807737,0.22643788212526994,0,-0.023613568280167554,-0.07024846032612032,FALSE
3386,0.05074999034717727,0.36489613669935256,0,0.07533758398078384,0.13908064581399365,FALSE
3387,0.042922334482787206,0.26886731768114586,0,0.06371754864635423,0.15964132365723047,FALSE
3388,0.11404605466703994,0.25233444164434216,0,0.1692996227659987,0.4519638854048487,FALSE
3389,0.11420547375855096,0.36829612854156024,0,0.16953627796756013,0.3100914316172712,FALSE
3390,0.12422442952913496,0.3232109124347055,0,0.18440926447657358,0.3843447877219509,FALSE
3391,0.27009805021835614,0.5104000271875444,0,0.4009564219060619,0.5291889416751729,FALSE
3392,0.1520501423343944,0.648138503155073,0,0.22571610928483085,0.23459513914731125,FALSE
3393,0.06651752484234555,0.3575562286754873,0,0.09874424762886308,0.18603374660469377,FALSE
3394,0.008406950649701178,0.20611814125159789,0,0.01247998957756246,0.040787048624891506,FALSE
3395,0.02526963534268091,0.21770240036075345,0,0.03751238693386065,0.11607421553830705,FALSE
3396,0.011052789370670231,0.21401453586898783,0,0.016407696666312727,0.0516450404912513,FALSE
3397,0.010033367191344861,0.20557180714815682,0,0.014894380042577243,0.04880711674686867,FALSE
3398,0.009012703053682344,0.20919011517540342,0,0.01337921975069748,0.04308379029346248,FALSE
3399,0.01065820204096378,0.21220105889554797,0,0.01582193781421934,0.050226903185295046,FALSE
3400,-0.05155889809050175,0.3912739466589718,0,-0.07653839514603768,-0.13177186605639163,FALSE
3401,0.004246074338737528,0.25802469367173836,0,0.006303232372951222,0.016456077433191055,FALSE
3402,0.273750573640702,0.47920915034279593,0,0.4063785370274703,0.571254896624737,FALSE
3403,0.08618532726181871,0.3031604580894269,0,0.1279407993199697,0.2842894743099893,FALSE
3404,0.12154128823946381,0.3472112432871564,0,0.1804261822954722,0.35004997847648817,FALSE
3405,0.24625513942974342,0.5712128718432977,0,0.3655619857377926,0.431109226644492,FALSE
3406,-0.19534400719940032,0.7306952246443668,0,-0.2899851890976018,-0.2673399258828813,FALSE
3407,0.44526313273861157,2.48103263889158,0,0.6609863061404078,0.1794668581778659,FALSE
3408,0.024205752204560175,0.2171149296116689,0,0.03593306869723425,0.11148819773865624,FALSE
3409,0.04851290483856096,0.28429738393058895,0,0.07201666478011744,0.1706414043205032,FALSE
3410,0.11883613361470977,0.25157515814979364,0,0.17641042165533743,0.4723683152529392,FALSE
3411,0.11472019549639688,0.3564769037747531,0,0.17030037450997176,0.3218166290203336,FALSE
3412,0.1261840680869654,0.3228519663345076,0,0.18731831792491072,0.39084187567321743,FALSE
3413,0.26212388862728825,0.5047433961808556,0,0.3891189010625366,0.5193210859431752,FALSE
3414,0.1572484532551635,0.6408783741833705,0,0.23343292229055884,0.24536395607908437,FALSE
3415,0.16866793772542435,0.3793014557627769,0,0.25038497222022715,0.44468043864011114,FALSE
3416,0.08863994111323302,0.29415185901008023,0,0.13158463601641562,0.30134074763809476,FALSE
3417,0.13675942968212065,0.3361782007364225,0,0.20301728036513667,0.4068063585995145,FALSE
3418,0.2383165219115359,0.5484287521444209,0,0.35377722952645385,0.4345441791293587,FALSE
3419,-0.19472981861320676,0.7407313833638905,0,-0.2890734355410817,-0.2628885760569214,FALSE
3420,0.4841768093987576,2.615770115600966,0,0.7187530635984785,0.18509914403832056,FALSE
3421,0.11874012111449724,0.2515631791447862,0,0.17626789256816947,0.4720091450512192,FALSE
3422,0.11579813371777829,0.3566962495287059,0,0.17190055730259637,0.32464073808115324,FALSE
3423,0.10953982891505433,0.29822896056250775,0,0.16261019960149814,0.36730111223418616,FALSE
3424,0.269840405079237,0.5102304271541397,0,0.4005739516401004,0.5288598850999505,FALSE
3425,0.16217954320775538,0.6544871140915591,0,0.2407530498586393,0.2477963885245682,FALSE
3426,0.15694616971807376,0.36525988645611507,0,0.23298418700596635,0.42968356377926653,FALSE
3427,0.10780615156306654,0.3043869004856449,0,0.1600365821050718,0.3541747407364226,FALSE
3428,0.12302963973663082,0.34773953979557887,0,0.18263561731494077,0.3537982474151621,FALSE
3429,0.22543126881607192,0.5359776327458318,0,0.3346492685051338,0.4205982769489462,FALSE
3430,-0.19541393887981587,0.7304039378202918,0,-0.290089001606928,-0.26754228552351456,FALSE
3431,0.11719714564572657,0.25079144494901146,0,0.17397736909883318,0.4673091846077684,FALSE
3432,0.12470260688306982,0.3458488249615356,0,0.18511911144035295,0.36056969948340556,FALSE
3433,0.12366514691207564,0.30058986373167595,0,0.18357901799093967,0.4114082403738882,FALSE
3434,0.2679970165178767,0.5101912953821521,0,0.39783746953240634,0.5252873166272605,FALSE
3435,0.18068608519325108,0.40297755530152823,0,0.2682257282077049,0.44837754067482144,FALSE
3436,0.08745332367326061,0.3030976177823453,0,0.1298231205870446,0.28853187403162284,FALSE
3437,0.11622479350820955,0.34937367175482154,0,0.17253392723179137,0.33266614775074443,FALSE
3438,0.20806379006566453,0.5210223485804926,0,0.3088675120960694,0.39933755362419127,FALSE
3439,-0.19573154589737923,0.7545851538405143,0,-0.2905604843637695,-0.259389606197776,FALSE
3440,0.1121916984327483,0.26193574659572216,0,0.16654685931568985,0.42831763091086467,FALSE
3441,0.10775141899245101,0.34416609905103956,0,0.15995533244163299,0.3130796998587347,FALSE
3442,0.11499010497943987,0.31075145637867885,0,0.17070105100679187,0.37003882884241096,FALSE
3443,0.25220941109727696,0.4774551157547275,0,0.3744010109026941,0.5282369018051091,FALSE
3444,0.07655753259579914,0.3177085579364619,0,0.11364848548426204,0.24096780109747556,FALSE
3445,0.12046930145801132,0.34670425793826626,0,0.17883483432433986,0.34746992198596516,FALSE
3446,0.234836449673592,0.5535313306039167,0,0.34861111554905727,0.4242514139486549,FALSE
3447,0.11888738085281518,0.37499876081696665,0,0.17648649739600533,0.31703406324279293,FALSE
3448,0.12969062873072218,0.32665117204449345,0,0.1925237535353518,0.3970309609452646,FALSE
