hex_id,cate,se,in_zone,adj_cate,t_stat,sig_95
1,-10.317386176359985,12.443540298922503,0,-10.432179077867882,-0.8291359153836129,FALSE
2,-4.590169810268754,4.636666538624536,0,-4.641240779400647,-0.9899719490352706,FALSE
3,-10.874786487746533,11.457751959885366,0,-10.995781114958183,-0.949120431810721,FALSE
4,-4.769129310862631,4.891497831273873,0,-4.822191412242016,-0.9749834253980699,FALSE
5,-4.558564813157687,4.672321133375045,0,-4.609284139997771,-0.9756531460552269,FALSE
6,-7.740642414871539,4.2628495573185194,0,-7.826766049981192,-1.8158375778432754,FALSE
7,-7.059316842312938,2.407627035567136,0,-7.137859939289324,-2.932064118747553,TRUE
8,-5.792942952484541,2.63191653778256,0,-5.857396169454271,-2.2010359634599985,TRUE
9,-4.86380655364241,4.955015174469186,0,-4.917922049284614,-0.9815926656901618,FALSE
10,-4.723772720198623,4.743584524260929,0,-4.77633017683991,-0.9958234529265834,FALSE
11,-4.441482303364027,4.580056568557335,0,-4.490898951329317,-0.9697439839183126,FALSE
12,-7.668430866251851,4.18625924414263,0,-7.75375106403283,-1.8318098376208876,FALSE
13,-7.694713868829606,3.859496431253367,0,-7.78032649553344,-1.9937092845894293,TRUE
14,-6.158769231242379,2.4521929726338425,0,-6.2272926903517964,-2.511535307365061,TRUE
15,-4.745582667694379,5.080812993547908,0,-4.798382785326732,-0.9340203376350918,FALSE
16,-4.8668093967488035,4.604113927936872,0,-4.920958302507393,-1.0570566829847425,FALSE
17,-4.512190106937375,4.5594594399107615,0,-4.562393461321586,-0.9896326892263545,FALSE
18,-7.90102900985238,4.096595860777182,0,-7.988937132068176,-1.9286815879254058,FALSE
19,-7.6210123407080665,3.976651678290931,0,-7.705804952331141,-1.9164394966529716,FALSE
20,-7.861906242768054,3.8990154754392217,0,-7.9493790787716385,-2.016382415584646,TRUE
21,-5.4609490308361135,2.230743228148825,0,-5.521708429924302,-2.4480401697186207,TRUE
22,-4.74019988308968,4.921220911779739,0,-4.792940110992949,-0.9632162359838886,FALSE
23,-3.2999496932370924,3.6100548879622254,0,-3.336665465395039,-0.9140995900757125,FALSE
24,-7.053440219701338,4.17000446279589,0,-7.13191793242738,-1.6914706645115127,FALSE
25,-8.027053862739766,3.950514897048991,0,-8.116364157780904,-2.031900669134528,TRUE
26,-7.47199844263811,3.753993066341288,0,-7.555133101613871,-1.9904134905396775,TRUE
27,-4.66673244157818,5.074639372841411,0,-4.718655258886041,-0.9196185381277971,FALSE
28,-4.348886791831454,4.551967809787554,0,-4.397273207211306,-0.9553861041109651,FALSE
29,-5.524705433226047,5.178496621550769,0,-5.586174196323195,-1.066855081112634,FALSE
30,-6.670569271473386,4.191388846329148,0,-6.744787100320034,-1.5914937783249399,FALSE
31,-7.543554860341244,3.60162856413825,0,-7.62748566755351,-2.0944844050419635,TRUE
32,-7.432042112612779,3.9918346132658264,0,-7.514732211020696,-1.8618111301290678,FALSE
33,-4.818728796422405,5.218388314507854,0,-4.872342749672349,-0.9234132276100766,FALSE
34,-4.558749315514717,4.892269169467496,0,-4.609470695157763,-0.9318271660042203,FALSE
35,-4.382447814501845,4.446795343683319,0,-4.431207635229142,-0.9855294601599149,FALSE
36,-6.614722644873496,4.2066499928076935,0,-6.688319115151486,-1.572444262342481,FALSE
37,-6.20911446751572,4.189180435759833,0,-6.278198075838333,-1.48217880865509,FALSE
38,-7.702726200415943,3.487823267157156,0,-7.788427973612397,-2.2084623016734035,TRUE
39,-6.9882225970607506,3.860610027968934,0,-7.065974688005811,-1.810134291325263,FALSE
40,-6.2852390530356,1.916146667510922,0,-6.355169635766123,-3.280145074280841,TRUE
41,-4.613044170365528,5.13684200837281,0,-4.664369643314644,-0.898031156661327,FALSE
42,-4.404728208345395,4.701667011165413,0,-4.453735924325649,-0.9368439317129744,FALSE
43,-6.541633772933568,4.330545749784896,0,-6.614417044642219,-1.5105795322121927,FALSE
44,-5.332332424943463,4.895359891258028,0,-5.391660814944646,-1.0892625962936382,FALSE
45,-5.224939369965839,4.761551826683761,0,-5.283072887528213,-1.097318596992949,FALSE
46,-7.684328357370829,3.4341080764592467,0,-7.769825433200283,-2.2376489575406118,TRUE
47,-7.091894961581968,3.616611500378623,0,-7.170800527964135,-1.9609225267462425,TRUE
48,-5.834738473815699,1.8750955919069918,0,-5.899656714492173,-3.1117018774929277,TRUE
49,-5.81479646259841,2.004686509314916,0,-5.879492825243917,-2.9006013835976603,TRUE
50,-4.696103482475897,5.2269981782191905,0,-4.748353086718678,-0.8984322018791738,FALSE
51,-4.380281186852942,4.908375866975697,0,-4.429016901331811,-0.8924094864706966,FALSE
52,-7.464026307300266,3.7872281278397333,0,-7.547072267013345,-1.9708414849458273,TRUE
53,-7.20922019965195,3.58938956794702,0,-7.289431145542836,-2.0084808470024393,TRUE
54,-5.667674345825157,4.608669645892591,0,-5.730733804086966,-1.2297853353139312,FALSE
55,-5.381801185975699,4.568915119284002,0,-5.441679973385278,-1.1779166488037285,FALSE
56,-7.3425620285376425,3.438237995075196,0,-7.424256557108144,-2.1355595625011574,TRUE
57,-5.393143446860637,2.76542008487352,0,-5.4531484300929165,-1.9502076651429612,FALSE
58,-5.947438334042639,1.7583340035355954,0,-6.0136104915284525,-3.3824280950511914,TRUE
59,-5.793920305723329,1.8687326024685633,0,-5.85838439688272,-3.1004544460077708,TRUE
60,-5.782661023205543,1.769628218095891,0,-5.84699984177292,-3.267726499878969,TRUE
61,-3.751717126477586,3.645281262026412,0,-3.793459335911601,-1.0291982584608592,FALSE
62,-5.035353589819582,4.102272952088605,0,-5.091377745435469,-1.227454547424962,FALSE
63,-1.3383265824730028,1.6400612576749214,0,-1.3532170197350328,-0.8160223139288827,FALSE
64,-1.6198417708098152,1.6891509004970344,0,-1.6378643914306275,-0.9589680651581661,FALSE
65,-1.3598148575359053,1.5728276969590684,0,-1.3749443768096683,-0.8645669580749336,FALSE
66,-4.5524618153206085,5.133395589629825,0,-4.603113239223104,-0.8868324554057778,FALSE
67,-4.2036816748186325,4.827548209541671,0,-4.250452514663095,-0.8707694863637065,FALSE
68,-7.0476257801319555,3.479833936344577,0,-7.126038800466203,-2.025276466938304,TRUE
69,-7.295548543928277,3.317134800379727,0,-7.376719992891594,-2.1993524481106776,TRUE
70,-6.25054864304722,3.4375723253013146,0,-6.320093254684969,-1.8183031661739186,FALSE
71,-6.418883363561857,3.512385970321385,0,-6.490300894431482,-1.8274994313835407,FALSE
72,-7.232386003149455,2.841798244368146,0,-7.312854695503813,-2.545003332830732,TRUE
73,-6.241524049047961,1.8591315727813147,0,-6.310968251598331,-3.357225567263354,TRUE
74,-5.643786311142853,1.8006064530371177,0,-5.706579987280621,-3.1343808091009393,TRUE
75,-5.6422717386651975,1.7192526835050963,0,-5.705048563425468,-3.2818164501346683,TRUE
76,-5.4204367108315665,1.880049601485536,0,-5.480745363317792,-2.8831349484335766,TRUE
77,-5.945686765489972,4.303437885484503,1,-6.011839434741758,-1.381613241251785,FALSE
78,-5.760295368277614,2.9985429507178667,1,-5.824385342963468,-1.9210314685999643,FALSE
79,-6.909961657947376,3.606327834912966,0,-6.986843005070116,-1.9160658637442312,FALSE
80,-1.2509979039704657,1.5549891437955066,0,-1.2649167082802344,-0.8045058764313675,FALSE
81,-1.4931790425792157,1.635600122766471,0,-1.5097923932708077,-0.9129242666316492,FALSE
82,-1.3108066113583285,1.3807383003722706,0,-1.3253908569861919,-0.9493519597485727,FALSE
83,-7.305457738546528,1.6431111769142248,0,-7.386739438806287,-4.4461128627134245,TRUE
84,-5.032350562940839,5.761877211399703,0,-5.088341306395659,-0.8733873316467908,FALSE
85,-4.412854091097808,5.2337012869707715,0,-4.461952216959258,-0.8431612446211916,FALSE
86,-4.233330201952079,4.935021386853812,0,-4.280430916088044,-0.8578139525857096,FALSE
87,-6.621835525022793,3.5711192654647754,0,-6.6955111343517455,-1.8542745376948289,FALSE
88,-6.580665151657635,3.347702902033408,0,-6.653882692776872,-1.965725556966394,TRUE
89,-5.521978996961008,3.6491235872668892,0,-5.583417425288836,-1.5132343054176591,FALSE
90,-5.0495119633022805,4.00588032741987,0,-5.105693647263519,-1.2605249160187963,FALSE
91,-5.719289927533367,3.124361404002675,0,-5.782923669076428,-1.8305468503759788,FALSE
92,-5.842688795740643,4.0430930373488785,0,-5.907695492980251,-1.445103721771337,FALSE
93,-5.248395757728851,2.686742504214709,0,-5.306790254842071,-1.9534420397547072,FALSE
94,-5.848595372195497,1.6957456719279207,0,-5.9136677869567364,-3.4489814534193295,TRUE
95,-5.561357555523869,1.7289950974606798,0,-5.623234116041126,-3.2165259251987806,TRUE
96,-5.474440641055554,1.831365692286909,0,-5.535350149973561,-2.9892667882291564,TRUE
97,-2.575442612475904,3.271598956343188,0,-2.6040974020805217,-0.7872122001636138,FALSE
98,-5.1844480630455205,4.072555896495893,0,-5.242131067800893,-1.2730207257575816,FALSE
99,-6.359571563294158,2.748906314243843,1,-6.430329181514397,-2.3134915622046295,TRUE
100,-1.9676503029534764,1.8764002636742574,1,-1.9895426973611277,-1.0486303701005342,FALSE
101,-1.2861553680999125,1.494139728928171,0,-1.3004653400221067,-0.8607999260032679,FALSE
102,-1.161001909111455,1.3857289355525086,0,-1.1739194034772742,-0.837827571702216,FALSE
103,-9.3194295355371235,1.6138894762386327,0,-9.42311901061308,-5.774515338718979,TRUE
104,-4.21578522799656,1.5242793292722554,0,-4.262690733924476,-2.7657563459902876,TRUE
105,-4.93201718713556,5.821970906120501,0,-4.986891605279889,-0.8471387553569953,FALSE
106,-4.20163120146136,5.030678466776266,0,-4.248379227408764,-0.835201698778779,FALSE
107,-6.450225923360802,3.4763277891830544,0,-6.521992176602402,-1.855471150744568,FALSE
108,-6.266569140570363,3.6209213506977274,0,-6.336291998845666,-1.7306559667093673,FALSE
109,-6.210076677785249,3.105722191440164,0,-6.279170991814405,-1.9995596176957333,TRUE
110,-4.53699978383992,4.034115160610186,0,-4.587479174688061,-1.1246579741054463,FALSE
111,-4.6974364709954495,4.223835663700406,0,-4.749700906283344,-1.1121257655370362,FALSE
112,-5.852023530543564,2.679798711157164,0,-5.917134087547119,-2.183754886581239,TRUE
113,-6.360844076703849,1.7639096591769665,0,-6.431615853113382,-3.606105360107725,TRUE
114,-6.240058777811677,1.703414483106661,0,-6.309486677518106,-3.6632650712415886,TRUE
115,-5.671118684963819,1.713716223245625,0,-5.734216465498028,-3.3092519099943094,TRUE
116,-5.6270769218118,1.6361790640590839,0,-5.689684686590727,-3.4391571469274105,TRUE
117,-5.158753759870997,1.7177153366456834,0,-5.216150885667958,-3.0032646561477976,TRUE
118,-3.771838491186023,3.2623637131563186,0,-3.813804574166855,-1.1561673751994963,FALSE
119,-5.706011829968347,3.9894773710145057,1,-5.769497837257796,-1.4302654957828058,FALSE
120,-6.105302181301138,2.8958054623653595,1,-6.173230757395331,-2.1083260808252597,TRUE
121,-6.753447799807366,3.312416593026904,0,-6.828587748518244,-2.0388280308776103,TRUE
122,-2.034224617028937,1.961394207903564,1,-2.056857727985139,-1.0371319589055061,FALSE
123,-2.1123752724877725,1.9707487348971857,1,-2.1358779002325794,-1.0718643300806054,FALSE
124,-10.279845368904086,1.3904732271145743,0,-10.394220585337571,-7.393055233602877,TRUE
125,-7.492107804024553,2.292309287574158,0,-7.5754662029962345,-3.2683669017251566,TRUE
126,-3.9832047033177718,0.9397873536839887,0,-4.027522480841833,-4.238410623109063,TRUE
127,-4.856689600984542,5.874419560572343,0,-4.910725912264396,-0.8267522520150666,FALSE
128,-4.193995182268828,5.145382583816023,0,-4.240658248635956,-0.8150988024603589,FALSE
129,-4.092345107016159,4.843926177521761,0,-4.137877198262527,-0.8448405192479371,FALSE
130,-6.795113824896209,3.9776761148787023,0,-6.870717356517767,-1.7083124992200183,FALSE
131,-6.786010993872498,4.025663252164659,0,-6.861513245928934,-1.685687691394346,FALSE
132,-5.114454986668127,4.002965049270925,0,-5.171359237174557,-1.277666660516969,FALSE
133,-6.323717718408931,3.029860736784715,0,-6.394076420972215,-2.0871314782340966,TRUE
134,-4.596496529422073,4.002356913563726,0,-4.647637890650978,-1.1484474345216058,FALSE
135,-5.201058182818287,4.249222810655588,0,-5.258925994443396,-1.224002226895663,FALSE
136,-5.58478236576121,2.6178104401298854,0,-5.646919554492673,-2.1333792088796604,TRUE
137,-5.571905907011893,1.8402037764907409,0,-5.633899830187942,-3.027874400756578,TRUE
138,-5.413430005408106,1.7013353179478021,0,-5.4736607001604805,-3.1818712915087985,TRUE
139,-5.549097164595732,1.6074451848940194,0,-5.610837314027449,-3.4521221729632976,TRUE
140,-5.830529265235441,4.181975271843352,1,-5.89540067357883,-1.3942046249033488,FALSE
141,-5.874184289299906,2.7283742298974594,1,-5.939541410477156,-2.1529980106580453,TRUE
142,-6.204672598315459,2.4918215837761006,1,-6.2737067856854285,-2.4900147902695795,TRUE
143,-2.298884956079431,2.2519868361338227,1,-2.324462720624667,-1.0208252193987608,FALSE
144,-1.9534063668964514,1.7685768673899949,1,-1.975140280975759,-1.104507473163562,FALSE
145,-1.3241170163223361,1.7034170571291067,0,-1.33884935566114,-0.7773299033144399,FALSE
146,-9.167744998272529,3.4040534062100853,1,-9.26974680673905,-2.6931848312213966,TRUE
147,-4.0215382274083344,1.5970829321630744,0,-4.066282509899851,-2.5180522228495676,TRUE
148,-3.9616121310345096,0.6638681534750248,0,-4.005689666119154,-5.96746825449814,TRUE
149,-4.7246373266184385,5.907347674551888,0,-4.7772044030101055,-0.7997899542922762,FALSE
150,-4.839933375079012,5.873488241125548,0,-4.893783253888747,-0.8240304868902787,FALSE
151,-4.234421626920226,5.2563361953321515,0,-4.281534484426298,-0.8055842452924855,FALSE
152,-4.205841625719603,4.633960311342968,0,-4.252636497525921,-0.907612785423427,FALSE
153,-5.243567393919582,4.0195869098885675,0,-5.301908169878846,-1.304504047672139,FALSE
154,-6.072866887894338,4.066627998090865,0,-6.1404345836863135,-1.4933421229444468,FALSE
155,-4.2967669650882705,4.383114358977246,0,-4.34457348687534,-0.9802999906420138,FALSE
156,-5.47827946160329,3.5184651322220843,0,-5.5392316818574345,-1.5570083134925048,FALSE
157,-5.511751951145946,3.4311249231517476,0,-5.573076591713687,-1.6063979233035286,FALSE
158,-5.396172561249155,3.3621893105876635,0,-5.4562112468963395,-1.6049579790930866,FALSE
159,-6.097675783619672,2.6701369064412486,0,-6.165519507184073,-2.2836566053635945,TRUE
160,-6.130541687338973,2.1427897876619704,0,-6.198751082245333,-2.861009382552685,TRUE
161,-5.254688545750596,3.406886372762723,0,-5.313153057437589,-1.5423727036394956,FALSE
162,-5.4477904140904005,1.7925958155184802,0,-5.50840340828783,-3.039051172009298,TRUE
163,-5.026934293832218,1.6127283220475408,0,-5.082864775003966,-3.1170372747283044,TRUE
164,-5.650348000877363,3.1915134938538268,1,-5.713214683432701,-1.770428986673165,FALSE
165,-6.574050205988666,2.821453400269849,1,-6.647194148156223,-2.3300226065615375,TRUE
166,-7.066686225805281,2.4690246382311356,1,-7.145311315730167,-2.8621367791890537,TRUE
167,-2.2146088370396044,2.2698704668973844,1,-2.2392489319011593,-0.9756542804253868,FALSE
168,-2.2687179164068185,2.0778198016692,1,-2.29396003760647,-1.091874239808602,FALSE
169,-10.173189161350226,2.106408068497435,1,-10.286377703628101,-4.829638337175129,TRUE
170,-7.434740764231767,4.157073852643253,1,-7.517460888272555,-1.7884552999953145,FALSE
171,-3.7025953521326294,0.7842899593245203,0,-3.743791024788057,-4.720952127605378,TRUE
172,-4.153341354400426,0.8453512530051117,0,-4.19955209972629,-4.913154549231278,TRUE
173,-4.714511810572899,6.1270736467233595,0,-4.766966228841059,-0.769455711225885,FALSE
174,-4.711616362075384,5.96458825459345,0,-4.764038565116885,-0.7899315360866482,FALSE
175,-4.314390558624495,5.5203981538445825,0,-4.362393163353739,-0.7815361208357434,FALSE
176,-4.297448646966085,4.814098327090444,0,-4.345262753255597,-0.8926798654657698,FALSE
177,-3.9160692676583277,5.056457572314317,0,-3.9596400855046556,-0.7744689264476438,FALSE
178,-5.057236041089636,4.177797778502462,0,-5.113503664385268,-1.2105028316862216,FALSE
179,-5.141110812908018,4.669456823781438,0,-5.198311640433459,-1.1010083200093974,FALSE
180,-4.952172809034696,3.9941856905240583,0,-5.0072714818768675,-1.2398454134927674,FALSE
181,-5.571003093435681,4.1776748343422465,0,-5.632986971762369,-1.3335176418326504,FALSE
182,-5.332821276405446,3.6765116416965986,0,-5.392155105446786,-1.4505111899889187,FALSE
183,-4.963524705888731,3.839340974919352,0,-5.018749681764948,-1.2928064317061585,FALSE
184,-5.859616814928175,2.4584973230840186,0,-5.924811856037644,-2.383413949614426,TRUE
185,-5.475621402536879,2.9970695399516902,0,-5.5365440487974364,-1.8269917763153205,FALSE
186,-5.373069767717466,3.286024925853375,0,-5.4328514079602135,-1.6351275139284247,FALSE
187,-5.395814793805717,1.7389206978398029,0,-5.455849498874663,-3.102967720442191,TRUE
188,-5.1434693109697545,3.260889499072761,0,-5.2006963795247625,-1.5773209464571885,FALSE
189,-5.953656194004363,2.828475209381692,1,-6.019897532402277,-2.10489954950174,TRUE
190,-3.877527630455359,2.6239599757133285,0,-3.9206696278342,-1.4777388627664743,FALSE
191,-6.902913607660811,2.3876622629204705,1,-6.97971653704009,-2.891076227513647,TRUE
192,-2.2887445920338845,2.3034625295723514,1,-2.3142095332543717,-0.993610515756382,FALSE
193,-1.9501764608224677,1.9486694624486978,1,-1.9718744384462144,-1.0007733473545977,FALSE
194,-1.9823477393888302,1.8985944580891314,1,-2.0044036598431276,-1.0441133075801736,FALSE
195,-8.716060738761914,2.8340746478251146,1,-8.813037035356691,-3.0754520687910145,TRUE
196,-6.553640295476793,1.7824902162512681,1,-6.626557153690418,-3.6766767277184096,TRUE
197,-3.8621180090380554,0.58148448455096,0,-3.905088556485354,-6.641824694635662,TRUE
198,-6.3607084584969655,0.5143887742393839,0,-6.43147872599647,-12.365566235193244,TRUE
199,-4.567194800825451,5.989624882316979,0,-4.6180101462992695,-0.7625176685620275,FALSE
200,-4.722290465775418,5.851413683606059,0,-4.774831430615089,-0.8070341153635895,FALSE
201,-4.485222186570341,5.665672074271076,0,-4.5351254915259815,-0.7916487448927041,FALSE
202,-4.020372498891977,5.186303892572656,0,-4.065103811300134,-0.7751903054986001,FALSE
203,-2.394264512396882,3.6492994151672304,0,-2.4209034852585525,-0.6560888104839608,FALSE
204,-3.8448316240123397,5.054425036849073,0,-3.8876098403537007,-0.7606862493719377,FALSE
205,-3.567558929326691,5.181294571148631,0,-3.6072521649774187,-0.6885458605639181,FALSE
206,-4.315079709120159,4.17489176345349,0,-4.363089981448892,-1.0335788215861923,FALSE
207,-4.294507063891794,4.8361466273463884,0,-4.342288441653911,-0.8880018317906557,FALSE
208,-4.523521037497897,4.530842151496744,0,-4.573850461641793,-0.9983841604377172,FALSE
209,-5.062555506996486,2.9358265914393527,0,-5.118882315527165,-1.7244054951196754,FALSE
210,-5.288739231252317,2.4244719190960717,0,-5.347582596354338,-2.1813984272600466,TRUE
211,-5.609479800553394,3.300747433968256,0,-5.6718917769249755,-1.6994574449489193,FALSE
212,-4.552510461246736,3.1680932300121594,0,-4.603162426391646,-1.4369875286874885,FALSE
213,-4.798874445431501,3.0907731847304465,0,-4.852267495972286,-1.552645295727199,FALSE
214,-3.1371855590555326,2.2007179648768758,0,-3.1720903912229867,-1.4255282181199669,FALSE
215,-3.472568670027159,2.31117514681112,0,-3.511205028742819,-1.5025121202166307,FALSE
216,-4.476689086239768,2.1794470702427233,0,-4.526497450545803,-2.0540480874083364,TRUE
217,-6.22315398463922,3.1236893285380303,1,-6.292393798892174,-1.9922448521959197,TRUE
218,-7.638515722623504,2.009062938785388,1,-7.723503079694885,-3.8020290828924916,TRUE
219,-2.33157164837905,2.3909835998289823,1,-2.3575130903311052,-0.9751516691899593,FALSE
220,-1.9878020968566852,2.004660131252506,1,-2.009918703371279,-0.9915905773088388,FALSE
221,-9.910361011478507,2.5687379881347647,1,-10.020625285399454,-3.858066123230695,TRUE
222,-7.439601428373928,2.041051888986842,1,-7.522375632947381,-3.644983975427922,TRUE
223,-5.490098433781912,1.1203925043804888,1,-5.551182153825445,-4.900156340136901,TRUE
224,-6.311859310468901,0.68694603265769,0,-6.38208607447416,-9.188289924390821,TRUE
225,-5.7156245782342445,0.48142126924186585,0,-5.779217538510239,-11.872397302335882,TRUE
226,-4.1888044494940555,5.782366885359672,0,-4.235409762931713,-0.7244100093509555,FALSE
227,-4.513365030660416,5.81706112583138,0,-4.5635814574353395,-0.7758840646556489,FALSE
228,-3.9222805921161994,5.5209897474729495,0,-3.965920518159559,-0.7104306965814406,FALSE
229,-4.040413135375689,5.369306422248537,0,-4.085367423135424,-0.7525018722406349,FALSE
230,-3.3370907469095443,4.494532420677921,0,-3.3742197564168777,-0.7424778452051309,FALSE
231,-4.328261146706174,5.733541332105644,0,-4.376418077834014,-0.7549018827979076,FALSE
232,-3.7793740552129393,4.659260148673934,0,-3.821423980093683,-0.8111532592333531,FALSE
233,-3.5981244375138486,5.638054353249404,0,-3.6381577499350772,-0.6381854824510739,FALSE
234,-4.107140856752956,3.765716967373499,0,-4.152837567895607,-1.0906663703984085,FALSE
235,-3.687871572439407,4.193356086732198,0,-3.728903425948855,-0.8794558573520272,FALSE
236,-4.355120590467734,4.110295659513243,0,-4.403576364095949,-1.0595638249009764,FALSE
237,-4.535915343688243,3.8611796135262226,0,-4.586382668880471,-1.1747485995726106,FALSE
238,-1.5234875305809168,2.5294640402350876,0,-1.540438098395001,-0.6022965760127289,FALSE
239,-1.7839345532167181,1.8825501775893527,0,-1.8037828965823233,-0.9476159384506212,FALSE
240,-2.057609818532804,1.8664897086529975,0,-2.080503117010059,-1.1023954801324534,FALSE
241,-2.6087123802945578,1.8877410326192918,0,-2.6377373346981967,-1.3819228036140627,FALSE
242,-2.682004136402773,1.7982365397254798,0,-2.7118445466977064,-1.4914634850052653,FALSE
243,-3.451474083929425,1.8701745444397064,0,-3.4898757408802314,-1.8455358053028503,FALSE
244,-5.55377709829066,2.632726485086098,1,-5.615569317418957,-2.1095154129195595,TRUE
245,-5.856504417686185,2.890193544378466,1,-5.921664829762299,-2.0263364123407253,TRUE
246,-2.4917299792563687,2.6486546697346847,1,-2.519453368611362,-0.940753057666806,FALSE
247,-2.489141269838857,2.337641084181559,1,-2.5168358567956344,-1.0648090019817307,FALSE
248,-2.1074546776481164,1.5520065665802663,1,-2.130902558061658,-1.3578903098920128,FALSE
249,-8.376508916735428,2.215102444359764,1,-8.46970730503091,-3.781544703751392,TRUE
250,-6.604449673729726,1.1163880909574937,1,-6.677931845275019,-5.915908389944648,TRUE
251,-6.153456081199805,0.38795526588610296,0,-6.221920425345499,-15.861251598544753,TRUE
252,-6.351870616362757,0.2527950539023166,0,-6.422542552606233,-25.126562083834145,TRUE
253,-0.3657077627589943,0.3069060658920352,0,-0.3697766862705767,-1.1915950950531056,FALSE
254,-4.429246095491422,6.954088235070755,0,-4.478526601435745,-0.6369269335919429,FALSE
255,-4.583227233422096,6.7715437176491875,0,-4.63422095832502,-0.6768363942591825,FALSE
256,-4.4359066511963094,6.60371015901684,0,-4.485261263556923,-0.6717294588011911,FALSE
257,-4.240215971290833,5.875563193248091,0,-4.287393297606278,-0.7216697075377354,FALSE
258,-4.903593546424729,7.2834456900625595,0,-4.958151718561316,-0.6732518858642867,FALSE
259,-4.957454808397997,6.310866581481655,0,-5.012612249616414,-0.7855426421063862,FALSE
260,-4.667803463437305,6.671226182011882,0,-4.7197381971069925,-0.6996919810669059,FALSE
261,-3.7582520859699895,6.109613371123978,0,-3.8000670044165923,-0.6151374657736466,FALSE
262,-3.757057117283506,5.84336645513013,0,-3.7988587403159033,-0.6429610646761735,FALSE
263,-3.7544903155016645,5.426584844488554,0,-3.7962633798837317,-0.6918698266212253,FALSE
264,-5.4680741695626915,3.9434174074645956,0,-5.5289128440927495,-1.3866333701352624,FALSE
265,-1.204666866872186,2.008355970005427,0,-1.218070184595772,-0.5998273637063108,FALSE
266,-1.8648784976740913,3.57196178824006,0,-1.8856274364119086,-0.5220880312364525,FALSE
267,-1.7834376942760155,1.7712885645295564,0,-1.8032805095089648,-1.006858921798372,FALSE
268,-2.1149213313045867,1.723374763405683,0,-2.1384522869101517,-1.2271975754856366,FALSE
269,-2.0174925396179075,1.8941021483950897,0,-2.039939486784034,-1.0651445284127727,FALSE
270,-2.730983127905619,1.7838212602767618,0,-2.761368486354226,-1.5309735278532919,FALSE
271,-4.208381632255236,2.222894176146635,0,-4.255204764583656,-1.8931992703091352,FALSE
272,-5.951273184767074,2.6794465211642495,1,-6.0174880094201315,-2.2210830250798135,TRUE
273,-6.834793622683874,2.5553960616490197,1,-6.910838638131028,-2.6746513878061315,TRUE
274,-2.4207847156618953,2.4280583918794685,1,-2.447718756579499,-0.9970043240138294,FALSE
275,-2.2006986113879647,1.8092671934467879,1,-2.225183938836932,-1.2163480437599,FALSE
276,-9.516781525040333,2.4261093315637545,1,-9.622666770159805,-3.922651547985378,TRUE
277,-7.138681914727311,1.481544373475349,1,-7.218108040291083,-4.8184057410185215,TRUE
278,-6.76295584530781,0.3232368130662873,1,-6.838201582065389,-20.922604022583613,TRUE
279,-6.454071055566423,0.43124636107452946,0,-6.525880090368685,-14.966088153149677,TRUE
280,-0.6362770931251325,0.38906620086922894,0,-0.6433564146155114,-1.6353954460798688,FALSE
281,-0.20196972298431712,0.18754102700893058,0,-0.2042168706748086,-1.0769362107348355,FALSE
282,-4.0169422605212,7.316558115637773,0,-4.061635407544374,-0.5490207549825564,FALSE
283,-3.950745316409898,7.224320658820614,0,-3.994701945563565,-0.546867380753122,FALSE
284,-2.753914954310235,4.856608454993357,0,-2.7845554559554673,-0.567044879123162,FALSE
285,-2.5549458648145853,4.488696378775484,0,-2.58337260430115,-0.5691955189697135,FALSE
286,-1.6753029160175243,3.346004718726712,0,-1.6939426062788945,-0.5006875533203204,FALSE
287,-5.330529031348571,7.359130997770245,0,-5.389837356501954,-0.7243421856417119,FALSE
288,-3.3553597045112022,6.784624182529041,0,-3.39269197738532,-0.49455351014895216,FALSE
289,-2.6578120465676442,7.356511529127921,0,-2.6873832917719,-0.36128700893679083,FALSE
290,-3.3720489869486574,6.129180268697891,0,-3.4095669474690773,-0.550163127713819,FALSE
291,-2.332878314933229,5.520673686277723,0,-2.3588342950679686,-0.4225713105869433,FALSE
292,-3.6642606372677475,4.887457369281251,0,-3.705029791706972,-0.7497273859202199,FALSE
293,-4.048533678760937,4.246471468869961,0,-4.093578316995209,-0.953387702811601,FALSE
294,-0.6351434467358649,2.280442649672693,0,-0.6422101550938009,-0.27851761447586754,FALSE
295,-1.341416350516635,1.5862889489910221,0,-1.3563411650359132,-0.8456317818830288,FALSE
296,-1.3403398944498695,1.9258929563043485,0,-1.3552527321454506,-0.6959576284145544,FALSE
297,-1.4887884050758964,1.7155561402521027,0,-1.5053529048269634,-0.8678167797278366,FALSE
298,-1.7554200849278956,1.700403534703454,0,-1.774951171723486,-1.0323549963885699,FALSE
299,-2.650148057726721,1.6455820047221212,0,-2.6796340321558856,-1.6104624686718267,FALSE
300,-5.243991358821786,2.6549063274357274,1,-5.302336851882885,-1.975207676681669,TRUE
301,-6.271692586339755,3.771511197475027,1,-6.341472448898463,-1.6629123600477613,FALSE
302,-2.400990441715916,2.203944544440232,1,-2.427704248351245,-1.089406014217899,FALSE
303,-1.969895334931194,1.7836984470059989,1,-1.9918127079264736,-1.1043880977963139,FALSE
304,-10.922612532081878,4.0287060242325055,1,-11.044139279571187,-2.711196216944796,TRUE
305,-8.357448832149492,1.5696252642682023,1,-8.450435154871853,-5.324486692717666,TRUE
306,-6.72952395168905,0.5539942164358967,1,-6.804397719809826,-12.147281960781498,TRUE
307,-6.5784792333656945,0.29993444897720317,1,-6.651672453605699,-21.93305655885396,TRUE
308,-6.246585524474168,0.269389632527081,0,-6.3160860418159155,-23.187921026790875,TRUE
309,-0.2136859235752541,0.175545896958144,0,-0.21606342760188463,-1.2172652695277975,FALSE
310,-0.08924155290411692,0.11840926248128732,0,-0.09023446880527865,-0.753670372013508,FALSE
311,-2.2518148359513885,5.614755218116545,0,-2.276868890753531,-0.40105307328192913,FALSE
312,-3.2860210081379355,6.654774527938809,0,-3.322581807500506,-0.49378397334758667,FALSE
313,-2.680148213078528,5.06924581508546,0,-2.7099679740714264,-0.5287074864475367,FALSE
314,-1.4549435359009975,3.6638474567343127,0,-1.4711314721826612,-0.39710810918908407,FALSE
315,-3.578931749927383,6.5333347688354815,0,-3.618751521413134,-0.5477955556478091,FALSE
316,-1.625843850946855,8.899927999446701,0,-1.64393325167866,-0.1826805622526308,FALSE
317,-2.2156051486634354,6.600088718534097,0,-2.240256328648698,-0.3356932373411382,FALSE
318,-2.445037676718897,7.006277953646832,0,-2.4722415599902035,-0.34897811546946017,FALSE
319,-2.0226773218633487,7.192158044778582,0,-2.0451819557523976,-0.2812337144526166,FALSE
320,-3.0008938620907775,6.898565804737419,0,-3.0342822908709217,-0.43500257111847623,FALSE
321,-4.726957275498371,5.985591256771458,0,-4.779550164015196,-0.7897226978455633,FALSE
322,-0.8914174185182115,1.6517668784544268,0,-0.9013354723912794,-0.5396750777278685,FALSE
323,-1.2508513957448586,3.4448531495202475,0,-1.2647685699804956,-0.3631073202406495,FALSE
324,-1.4256106657531187,1.8747917152857214,0,-1.4414722397937776,-0.7604101587017378,FALSE
325,-1.6158811119862677,1.6379980996018555,0,-1.633859665678648,-0.9864975498927846,FALSE
326,-1.6515142125364974,1.7413646165239856,0,-1.6698892258487819,-0.9484023029210031,FALSE
327,-2.1175883149244146,1.7408897791942122,0,-2.1411489438195863,-1.216382760259849,FALSE
328,-3.797800650218049,2.5800774943195486,0,-3.8400555923647346,-1.4719715429398967,FALSE
329,-6.868899351669905,3.1167866954516064,1,-6.945323832954765,-2.203840051580635,TRUE
330,-6.427150586549649,3.0437543073678204,1,-6.49866009987471,-2.1115865268730327,TRUE
331,-2.760480149577774,2.1419155198191877,1,-2.7911936966437016,-1.2887903953423911,FALSE
332,-2.416485900062642,1.5738090702252854,1,-2.4433721116650244,-1.5354377769069092,FALSE
333,-9.609533660758748,2.4802290315611732,1,-9.716450881089592,-3.8744541485791957,TRUE
334,-7.180934667195297,0.7353697790811462,1,-7.260830903693136,-9.765066326451388,TRUE
335,-6.744429504589538,0.11934715574841127,1,-6.819469114294295,-56.511019992860774,TRUE
336,-6.486252418795889,0.289806747937324,1,-6.558419508632288,-22.381302246967206,TRUE
337,-0.3825336399981558,0.32768187343121824,0,-0.38678977093182004,-1.1673933501190483,FALSE
338,-0.12458720534715585,0.1355467285736552,0,-0.12597338267425148,-0.9191457931753475,FALSE
339,-0.053488278268116904,0.1131789428357615,0,-0.05408339747312714,-0.47259920377358433,FALSE
340,-2.717901680272049,5.7342494262015995,0,-2.7481414924258756,-0.47397688490024453,FALSE
341,-2.4577992185995,4.568939990118284,0,-2.485145088842618,-0.5379364193697521,FALSE
342,-1.8141821602663442,3.652991820677275,0,-1.834367043383156,-0.49662913286512356,FALSE
343,-2.500421425927688,4.24044881395713,0,-2.528241517719194,-0.589659617561644,FALSE
344,-1.7466180356868772,8.859605222610918,0,-1.7660511894639375,-0.19714400267285842,FALSE
345,-2.5346467981942276,7.204469482838957,0,-2.5628476869938623,-0.35181588376934003,FALSE
346,-2.772109864455537,8.182436418435692,0,-2.8029528056036197,-0.338787828306218,FALSE
347,-4.726337868386067,8.177007277023307,0,-4.778923865279526,-0.5780033829328578,FALSE
348,-2.8356262149111213,6.588692640339215,0,-2.8671758492116513,-0.4303776742521003,FALSE
349,-2.284722954818509,6.627228624730352,0,-2.310143150655149,-0.3447478703681314,FALSE
350,-4.6811723461471235,6.753855316506333,0,-4.733255824160577,-0.693111138271855,FALSE
351,-0.3615622656594915,1.72838100162042,0,-0.36558506570219235,-0.20919129828464544,FALSE
352,-0.8280555274805973,2.283895491769823,0,-0.8372686067415972,-0.36256279259035856,FALSE
353,-1.1169402878960049,1.8115439205164117,0,-1.1293675455625278,-0.6165681523071226,FALSE
354,-1.6648438947821993,1.4558617974403998,0,-1.6833672162875675,-1.1435452854860386,FALSE
355,-1.8514764109210375,2.285962905573787,0,-1.8720762358815526,-0.8099328324211404,FALSE
356,-2.1303878423827687,1.4026037145996408,0,-2.154090880883412,-1.5188807930619708,FALSE
357,-2.415149643525856,1.5776463392580204,0,-2.4420209877226386,-1.5308561769691174,FALSE
358,-6.691198772368892,2.287063069120755,1,-6.7656461283674725,-2.925673044487258,TRUE
359,-6.4683088784702925,2.8682255344199055,1,-6.54027632558497,-2.25516048192441,TRUE
360,-8.401381505686468,2.6734008930977136,1,-8.49485663041547,-3.1425819926137786,TRUE
361,-11.369053100459318,4.362853530394141,1,-11.49554701766767,-2.6058754943882416,TRUE
362,-10.16662330728147,2.4312967572838873,1,-10.27973879680872,-4.18156412902844,TRUE
363,-8.496365158059229,1.3508062632220663,1,-8.590897086213566,-6.289847322585641,TRUE
364,-6.6592377277697565,0.2088865787830055,1,-6.73332948003479,-31.879682105797098,TRUE
365,-6.657088749760074,0.1661671147790971,1,-6.73115659214941,-40.06261262109547,TRUE
366,-6.0442409734847775,0.24077523756167651,0,-6.111490172739236,-25.103249963304457,TRUE
367,-0.07494356475731082,0.10962352762745795,0,-0.07577739893786602,-0.6836448924723285,FALSE
368,-0.04120086479861794,0.07887185179992932,0,-0.04165927226093671,-0.5223772975830505,FALSE
369,-0.004006923689241625,0.0538701496136189,0,-0.004051505368025994,-0.07438115019136006,FALSE
370,-2.7636843493827645,6.936389752445338,0,-2.794433546892161,-0.3984326786724264,FALSE
371,-2.745333825870384,7.5780095665888485,0,-2.7758788524975273,-0.36227637372938337,FALSE
372,-2.743636411755069,6.464334123076946,0,-2.7741625526791838,-0.424426763765288,FALSE
373,-2.5333083098836005,6.273566254598385,0,-2.5614943064465594,-0.4038067356069989,FALSE
374,-3.955987670968348,9.392749598294339,0,-4.000002627403771,-0.4211746123506507,FALSE
375,-3.9806691627246953,8.923707653210764,0,-4.024958729415451,-0.44607794399141304,FALSE
376,-3.1938984305535247,10.594625468854654,0,-3.2294342592699903,-0.3014640243718597,FALSE
377,-3.337416319035623,10.08910702609694,0,-3.3745489509109055,-0.33079402472418135,FALSE
378,-4.364626359540242,7.980952430091471,0,-4.413187895887255,-0.5468803877446765,FALSE
379,-3.879517130053209,7.4478694410223225,0,-3.922681262925234,-0.5208895189119604,FALSE
380,-3.9943577746207377,6.693376994290311,0,-4.038799643013718,-0.5967627070801581,FALSE
381,-0.5990086846687669,3.7601446083079137,0,-0.6056733518399066,-0.1593046935868576,FALSE
382,-1.339601205453571,3.1338170680630943,0,-1.3545058243763208,-0.42746630590072476,FALSE
383,-1.577944661777182,2.582872018373101,0,-1.5955011284101102,-0.6109263837126152,FALSE
384,-1.244906126531631,1.7351898732325421,0,-1.25875715274377,-0.717446629752659,FALSE
385,-1.7673525704032589,2.197181099611044,0,-1.7870164199554723,-0.8043727350085638,FALSE
386,-2.24208233298579,1.4850771583938966,0,-2.267028102391296,-1.5097413089368303,FALSE
387,-3.9183058898769167,2.3926400391918543,0,-3.9619015927425374,-1.6376495526675112,FALSE
388,-7.061574914735952,3.1104781256824134,1,-7.140143135390063,-2.270253841822694,TRUE
389,-7.2346236691020875,2.7598964667130645,1,-7.315117258088493,-2.6213387916388977,TRUE
390,-8.944267216135646,4.845454244447025,1,-9.043782574778973,-1.8459089210028,FALSE
391,-12.489719222346475,2.6923953051964187,1,-12.628681851450848,-4.638887609943782,TRUE
392,-8.299469939661776,1.1860316117984417,1,-8.391811179881541,-6.997680211134386,TRUE
393,-2.1278776196149694,1.9558243285902517,1,-2.151552728972512,-1.08796970592381,FALSE
394,-6.594380323879999,0.2785390523008953,1,-6.667750462215932,-23.67488605065094,TRUE
395,-6.216393434254627,0.3391835794756761,0,-6.285558029534368,-18.327518814042186,TRUE
396,-0.16446955096605065,0.17117584011951298,0,-0.1662994656985585,-0.9608222214724924,FALSE
397,-0.02316565483943673,0.06247305446693193,0,-0.023423399648915943,-0.37081034434931803,FALSE
398,-0.01045586220367283,0.03875133715889711,0,-0.010572195811779551,-0.2698193912844687,FALSE
399,-0.006950832515061337,0.01888751227404185,0,-0.007028168597927708,-0.36801207137343594,FALSE
400,-0.654704511689532,2.066313764742481,0,-0.6619888596089066,-0.31684661006511083,FALSE
401,-1.3238056077200122,4.338106667816697,0,-1.3385344822765153,-0.3051574590226163,FALSE
402,-1.5943898980162696,3.2596713687641956,0,-1.6121293369981629,-0.48912596321657226,FALSE
403,-1.2542965592872677,4.050734942394356,0,-1.2682520649677536,-0.30964666341408736,FALSE
404,-1.730169506293272,9.099767522673105,0,-1.7494196510811995,-0.19013337450460774,FALSE
405,-1.416395979969099,6.966489180503563,0,-1.4321550299305434,-0.20331560751332664,FALSE
406,-0.7326282621063774,10.515410712732622,0,-0.7407796022322881,-0.06967186371705594,FALSE
407,-1.5473095119899676,6.3851735602882265,0,-1.5645251270087281,-0.24232849700644976,FALSE
408,-1.7529277986752452,6.0353153098804,0,-1.7724311558922932,-0.2904451066219409,FALSE
409,-1.8089971826892386,5.646950810673655,0,-1.8291243769098364,-0.32034937851237166,FALSE
410,-2.102807029641169,5.040902777888079,0,-2.1262031995738986,-0.4171488961987389,FALSE
411,-0.04139663830817242,2.270485917267241,0,-0.04185722397811238,-0.018232501683162806,FALSE
412,-0.18164641440064605,2.285866810533792,0,-0.18366744168421648,-0.07946500363169814,FALSE
413,-0.9586655599849241,2.0057927366278245,0,-0.9693318275187024,-0.4779484652021675,FALSE
414,-1.1529809880427058,1.6389183869732793,0,-1.1658092403479383,-0.703501161013885,FALSE
415,-1.234242006870109,3.220181182077261,0,-1.2479743823680993,-0.3832834045921383,FALSE
416,-1.448421624529803,2.4298605623470726,0,-1.4645369969743787,-0.5960924865296512,FALSE
417,-1.8355964862747078,2.344541180137815,0,-1.8560196286341533,-0.7829235424932094,FALSE
418,-4.2018438156098625,4.37460452997152,0,-4.24859420713655,-0.9605082669352099,FALSE
419,-6.875568638619539,2.8893174187752946,1,-6.9520673234659265,-2.379651537744133,TRUE
420,-8.0740440219016,2.4141549028174647,1,-8.163877137027233,-3.344459799360307,TRUE
421,-11.930747052399614,3.615319816579283,1,-12.063490467048549,-3.3000530126510803,TRUE
422,-10.48084073377975,2.9655480606422375,1,-10.597452257038366,-3.5342002622982123,TRUE
423,-6.223617946580078,1.5264226401494672,1,-6.292862922948366,-4.077257361677145,TRUE
424,-2.284934104703942,1.078962740842961,1,-2.3103566498282397,-2.117713632000668,TRUE
425,-6.309495119555293,0.3013777847460292,1,-6.379695579191398,-20.935501682289882,TRUE
426,-0.3903850689811291,0.2991837108287995,0,-0.3947285561791158,-1.304833969401888,FALSE
427,-0.02937724835426017,0.07953212004856698,0,-0.029704104354341905,-0.3693758991501886,FALSE
428,-0.010909087381261829,0.03373739608466337,0,-0.011030463645743192,-0.32335297466009755,FALSE
429,-0.007605394839642806,0.01713546899744201,0,-0.00769001368843187,-0.4438393160279502,FALSE
430,-0.006809374415235682,0.01727951153253828,0,-0.006885136612483815,-0.3940721589503992,FALSE
431,-1.3078222526745804,4.217085134556643,0,-1.322373293846723,-0.3101246977343929,FALSE
432,-1.3034238515688434,4.115684420953403,0,-1.3179259554213691,-0.31669674305759915,FALSE
433,-1.2593456762709563,3.970824270023323,0,-1.2733573592407965,-0.317149687478756,FALSE
434,-1.3644174912877909,9.19959368682365,0,-1.3795982202065091,-0.148312799210036,FALSE
435,-1.214971254471342,10.089280965662649,0,-1.2284892204721707,-0.12042198632452739,FALSE
436,-1.480549433947918,8.565095541435074,0,-1.4970222655782948,-0.17285848438998885,FALSE
437,-1.549162293167168,8.186490515050913,0,-1.566398522527929,-0.1892339935310526,FALSE
438,-1.5797656419096524,7.971291168826786,0,-1.597342369061032,-0.19818190158297305,FALSE
439,-1.6893277476437025,7.578028706339189,0,-1.7081234804422045,-0.22292443234353843,FALSE
440,-1.611047816471127,5.580745794007719,0,-1.628972594138597,-0.2886796632451843,FALSE
441,-2.344914141639358,5.6170638165511155,0,-2.3710040343219103,-0.41746261360426173,FALSE
442,0.01901309789325123,1.6019184622209497,0,0.019224640684856808,0.011868954844862003,FALSE
443,-1.353748355303079,3.6951365042857742,0,-1.368810377695228,-0.3663594981492415,FALSE
444,-0.8883520942339265,1.6892671594641875,0,-0.8982360428149523,-0.5258801659979583,FALSE
445,-1.0508293361096879,2.997647696036491,0,-1.0625210326711716,-0.3505513131176493,FALSE
446,-1.3036289457982622,1.732541364640266,0,-1.3181333315622406,-0.7524374150044836,FALSE
447,-1.5992739319845335,2.0128554078865517,0,-1.6170677115155443,-0.7945299626184931,FALSE
448,-3.5675199190863904,5.28698516559868,0,-3.607212720702897,-0.6747739604603972,FALSE
449,-3.697581542342226,4.176979377508359,0,-3.7387214305418217,-0.8852285846208553,FALSE
450,-7.098878851674892,2.305135544828176,1,-7.177862121943866,-3.0795928107577035,TRUE
451,-9.462196627659567,4.527892263018149,1,-9.567474552413033,-2.0897574584410203,TRUE
452,-12.498499873531957,2.1572493953118186,1,-12.637560197576645,-5.793720420408493,TRUE
453,-8.340704536338123,1.9619433353715987,1,-8.433504559326515,-4.251246397367723,TRUE
454,-0.7467100431426162,1.7646388346408557,1,-0.7550180594339739,-0.42315176821697276,FALSE
455,-2.424346048421154,1.4892953664462094,1,-2.4513197133010367,-1.6278477077426112,FALSE
456,-5.601376253453568,0.8626529745013972,0,-5.663698068454023,-6.493197634530959,TRUE
457,-0.06226558163923673,0.0908268612304008,0,-0.06295835853624017,-0.6855414884511689,FALSE
458,-0.02166008467513668,0.06202323207820506,0,-0.02190107826830689,-0.34922534588048376,FALSE
459,-0.010911045802276132,0.016701110664557664,0,-0.01103244385646535,-0.6533125862958956,FALSE
460,-0.011754256451008714,0.016849858198305714,0,-0.011885036202780615,-0.6975878557951679,FALSE
461,-0.010315985755345456,0.01879502761947756,0,-0.010430763075543432,-0.5488678156905101,FALSE
462,-0.6634443672092358,2.025435485975001,0,-0.6708259561697731,-0.3275564054264942,FALSE
463,-0.759851987749106,1.513553064666193,0,-0.7683062234343149,-0.5020319442296447,FALSE
464,-1.4084446869874898,2.139322339002005,0,-1.4241152695816675,-0.6583602018780068,FALSE
465,-0.6330412384621786,9.523625068345568,0,-0.6400845573120372,-0.06647061742972939,FALSE
466,-0.7272328373925623,9.242636055811046,0,-0.7353241471534968,-0.07868240543078998,FALSE
467,-0.7985940624508163,8.917620153252484,0,-0.8074793487034291,-0.08955237481824663,FALSE
468,-0.4689016427445274,6.414575078617451,0,-0.47411871799715244,-0.07309940830025968,FALSE
469,-0.9559347943085437,8.256656009302187,0,-0.9665706789032741,-0.11577747616366238,FALSE
470,0.27952839431314436,7.133628663822998,0,0.28263847228139677,0.03918460120173142,FALSE
471,0.18026388446942218,5.4236406773934505,0,0.1822695295021479,0.033236693798833164,FALSE
472,-1.0853988904449252,4.912375737871456,0,-1.0974752134397074,-0.22095192802072405,FALSE
473,0.3993110512209647,1.5750949200810027,0,0.4037538503360013,0.25351554762199935,FALSE
474,0.011861725888635155,1.7475085884917003,0,0.011993701362691527,0.006787792613295927,FALSE
475,-0.8831601467082331,2.1970736546099663,0,-0.8929863288442734,-0.40197111501253485,FALSE
476,-0.6588405948057832,2.9337444522118106,0,-0.6661709614525444,-0.2245732733500594,FALSE
477,-0.891549140053804,2.9005863274788792,0,-0.9014686594819072,-0.3073685935866344,FALSE
478,-1.2311535039067742,2.0936678894950638,0,-1.2448515162230034,-0.5880366748155531,FALSE
479,-1.3930522600943898,3.6847153217209696,0,-1.408551584066073,-0.3780623843265471,FALSE
480,-3.3113109647392176,3.652195926501801,0,-3.348153144235055,-0.9066630135341357,FALSE
481,-7.126835597322099,2.937071675801648,1,-7.2061299188490855,-2.4265106146505233,TRUE
482,-7.778796063776169,2.8816944190996683,1,-7.865344202532967,-2.6993827007537146,TRUE
483,-11.894140992276153,5.069232519701265,0,-12.026477122000154,-2.3463395979668116,TRUE
484,-10.564229462308216,2.5669996406566615,1,-10.681768782000658,-4.115399665426439,TRUE
485,-5.800906414784185,1.9369695953734283,1,-5.865448234518976,-2.9948360720994325,TRUE
486,-0.9676479214663458,1.2677669573930623,1,-0.9784141282017029,-0.7632695550419945,FALSE
487,0.3265041418278145,1.1384417693209261,0,0.330136879534254,0.2867991588384642,FALSE
488,-0.17750740016006286,0.21026953525770503,0,-0.17948237610408493,-0.8441898154314694,FALSE
489,-0.016239735972349286,0.046232761027266665,0,-0.016420421892224958,-0.3512603532973423,FALSE
490,-0.009904644094981164,0.015933635987224127,0,-0.010014844761567736,-0.6216185748766248,FALSE
491,-0.013467021249554215,0.018356977230588448,0,-0.01361685749853043,-0.7336186715487101,FALSE
492,-0.02306920087548641,0.03312184111630771,0,-0.0233258725226167,-0.696495125209938,FALSE
493,-0.01661321423142149,0.025742328120456712,0,-0.01679805553060314,-0.6453656465601272,FALSE
494,-1.024305691769618,3.918813895732341,0,-1.035702281989213,-0.26138156060054435,FALSE
495,-1.3152728988984963,2.9920638438519576,0,-1.3299068371613876,-0.4395871771256141,FALSE
496,-1.1796098872970595,2.036542322817761,0,-1.1927344170273217,-0.5792218870585271,FALSE
497,-0.027547086182867775,7.312199861766341,0,-0.027853579503653324,-0.003767277522993399,FALSE
498,-0.2391432682880908,7.203534931175466,0,-0.24180401483509623,-0.033198043817782616,FALSE
499,-0.13229680002010705,6.748892129430217,0,-0.1337687555401316,-0.019602743307037616,FALSE
500,0.011844241371515296,6.373623189920417,0,0.011976022310016116,0.0018583215572339454,FALSE
501,0.506336532540683,5.562027412757423,0,0.5119701144107666,0.09103452661511825,FALSE
502,-0.46536107077395245,5.261029693346424,0,-0.47053875305217946,-0.08845437070284747,FALSE
503,-0.6328409443523043,6.139508091980809,0,-0.6398820346976138,-0.10307681574341387,FALSE
504,0.4664074386790484,1.6460267595725735,0,0.47159676301523634,0.2833534971206429,FALSE
505,0.06629230977045827,1.7109793472468555,0,0.06702988869365954,0.038745242528572615,FALSE
506,-0.5665147311914072,2.8306587160474552,0,-0.572817865398929,-0.20013529994970602,FALSE
507,-0.6146976016321137,3.080162602161665,0,-0.6215368262220564,-0.19956660768516493,FALSE
508,-0.9788541195115432,1.8742620349101393,0,-0.9897450082125157,-0.5222610826444414,FALSE
509,-0.8575421836173148,2.0510093482683587,0,-0.8670833361670179,-0.41810739884795106,FALSE
510,-1.1767106350312684,1.9478704096133408,0,-1.189802907213533,-0.6041010886678286,FALSE
511,-1.803576505970388,3.0767086278261164,0,-1.8236433888681318,-0.5862032204345349,FALSE
512,-3.482567589195942,2.790612629600222,0,-3.521315197497854,-1.2479580835606152,FALSE
513,-4.176092255093305,2.818400454285705,0,-4.222556130607166,-1.4817242343056936,FALSE
514,-8.682127310220165,5.245137223465512,0,-8.778726058019751,-1.6552717193705377,FALSE
515,-12.503067069991523,3.423704621968425,0,-12.642178209400141,-3.651911730283265,TRUE
516,-8.60801903347409,2.9639358665027387,1,-8.703793240642161,-2.904252798030688,TRUE
517,0.5765209400282145,1.7478149294817868,1,0.5829354049280102,0.32985239472645334,FALSE
518,-1.5152490005047918,1.8760364453959224,1,-1.5321079051053998,-0.8076863347849358,FALSE
519,0.2613201574598778,1.1455331970756137,0,0.26422764765017936,0.22812098167647316,FALSE
520,-0.027703598213219494,0.05755259537204478,0,-0.028011832912080637,-0.48136140575644754,FALSE
521,-0.006848869839517992,0.018658518919725985,0,-0.006925071469222384,-0.3670639598450279,FALSE
522,-0.022160065589355654,0.0331222662147885,0,-0.02240662205076213,-0.6690383274397325,FALSE
523,-0.029552967203325987,0.04262399920787287,0,-0.029881778279644,-0.6933410227228843,FALSE
524,-0.04215415367977623,0.05802676560092594,0,-0.04262316758783356,-0.7264605090982974,FALSE
525,-0.01504633270285001,0.03640290753970792,0,-0.015213740625601883,-0.41332777296532214,FALSE
526,-0.4467177306244303,1.7358871718207813,0,-0.4516879840953044,-0.2573426072132705,FALSE
527,-1.0466724004336339,1.927132670095375,0,-1.0583178462587897,-0.5431242055492906,FALSE
528,-0.5065952598282971,1.6269820787628757,0,-0.5122317203398832,-0.3113711370524142,FALSE
529,0.39101553633462277,7.876162476736438,0,0.3953660382140003,0.049645438053055976,FALSE
530,0.25317463599048867,6.828109118381395,0,0.25599149779606345,0.03707829380010022,FALSE
531,0.35805745963321667,7.538117955285215,0,0.36204126463918035,0.04749958302021145,FALSE
532,0.4411677503839728,5.670261999061733,0,0.4460762538801708,0.07780376823098713,FALSE
533,0.19694516085241043,5.4170975250898055,0,0.19913640445478606,0.036356214733118626,FALSE
534,-0.195849402411016,5.7018753348166324,0,-0.19802845442836328,-0.03434824350071736,FALSE
535,-0.37829896535339647,5.552389083386958,0,-0.38250798061443736,-0.06813264698709372,FALSE
536,-0.42452737794960915,4.890417218323736,0,-0.42925073798008234,-0.08680800819180869,FALSE
537,0.33800306621630366,1.7367884465168897,0,0.3417637428088342,0.19461383848687222,FALSE
538,-0.004023445299723219,1.3142635646466028,0,-0.004068210800608685,-0.003061368669080542,FALSE
539,-0.36767874067165174,3.0021954665254382,0,-0.3717695936011637,-0.12246995399576069,FALSE
540,-0.5853751591378812,2.031558068108453,0,-0.5918881375065741,-0.28814099302754037,FALSE
541,-0.5445371466090101,3.2763959758566545,0,-0.5505957546682204,-0.16620004133249922,FALSE
542,-0.7175421068090466,1.7473894235842111,0,-0.7255255959396008,-0.41063663149410523,FALSE
543,-1.6846696287997696,2.993494832241964,0,-1.7034135346172394,-0.5627768622329787,FALSE
544,-1.562861821111448,3.426423001959933,0,-1.580250473628145,-0.4561205140805681,FALSE
545,-3.2238016122264286,2.925018159844566,0,-3.2596701485618467,-1.102147554666033,FALSE
546,-6.238308734968864,3.735772535260934,1,-6.3077171634165605,-1.6698845221670153,FALSE
547,0.05517578279257207,1.970652327623051,1,0.05578967744490575,0.02799874032530317,FALSE
548,1.1121482136002456,1.0184987619154808,0,1.124522153875789,1.0919485179428585,FALSE
549,-0.05556604632144792,0.21003093883181517,0,-0.05618428310870478,-0.2645612433601656,FALSE
550,-0.017355749015123625,0.03974694080311652,0,-0.017548851875987145,-0.4366562222006977,FALSE
551,-0.010737694959365556,0.019944916131955072,0,-0.010857164284136646,-0.5383675162294608,FALSE
552,-0.021287623530946237,0.02811790918550482,0,-0.02152447306139458,-0.7570841555289007,FALSE
553,-0.04428380678805978,0.06632279702710359,0,-0.04477651555984775,-0.6677011340453974,FALSE
554,-2.6978043698489595,0.246317962947175,0,-2.7278205760878254,-10.952527934097631,TRUE
555,-0.02793380168338986,0.04169245669379857,0,-0.028244597663163274,-0.6699965389073558,FALSE
556,-0.9951490518874115,1.8024873127989929,0,-1.0062212406323414,-0.5520976734876952,FALSE
557,-0.5745331861281635,1.322133923407636,0,-0.5809255349576901,-0.43454991658286446,FALSE
558,0.09956875746241012,5.7067381244400925,0,0.10067657550597961,0.017447577809114757,FALSE
559,-0.3325952446822039,5.511823910392165,0,-0.33629575298073783,-0.06034213902500014,FALSE
560,-0.2705537457866593,4.853074626632548,0,-0.2735639703689127,-0.055748935798745625,FALSE
561,-0.09837332749244956,4.853443756362564,0,-0.09946784498949927,-0.020268768410778064,FALSE
562,-0.6069121087820724,6.320264651317494,0,-0.6136647107237349,-0.09602637583468251,FALSE
563,0.720993980380237,4.987132756357808,0,0.7290158756125016,0.1445708417248535,FALSE
564,-0.6807106843109743,5.640296512690754,0,-0.6882843810984925,-0.12068703884261488,FALSE
565,0.3110399951072931,4.451864969568655,0,0.3145006762248787,0.06986734710811096,FALSE
566,0.6609691504393685,1.577503141564377,0,0.66832319973918,0.41899704223973794,FALSE
567,0.45049222144247836,0.8212607952133406,0,0.4555044705065494,0.5485373514334786,FALSE
568,-0.9293178260032895,3.4053834886432037,0,-0.9396575659186529,-0.27289667348846947,FALSE
569,-0.509344416679433,1.5649038399945636,0,-0.5150114647532414,-0.3254796899732845,FALSE
570,-0.1654230012565455,1.4113456175961425,0,-0.16726352423065818,-0.11720941999897957,FALSE
571,-0.6844139194849499,1.3282110226639414,0,-0.6920288190638845,-0.5152900463905558,FALSE
572,-1.7890431112954093,2.7763220410815728,0,-1.8089482933015721,-0.6443932241370858,FALSE
573,-1.4601894260125636,3.9606255756673097,0,-1.4764357289131176,-0.3686764623708572,FALSE
574,-2.040641948724554,2.8332127312835804,0,-2.063346459947518,-0.7202572281962202,FALSE
575,-3.859919742544387,3.265257494273337,0,-3.9028658317243705,-1.1821180257036323,FALSE
576,-10.443225945798043,3.1547817546875643,0,-10.559418960862994,-3.3102847543355005,TRUE
577,-12.50821877828254,3.5218690678749534,0,-12.647387236427933,-3.55158540457321,TRUE
578,0.48566927579157304,4.835692801114753,1,0.4910729104320109,0.10043426986917234,FALSE
579,0.8768450644912134,1.7606554247323218,0,0.8866009840046707,0.49802195942145977,FALSE
580,0.9692572183224106,0.8768298741781518,0,0.9800413303539676,1.1054108064359582,FALSE
581,0.00804827641313665,0.08965883833552529,0,0.008137822833694058,0.08976556648010575,FALSE
582,-0.01727350610059486,0.02842191029734271,0,-0.017465693913535793,-0.6077531707011908,FALSE
583,-0.058630627525645046,0.0724075782022698,0,-0.05928296133731517,-0.8097305417654077,FALSE
584,-0.04941092848751641,0.06739154243361066,0,-0.04996068244169886,-0.7331918324349458,FALSE
585,-2.6886110217788364,0.167718134973226,0,-2.718524941345332,-16.030532549196533,TRUE
586,-0.08055174313931901,0.09953082282065505,0,-0.0814479748164533,-0.8093145505735996,FALSE
587,-0.054300143081569593,0.07257360890772967,0,-0.054904295225347004,-0.7482078388937083,FALSE
588,-0.5573252535824046,1.2032710823731319,0,-0.5635261441809302,-0.4631751412850618,FALSE
589,-0.6834173877745725,1.6293177775563656,0,-0.691021199781081,-0.41945002821951344,FALSE
590,-0.11479246980111721,5.503458958116793,0,-0.11606966932185638,-0.02085824036750836,FALSE
591,-0.15239301608048855,5.272939744373683,0,-0.15408856533941825,-0.02890095913633273,FALSE
592,-0.28142305319246963,6.600235190097718,0,-0.28455421144078596,-0.04263833713299891,FALSE
593,0.45236187888986135,5.557630371826291,0,0.4573949300640349,0.08139473995662846,FALSE
594,0.3316426103308954,5.324799365208649,0,0.3353325194660954,0.06228264908867608,FALSE
595,0.17221688032084936,5.059889542706374,0,0.17413299308843824,0.034035699567610725,FALSE
596,0.04392289410376646,4.795789464077145,0,0.0444115873028587,0.00915863684858788,FALSE
597,-0.1371796025705735,4.197024948640071,0,-0.1387058849387626,-0.032684962383895934,FALSE
598,0.7173149939425214,1.336910181550711,0,0.7252959561787176,0.5365468853790105,FALSE
599,0.017951771884607986,1.4181705696217717,0,0.018151506191981664,0.01265840109021283,FALSE
600,-0.15020487101749874,2.6020711707390847,0,-0.1518760746217823,-0.057725120168344586,FALSE
601,-0.3746047552472201,1.2459542375798465,0,-0.3787726681312036,-0.30065691335089156,FALSE
602,-0.20931185849730244,1.2429422465138296,0,-0.2116406959708836,-0.1684003090926989,FALSE
603,-0.6773703040025459,1.3112815414276968,0,-0.6849068351803652,-0.5165712187674348,FALSE
604,-1.489936438016795,3.113451620700041,0,-1.5065137109673972,-0.47854812585197376,FALSE
605,-1.5975595375857945,2.8238925183675594,0,-1.6153342424884065,-0.5657295832595337,FALSE
606,-1.6530336193158082,2.7083136719471415,0,-1.6714255377928102,-0.6103553057528082,FALSE
607,-4.893997721673765,2.5756452316901055,0,-4.948449129117561,-1.9001055197583971,FALSE
608,-11.718658213695923,4.3471443148353215,0,-11.84904189374192,-2.6957140975753067,TRUE
609,-8.67919059326701,3.0328627933920407,0,-8.775756666680449,-2.8617155422187612,TRUE
610,0.8122437754369749,3.9009447804936483,0,0.8212809305962707,0.2082171938189263,FALSE
611,0.28532833598819507,3.702267233876339,1,0.28850294504233254,0.07706854150813183,FALSE
612,1.5064960131001548,1.1473435977219415,0,1.5232575305521319,1.313029519745709,FALSE
613,0.2269197650639787,1.1482199294567266,0,0.2294445109439836,0.19762743986802636,FALSE
614,-0.03273462981524239,0.0716084309322493,0,-0.033098840582586594,-0.4571337395482596,FALSE
615,-0.0595254464049926,0.07396837271111122,0,-0.06018773611573721,-0.8047418676827391,FALSE
616,-0.13385968892519923,0.12256311419903029,0,-0.13534903339908122,-1.0921694491853757,FALSE
617,-2.660466649294844,0.09370290008767536,0,-2.6900674300369,-28.39257532910417,TRUE
618,-2.6045973679014978,0.1549165052301366,0,-2.6335765380140126,-16.81291069684429,TRUE
619,-0.12799616974873457,0.14136261213590318,0,-0.12942027576320367,-0.9054457031798593,FALSE
620,-0.7800812408626502,1.9009917137770866,0,-0.7887605504784599,-0.41035488750905924,FALSE
621,-0.7716242592281306,1.6364083133456995,0,-0.7802094751032166,-0.47153528427786784,FALSE
622,-0.1839947613736741,5.494305901902704,0,-0.1860419167441624,-0.033488263059753526,FALSE
623,0.7615661566434244,6.022127308905895,0,0.7700394644480334,0.1264613179992348,FALSE
624,-0.2961186196544912,6.637672812877042,0,-0.2994132831438291,-0.04461181320658394,FALSE
625,-0.04995280538240929,6.43128144738808,0,-0.05050858834626158,-0.007767162079758847,FALSE
626,0.25513598029069984,5.747384911219903,0,0.2579746643290794,0.044391664075365767,FALSE
627,0.2576253973172389,5.108944219307826,0,0.2604917790106887,0.05042634764803572,FALSE
628,-0.06636098454402933,5.198426347551569,0,-0.06709932755383004,-0.012765590989912746,FALSE
629,-1.1449202269500278,5.127779635180616,0,-1.1576587939281462,-0.22327796988290435,FALSE
630,0.6825338042933158,1.3781347552038536,0,0.6901277854075998,0.49525911868636924,FALSE
631,0.44634462267196495,0.7911301394558294,0,0.45131072488362406,0.5641860933006274,FALSE
632,0.05656033928248135,2.89746645698559,0,0.05718963873347833,0.01952061917614898,FALSE
633,-0.0531078107168524,1.6775480445577367,0,-0.05369869677856522,-0.03165799685388657,FALSE
634,-0.4394842370393146,1.36202313927694,0,-0.44437400949469885,-0.32267016937217713,FALSE
635,-0.6192167457887242,1.3858071958415341,0,-0.6261062511049286,-0.4468274862815268,FALSE
636,-2.286056627817274,2.1939510267463906,0,-2.3114916623146535,-1.0419816121454066,FALSE
637,-1.5547478522987122,2.249250669609301,0,-1.572046227490626,-0.6912292495032467,FALSE
638,-2.183040948520559,1.8106309117982713,0,-2.2073298139664814,-1.2056797077171404,FALSE
639,-2.5055648574638045,1.7347045775896957,0,-2.5334421759035766,-1.4443755379634664,FALSE
640,-10.254492944987659,3.761509505591456,0,-10.36858608626646,-2.7261643044486346,TRUE
641,-11.458765748521639,4.343785994986226,0,-11.586257823111811,-2.637967377248283,TRUE
642,-5.716198337320436,5.195100201769,0,-5.779797681332499,-1.1003056948495422,FALSE
643,2.1174524946815843,5.309135536518774,0,2.1410116124188434,0.3988318776412343,FALSE
644,1.258163285096693,1.3702148562554117,0,1.272161812591756,0.9182233569814455,FALSE
645,1.449651514690004,1.0342020770562197,0,1.4657805710907301,1.4017101172493587,FALSE
646,0.021564941816239316,0.215272080620816,0,0.02180487683462674,0.10017528401290543,FALSE
647,-0.06363879056145129,0.0955084811212829,0,-0.0643468460022509,-0.6663155964195326,FALSE
648,-2.602669791138187,0.3790114922266386,0,-2.631627514720955,-6.8669943907185305,TRUE
649,-2.650170545343807,0.11358665673538508,0,-2.679656769973824,-23.331706571113585,TRUE
650,-2.598595354174073,0.12466157267491978,0,-2.627507744914479,-20.845199514291668,TRUE
651,-0.287038767202786,0.29232129270278107,0,-0.29023240679029655,-0.9819290430363343,FALSE
652,-0.29098784076723555,0.25730670950942974,0,-0.294225418383718,-1.1308987679412668,FALSE
653,-0.5235341918165605,1.2058675657453932,0,-0.5293591176155885,-0.4341556292650958,FALSE
654,2.0061402276101923,6.276334596197918,0,2.0284608671232065,0.31963564033464265,FALSE
655,0.24961659984405365,5.633238882174067,0,0.25239387436599503,0.044311381971381576,FALSE
656,-0.4597278637472833,6.695596548437459,0,-0.46484287005619673,-0.06866122539216753,FALSE
657,0.08194693641037845,5.265873479927946,0,0.0828586912327175,0.01556188858747509,FALSE
658,-0.6646683290636262,6.324048709450804,0,-0.672063536021028,-0.10510170930061473,FALSE
659,-0.15896433793955278,5.804477790676416,0,-0.16073300078462244,-0.027386501193077718,FALSE
660,-1.3510099379780025,4.155857238740935,0,-1.3660414922976272,-0.32508574293261977,FALSE
661,-1.7758301206295117,5.606126478730376,0,-1.7955882927719158,-0.3167659751108015,FALSE
662,-1.3946229980074167,4.814111096466457,0,-1.4101397982622845,-0.2896948097087053,FALSE
663,0.5102750976268928,1.3380792229684002,0,0.5159525006069258,0.38134894322243235,FALSE
664,0.23984224859459846,1.2032640030353223,0,0.2425107721091526,0.1993263722587717,FALSE
665,-0.46019162666239766,2.5920405571042604,0,-0.4653117928722519,-0.17754028786359272,FALSE
666,-0.295109689612095,1.805716951677259,0,-0.2983931275831664,-0.16343075770428986,FALSE
667,-0.3455443599544428,1.8906852190845604,0,-0.34938894219657557,-0.18276144355840995,FALSE
668,-2.400689269731676,2.4658097848389953,0,-2.4273997254789665,-0.9735906169617332,FALSE
669,-1.3642188770251096,2.167021865535647,0,-1.3793973961295294,-0.6295362768238153,FALSE
670,-1.6441432113542271,2.730767733854016,0,-1.662436213719333,-0.6020809426489735,FALSE
671,-1.6444346606609823,1.2422588132326717,0,-1.6627309057380495,-1.3237456181789906,FALSE
672,-3.677732833067551,1.8422735580664196,0,-3.718651881328632,-1.9963011556913188,TRUE
673,-10.42618114336753,4.793347998427504,0,-10.542184515213435,-2.175135447455082,TRUE
674,-6.9035394866330995,2.6331200620961863,0,-6.980349379642701,-2.6218096113465097,TRUE
675,1.1088841978281616,4.17664521459627,0,1.1212218221381456,0.2654963830667026,FALSE
676,3.3180950544030092,2.359475372210109,0,3.355012714773875,1.4062850977312662,FALSE
677,1.795948337316462,1.1878771858719013,0,1.8159303479802884,1.5118973229528243,FALSE
678,0.6496435454824823,1.1573960657870968,0,0.6568715842761336,0.5612975235410765,FALSE
679,-2.7577991923320395,1.2802532777902353,0,-2.7884829106355467,-2.154104379324147,TRUE
680,-2.6142201568853185,0.45097660129091066,0,-2.6433063916990247,-5.796797770443456,TRUE
681,-2.6206042465001183,0.08837234721228267,0,-2.649761511723838,-29.654120651622645,TRUE
682,-2.699677639903661,0.19230480152598378,0,-2.7297146884470807,-14.038534755664365,TRUE
683,-2.7085238543316255,0.3792817963847859,0,-2.7386593272825634,-7.141191272949456,TRUE
684,-0.3344005811674542,0.39098330093043454,0,-0.33812117593069896,-0.8552809809822344,FALSE
685,-0.2783298707129661,0.2882458452908415,0,-0.2814266137144703,-0.9655988985101585,FALSE
686,0.3956737106681727,1.0926921237476481,0,0.4000760401459688,0.3621090534734664,FALSE
687,-0.3234605651108742,1.0878073971803592,0,-0.32705943949221106,-0.2973509519693441,FALSE
688,-0.66782914733299,1.356021676259247,0,-0.6752595220639033,-0.4924914984952741,FALSE
689,1.2466355454613909,5.7983355685996045,0,1.2605058134672824,0.21499886143403638,FALSE
690,0.6022837814592599,6.644729276300073,0,0.6089848878851559,0.09064083071186074,FALSE
691,-0.1296888248743141,6.64885981431274,0,-0.1311317636425249,-0.019505423259960762,FALSE
692,-0.5454965307019295,4.769793550854894,0,-0.5515658130231867,-0.11436480947989032,FALSE
693,-0.589533986429376,4.487453044918136,0,-0.5960932365808151,-0.13137385071850502,FALSE
694,-0.4735138787017008,4.193100755948478,0,-0.47878227043496474,-0.11292690213321432,FALSE
695,-0.9076855990186042,6.167227269304542,0,-0.9177846552899515,-0.1471788794838691,FALSE
696,-1.2447990466674517,5.618603975838998,0,-1.2586488814917631,-0.22154952582889098,FALSE
697,-1.3624020017932048,4.575591246310073,0,-1.3775603060509587,-0.29775430724759266,FALSE
698,-3.3594928326862803,4.52465244091482,0,-3.396871091410633,-0.7424863846574343,FALSE
699,-1.4240762937239009,2.8511545733453043,0,-1.4399207960940597,-0.49947354907980657,FALSE
700,-2.0974715752513156,3.8464008666714635,0,-2.120808382058559,-0.5453075870031174,FALSE
701,-2.917226118560256,4.724651384249573,0,-2.9496836465406906,-0.6174479091272902,FALSE
702,-2.141104340939875,2.6934212627512215,0,-2.164926612930701,-0.7949385306154534,FALSE
703,-1.5783941734941311,1.8464741281881825,0,-1.5959556414668725,-0.8548152120836376,FALSE
704,-1.3816275878466588,1.6970816923734147,0,-1.3969997990735366,-0.8141196702878901,FALSE
705,-1.6561510322664528,1.8022680688686694,0,-1.6745776355823943,-0.9189260248649147,FALSE
706,-2.0108503030503453,1.706017909979147,0,-2.0332233476218553,-1.1786806523472688,FALSE
707,-4.044494308719976,3.0277115773617567,0,-4.089494004272124,-1.3358254924150368,FALSE
708,-10.903546812514712,4.6561109989301785,0,-11.024861431735191,-2.3417712367724888,TRUE
709,-5.156053370277668,3.950536513105488,0,-5.213420451104778,-1.305152693355195,FALSE
710,2.790258389349714,6.454637269263419,0,2.8213032539108664,0.43228740407098487,FALSE
711,1.7259296119659389,1.3800391424384335,0,1.7451325830062132,1.2506381586513124,FALSE
712,1.3228940796352866,0.957325835010396,0,1.337612812383403,1.3818639707147575,FALSE
713,-2.7514510423489242,2.632147587890798,0,-2.7820641301125533,-1.0453255186019894,FALSE
714,-2.9815617820805245,1.0868203724416954,0,-3.014735119022617,-2.743380468091544,TRUE
715,-2.6703248169395093,0.1526689409701031,0,-2.7000352812436743,-17.49095002540454,TRUE
716,-2.7863881581560057,0.18666888522242997,0,-2.8173899619011107,-14.926902010668867,TRUE
717,-2.7835287764613175,0.49184793692168466,0,-2.8144987662648253,-5.659327949777555,TRUE
718,-0.3417373854231176,0.4179390704314804,0,-0.34553961065302385,-0.8176727413168332,FALSE
719,-0.29234995189808405,0.40216534238954793,0,-0.2956026845825473,-0.7269396963970759,FALSE
720,-0.10879268498983713,0.1764498997715484,0,-0.11000312993774777,-0.6165641642794482,FALSE
721,0.9785123266740525,1.1185566006750798,0,0.9893994125328264,0.87479911707954106,FALSE
722,-0.3492076418114434,1.0181838043840414,0,-0.3530929823179484,-0.3429711220192698,FALSE
723,2.2796330929716304,6.226098978310594,0,2.3049966581850008,0.3661414797472738,FALSE
724,-0.09925819036609707,7.136956955933733,0,-0.10036255299009718,-0.013907634721486288,FALSE
725,-0.4624931948435255,4.9506533137715225,0,-0.46763896867191934,-0.09342063875831925,FALSE
726,-0.6553772264153926,4.872528749904457,0,-0.6626690590672323,-0.13450453759318376,FALSE
727,-0.5479861081750514,4.47893669623006,0,-0.5540830899365335,-0.12234736620329857,FALSE
728,-0.6928726261084726,4.16160991635104,0,-0.7005816386206366,-0.1664914876779209,FALSE
729,0.05424462978523653,4.114672314345014,0,0.054848164279131556,0.013183219863249634,FALSE
730,-0.07175084747064775,3.925703270857756,0,-0.07254915896408377,-0.018277195834765773,FALSE
731,-0.318162589079662,3.5304378271505557,0,-0.32170251732577176,-0.09011986746597193,FALSE
732,-1.5437079711588217,3.4880107739511312,0,-1.560883514853815,-0.4425754595391195,FALSE
733,-1.3196657479296245,4.315763771693879,0,-1.3343485617388557,-0.3057780308980335,FALSE
734,-2.3177106533549896,3.9770894405175863,0,-2.343497875642355,-0.5827655344490714,FALSE
735,-2.0634042872006964,3.036521149984,0,-2.086362055870277,-0.679529035130076,FALSE
736,-3.1645388211239456,4.148416486031588,0,-3.199747990093848,-0.7628305479402747,FALSE
737,-1.064850289484876,2.707867613378367,0,-1.076697985433446,-0.3932431128552686,FALSE
738,-1.4769928069410423,1.4689542188640685,0,-1.4934260669660995,-1.0054723203580775,FALSE
739,-1.181744138207159,1.6332149174583588,0,-1.1948924139570358,-0.7235692777324202,FALSE
740,-1.7183994677457466,1.8950928765104411,0,-1.7375186571877526,-0.9067626653264342,FALSE
741,-3.2278298199916713,1.9819021191927413,0,-3.2637431748159336,-1.6286524893098229,FALSE
742,-10.253639465914315,5.080954370966878,0,-10.367723111247386,-2.018053837386283,TRUE
743,-6.173934105503353,2.63464113860664,0,-6.242626291448004,-2.343368140364083,TRUE
744,1.8632292843590896,7.238758602290624,0,1.8839598736837515,0.25739624523043103,FALSE
745,3.5654858135433716,2.3621529180723413,0,3.6051559833737588,1.509422098063415,FALSE
746,1.3420413150248791,1.7083331610441581,0,1.356973083000005,0.7855852392425632,FALSE
747,-2.420984612646823,1.4651507692205479,0,-2.4479208776504993,-1.6523791704622817,FALSE
748,-3.0760170058455762,1.4494487804793459,0,-3.1102412668311454,-2.1221977949633444,TRUE
749,-3.1260758740799535,0.6737317272821983,0,-3.1608570981017605,-4.639941608049831,TRUE
750,-2.6717112299074035,0.231709295058491,0,-2.701437119665705,-11.530444772329812,TRUE
751,-2.833491560510906,0.47141041536569966,0,-2.8650174443025254,-6.010668131532068,TRUE
752,-0.33846566281194534,0.4555831671765659,0,-0.3422314863287582,-0.7429283766333042,FALSE
753,-0.28974048375008704,0.4125326380310489,0,-0.29296418307135336,-0.7023456013879803,FALSE
754,-0.23359390702741428,0.41593971332729845,0,-0.23619291048661242,-0.5616052027318723,FALSE
755,-0.23808618006078225,0.302604858600411,0,-0.24073516527379393,-0.786789019720184,FALSE
756,-0.06534435606858963,0.10351133620751937,0,-0.066071387906117,-0.6312772925429864,FALSE
757,1.2451929871953427,1.194128841058249,0,1.259047205065461,1.0427626771763088,FALSE
758,1.390190691796449,1.4119398184214464,0,1.4056581774980346,0.984596279288084,FALSE
759,-0.3413178004930724,1.145626396655113,0,-0.3451153573534202,-0.297931159311289,FALSE
760,3.599227998668404,4.927804143677968,0,3.639273589488905,0.7303918527861876,FALSE
761,0.10429628125897528,5.086300617959946,0,0.1054566984942663,0.02050533169248798,FALSE
762,-0.30076439373364844,5.092658789225608,0,-0.3041107468541759,-0.05905842236475121,FALSE
763,-0.23667125789891952,4.654673624999994,0,-0.23930450045990756,-0.05084594043882504,FALSE
764,-0.42888121613010827,4.527388748048847,0,-0.43365301766590963,-0.09473037108088889,FALSE
765,-0.44550280689248656,4.134488468363512,0,-0.45045954292610313,-0.10775282366885469,FALSE
766,-0.46204187668373475,6.0401793439149865,0,-0.4671826290735413,-0.07649472811584745,FALSE
767,-1.1450848716752475,6.219329778283411,0,-1.1578252705171153,-0.18411708536081212,FALSE
768,-0.18475202752073483,3.811410801516414,0,-0.18680760835642807,-0.04847339663497545,FALSE
769,-1.6109510240657419,4.762632191239422,0,-1.628874724805309,-0.3382480442283556,FALSE
770,-2.9642974458547116,4.695505117082757,0,-2.997278697009368,-0.6313053381776278,FALSE
771,-2.291067576382988,3.79588778343375,0,-2.3165583635017515,-0.6035656760934314,FALSE
772,-2.2417402586292674,3.3046982287652207,0,-2.266682222060349,-0.6783494599042041,FALSE
773,-3.324696012859948,4.479312693768763,0,-3.3616871165585187,-0.7422335166475387,FALSE
774,-2.661059608348111,3.8901552736970317,0,-2.6906669864481634,-0.6840497155320892,FALSE
775,0.0027958703620203362,3.3774825749837354,0,0.0028269776662939346,8.277971240262579e-4,FALSE
776,-1.2269955456758497,1.6888393236551134,0,-1.2406472958786408,-0.7265318426031752,FALSE
777,-1.7525765758831733,1.8437856267845236,0,-1.7720760253388281,-0.9505316401341003,FALSE
778,-2.082303226560292,1.7793984026603709,0,-2.105471267875233,-1.1702287826307192,FALSE
779,-4.429984808600661,3.503183345504739,0,-4.4792735335861,-1.264559793675997,FALSE
780,-9.999999322528769,4.583330645774546,0,-10.11126092674596,-2.1818193133737682,TRUE
781,-4.529526388598155,5.457476097885394,0,-4.579922629246308,-0.8299672426148067,FALSE
782,3.4037038276384894,2.273477418471343,0,3.4415739850184086,1.4971355334275085,FALSE
783,1.4638851640993908,1.6321051757193423,0,1.4801725863775612,0.896930654885149,FALSE
784,0.8652686710012987,1.0982925305735747,0,0.8748957896949564,0.7878307890789523,FALSE
785,-3.0093643641194596,2.6590989822205016,0,-3.042847037070412,-1.1317233334452508,FALSE
786,-3.279529398775507,1.1897016384458583,0,-3.316017971446023,-2.756598203108849,TRUE
787,-2.5732638678857787,0.4078229728768869,0,-2.6018944164269264,-6.3097570245573005,TRUE
788,-2.9352001846085565,0.4461818518447875,0,-2.967857694944823,-6.578484025006063,TRUE
789,-2.876269171182301,0.8352823171954057,0,-2.9082710055649525,-3.4434694856702293,TRUE
790,-0.20804467853011788,0.3556625342251467,0,-0.21035941715514583,-0.5849496601697676,FALSE
791,-0.24381635731252566,0.4260631628904734,0,-0.24652909740120432,-0.5722540190014096,FALSE
792,-0.24163840444429407,0.41312646226618616,0,-0.2443269122783282,-0.5849017831460075,FALSE
793,-0.17832866330035746,0.24797081696241283,0,-0.18031277675044594,-0.7191518158662531,FALSE
794,1.0022179482640547,0.829970986196526,0,1.0133687866894039,1.2075337149517453,FALSE
795,1.7203799108999949,1.4997710944347797,0,1.739521135071734,1.1470949915515982,FALSE
796,1.3757630709400281,2.4988910075573956,0,1.3910700326065863,0.550549450447942,FALSE
797,-0.3469661195454498,1.0507896132186725,0,-0.3508265205139449,-0.33019561211940257,FALSE
798,2.3861304796828597,5.872605479442231,0,2.4126789519855474,0.4063154741172039,FALSE
799,-0.06275370177707207,4.769728733741435,0,-0.06345190957740206,-0.013156660531477914,FALSE
800,-0.22270208452556692,4.676747404004836,0,-0.22517990381211475,-0.047619010668581464,FALSE
801,-0.2475655947866956,4.397366169024424,0,-0.25032004949579706,-0.0562986081374295,FALSE
802,-0.15692951958470014,4.969916350257474,0,-0.15867554271279086,-0.03157588750494164,FALSE
803,-0.509676434525645,3.8980053115273017,0,-0.5153471766835236,-0.1307531400786998,FALSE
804,-0.4215496372478699,5.611417776747595,0,-0.4262398664553567,-0.0751235523747088,FALSE
805,-0.5873317750321944,5.909686409930152,0,-0.5938665230246859,-0.09938459239483338,FALSE
806,-1.0812283518307977,5.430693867976338,0,-1.0932582727407705,-0.19909580214170686,FALSE
807,-2.162715270224587,3.3585513527882913,0,-2.1867779888977874,-0.6439428917557228,FALSE
808,-1.062106959130807,3.9396746192908516,0,-1.0739241323437,-0.26959255821029915,FALSE
809,-2.0981021751735693,3.856868418661379,0,-2.121445998137185,-0.5439911211442798,FALSE
810,-2.658925067225216,3.567368569439776,0,-2.6885086960766995,-0.7453463289448606,FALSE
811,-3.1942485586429066,4.232603372445548,0,-3.2297882829409263,-0.7546770338646939,FALSE
812,-1.0952355008741212,3.7691859470639955,0,-1.1074212675819592,-0.290576139319222,FALSE
813,2.2657548798985374,4.897949826338096,0,2.290964033876429,0.462592505075232,FALSE
814,-1.4853385073060517,1.4295212030796496,0,-1.5018646229384924,-1.0390461534296613,FALSE
815,-1.9314972587310713,1.9146868418035268,0,-1.9529874085417196,-1.0087797213416425,FALSE
816,-3.353959248115757,2.198484661734448,0,-3.3912759392862997,-1.5255777338331404,FALSE
817,-4.75806729696448,7.842641349094868,0,-4.811006320594308,-0.6066919402751493,FALSE
818,-5.954005428181496,2.480465083443613,0,-6.020250652215153,-2.400358492414491,TRUE
819,1.5461875890279209,7.286668289592857,0,1.5633907213509792,0.21219404089469182,FALSE
820,3.226665372288628,1.9297087760746812,0,3.262565771280066,1.6720996516646167,FALSE
821,1.0397061820874214,1.6754143775579278,0,1.0512741206444736,0.6205665869973551,FALSE
822,-2.577642209933042,1.6919581490707278,0,-2.606321472613489,-1.5234668844195451,FALSE
823,-3.094849797363688,1.405306328493279,0,-3.1292835950230717,-2.202259916300156,TRUE
824,-3.1310706438925324,0.4784961682400805,0,-3.1659074405283087,-6.543564717370004,TRUE
825,-2.6440899965428617,0.462836993050566,0,-2.6735085680068837,-5.712788813866459,TRUE
826,-3.0665733318648867,0.8420906785157724,0,-3.100692521011658,-3.6416189017433114,TRUE
827,-0.42067953659383095,0.5424810453615009,0,-0.42536008492120203,-0.7754732449932821,FALSE
828,-0.3021453053049118,0.4554167478015741,0,-0.30550702267015023,-0.6634479446868236,FALSE
829,-0.29641939742313855,0.5010673171401845,0,-0.2997174074144084,-0.5915759964448225,FALSE
830,-0.2495648700201935,0.4842909487831662,0,-0.25234156898777704,-0.5153201203682465,FALSE
831,-0.2381304888370879,0.3000182399429099,0,-0.24077996703668625,-0.7937200380963553,FALSE
832,1.3268364878397856,0.8005691798990973,0,1.3415990844570047,1.6573664352242719,FALSE
833,2.284904874361829,2.0213654353566546,0,2.310327094264629,1.1303769394665022,FALSE
834,0.04505021900396619,1.3562833096215914,0,0.045551455001595194,0.033215935552974835,FALSE
835,-0.24461223662068832,1.2861804034009434,0,-0.24733383179082585,-0.19018501290633869,FALSE
836,-0.3348758097097734,1.150066357712944,0,-0.33860169194237516,-0.2911795545221559,FALSE
837,3.739774025297059,4.904904560481541,0,3.781383353862404,0.7624560231871066,FALSE
838,0.32356649283602157,4.473996750711116,0,0.3271665457863014,0.07232157528603313,FALSE
839,-0.08439323259153769,4.841549648655784,0,-0.08533220529947129,-0.01743103731570093,FALSE
840,-0.1110481328817848,5.460208332949162,0,-0.11228367230646416,-0.02033770986569767,FALSE
841,-0.2740526464284906,5.389467047242665,0,-0.277101800343222,-0.050849674750066465,FALSE
842,-0.2303071433663028,4.315473177678345,0,-0.2328695777632617,-0.0533677615139771,FALSE
843,-0.6445814037632003,3.7987502059357654,0,-0.6517531203521897,-0.1696824926145459,FALSE
844,-1.5576320882843437,5.236525842972112,0,-1.5749625539507017,-0.29745524704605936,FALSE
845,-1.177669486165247,4.813279343369087,0,-1.1907724266797715,-0.24467092020903353,FALSE
846,-1.4498439109666243,3.9623054628428305,0,-1.4659751079993337,-0.36590917196131734,FALSE
847,-2.8984448801756866,4.303127321684719,0,-2.930693445070779,-0.6735670742461126,FALSE
848,-1.2427333900098008,2.73518595002669,0,-1.256560242005206,-0.45435060457139087,FALSE
849,-1.7723494532970199,3.323629294331864,0,-1.7920688989736844,-0.5332572607659929,FALSE
850,-2.2543991109486567,3.6460538423652773,0,-2.2794819188109403,-0.6183120733856682,FALSE
851,-2.7495472326847974,3.6128151732530274,0,-2.780139138355256,-0.7610539429308996,FALSE
852,-0.06555146126913902,2.4144023123320624,0,-0.06628079739250799,-0.02715018161402567,FALSE
853,-1.252617429245926,1.8294177615892335,0,-1.2665542526549372,-0.6847082473703353,FALSE
854,-2.0435884753807008,1.9350008142905823,0,-2.066325770134149,-1.0561176306946047,FALSE
855,-2.286795186651866,1.814461170119679,0,-2.312238438473877,-1.260316409251697,FALSE
856,-4.326800703270669,3.176920280291247,0,-4.374941385269458,-1.361948151520505,FALSE
857,-5.11112556606124,6.711330500455598,0,-5.167992772897377,-0.7615666618883203,FALSE
858,-0.008015085703237945,6.528852828547271,0,-0.008104262838607492,-0.00122764073777129,FALSE
859,3.1540334196772037,2.6875425940596642,0,3.189125703857397,1.173575230639557,FALSE
860,0.3384123376292747,1.780043154629393,0,0.3421775678415105,0.19011468162957684,FALSE
861,-2.069000621939768,1.2336791126104822,0,-2.0920206563316475,-1.6770978780387502,FALSE
862,-3.128070530658083,2.4444378307648575,0,-3.162873947550468,-1.2796686793541068,FALSE
863,-3.3206191479874207,0.5699021700316795,0,-3.3575648918303287,-5.826647664462894,TRUE
864,-2.4487739203776693,0.44803034516706586,0,-2.476019373698114,-5.465643001177849,TRUE
865,-3.035084853953085,0.7209660002568923,0,-3.068853697219439,-4.209747551024089,TRUE
866,-2.947574104607097,1.0370375085869312,0,-2.98036928917164,-2.842302308451182,TRUE
867,-0.2712301757408059,0.45516068503029067,0,-0.27424792639175305,-0.5958998319961568,FALSE
868,-0.3317096150525138,0.5480888720286715,0,-0.335400269693046,-0.6052113662237636,FALSE
869,-0.3062159748197711,0.560411331874766,0,-0.309622983110124,-0.546412888896045,FALSE
870,-0.27748583583875064,0.5417106482764407,0,-0.2805731879722066,-0.5122399508328415,FALSE
871,1.5289590764967533,0.9435644032792885,0,1.545970521612576,1.6204077550858944,FALSE
872,1.817874200430869,0.9080385279289684,0,1.8381001617816177,2.001979150132573,TRUE
873,2.7146732941038683,2.2637262078015286,0,2.744877186712851,1.1992056657506684,FALSE
874,0.023001231745703205,1.3476587105528708,0,0.02325714715734057,0.017067549495722888,FALSE
875,-0.2350974955109202,1.2453002840094904,0,-0.23771322813792745,-0.18878779562627043,FALSE
876,3.688946550346125,3.1719765064282375,0,3.7299903642330237,1.1629804139060334,FALSE
877,2.4858426989761337,5.604413894211142,0,2.5135005855018435,0.44355087720123365,FALSE
878,0.08174564625819114,5.601490416252042,0,0.08265516149385392,0.014593552819623882,FALSE
879,-0.06294310342358081,5.603523105215166,0,-0.06364341853715676,-0.011232773068250585,FALSE
880,-0.2124379320289077,5.491962368944882,0,-0.21480155070044796,-0.038681607366825674,FALSE
881,0.03362667546521683,4.551447427795295,0,0.034000811276238545,0.007388127842554357,FALSE
882,-0.4115140609125673,3.669237864843482,0,-0.4160926326802587,-0.11215246219261427,FALSE
883,-0.6333759510480688,3.502087134500276,0,-0.6404229939641054,-0.18085670822078137,FALSE
884,-0.8350783960038736,4.779409808226091,0,-0.8443696128319778,-0.17472416668823348,FALSE
885,-0.8441085044356456,4.376922029627594,0,-0.8535001917055937,-0.19285436174595635,FALSE
886,-1.9411344420790313,2.637248929266888,0,-1.9627318167448868,-0.7360452100434202,FALSE
887,-1.0032998333476448,3.9274390351622266,0,-1.0144627090008074,-0.25545904706989364,FALSE
888,-1.711217804709853,3.633957367924947,0,-1.7302570898114136,-0.4708964997261341,FALSE
889,-1.6230718186822386,2.793101233877146,0,-1.641130377336284,-0.5811002476373647,FALSE
890,-2.6952235010903545,3.737713561681557,0,-2.7252109921674394,-0.721088830541044,FALSE
891,-0.6636215524320649,2.6412600504533126,0,-0.6710051127839493,-0.25125187969210727,FALSE
892,3.5262830674050694,6.585697627432373,0,3.5655170611634,0.5354456379406981,FALSE
893,-1.546524426177906,1.5979082816653418,0,-1.563731306205385,-0.967843050770171,FALSE
894,-2.253921135090084,1.9283831749853053,0,-2.278998624915927,-1.168813939225154,FALSE
895,-3.2645789789368442,2.2290754516479074,0,-3.300901210826594,-1.4645439554427875,FALSE
896,-4.3940769477264645,6.580174908678818,0,-4.44296615606435,-0.66777509849031,FALSE
897,-2.405998674626778,3.2554861116178158,0,-2.4327682036686773,-0.7390597263003268,FALSE
898,0.5589369680324069,5.590337969378534,0,0.565155790825672,0.09998267923943474,FALSE
899,2.566831834061374,2.088681698817442,0,2.595390818757505,1.228924366749921,FALSE
900,-1.157681606980435,1.2288938797265772,0,-1.1705621591295932,-0.9420517313000317,FALSE
901,-2.784780762165585,1.5128886144231186,0,-2.8157646817638278,-1.840704421737917,FALSE
902,-3.536674882620494,1.0404162767722676,0,-3.576024497389817,-3.3992883056313645,TRUE
903,-3.199245877310422,0.41947071976831696,0,-3.234841202581382,-7.626863393653404,TRUE
904,-2.6420287951632346,0.6574069761534691,0,-2.671424433368492,-4.018863338843644,TRUE
905,-3.2290508037782475,1.2080131524356517,0,-3.264977743464912,-2.6730261978254846,TRUE
906,-0.521190395718534,0.668851716124024,0,-0.5269892440644129,-0.7792316041869742,FALSE
907,-0.3669899062551128,0.5641906238379082,0,-0.37107309510188313,-0.6504714732029097,FALSE
908,-0.3666077983221851,0.6307726470022954,0,-0.3706867357745072,-0.5812043373542971,FALSE
909,-0.33645278556594127,0.6107016158639937,0,-0.34019621348608864,-0.5509282713947673,FALSE
910,-0.33222868749017376,0.6280241630079967,0,-0.3359251174143091,-0.5290062183259395,FALSE
911,2.014522307699899,0.9775213185339615,0,2.036936207586977,2.0608474408733923,TRUE
912,2.2833776667143963,0.8598731725723161,0,2.3087828946587625,2.6554819240186984,TRUE
913,3.5710925989219113,2.0216152680387056,0,3.610825150750096,1.766455099236785,FALSE
914,0.04760672921938761,1.3372238872015538,0,0.048136409361720166,0.035601165724772954,FALSE
915,-0.13264375370674317,1.2704469696306424,0,-0.13411956948940565,-0.10440715502301268,FALSE
916,-0.2465061246042808,1.2286794263031,0,-0.2492487914773721,-0.20062688389434366,FALSE
917,-0.33442734930988854,1.140028190028017,0,-0.3381482418998004,-0.293350069967717,FALSE
918,4.141918613153943,4.933791954042053,0,4.188002267219633,0.8395000542656931,FALSE
919,0.539214816548589,5.643884459374014,0,0.5452142075057179,0.09553966251966745,FALSE
920,0.4847027818401344,4.919528879818352,0,0.4900956631130934,0.09852626007107239,FALSE
921,0.3065906208090896,4.699348658653479,0,0.3100017974711034,0.06524108830370082,FALSE
922,0.3164607804202628,4.728557318254229,0,0.3199817740689383,0.06692544028145551,FALSE
923,-0.4210834721041704,4.725031216852571,0,-0.42576851468313404,-0.08911760637735251,FALSE
924,-0.45069211494903877,3.4687213614521735,0,-0.45570658806048175,-0.12993033108902047,FALSE
925,-1.0571408975926837,4.8484102931232105,0,-1.0689028176044963,-0.21803866291846002,FALSE
926,-0.8410746073961324,4.774100156157342,0,-0.850432539038629,-0.17617447893533736,FALSE
927,-1.2656202240026442,3.988485841454825,0,-1.2797017186018504,-0.3173184697932891,FALSE
928,-2.6844874420491336,4.201450194435317,0,-2.7143554820029365,-0.6389430596141896,FALSE
929,-1.1685596678029717,2.6779237272023257,0,-1.181561251010118,-0.43636779342621035,FALSE
930,-1.8315040947039805,3.5688054722014675,0,-1.8518817044552167,-0.5131980739690448,FALSE
931,-2.66684768052009,3.4879780778130813,0,-2.6965194576440235,-0.7645826954830433,FALSE
932,-2.249326013569842,3.3191474534298218,0,-2.27435237733303,-0.6776818581065189,FALSE
933,0.18290725937289487,3.0274774592678506,0,0.18494231502084385,0.06041572954175791,FALSE
934,0.6113160479648245,3.4578889125853487,0,0.6181176488436414,0.1767888047935478,FALSE
935,-2.384561061759068,1.7990067669073082,0,-2.411092072464984,-1.3254875443622662,FALSE
936,-2.5022496924878843,1.9367440433710952,0,-2.530090125867811,-1.2919878086380845,FALSE
937,-4.012300460269294,3.3315934088835504,0,-4.056941961874721,-1.2043187651802492,FALSE
938,-4.71526247175025,6.327562921744956,0,-4.767725241995656,-0.7451940865804806,FALSE
939,0.8274784604382628,5.63766314593467,0,0.8366851191583407,0.14677685399400975,FALSE
940,3.1664035741337497,2.5255033465969086,0,3.201633490646192,1.2537712842077395,FALSE
941,-1.3457585813650992,1.6277302113303642,0,-1.3607317082446586,-0.8267700457959761,FALSE
942,-1.5713465445726205,1.9349627821191304,0,-1.588829599490076,-0.8120810173163717,FALSE
943,-3.576533861276607,0.7728741234297168,0,-3.616326953466748,-4.6275761509588795,TRUE
944,-3.3334578406643263,0.48693742975106835,0,-3.37054642987124,-6.845762180098689,TRUE
945,-2.3105979757234936,0.5634065860595663,0,-2.336306061213141,-4.101119924571143,TRUE
946,-3.121266185849456,0.6005798011306721,0,-3.155993896504807,-5.197088180410419,TRUE
947,-0.5197205690432545,0.6251594922625241,0,-0.5255030638606443,-0.8313407625985586,FALSE
948,-0.39930702730027784,0.6441132675634071,0,-0.4037497816445243,-0.6199329332413878,FALSE
949,-0.4036983208605925,0.6664216261851457,0,-0.4081899334447599,-0.6057701386005693,FALSE
950,-0.4169515171141878,0.7001048978081593,0,-0.42159058689596307,-0.5955557780263375,FALSE
951,-0.3466297003131322,0.6473516486827203,0,-0.350486358227026,-0.5354581254538864,FALSE
952,-2.535400299920972,3.840912195407137,0,-2.5636095723022647,-0.6601036865546518,FALSE
953,2.275558093563294,0.8925069818605907,0,2.3008763196764574,2.5496249775206077,TRUE
954,2.608940247960149,1.0362668735757352,0,2.637967737656162,2.517633550282041,TRUE
955,3.5274250430913705,1.9577815964785712,0,3.5666717426552452,1.8017459401171665,FALSE
956,4.113718564253575,2.1897477327652832,0,4.159488460030043,1.8786267032954704,FALSE
957,0.07850964481968577,1.3146565131509442,0,0.07938315578177964,0.05971875089373369,FALSE
958,-0.12793410751995782,1.258438193809924,0,-0.12935752302006662,-0.10166101771962043,FALSE
959,3.5667700188100198,2.3698748547314525,0,3.606454476915186,1.5050457249626357,FALSE
960,2.805338564162737,5.251348743014221,0,2.8365512131794137,0.5342129615548064,FALSE
961,0.6215055766653355,4.849778081477251,0,0.6284205478827765,0.1281513434684879,FALSE
962,0.5004758909232413,4.721244465432704,0,0.5060442663500975,0.1060050786582966,FALSE
963,0.4777012656942763,4.496536911628802,0,0.48301624697012374,0.1062375946384117,FALSE
964,0.04124306405318533,4.374680108200782,0,0.0417019410312119,0.009427675403253146,FALSE
965,-0.2470651632522349,4.554727606167788,0,-0.24981405007942667,-0.0542436748396702,FALSE
966,-0.10405611692188019,3.7065631483094266,0,-0.10521386205004808,-0.028073477439428077,FALSE
967,-0.6360863269575909,4.740873711876346,0,-0.643163525952843,-0.13417069629257014,FALSE
968,-0.6986645448906582,4.551587444329426,0,-0.7064379992247082,-0.15349909310455764,FALSE
969,-1.9095272877659852,2.7144152015812093,0,-1.9307729961386553,-0.7034764934464122,FALSE
970,-0.8884550062614547,3.8806377723105343,0,-0.8983400998582857,-0.22894561625948098,FALSE
971,-1.4308838889920237,3.3530629712301385,0,-1.446804133764353,-0.4267393428841795,FALSE
972,-1.582836322999293,2.8098019794003757,0,-1.6004472150433944,-0.5633266452951525,FALSE
973,-2.664753097520212,3.4655709416245286,0,-2.6944015699760935,-0.7689218147330946,FALSE
974,-1.0246737267739783,3.5083424578464393,0,-1.03607441181035,-0.2920677610825267,FALSE
975,1.978839464133201,4.674396907882499,0,2.0008563509515565,0.4233357806642943,FALSE
976,-1.8338164113076587,1.135861679287358,0,-1.8542197482661162,-1.6144715899370767,FALSE
977,-2.5878220159496435,1.884369693734188,0,-2.6166145407925665,-1.3733090829015877,FALSE
978,-3.1494266549873453,2.0546687748028565,0,-3.1844676835611017,-1.532814774629322,FALSE
979,-4.023777369811275,3.269934596097084,0,-4.0685465653620625,-1.2305375693489282,FALSE
980,-2.0290458958099857,2.9464558540729864,0,-2.051621387479223,-0.6886395032883884,FALSE
981,0.8448270485456025,6.286007543361729,0,0.8542267304531298,0.13439803288778632,FALSE
982,4.126089173066445,2.4191074768228633,0,4.171996706230404,1.7056245795599985,FALSE
983,-0.7765322777784829,1.5245912906481593,0,-0.7851721010590124,-0.509337999332497,FALSE
984,-2.102949959444171,1.2294943047732276,0,-2.126347719636925,-1.7104186259992857,FALSE
985,-3.5225800972099717,0.899619486049144,0,-3.5617728911250834,-3.915633389267806,TRUE
986,-3.26229835716973,0.5051971640163868,0,-3.2985952144941186,-6.457475594744061,TRUE
987,-2.254991092709486,0.7476700797171658,0,-2.2800804870562534,-3.016024251716105,TRUE
988,-3.247259755689195,1.444147312191585,0,-3.2833892911096574,-2.248565453313258,TRUE
989,-0.3760281096320241,0.5414960327084849,0,-0.3802118589863028,-0.6944244960598988,FALSE
990,-0.4633116159221263,0.6883508448130591,0,-0.46846649563535003,-0.6730748126675888,FALSE
991,-0.39985578370891595,0.5762289452834249,0,-0.404304643605411,-0.693918254162401,FALSE
992,-1.8892766463299508,3.842817549019642,0,-1.9102970428020967,-0.4916383935042486,FALSE
993,-1.351325947628888,2.064382662948868,0,-1.3663610179228212,-0.6545908236308214,FALSE
994,-1.724549807101548,3.50736010959961,0,-1.7437374262105105,-0.4916945375473343,FALSE
995,-2.5745858927692233,4.460980518019509,0,-2.6032311503723022,-0.5771345295881797,FALSE
996,3.256096938469895,0.9815181185854831,0,3.2923247978103127,3.3174088962946766,TRUE
997,3.9901124024646215,2.074340908415505,0,4.034507036162743,1.923556724103025,FALSE
998,0.06774820269187659,1.3031250054133783,0,0.0685019801143758,0.051989028228635256,FALSE
999,-0.21680856777061294,1.227695040278824,0,-0.21922081483985473,-0.17659806438687994,FALSE
1000,2.6019880326548357,1.7278410298659916,0,2.630938170882835,1.5059186508938507,FALSE
1001,4.102359483804063,4.0887906732002195,0,4.148002996620645,1.003318538826842,FALSE
1002,0.9368986511458591,4.638525620421648,0,0.947322736543602,0.20198199337760558,FALSE
1003,0.6079854416397472,4.344516377418243,0,0.6147499856557792,0.1399431809717441,FALSE
1004,0.2727057175216189,3.969746367045154,0,0.27573988528824056,0.06869600531295529,FALSE
1005,-0.4790846746158036,3.548782019457382,0,-0.48441504792228357,-0.1349997469523521,FALSE
1006,0.06680978287329578,4.004537903853201,0,0.0675531192856432,0.016683518667412495,FALSE
1007,-0.2095361612206577,3.7623964951368247,0,-0.21186749432249105,-0.055692206148793374,FALSE
1008,-1.0775054012541705,4.938440176367916,0,-1.0894939000159796,-0.21818739577131935,FALSE
1009,-1.126329588296079,5.02100526216956,0,-1.1388613128321783,-0.22432352277786616,FALSE
1010,-1.1770403968653134,3.95325358236157,0,-1.1901363380308931,-0.297739664897029,FALSE
1011,-2.6708734239184695,4.277550388239318,0,-2.7005899921123047,-0.624393211418797,FALSE
1012,-1.6927925719108965,3.183633524398438,0,-1.71162685490264,-0.5317171586923647,FALSE
1013,-1.643114290907305,3.234091624429348,0,-1.6613958453376816,-0.5080605257116767,FALSE
1014,-2.5633746939460815,3.8971186190303753,0,-2.591895213944084,-0.6577615270494034,FALSE
1015,-1.4891232023881993,2.5920429583961897,0,-1.505691427148124,-0.5744978869137203,FALSE
1016,-0.07383991242028021,2.6451216702569096,0,-0.0746614671870519,-0.02791550696914008,FALSE
1017,0.8424086395198085,3.9564114692801344,0,0.8517814138187265,0.21292240356210573,FALSE
1018,-2.5826418424665243,1.895580243110582,0,-2.611376731864357,-1.3624545053437032,FALSE
1019,-2.517444387838239,1.8965920413436206,0,-2.545453879847646,-1.3273515510772587,FALSE
1020,-3.6993152929277056,3.2451942138044547,0,-3.740474471115754,-1.1399364873730835,FALSE
1021,-4.466495557192368,2.820829507826838,0,-4.5161905066512755,-1.5833979135567635,FALSE
1022,-1.4630618792209544,5.967964434407232,0,-1.479340141498874,-0.24515258013032595,FALSE
1023,3.2321495801214994,2.2842625250247637,0,3.268110997293206,1.4149641491345044,FALSE
1024,-1.1636970853745705,1.3227983589136236,0,-1.1766445667058896,-0.8797237141496619,FALSE
1025,-1.0834968290171028,1.9836550052825668,0,-1.0955519893698733,-0.5462123333602363,FALSE
1026,-2.3746140662897304,0.7803100478717317,0,-2.4010344051208423,-3.0431673573426448,TRUE
1027,-3.326235324122504,0.4419545834920496,0,-3.3632435544462806,-7.526192618799575,TRUE
1028,-2.059384965998928,0.5575939460512307,0,-2.0822980150530017,-3.69334168812822,TRUE
1029,-2.9296895570529746,0.844794905083917,0,-2.96228575525888,-3.467929954859229,TRUE
1030,-0.506468617186846,0.7430686551184493,0,-0.5121036686519916,-0.6815906090213321,FALSE
1031,-0.37501733499139633,0.6504882892405598,0,-0.3791898383041113,-0.5765166586307438,FALSE
1032,-0.42186562414562423,0.6425695676709886,0,-0.4265593690742648,-0.6565291065287888,FALSE
1033,-2.124738794371726,4.140760583525879,0,-2.1483789806537104,-0.5131276613347444,FALSE
1034,-1.797825340363084,4.4282333520313495,0,-1.8178282348653338,-0.4059915540671255,FALSE
1035,-1.5601467442252168,3.15871293499173,0,-1.577505188358874,-0.49391849665797555,FALSE
1036,-2.491688232502192,4.628615719083331,0,-2.5194111573760694,-0.5383225533779364,FALSE
1037,-1.7515600205777175,4.053270093578319,0,-1.7710481596752001,-0.4321350366837756,FALSE
1038,-0.9969001363011376,2.8690973437751115,0,-1.0079918078934864,-0.34746124542063556,FALSE
1039,4.4779518602241755,2.226794858865632,0,4.52777427435709,2.010940452101332,TRUE
1040,4.497105491342939,3.3761058842762908,0,4.547141011862777,1.3320392326222754,FALSE
1041,-0.028481486362536876,1.2140012970527565,0,-0.028798375970323826,-0.023460836847276584,FALSE
1042,0.06378218975125845,1.2895060108574226,0,0.06449184067455628,0.04946249898350469,FALSE
1043,-0.020070447275318107,1.279989809045278,0,-0.02029375430656736,-0.015680161774325612,FALSE
1044,2.6270116814975077,4.675563396016194,0,2.6562402368757296,0.5618599212526663,FALSE
1045,0.08380780085025247,3.540571377738263,0,0.08474025995027529,0.023670699417953654,FALSE
1046,-0.11287420614654298,3.418379576486237,0,-0.11413006275668428,-0.03301979889037564,FALSE
1047,-0.4099315776428751,3.0746200062809796,0,-0.41449254244665035,-0.13332755813903746,FALSE
1048,-0.4780426965264667,3.2268827052338263,0,-0.48336147661678336,-0.1481438094266977,FALSE
1049,-0.028094623726725124,3.4020971778708624,0,-0.02840720903847326,-0.00825803093147022,FALSE
1050,-0.11357082307136883,3.0856212952333335,0,-0.11483443035369331,-0.03680646852120608,FALSE
1051,-0.5622221569777109,4.25591528228765,0,-0.5684775313126735,-0.13210370030568463,FALSE
1052,-0.7334297778928733,4.139138857457245,0,-0.7415900358126092,-0.1771938084588527,FALSE
1053,-1.8523144014532629,2.648917197702112,0,-1.872923550031503,-0.69927229248997,FALSE
1054,-1.2730853945554275,4.021211940575844,0,-1.2872499478454065,-0.316592463508183,FALSE
1055,-1.694010330523231,2.864122578531426,0,-1.7128581624935681,-0.5914587396576553,FALSE
1056,-2.110979972376698,3.6288347380233144,0,-2.134467075787581,-0.5817239209759614,FALSE
1057,-2.244163516362532,3.372440544546728,0,-2.269132441349724,-0.6654419808798019,FALSE
1058,-0.9201019185646258,3.2340975102079277,0,-0.9303391208084483,-0.28450036390692196,FALSE
1059,2.4932902466664206,4.80110794056878,0,2.5210309958080948,0.5193155991346123,FALSE
1060,-6.847478388791614,5.015189824176308,0,-6.923664536990956,-1.3653477991565832,FALSE
1061,-2.815581456220945,1.8279385294549793,0,-2.8469080693055644,-1.5403042338958972,FALSE
1062,-3.163100476027455,1.9868477711219665,0,-3.198293641737988,-1.5920195407025381,FALSE
1063,-3.791078755658538,2.85851131162309,0,-3.83325890892295,-1.326242348681114,FALSE
1064,-2.0330119296542,2.6875543562326683,0,-2.0556315480552154,-0.7564542554979294,FALSE
1065,-1.362442468351429,2.869995690702832,0,-1.377601222846632,-0.47471934287740375,FALSE
1066,-1.7929130728879663,1.4476928401403009,0,-1.812861312710551,-1.2384623472436382,FALSE
1067,-0.4078379369352376,1.8954869314216414,0,-0.41237560755505615,-0.21516262136893421,FALSE
1068,-1.8083430524473711,1.1786039743732617,0,-1.8284629687094682,-1.5343093114962398,FALSE
1069,-2.23215215152738,0.5673373256087528,0,-2.2569874361334783,-3.934435565529346,TRUE
1070,-3.295137766449459,0.3742732022079014,0,-3.3318000003344017,-8.804097506877008,TRUE
1071,-1.840494932853725,1.1426116782441542,0,-1.860972576119318,-1.610779031842213,FALSE
1072,-0.8819322236335703,1.918790563560891,0,-0.8917447436995708,-0.4596292270673255,FALSE
1073,-0.445782059807311,0.633348749975302,0,-0.4507419028538666,-0.7038492770763259,FALSE
1074,-0.48962683100492793,0.7341470504365899,0,-0.49507449804253045,-0.666932913118362,FALSE
1075,-3.908947462003647,5.320860891035073,0,-3.9524390414924,-0.7346456789708018,FALSE
1076,-2.514631672039713,5.482376696055752,0,-2.5426098693198047,-0.4586754634808007,FALSE
1077,-2.5720486809391017,4.19201365836024,0,-2.6006657091144225,-0.6135592320434355,FALSE
1078,-1.2713234716275914,3.241564511029977,0,-1.2854684214790966,-0.3921944071455916,FALSE
1079,-2.4959378525669917,4.8922972323439735,0,-2.5237080593986447,-0.5101770669340854,FALSE
1080,-2.524380357210772,5.3666182439594134,0,-2.552467019933326,-0.47038567724696595,FALSE
1081,-1.022279335757209,3.5838253426121427,0,-1.033653380413211,-0.28524809052555566,FALSE
1082,-1.886647427096249,3.9723178037480924,0,-1.907638570451435,-0.47494876299073985,FALSE
1083,4.998276569808975,3.4430489473793946,0,5.053888200524317,1.4517007008027898,FALSE
1084,5.112559135614331,4.092737519289038,0,5.169442292576372,1.2491783583772187,FALSE
1085,0.09672454937910208,1.2811232864477013,0,0.09780072230512007,0.07549979803060165,FALSE
1086,0.0700514990960385,1.2664566426693793,0,0.07083090336556533,0.05531298643464585,FALSE
1087,3.7224570254072145,4.46155967391656,0,3.7638736822407095,0.8343398491719538,FALSE
1088,0.7286631857893111,3.014798208670165,0,0.736770409837045,0.24169550840708715,FALSE
1089,0.0711409729152978,3.122676900186738,0,0.07193249884613419,0.022782047323257663,FALSE
1090,0.24611526272191855,3.152184455494601,0,0.24885358080270933,0.07807768428427875,FALSE
1091,-0.1260623414594833,3.23350332999618,0,-0.12746493138872048,-0.038986303273617545,FALSE
1092,-0.1932592270239545,3.0228085710422334,0,-0.19540946033247258,-0.06393366383678101,FALSE
1093,0.1152252561068664,3.0293972643401896,0,0.11650727087779787,0.038035703492312604,FALSE
1094,-0.6251090613744116,4.213800600963202,0,-0.6320641255435191,-0.14834804030155638,FALSE
1095,-0.6219761264144932,3.891975303848774,0,-0.6288963330442844,-0.15980988517563846,FALSE
1096,-1.0350869101799944,3.356446697968932,0,-1.0466034539732914,-0.30838770977842456,FALSE
1097,-2.0817590674909825,4.147623265879846,0,-2.1049210544044135,-0.5019161418580222,FALSE
1098,-1.2812003762958772,2.9963393011795123,0,-1.2954552181806365,-0.4275885497318449,FALSE
1099,-1.7238754954690318,3.26492335207115,0,-1.7430556120780885,-0.5279987643126345,FALSE
1100,-2.373978493210805,2.997971574495685,0,-2.400391760553402,-0.7918615751419033,FALSE
1101,-1.7269528313633171,3.026898335099562,0,-1.7461671869075246,-0.5705354591324632,FALSE
1102,-0.08829166479479822,3.140689159849167,0,-0.089274012087757,-0.02811219458567446,FALSE
1103,-6.0884896004136815,2.840437246183497,0,-6.156231117023145,-2.1435043525761297,TRUE
1104,-9.274428608309913,4.136290685168793,0,-9.377617395816493,-2.2422090984960463,TRUE
1105,-2.5612276505051,1.7287433389613966,0,-2.5897242821517272,-1.4815546025726687,FALSE
1106,-3.696609111991382,3.1987519779203044,0,-3.7377381807741625,-1.1556410554827585,FALSE
1107,-4.167375564649746,2.5976725561285927,0,-4.213742456860815,-1.6042728537196929,FALSE
1108,-1.673994995446709,7.064447408775589,0,-1.6926201335730036,-0.23696050074167743,FALSE
1109,-1.6670226051205583,1.3080785721692094,0,-1.6855701673083057,-1.2744055598709991,FALSE
1110,-0.8897460713587738,1.34670590497141,0,-0.8996455295539657,-0.6606832776735041,FALSE
1111,-0.6983561200636816,1.7163630898699143,0,-0.7061261428133961,-0.40688134357201255,FALSE
1112,-2.3455885163025663,0.8845570633351264,0,-2.3716859121863143,-2.6517096675015845,TRUE
1113,-3.3330401919244337,0.41498079411158306,0,-3.370124134304153,-8.031793854604803,TRUE
1114,-1.8836950468961213,0.6924038030145313,0,-1.9046533415933493,-2.720515165709725,TRUE
1115,-2.30416203178018,1.9190183108685417,0,-2.3297985099201983,-1.200698304299829,FALSE
1116,-0.582479568116307,0.8587241655828728,0,-0.5889603296725956,-0.6783081127348264,FALSE
1117,-0.48485197345464537,0.811478753876235,0,-0.4902465146575535,-0.5974918888986636,FALSE
1118,-0.510620245001393,0.7510143745577914,0,-0.5163014881467439,-0.6799074189519394,FALSE
1119,-4.727029388840718,3.6512871488385605,0,-4.779623079702212,-1.2946200055354016,FALSE
1120,-4.990822706576516,4.266836319535706,0,-5.046351404408154,-1.1696775626770681,FALSE
1121,-2.499007569360997,4.741067151306996,0,-2.5268119303564633,-0.5270981172819039,FALSE
1122,-1.0918221532757382,2.8196204772402247,0,-1.1039699425280485,-0.3872230898054716,FALSE
1123,-1.3066760137592506,4.167024765385789,0,-1.3212143016924756,-0.31357529348359336,FALSE
1124,-1.0761482831228035,4.007790469093631,0,-1.0881216823695488,-0.26851410806567855,FALSE
1125,-2.1602424376707825,4.080003606249525,0,-2.184277643210429,-0.5294707177125633,FALSE
1126,-2.3178336490415847,4.25728443812755,0,-2.343622239798783,-0.5444394619921192,FALSE
1127,5.421452630111775,3.535985588512813,0,5.481772585879653,1.5332224904208287,FALSE
1128,5.360692315530022,4.283623777080649,0,5.42033624224479,1.2514386403895186,FALSE
1129,0.11078216026860725,1.2483967763137476,0,0.11201474043912413,0.08873954368556095,FALSE
1130,0.2200972951060564,1.2311193587877236,0,0.22254613308569457,0.17877819362923916,FALSE
1131,2.8506218557021907,19.099928124752417,0,2.8823383339190918,0.14924777921064256,FALSE
1132,0.6838883571550767,4.882023056218156,0,0.6914974092428213,0.14008298389414997,FALSE
1133,0.37052693886896326,4.45721368908769,0,0.3746494813106782,0.08312972289753587,FALSE
1134,0.4140286691739089,3.4497802087446368,0,0.41863521887840915,0.120015955835219,FALSE
1135,-0.6555952282921151,2.846425897501062,0,-0.6628894864679717,-0.23032225390714586,FALSE
1136,-0.01590634884297852,2.72570851046622,0,-0.01608332544391898,-0.00583567493805778,FALSE
1137,0.07384532337279749,2.9808963950328025,0,0.07466693834269901,0.024772858089214093,FALSE
1138,-0.5458935175664307,4.2380352043624505,0,-0.5519672168275269,-0.12880816020700145,FALSE
1139,-0.5841128304633193,3.707376004282186,0,-0.5906117639597226,-0.1575542458570813,FALSE
1140,-1.8434833305185891,2.974190952655014,0,-1.8639942231782578,-0.6198268234502362,FALSE
1141,-1.181922618311413,3.851073968825193,0,-1.1950728798596966,-0.3069072751858801,FALSE
1142,-1.8873484475591844,2.638007540090495,0,-1.9083473905810284,-0.7154446751484419,FALSE
1143,-1.8023589023575717,2.5461474406747038,0,-1.8224122380012713,-0.7078768784418723,FALSE
1144,-1.8515787255586151,2.242432128512288,0,-1.8721796888882785,-0.8257011224625205,FALSE
1145,-1.3331825950281586,3.6939457314796296,0,-1.3480157994567925,-0.36091017354879906,FALSE
1146,1.0271684158400687,3.387238521104927,0,1.0385968571890725,0.3032465559895095,FALSE
1147,-6.53580862431104,5.2098828986074395,0,-6.608527084477246,-1.254502020776323,FALSE
1148,-2.9701783380244695,1.69896412923158,0,-3.0032250209332623,-1.7482289866636818,FALSE
1149,-3.0062001114025936,1.9429838486731046,0,-3.039647578367818,-1.5472079777994947,FALSE
1150,-3.923834824969313,3.477944884208594,0,-3.967492043657901,-1.1282050048536585,FALSE
1151,-2.4307362602393057,2.1883203359434797,0,-2.4577810236458224,-1.11077716562521,FALSE
1152,-1.0982139090116134,5.523367314168944,0,-1.1104328139684354,-0.19883050439075367,FALSE
1153,-1.4857637083319892,1.3243051977622051,0,-1.5022945548195765,-1.1219194116602538,FALSE
1154,-0.1709350359058992,1.096015366906553,0,-0.17283688666592548,-0.15596043729601577,FALSE
1155,-1.6981242743195635,1.2152278136749781,0,-1.7170178786916455,-1.3973711391481858,FALSE
1156,-2.1768116988206945,0.6537498064145018,0,-2.2010312566304537,-3.3297320740474756,TRUE
1157,-1.916613467991137,0.9723344762769793,0,-1.9379380183471107,-1.9711462616544826,TRUE
1158,-1.77727354610647,1.4076052089201465,0,-1.7970477780333753,-1.2626221719298103,FALSE
1159,-1.2621143919186655,2.375752470080781,0,-1.2761568800650511,-0.5312482709428692,FALSE
1160,-0.47510919700935317,0.7187620754667091,0,-0.4803953385112342,-0.6610103860875709,FALSE
1161,-0.55002985627361,0.75002407717312225,0,-0.5561495771058388,-0.7333495990511394,FALSE
1162,-4.622315728354109,4.200492228207122,0,-4.673744358151754,-1.1004223974786478,FALSE
1163,-5.3623793283321355,3.6288862136997126,0,-5.422042025023245,-1.477692882209469,FALSE
1164,-5.342852912492128,5.0605277519232565,0,-5.402298355133422,-1.0557896674831144,FALSE
1165,-2.2286771558831595,3.5240703929837376,0,-2.253473777127636,-0.6324156181216906,FALSE
1166,-1.2194651274434287,3.8099593034001216,0,-1.233033092999247,-0.3200730061224385,FALSE
1167,-2.417212851737457,5.753246376457673,0,-2.4441071515213406,-0.42014763380005943,FALSE
1168,-0.790301424688717,3.4703776874965073,0,-0.7990944457170187,-0.2277277852310167,FALSE
1169,-2.1973663790717595,4.411066574436507,0,-2.2218146315669025,-0.49814854117282564,FALSE
1170,-2.3870543364748857,4.606437721122181,0,-2.4136130877571444,-0.518199632989583,FALSE
1171,-2.417245278615051,4.582292975899197,0,-2.4441399391856007,-0.5275187098094066,FALSE
1172,-2.886417135259716,4.091489406826194,0,-2.918531877526296,-0.7054685588196931,FALSE
1173,5.395004075657619,4.714608396116009,0,5.455029760545782,1.1443164781410338,FALSE
1174,0.08380934165518501,1.2279639406554035,0,0.08474181789845185,0.06825065368813134,FALSE
1175,0.1173725543369151,1.2292505935011893,0,0.11867846029404593,0.09548301620307621,FALSE
1176,4.532285961522889,5.892855980769866,0,4.582712905624178,0.7691153451421653,FALSE
1177,1.90185821070277,4.978034193476565,0,1.9230185916879674,0.38205004963506456,FALSE
1178,1.8602185389860988,3.847404844230344,0,1.8809156302724823,0.4834995573121776,FALSE
1179,1.5279191856798173,2.6930922703902045,0,1.544919060802806,0.5673475069825349,FALSE
1180,0.9921141873169081,2.904327195246424,0,1.003152609669481,0.34159862874290586,FALSE
1181,-0.3186590351885422,2.228502668569428,0,-0.32220448697407433,-0.1429924404771313,FALSE
1182,0.16764317626426645,2.7936308641986805,0,0.16950840126335284,0.0600090650531787,FALSE
1183,-0.7598744864639846,4.418086898886223,0,-0.7683289724735214,-0.17199174752663762,FALSE
1184,-0.5014208774277104,3.950720816478035,0,-0.5069997669267239,-0.12691883347877617,FALSE
1185,-0.9582497177968315,3.2794779247386754,0,-0.9689113586034016,-0.2921958128055366,FALSE
1186,-2.4157940562571785,3.4785944603198455,0,-2.4426725702938734,-0.6944741860007027,FALSE
1187,-1.7799633660272862,2.454096658364393,0,-1.7997675253241636,-0.7253028767064117,FALSE
1188,-1.4668512863806822,3.0362640756338117,0,-1.4831717102134203,-0.4831105759713871,FALSE
1189,-2.2974626279061594,2.664812017978698,0,-2.3230245673988956,-0.8621481036582914,FALSE
1190,-2.1247323487088536,3.631219477868924,0,-2.1483724632753542,-0.5851291450870406,FALSE
1191,-0.12104857436327987,2.6934717305864977,0,-0.12239538031170834,-0.044941468287443956,FALSE
1192,-5.398462870717454,3.3404994992449266,0,-5.458527038716925,-1.6160645651758672,FALSE
1193,-8.930358325856751,4.002845537070591,0,-9.029718931945064,-2.231002481397838,TRUE
1194,-2.936568720441037,1.483073062587471,0,-2.9692414573275503,-1.9800566772601866,TRUE
1195,-3.3587517369725606,2.738146868725103,0,-3.396121750146556,-1.2266514171814367,FALSE
1196,-3.709223804755631,2.1303015887257883,0,-3.750493226643286,-1.7411730922917137,FALSE
1197,-1.1844711825066268,4.225599269051312,0,-1.1976497997909121,-0.28030845025504564,FALSE
1198,1.2266669838289166,3.2057168233783724,0,1.2403150783996426,0.38264982573731604,FALSE
1199,-0.9955419612769086,1.645155176642003,0,-1.0066185215950334,-0.6051355977914206,FALSE
1200,-0.6227587030769142,1.9555427190207983,0,-0.6296876167807836,-0.31845824538609363,FALSE
1201,-2.1422857341953336,1.17775560416452,0,-2.166121150557932,-1.8189560946432812,FALSE
1202,-1.9221704046044186,0.9404687614704693,0,-1.9435567823327935,-2.043842904041821,TRUE
1203,-1.7847501968157848,0.8902172933014101,0,-1.8046076151635349,-2.004847816645934,TRUE
1204,-2.4016174456317776,2.5587552162160145,0,-2.428338228413732,-0.9385881972654585,FALSE
1205,-0.8357718746350185,1.185341733702764,0,-0.8450708072181444,-0.7050893855093069,FALSE
1206,-0.4989310772866844,0.8548499006735745,0,-0.5044822648680342,-0.5836475817492104,FALSE
1207,-0.2628913621122462,0.47836923041404866,0,-0.2658163337787497,-0.5495574242613862,FALSE
1208,-5.138603884859606,3.5902549556880317,0,-5.195776819899525,-1.4312643386839503,FALSE
1209,-5.840386177407149,4.069749268527534,0,-5.905367255344053,-1.4350727261191312,FALSE
1210,-5.5945134688951885,5.031908923500464,0,-5.656758927448535,-1.1118073784617204,FALSE
1211,-2.1617999517886504,3.822130796884349,0,-2.1858524864814055,-0.5656007255300799,FALSE
1212,-2.3891409157789716,5.583990655047846,0,-2.415722882678873,-0.42785546455369206,FALSE
1213,-2.3858729157974805,6.116930278011968,0,-2.4124185224028665,-0.39004415734045295,FALSE
1214,-2.281750821626025,4.519025930564989,0,-2.3071379490297304,-0.5049209401949041,FALSE
1215,-2.2759141335038935,4.686638531881816,0,-2.301236320974821,-0.4856175952170244,FALSE
1216,-2.342807334204813,4.853489522366147,0,-2.3688737862082827,-0.4827057570452238,FALSE
1217,-2.4644343302406524,4.762105411871783,0,-2.491854023805307,-0.5175094033191481,FALSE
1218,-2.8916484439741277,3.2036937606826115,0,-2.9238213906246227,-0.9025982693670458,FALSE
1219,0.08474711410174994,1.2129539857053526,0,0.08569002415240319,0.06986836689643103,FALSE
1220,0.2515908723662146,1.2171552121425147,0,0.25439011296244185,0.20670401757829077,FALSE
1221,3.703689702801826,9.776778916473248,0,3.7448975513791813,0.3788251462412989,FALSE
1222,2.546279473100662,2.912523751778963,0,2.5746097889162076,0.8742519169312869,FALSE
1223,1.820983256596743,2.343380145385035,0,1.841243809807497,0.7770754822613477,FALSE
1224,1.9795178818198438,2.3774644656014394,0,2.001542316822725,0.8326172317023779,FALSE
1225,0.46425643398873173,2.5630207703520242,0,0.46942182590004605,0.18113643063648185,FALSE
1226,-0.10104490369465155,2.4717141319942915,0,-0.10216914557911955,-0.04088049762175528,FALSE
1227,0.17752836451771153,2.6260954860436194,0,0.17950357371455575,0.06760164109080792,FALSE
1228,-0.4734621101458169,4.0344209504550825,0,-0.47872992589378427,-0.11735565424634492,FALSE
1229,-0.6192100725445004,3.477712641401532,0,-0.626099503613114,-0.17805095946482696,FALSE
1230,-1.678679268790742,2.818455955742427,0,-1.6973565248972522,-0.5956024486990965,FALSE
1231,-1.0587492584381053,3.649462661572264,0,-1.0705290733319124,-0.2901109989660709,FALSE
1232,-1.8427587373199739,2.6541578316705903,0,-1.8632615680389282,-0.6942913173178166,FALSE
1233,-2.526883717279977,3.3287904051295887,0,-2.5549982327901413,-0.759099675781962,FALSE
1234,-1.8121814600890822,2.211156260734321,0,-1.8323440830932582,-0.8195628198105094,FALSE
1235,-1.115609714872813,3.2196552999343715,0,-1.1280221683694243,-0.3464997370667454,FALSE
1236,-3.3004572020371077,3.07492283131878,0,-3.337178620819761,-1.073346351466518,FALSE
1237,-6.425358215706838,3.072516829212409,0,-6.496847786825016,-2.0912361340438537,TRUE
1238,-10.305251435022928,3.5053970373126413,0,-10.419909323442885,-2.939824312433176,TRUE
1239,-2.9798768204003916,1.8971478058513176,0,-3.0130314101872564,-1.5707141063071863,FALSE
1240,-3.4666873212364457,1.5259960910596895,0,-3.505258243117531,-2.2717537361639586,TRUE
1241,-2.4932655933095687,1.9740158623054387,0,-2.521006068154021,-1.263042329557424,FALSE
1242,-1.3775442644514606,5.232827089130188,0,-1.3928710439641119,-0.26325048410503454,FALSE
1243,-1.4493497181026571,1.989173704408532,0,-1.4654754166659103,-0.7286189812837949,FALSE
1244,-0.2570972586270597,1.2627106867528355,0,-0.25995776416431954,-0.20360741484512693,FALSE
1245,-1.7168934824100175,1.0954056344852776,0,-1.7359959160164502,-1.5673586371652837,FALSE
1246,-2.10877378282594,0.7137997864828878,0,-2.1322363398162976,-2.9542930983721924,TRUE
1247,-1.849516083484473,1.066310019725984,0,-1.870094097525972,-1.7345012700525444,FALSE
1248,-1.8968888918020743,6.96923362410836,0,-1.9179939833442503,-0.2721804138177046,FALSE
1249,-3.943219887966866,4.232186334798996,0,-3.987092787990761,-0.931721709780093,FALSE
1250,-0.5531518143478107,0.7968541924902498,0,-0.5593062705887561,-0.694169422161356,FALSE
1251,-0.4636560225758612,0.7614671462391019,0,-0.4688147342130243,-0.6088982628677619,FALSE
1252,-3.8837396294856648,5.408843563669228,0,-3.9269507425669388,-0.7180351185551815,FALSE
1253,-5.150127371064476,4.934125667738374,0,-5.2074285182692135,-1.0437770980861762,FALSE
1254,-6.049584841219837,4.406906810647738,0,-6.116893497208017,-1.3727507980434592,FALSE
1255,-5.897909385132685,5.366080758078538,0,-5.963530475550074,-1.0991093222466861,FALSE
1256,-2.2309471091186595,4.1411624557707905,0,-2.255768986228695,-0.5387248466936599,FALSE
1257,-2.1174453437375993,6.019152196428098,0,-2.141004381912303,-0.351784649172709,FALSE
1258,-1.0584613964705831,5.34348731638043,0,-1.0702380085657432,-0.1980843845602245,FALSE
1259,-2.2025742174698597,4.7878015238201614,0,-2.227080413214396,-0.46003874774500625,FALSE
1260,-2.089885308108417,4.907812443903144,0,-2.1131377088847083,-0.42582827522364486,FALSE
1261,-2.2779510210455918,5.114880472111941,0,-2.3032958712556044,-0.44535762535718115,FALSE
1262,-2.6560129371097925,5.1533814343468825,0,-2.685564165132248,-0.5153922664073873,FALSE
1263,-3.1994004593545853,3.980302503610283,0,-3.2349975045302837,-0.8038083679450518,FALSE
1264,0.09137111229955662,1.2417722944426461,0,0.09238772202178477,0.07358121348694399,FALSE
1265,0.09586459455253744,1.202834905856112,0,0.09693119948255145,0.07969887977627842,FALSE
1266,2.7596274617638508,2.2930503817467325,0,2.7903315216877287,1.2034744128306953,FALSE
1267,4.76754208651082,2.1770941340609125,0,4.8205865281762446,2.18986492679486,TRUE
1268,3.0782921481608376,2.7378291191798136,0,3.1125417227465033,1.1243551055089291,FALSE
1269,2.662605720775033,2.4650761981608214,0,2.692230301171143,1.0801312035553252,FALSE
1270,1.9131765499099824,1.8916780087996625,0,1.9344628605614382,1.0113647994057728,FALSE
1271,2.002780862489679,1.9661200531328211,0,2.025064125164915,1.0186462720312741,FALSE
1272,-0.02679848258446678,2.4343038360330302,0,-0.02709664682095997,-0.01100868436708291,FALSE
1273,0.24020617089359228,2.718997894811567,0,0.24287874346630037,0.08834363989466756,FALSE
1274,-0.6009666871979986,4.142651267586042,0,-0.6076531394208605,-0.14506813351638623,FALSE
1275,-0.5841078195243544,3.5877299803497076,0,-0.5906066972682432,-0.16280707375514908,FALSE
1276,-0.8768306249728578,3.1020196276567313,0,-0.8865863838299066,-0.2826644348589169,FALSE
1277,-2.370164800810692,3.7060434156033333,0,-2.3965356363969716,-0.6395404842889127,FALSE
1278,-1.7667837694672186,2.4355843066598206,0,-1.786441290448541,-0.7254044808205385,FALSE
1279,-1.310494406694709,2.4211602985363014,0,-1.3250751786831654,-0.5412670972206842,FALSE
1280,-1.787176460489112,2.4172429809953293,0,-1.8070608738375458,-0.739344978779593,FALSE
1281,-2.4089901461235748,2.934103932497196,0,-2.4357929587594995,-0.8210309523948253,FALSE
1282,-2.987818896606717,1.7194992224803916,0,-3.021061851213522,-1.7376099142963055,FALSE
1283,-4.697956398131667,4.0350889485456936,0,-4.750226618212678,-1.1642757961568309,FALSE
1284,-8.331185020951214,3.600534347606667,0,-8.423879128277099,-2.313874613219309,TRUE
1285,-2.9581428944789754,1.5178889567429794,0,-2.9910556691030625,-1.9488532947933364,FALSE
1286,-3.179976587837947,2.411918461540271,0,-3.2153575198884994,-1.318442824060971,FALSE
1287,-3.5471224813457307,1.840607109737105,0,-3.5865883377823677,-1.9271480929204756,FALSE
1288,-1.7747956967186918,6.730055242408181,0,-1.7945423596939403,-0.26371190618691354,FALSE
1289,0.6658090126410696,3.3458665470030686,0,0.6732169110278043,0.19899449164744554,FALSE
1290,-0.865115408855996,1.5287791532406694,0,-0.874740822330323,-0.5658864506506026,FALSE
1291,-0.5216068305958577,2.2609982197097622,0,-0.5274103122633008,-0.23069758571628368,FALSE
1292,-2.234247507536211,0.7127528054932998,0,-2.2591061054109836,-3.1346737470782418,TRUE
1293,-1.8309935793861682,1.1512605574840404,0,-1.851365509061696,-1.590425006297109,FALSE
1294,-1.6292561979799127,1.0405819281804043,0,-1.6473835650347943,-1.565716407192352,FALSE
1295,-2.4916142420789646,2.959784221566039,0,-2.519336343723468,-0.8418229355789447,FALSE
1296,-0.7057950628556537,1.05348943636514,0,-0.7136478524818469,-0.6699593166219703,FALSE
1297,-0.612869614781149,1.0227350251604774,0,-0.6196885008947611,-0.5992457476314391,FALSE
1298,-0.3271352132012546,0.4751987924268018,0,-0.33077497230950825,-0.6884176020957493,FALSE
1299,-3.459154715777675,5.607707268607414,0,-3.497641828676355,-0.6168572199091807,FALSE
1300,-6.076799978159913,4.448903036965065,0,-6.144411434148101,-1.3659097372248779,FALSE
1301,-6.212344203596338,4.747529233943855,0,-6.281463746483137,-1.308542590781613,FALSE
1302,-5.753411845005725,6.002905577130386,0,-5.8174252325022,-0.9584378383236325,FALSE
1303,-2.119725270037017,4.270971971770395,0,-2.1433096750391964,-0.4963098058352166,FALSE
1304,-0.9989679526189128,5.369072892631499,0,-1.0100826310688946,-0.18605967409939503,FALSE
1305,-0.7645325485593053,4.953431109706931,0,-0.7730388609184801,-0.15434403580602915,FALSE
1306,-2.1686969935048372,5.077245076074918,0,-2.1928262657953606,-0.42714049863856457,FALSE
1307,-2.060919252265165,5.24799459486295,0,-2.0838493720355262,-0.3927060546675325,FALSE
1308,-2.1912241048629157,5.287554347292478,0,-2.2156040174252274,-0.4144116468485935,FALSE
1309,-2.791668573370513,4.573888222747441,0,-2.822729127866368,-0.6103491028675849,FALSE
1310,-2.942413712420323,3.667341602128201,0,-2.975151481629667,-0.8023287797113872,FALSE
1311,0.09631461074258327,1.2075939245375553,0,0.0973862226252593,0.07975744891186554,FALSE
1312,2.9698074210297705,3.609774206653476,0,3.0028499770562975,0.8227127933807801,FALSE
1313,3.225685034288396,5.751514011275931,0,3.2615745258812368,0.5608410286342677,FALSE
1314,2.6244724057566398,3.068300704222462,0,2.6536727087436995,0.8553504557571411,FALSE
1315,2.268472662755466,1.9495093962514283,0,2.2937120552234638,1.1636120693325969,FALSE
1316,2.0370919316348197,2.4664202367644092,0,2.059756944795468,0.825930594174492,FALSE
1317,1.0590966001223674,3.2303162086398074,0,1.0708802795957364,0.3278615874476023,FALSE
1318,0.9793294049364372,4.025844425885125,0,0.9902255817396513,0.24326061847785416,FALSE
1319,0.6035939401174306,4.574817177859448,0,0.6103096235797228,0.13193837407068834,FALSE
1320,0.2025980061530281,4.844133550764605,0,0.2048521442233185,0.041823373371085056,FALSE
1321,0.03627716717600214,4.410975926348769,0,0.03668079278499234,0.008224294981820712,FALSE
1322,-1.1304131816626717,3.9667163799498257,0,-1.1429903409167428,-0.28497454150653695,FALSE
1323,-1.1525772687208733,3.525938371294949,0,-1.1654010291798613,-0.32688525644807953,FALSE
1324,-1.634630148343994,2.393082752536395,0,-1.6528173068367753,-0.6830646147156726,FALSE
1325,-2.467873879589583,3.2555253434129634,0,-2.495331842134665,-0.7580570320495069,FALSE
1326,-2.1337210483663562,2.8947154230372236,0,-2.157461172654004,-0.7371090889921024,FALSE
1327,-1.9206049380752144,2.5378840046997655,0,-1.9419738981706707,-0.7567741214801597,FALSE
1328,-3.155028356325979,1.555998868289974,0,-3.190131710331686,-2.0276546600533982,TRUE
1329,-6.058141793533863,3.08108252746988,0,-6.125545655552659,-1.9662380801298045,TRUE
1330,-10.165067843482557,3.684557273337894,0,-10.27816602666888,-2.7588301902751735,TRUE
1331,-2.92881398861533,1.813729954198004,0,-2.9614004451056775,-1.614801576076078,FALSE
1332,-2.9773705411200484,1.5356247581647389,0,-3.0104972456396895,-1.9388659405819777,FALSE
1333,-1.9768977177141402,1.4491968306233758,0,-1.9988930003488752,-1.3641333433387186,FALSE
1334,-2.276538946952282,3.1326279832715547,0,-2.3018680861983407,-0.7267185759398032,FALSE
1335,1.2992027209501662,2.5681387878781163,0,1.3136578598230857,0.5058927216404888,FALSE
1336,-0.48565825545568253,1.1522768672221255,0,-0.4910617674820871,-0.4214770505863689,FALSE
1337,-1.7282122525445727,1.2794691010458357,0,-1.7474406206118307,-1.3507260559336174,FALSE
1338,-2.043047304282406,0.8128277889964811,0,-2.065778577878991,-2.513505728937684,TRUE
1339,-1.4931737737244641,3.861616668719363,0,-1.509787065793929,-0.3866706361146014,FALSE
1340,-1.7312449990997407,7.707698465660687,0,-1.750507109993976,-0.2246124451822782,FALSE
1341,-3.8110131914835255,5.148140383245136,0,-3.853415138493869,-0.7402698659668735,FALSE
1342,-0.5850419401439249,0.9843597259774814,0,-0.5915512110643844,-0.5943375421652597,FALSE
1343,-0.7201264576139524,1.0734893047991851,0,-0.7281387006480959,-0.6708277897083145,FALSE
1344,-4.1223209747304255,6.0388782362833044,0,-4.168186582312356,-0.6826302524138248,FALSE
1345,-4.323553430698965,6.226977585111536,0,-4.37165798301974,-0.6943261592969943,FALSE
1346,-6.0267619655592615,5.513860539849881,0,-6.093816690554354,-1.093020384175938,FALSE
1347,-6.5047141944263664,5.062352369273056,0,-6.5770866929540155,-1.2849192865174714,FALSE
1348,-5.974484065583631,5.942097385194972,0,-6.040957138237679,-1.0054503785934832,FALSE
1349,-2.1114169139121044,4.6350030169120195,0,-2.1349088788049344,-0.4555373332461809,FALSE
1350,-2.2790260555247306,6.9396437308647245,0,-2.3043828667416273,-0.3284067805078445,FALSE
1351,-2.2515816995108557,5.508681076797646,0,-2.276633160399385,-0.4087333552480342,FALSE
1352,-2.172276208869505,5.345803351107432,0,-2.1964453040870575,-0.406351686771175,FALSE
1353,-2.0032748617493823,5.491255617987489,0,-2.0255636207400025,-0.36481180282107684,FALSE
1354,-2.3031652528605098,5.294109124228065,0,-2.328790640677611,-0.4350430259021785,FALSE
1355,-3.0577835098698527,4.294274093858178,0,-3.0918049020404035,-0.7120606284175485,FALSE
1356,0.09609347041824229,1.203033518115671,0,0.0971626218580273,0.07987597101097806,FALSE
1357,3.1496865274629453,3.7956928989092646,0,3.18473044741975,0.8298054166521331,FALSE
1358,2.363049742578196,2.0328680964329755,0,2.3893414148798082,1.1624215790117334,FALSE
1359,1.7553151402548481,2.0430893440459865,0,1.7748450594190917,0.8591475186194006,FALSE
1360,2.051206292383539,2.1639379628073345,0,2.074028344196766,0.9479043889606031,FALSE
1361,0.6999017139726293,3.6214580419488027,0,0.7076889332492866,0.19326517271921606,FALSE
1362,0.9344144626617746,4.217663332675957,0,0.9448109085780533,0.2215479019917225,FALSE
1363,0.10756670785232038,5.1344110510872465,0,0.10876351238100154,0.020950155097056826,FALSE
1364,-0.04778128217937026,5.602953350232058,0,-0.04831290442606924,-0.008527874353512386,FALSE
1365,-0.3685834710162394,3.9616780416603685,0,-0.3726843901213856,-0.09303720977330185,FALSE
1366,-2.244252539221895,3.6109501149155863,0,-2.2692224546917683,-0.6215130278182642,FALSE
1367,-1.7243771807067123,2.6874832061202834,0,-1.7435628791465827,-0.6416327278919318,FALSE
1368,-1.3127982475296016,2.356041110235652,0,-1.3274046524225096,-0.5572051530961168,FALSE
1369,-1.7662261136156885,2.3813036740835747,0,-1.7858774300281262,-0.7417055341735893,FALSE
1370,-2.089612650539871,3.168013611488919,0,-2.112862017684109,-0.6595971188260724,FALSE
1371,-2.0132192299790983,2.9691671488581233,0,-2.0356186316134304,-0.6780417299017129,FALSE
1372,-4.657923467329203,3.3856465678061856,0,-4.70974827456978,-1.3757855033130115,FALSE
1373,-8.377022215663223,4.097514174760307,0,-8.470226315005306,-2.0444156770130646,TRUE
1374,-3.0590405056718977,1.5721253755443256,0,-3.093075883380339,-1.9457993320747393,FALSE
1375,-2.9448763807876963,2.17299404369056,0,-2.9776415500422178,-1.3552160390583445,FALSE
1376,-3.5229685736333605,1.9268078935190762,0,-3.5621656897997718,-1.82839637801104,FALSE
1377,-2.5522621849088125,4.148727109468795,0,-2.580659065340202,-0.6151916280739914,FALSE
1378,-0.634578081363039,2.724128521609656,0,-0.6416384993747138,-0.23294718891899938,FALSE
1379,-0.9480276301328628,1.1141468446665606,0,-0.9585755383445337,-0.8509000718092834,FALSE
1380,-0.6735650157308299,2.402942480142295,0,-0.6810592086580189,-0.2803084224017478,FALSE
1381,-2.2165429758769752,1.0370177443266988,0,-2.2412045902789703,-2.1374204906359657,TRUE
1382,-1.809171846934502,1.403079323688178,0,-1.8293009844976442,-1.2894294829880726,FALSE
1383,-2.4629533504109418,3.284315378426893,0,-2.4903565663553136,-0.7499137770352117,FALSE
1384,-0.9872130692237178,1.7338519182945613,0,-0.9981969609464456,-0.5693756535995029,FALSE
1385,-0.6049648258739608,1.0408945587802847,0,-0.6116957620321334,-0.5811970297768255,FALSE
1386,-0.41978705454490806,0.8253926154762063,0,-0.4244576729731566,-0.5085907562944623,FALSE
1387,-3.7190412020254326,6.28791451804181,0,-3.760419853857435,-0.5914586134010646,FALSE
1388,-4.225862169222396,7.048462916006012,0,-4.272879792822547,-0.5995437898419088,FALSE
1389,-6.608548158228473,5.493401850576941,0,-6.682075930172874,-1.202997402699461,FALSE
1390,-5.94446090084457,6.299807061423036,0,-6.010599930928732,-0.9435941200875129,FALSE
1391,-4.977033908799523,6.697974066976415,0,-5.032409190244678,-0.743065568637868,FALSE
1392,-2.128598786360196,5.314263372658046,0,-2.15228191953518,-0.40054446629647,FALSE
1393,-3.8319795868537607,7.327848787653567,0,-3.874614809358262,-0.522933769227079,FALSE
1394,-2.622263702973393,6.489890445994242,0,-2.651439431577298,-0.40405361612720814,FALSE
1395,-2.135856422457165,5.624379073286652,0,-2.1596203052611167,-0.3797497278591252,FALSE
1396,-2.099674536887326,5.696641106736777,0,-2.123035854200795,-0.36858115116367024,FALSE
1397,-2.546239203984424,5.402803421684348,0,-2.574569071759292,-0.4712811119066446,FALSE
1398,0.07926274893330085,1.2647691031615642,0,0.08014463905314471,0.06266973848045974,FALSE
1399,2.8836900502745415,2.6553152109586,0,2.915774450554037,1.0860066776153088,FALSE
1400,2.970967080196462,2.454321454982332,0,3.0040225387777864,1.210504465160962,FALSE
1401,2.324512965430328,2.4630191041137746,0,2.3503758713382092,0.9437657067084412,FALSE
1402,1.764525391216826,2.0490374622603023,0,1.7841577851177393,0.8611484288190466,FALSE
1403,2.219245850938832,1.8937113062327597,0,2.2439375379644027,1.1719029419292384,FALSE
1404,1.3171983569777954,3.0681143949061584,0,1.3318537181976138,0.429318528397988,FALSE
1405,1.3074198115921654,3.754356009961449,0,1.3219663751399613,0.34824076569275336,FALSE
1406,0.9392969122672621,4.101577848862573,0,0.9497476811047826,0.22900867589962792,FALSE
1407,0.4984486005056009,4.256948347426223,0,0.5039944199725209,0.11709059162227466,FALSE
1408,0.25352017120793063,4.646120425299374,0,0.2563408774940265,0.054565992269043476,FALSE
1409,-0.6048283773810746,3.951906438125128,0,-0.6115577953913233,-0.15304724108499357,FALSE
1410,-1.1458038485295157,3.349468523566378,0,-1.1585522468237455,-0.34208527128044486,FALSE
1411,-1.7361817219610205,2.9029390349073263,0,-1.755498759629489,-0.5980772248689151,FALSE
1412,-1.7395373469992057,2.41982045113757,0,-1.7588917198926934,-0.7188704212254426,FALSE
1413,-1.7623133472712145,2.2008249397337094,0,-1.7819211296146615,-0.800751261699373,FALSE
1414,-2.0237097351998368,1.8002539803902036,0,-2.046225855886067,-1.1241245720013346,FALSE
1415,-2.7022389176385806,1.5716383509707323,0,-2.732304463370894,-1.719377053868357,FALSE
1416,-5.844927834338472,5.12080597474615,0,-5.909959443482397,-1.1414077907195495,FALSE
1417,-3.6339198495603338,1.9276969374198878,0,-3.6743514275053344,-1.885109520599295,FALSE
1418,-2.764490847310991,1.7043600624454343,0,-2.795249018046325,-1.6220110458024166,FALSE
1419,-3.028306651901541,1.7705448733336522,0,-3.062000079799389,-1.7103811925420025,FALSE
1420,-2.5090948070442525,1.4143150615304572,0,-2.537011400271998,-1.7740706263349224,FALSE
1421,-3.3148834772712643,2.3739535685536035,0,-3.3517654051173347,-1.3963556495719283,FALSE
1422,0.3037102576181827,2.891674520383413,0,0.3070893868950905,0.10502919864505122,FALSE
1423,-1.0917850607175983,1.0348711823091385,0,-1.1039324372721284,-1.0549960993999912,FALSE
1424,-1.6812113131964375,1.1206549580370189,0,-1.699916741237109,-1.500204234264318,FALSE
1425,-1.9606596109162102,0.9576995224494849,0,-1.9824742257575267,-2.047259672743157,TRUE
1426,-1.4320228125267285,4.358518630562161,0,-1.4479557291458716,-0.32855723100167783,FALSE
1427,-1.5274044254958248,8.194667359805186,0,-1.5443985733140395,-0.18639004592031863,FALSE
1428,-3.5610989968102746,5.4246265468978985,0,-3.600720358210642,-0.6564689690660287,FALSE
1429,-0.8306922251093037,1.2337481225747624,0,-0.8399346406930916,-0.6733077926600578,FALSE
1430,-0.7430521565377185,1.1236009064835442,0,-0.7513194745931485,-0.6613132405376899,FALSE
1431,-4.002020877539123,6.410086821174507,0,-4.046548006850277,-0.6243317741530747,FALSE
1432,-4.1939956655566775,7.037247501394493,0,-4.240658737300945,-0.5959710333799685,FALSE
1433,-4.373044219688939,7.460406538814154,0,-4.421699414504719,-0.586167013411047,FALSE
1434,-6.789319232611042,5.388793611082239,0,-6.86485829266489,-1.2598959475175622,FALSE
1435,-6.724485581471199,5.740082895062127,0,-6.799303291872869,-1.1714962491666974,FALSE
1436,-5.487242711411026,7.548866586921125,0,-5.548294658227188,-0.7268962364387273,FALSE
1437,-2.3666683326962143,5.990936102723079,0,-2.3930002660147074,-0.39504149136567906,FALSE
1438,-3.950831842983659,7.757806887844367,0,-3.9947894348459316,-0.5092717439479164,FALSE
1439,-2.5548727764966515,6.942041219064115,0,-2.5832987027908105,-0.36802904158513255,FALSE
1440,-2.039105163259275,5.918272515373785,0,-2.0617925759594606,-0.34454397933895914,FALSE
1441,-2.0354123032472837,5.876804914385387,0,-2.0580586285917772,-0.3463467535335317,FALSE
1442,-2.7234105985214225,4.884388209095679,0,-2.7537117037875944,-0.5575745583551085,FALSE
1443,2.9965787611723913,1.967430035590902,0,3.029919179444229,1.5230929217121525,FALSE
1444,3.727352094917579,2.0939788306267375,0,3.768823215083412,1.7800333224008598,FALSE
1445,2.565367067177509,2.722064238687525,0,2.593909754641206,0.9424344329266935,FALSE
1446,1.9345608435665635,2.4522014888489045,0,1.9560850793158664,0.7889077844393088,FALSE
1447,1.845180762003773,2.064294661594308,0,1.8657105405597303,0.8938553183965957,FALSE
1448,2.263869597258453,2.1366849209008025,0,2.2890577752778296,1.0595243009924136,FALSE
1449,1.2323912489779207,3.1823403530252263,0,1.2461030326453058,0.3872594104544391,FALSE
1450,1.187678567098894,3.5980808155454467,0,1.2008928702611048,0.33008668453680895,FALSE
1451,0.5221941952021494,4.302560059470232,0,0.528004211982871,0.12136825238563814,FALSE
1452,0.5955052445617391,3.9601955762075196,0,0.6021309318935794,0.15037268566721257,FALSE
1453,0.06705445107588667,3.6142978650950717,0,0.06780050970609063,0.018552552550652284,FALSE
1454,-2.0998550467001973,3.102691544416965,0,-2.123218372394938,-0.6767849838243546,FALSE
1455,-1.2639001754934656,2.191162597855091,0,-1.277962532555729,-0.5768171548431348,FALSE
1456,-1.312423799233612,2.259683664784112,0,-1.327026037954427,-0.5807997905578521,FALSE
1457,-2.284378238350618,2.8667247979934904,0,-2.3097945988162762,-0.7968599706360113,FALSE
1458,-0.8508144171261032,2.8243146884718935,0,-0.8602807154614741,-0.3012463237892374,FALSE
1459,-1.3882291407828333,4.3401420821623935,0,-1.4036748019516874,-0.31985799416298705,FALSE
1460,-4.270875566108501,3.479649968022018,0,-4.3183940160174625,-1.227386549037359,FALSE
1461,-8.35551705114003,4.162516866953067,0,-8.448481880555523,-2.0073232897807354,TRUE
1462,-3.1058851479358274,1.3535422357178748,0,-3.1404417266843048,-2.294634822598326,TRUE
1463,-2.8459189866190897,1.9636539960186299,0,-2.877583139956585,-1.449297581136636,FALSE
1464,-3.639566060940224,1.9821225452432336,0,-3.680060459543068,-1.8361962885062686,FALSE
1465,-3.1652634986434003,2.854128002288915,0,-3.2004807304921847,-1.109012453577753,FALSE
1466,-1.7248151690544025,1.7341795101631001,0,-1.7440057406232223,-0.994600131616238,FALSE
1467,-1.0361289373476357,1.0334355889129403,0,-1.0476570749031489,-1.0026062083245348,FALSE
1468,-1.2336221955151492,2.2771697184579662,0,-1.2473476748921057,-0.5417348498514738,FALSE
1469,-2.2972868784469074,0.7837948053271601,0,-2.3228468625228333,-2.93097997439267,TRUE
1470,-1.8715467396351326,1.2852518453357418,0,-1.8923698703077656,-1.4561712137796894,FALSE
1471,-2.5117442848180023,3.7473924181870855,0,-2.5396903565624895,-0.6702645478567559,FALSE
1472,-3.273401176060582,6.741839856064647,0,-3.3098215651374523,-0.4855352909511758,FALSE
1473,-0.6378121392373244,1.126272375384246,0,-0.6449085398981594,-0.5663036341628502,FALSE
1474,-0.7809559640046053,1.3869862832554491,0,-0.7896450059310764,-0.5630596159693759,FALSE
1475,-3.368631387250277,6.3824114580627125,0,-3.4061113230056193,-0.5277991570090305,FALSE
1476,-4.304712230346941,7.463310427392953,0,-4.35260715243586,-0.5767832213634241,FALSE
1477,-4.837583887319612,7.3430450709499935,0,-4.891407625349856,-0.6587980654589334,FALSE
1478,-6.4933634231449435,5.731023405526627,0,-6.56560963116185,-1.1330198751034877,FALSE
1479,-5.708543826068166,6.232183949959789,0,-5.772058004754316,-0.9159780699517057,FALSE
1480,-5.855580504040008,7.512760196792341,0,-5.920730636503982,-0.779417996935416,FALSE
1481,-2.367870639951851,6.334635185437401,0,-2.3942159503346527,-0.37379747540873604,FALSE
1482,-2.705465601222871,6.820061577260524,0,-2.7355670475568057,-0.3966922542522849,FALSE
1483,-2.1788861525782646,5.804420475405399,0,-2.2031287910948816,-0.37538392709671575,FALSE
1484,-1.95338162483218,6.063900253427881,0,-1.9751152636272926,-0.32213287540934515,FALSE
1485,-2.4873199557612016,5.974105160974772,0,-2.5149942784839996,-0.41635021291713503,FALSE
1486,0.21739807343233697,1.3252849684745336,0,0.21981687943658496,0.16403873778374817,FALSE
1487,2.6800864574875396,1.7033892760620422,0,2.709905531377779,1.5733846016005584,FALSE
1488,3.4465851356759463,1.2823688088189802,0,3.484932397400506,2.687670748051131,TRUE
1489,3.0651333564106027,2.497787897332852,0,3.0992365241583806,1.2271391656927975,FALSE
1490,2.40121442624355,2.2056891054022394,0,2.4279307249668345,1.0886459113219649,FALSE
1491,1.9489628403598083,2.0286340613024056,0,1.9706473150466814,0.960726667040458,FALSE
1492,2.333630879238041,1.7723359727172323,0,2.359595232524531,1.3166978017493303,FALSE
1493,1.7356725893585765,2.4501123373829854,0,1.7549839623356505,0.7084053097795848,FALSE
1494,1.4280746131543773,3.0869997849240143,0,1.4439636014709505,0.4626092363623307,FALSE
1495,0.8477440804293553,3.4554004187820015,0,0.8571762177037753,0.24533888339579982,FALSE
1496,0.4769931726389222,3.558230565017727,0,0.48230027555730853,0.13405347515375127,FALSE
1497,0.1426392897204092,4.353002283894613,0,0.1442263174477951,0.032768025472476994,FALSE
1498,-0.7098499896672406,3.7090218660254903,0,-0.7177478950626943,-0.19138468720539004,FALSE
1499,-1.0220869380096487,3.0188166888396246,0,-1.0334588420173014,-0.33857204440012534,FALSE
1500,-1.2320741529858765,2.2428291205968174,0,-1.2457824085921458,-0.5493392883440096,FALSE
1501,-1.7668163237570558,2.519906635847612,0,-1.7864742069426538,-0.7011435656475257,FALSE
1502,-2.2248653899235618,2.1261902550656333,0,-2.2496196008456084,-1.0464093627664954,FALSE
1503,-1.2295965701620695,3.842641626488051,0,-1.2432772597825155,-0.3199873133331584,FALSE
1504,-1.9354575780028624,2.67998391408767,0,-1.956991790964035,-0.7221899981671114,FALSE
1505,-5.2028294083831,5.9639213653151115,0,-5.260716926949321,-0.8723839718346458,FALSE
1506,-3.90567969867268,1.9710987290972717,0,-3.9491349204999295,-1.9814733990830646,TRUE
1507,-2.7843139531365964,1.6932690602708387,0,-2.8152926789423445,-1.644342307117597,FALSE
1508,-3.4048887403930888,1.4417307743560024,0,-3.4427720813032945,-2.3616675186211498,TRUE
1509,-3.7319612130623248,0.8968710081486141,0,-3.773483615019513,-4.161090256185345,TRUE
1510,-4.138952043301894,0.8244448386288059,0,-4.185002690833272,-5.020289835503957,TRUE
1511,-1.1617513947685976,1.8472473557973759,0,-1.174677228032637,-0.628909491261456,FALSE
1512,-1.2390697619473992,1.147843448133638,0,-1.2528558518264952,-1.0794762682681969,FALSE
1513,-2.0727622726398343,0.9275072276854764,0,-2.0958241597636884,-2.23476670668352,TRUE
1514,-2.1392756479877697,1.0250822520000145,0,-2.1630775736460706,-2.0869307256211664,TRUE
1515,-1.3114865068200359,4.693018196347983,0,-1.3260783170743886,-0.27945480966611413,FALSE
1516,-1.5989065817298418,9.590333247161693,0,-1.6166962740627109,-0.16672064885785343,FALSE
1517,-3.8044606071113183,6.527677812252833,0,-3.8467896490118205,-0.5828199118483028,FALSE
1518,-0.6967352918367898,1.188394625853589,0,-0.7044872809904141,-0.5862827689382601,FALSE
1519,-0.7891098770575823,1.2093070984346335,0,-0.7978896407348917,-0.6525305921705346,FALSE
1520,-4.488683860708446,5.364120244403621,0,-4.538625680808484,-0.8367977704063371,FALSE
1521,-3.192154784891548,6.455593185733094,0,-3.2276712135253454,-0.49447892595621307,FALSE
1522,-3.4540455776868213,7.049365226434133,0,-3.4924758454916343,-0.48997966011672,FALSE
1523,-3.54810580619663,7.066164933110738,0,-3.587582603264046,-0.5021260952416868,FALSE
1524,-5.994009676489911,5.576907384478652,0,-6.060699994237952,-1.0747909662570543,FALSE
1525,-5.491518699173026,6.2241029722138785,0,-5.5526182213182125,-0.8822988185909983,FALSE
1526,-3.869276751042772,7.7846544709576895,0,-3.912326947807429,-0.4970389842578027,FALSE
1527,-2.428959820948906,6.935252654340688,0,-2.4559848194055593,-0.350233789886321,FALSE
1528,-4.037215386235535,8.533850781527013,0,-4.082134095322937,-0.4730824910806715,FALSE
1529,-1.869423420149673,6.197262037531944,0,-1.890222926427484,-0.30165311855913873,FALSE
1530,-1.8915904546203084,6.131238121189516,0,-1.912636594896422,-0.3085168798261129,FALSE
1531,2.938562431741563,1.686942863337271,0,2.971257350981343,1.7419454420218,FALSE
1532,2.5204744698128345,1.7353842391076366,0,2.548517675002666,1.4524013835166005,FALSE
1533,3.6861500595459176,1.591695851539599,0,3.7271627592254473,2.315863332797165,TRUE
1534,2.485023038049929,1.8994539552709777,0,2.5126718048960646,1.3082828521081016,FALSE
1535,2.0697734416632536,1.8560212787868011,0,2.092802074571936,1.1151668708325224,FALSE
1536,2.0177890906117173,3.392288634038493,0,2.0402393372519976,0.5948164523398928,FALSE
1537,2.545166429319586,2.2712132004653554,0,2.573484361230628,1.1206197766013775,FALSE
1538,1.5705587472541067,5.387516250020243,0,1.588033037011623,0.2915181457221972,FALSE
1539,1.579081287648688,5.987194067620546,0,1.5966504005642588,0.2637431273839187,FALSE
1540,0.8703711221948647,7.436985641783671,0,0.880055011582892,0.11703278238226056,FALSE
1541,0.7835272293869088,6.245520642692314,0,0.7922448796264483,0.12545426942166768,FALSE
1542,0.25428508660995297,6.958325610877828,0,0.2571143034680973,0.03654400509979493,FALSE
1543,-0.2227624196811906,2.427655937578384,0,-0.22524091026640444,-0.09176029281290939,FALSE
1544,-0.7667024144819105,1.7651790368776894,0,-0.7752328691190693,-0.43434824369888314,FALSE
1545,-1.2249431273285034,1.9484907301168224,0,-1.2385720419939623,-0.6286625378274504,FALSE
1546,-1.3765979933881893,1.8695428692422456,0,-1.391914244536475,-0.7363286587518293,FALSE
1547,-0.831423088133695,3.8643422989714655,0,-0.8406736354172896,-0.2151525470078018,FALSE
1548,-1.4564401555889033,4.8797041551132,0,-1.472644743502433,-0.29846894592221784,FALSE
1549,-4.104047379970648,3.4657668223602878,0,-4.149709672592026,-1.1841671959845448,FALSE
1550,-8.230535904522329,3.8291211001380825,0,-8.322110173556656,-2.149458241011371,TRUE
1551,-3.386448134812624,1.4250018891216996,0,-3.424126302572968,-2.3764516809867966,TRUE
1552,-3.4456462026608943,1.7748008838607379,0,-3.4839830176653956,-1.9414269138550089,FALSE
1553,-4.41197718275587,1.4296272100043494,0,-4.461065551993772,-3.086103252569212,TRUE
1554,-4.123840386773956,0.9113526168559529,0,-4.169722899579176,-4.524966857505348,TRUE
1555,-3.1721258860960404,1.321998422289654,0,-3.2074194699736713,-2.399492943873588,TRUE
1556,-0.47355538855021684,1.038248328231903,0,-0.47882424212874575,-0.45610994563955953,FALSE
1557,-1.5381140397994968,2.161520012155437,0,-1.5552273445125815,-0.7115890813639572,FALSE
1558,-2.5155191138644786,0.8002530869594818,0,-2.5435071849653466,-3.143404448987578,TRUE
1559,-1.992956532721346,1.3808417728872548,0,-2.0151304883201386,-1.443291021355906,FALSE
1560,-1.3311119091069068,5.624332727914812,0,-1.3459220747502372,-0.23667019244795082,FALSE
1561,-3.3386507893415036,7.116332254377893,0,-3.375797156132376,-0.46915330397728416,FALSE
1562,-4.562241118728563,3.030836467434875,0,-4.61300134873696,-1.505274589291774,FALSE
1563,-6.600769460499034,2.291690318333204,0,-6.674210685398762,-2.880306037728482,TRUE
1564,-7.082270497075605,3.002436783877683,0,-7.161068980114447,-2.358840837251124,TRUE
1565,-3.9418998048791813,6.78059017089028,0,-3.9857580174458778,-0.5813505470072698,FALSE
1566,-3.677424691409434,7.544411797561818,0,-3.7183403112367617,-0.4874368990035637,FALSE
1567,-3.4784383971291053,7.407396039364783,0,-3.5171400633745575,-0.4695899042853657,FALSE
1568,-4.340980499628695,6.371035879701901,0,-4.389278948327199,-0.6813618038879744,FALSE
1569,-5.434716273681188,7.343167998103296,0,-5.495183802885193,-0.7401051256194803,FALSE
1570,-3.7851172733620215,8.899193731881574,0,-3.8272310982135576,-0.4253326073576473,FALSE
1571,-2.2029992151009665,6.625536793627891,0,-2.2275101394376455,-0.33250124234759376,FALSE
1572,-1.8405669509825635,6.171104910067184,0,-1.8610453955334656,-0.29825565726163056,FALSE
1573,-1.9023928278718918,6.3762023509142844,0,-1.9235591570938801,-0.29835828964855665,FALSE
1574,-2.5416210802028987,6.109730668923543,0,-2.569899565988245,-0.41599560077673603,FALSE
1575,2.7026937328768805,1.5584988121922025,0,2.7327643389568403,1.734164769157084,FALSE
1576,3.3656922018165405,1.088484891219486,0,3.4031394357210227,3.092089039514165,TRUE
1577,3.2324062857636013,1.8404354977716688,0,3.2683705590836563,1.7563268528982836,FALSE
1578,2.567154695650276,1.8595921244592235,0,2.5957172725564828,1.380493422124389,FALSE
1579,2.173716958153765,2.0519176187215877,0,2.1979020833800678,1.0593587862986733,FALSE
1580,2.4399839224967494,1.5634605819754053,0,2.467131576884039,1.560630277876192,FALSE
1581,2.563534988137401,3.2404921930198727,0,2.5920572915944113,0.7910943262444329,FALSE
1582,1.9938489033049702,3.936205075499374,0,2.0160327875627044,0.5065409106135094,FALSE
1583,1.7143100081546478,4.923292649072897,0,1.7333836976101227,0.34820396233757683,FALSE
1584,1.1036938524263895,5.208353877247319,0,1.115973728116877,0.2119083838077657,FALSE
1585,0.900567001829455,4.638808839398976,0,0.9105868554411324,0.1941375540592736,FALSE
1586,0.312625534722934,6.198656676109924,0,0.3161038568098334,0.050434400719080896,FALSE
1587,-0.1961090942657148,1.7317184341892895,0,-0.19829103565649342,-0.11324536968247036,FALSE
1588,-0.547692727124441,1.6294561077045846,0,-0.5537864446810681,-0.33611996330234134,FALSE
1589,-0.9458665282202247,1.5540952059267323,0,-0.9563903916636988,-0.6086284319088348,FALSE
1590,-0.8416406582199736,4.013978429885993,0,-0.8510048878351698,-0.2096774242615644,FALSE
1591,-1.0166507823971724,4.013873455493089,0,-1.0279622028613058,-0.25328421378253957,FALSE
1592,-1.2060905366980343,3.714808849156285,0,-1.2195096944015633,-0.3246709550000033,FALSE
1593,-5.502787792062944,4.765936471458521,0,-5.5640126959519245,-1.154607877175275,FALSE
1594,-3.998663655773032,1.951728512800679,0,-4.043153432093715,-2.04878067289956,TRUE
1595,-3.4146762057198377,1.4544543756970607,0,-3.4526684435467683,-2.347736898988889,TRUE
1596,-4.429371404867338,1.0129051521201464,0,-4.478653305023974,-4.372937975086876,TRUE
1597,-4.606741689334353,0.7032003814303347,0,-4.6579970398637105,-6.551108063912132,TRUE
1598,-4.430748137040059,1.3949197649575442,0,-4.480045354940744,-3.176346230333121,TRUE
1599,-1.8340219903142831,1.3975649705737256,0,-1.8544276145779026,-1.3122981964562148,FALSE
1600,-1.557434939941213,1.6242625772024921,0,-1.57476321210333,-0.9588566293410651,FALSE
1601,-2.3407856929411532,1.1486812518170095,0,-2.3668296518380845,-2.037802644761936,TRUE
1602,-2.435995253834507,0.9073973272017594,0,-2.463098529651385,-2.6845960207384043,TRUE
1603,-0.9954617241722294,4.616109459783225,0,-1.0065373917593954,-0.21564950589776027,FALSE
1604,-1.289144075009547,9.29769569482064,0,-1.303487299766524,-0.1386519969380882,FALSE
1605,-3.8513918999934704,6.985109168445884,0,-3.8942431070227532,-0.5513717548455103,FALSE
1606,-4.385747557769472,2.6884209050163235,0,-4.434544091972202,-1.6313470668175907,FALSE
1607,-5.970903577468507,2.506913115139042,0,-6.037336813034698,-2.3817752364095557,TRUE
1608,-7.054672782932705,2.0882541347739334,0,-7.133164209355918,-3.378263529068227,TRUE
1609,-3.77439452344718,4.0236499995134425,0,-3.816389045254919,-0.9380523961834644,FALSE
1610,-3.791869432328226,7.5232636137383615,0,-3.8340583827887027,-0.5040192165277616,FALSE
1611,-4.089770450486498,7.973033453945436,0,-4.135273895689344,-0.5129503687787343,FALSE
1612,-3.2551095697435937,6.531130143376872,0,-3.291326443460423,-0.4983991282189584,FALSE
1613,-4.620016021103348,5.800961647160225,0,-4.671419063987464,-0.7964224385736128,FALSE
1614,-6.353172303890311,5.883362058975539,0,-6.423858722919019,-1.0798540426724272,FALSE
1615,-3.78425811074361,7.500065054645651,0,-3.826362376413378,-0.5045633715403022,FALSE
1616,-1.8613254980205227,6.241866398855643,0,-1.882034905511538,-0.2982001502566236,FALSE
1617,-1.9469147859899443,6.63086979539057,0,-1.9685764736938023,-0.29361378613456357,FALSE
1618,-1.9239341282690035,6.313635171536689,0,-1.9453401294711397,-0.30472684531132527,FALSE
1619,2.9483984196017867,1.406173936987387,0,2.98120277562782,2.096752287927118,TRUE
1620,2.623325037280155,1.277050022549655,0,2.6525125744606175,2.054206954276259,TRUE
1621,3.8644409419256553,1.705457643958628,0,3.907437334698661,2.265926073048462,TRUE
1622,2.9420556015820583,2.2089213699373667,0,2.974789386392497,1.331896934686036,FALSE
1623,2.2777286864139046,1.6289614293778703,0,2.30307106289297,1.3982704840861764,FALSE
1624,2.0374737885201526,1.6349852899891297,0,2.060143050282053,1.2461725502947485,FALSE
1625,2.4002257789825645,1.4852620541082096,0,2.4269310778570774,1.6160284795155042,FALSE
1626,2.001709285220928,2.234664532289418,0,2.02398062535476,0.8957538173168987,FALSE
1627,1.7442691889119022,2.128532306914604,0,1.7636762090411675,0.8194703849434604,FALSE
1628,1.2250665676435044,2.616119553930285,0,1.2386968557258036,0.4682762168888824,FALSE
1629,1.1211206714497854,3.0228033063762316,0,1.1335944407375032,0.3708877349329741,FALSE
1630,0.8688090488236067,2.7761458098919274,0,0.8784755583315375,0.31295512135129117,FALSE
1631,0.08912309444821753,2.738202252475499,0,0.09011469236150632,0.03254803196792527,FALSE
1632,-1.0542064433625948,2.910380835161983,0,-1.0659357141636814,-0.3622228509156331,FALSE
1633,-1.1129297064894208,2.6724807224764913,0,-1.1253123417808066,-0.4164406864114287,FALSE
1634,-0.2393982816317615,4.111398308481366,0,-0.2420618654983305,-0.05822794671533258,FALSE
1635,-0.6848531952811703,3.7822831060550484,0,-0.6924729823134141,-0.18106872914531183,FALSE
1636,-0.9885590096391872,4.569151129401183,0,-0.9995578765119101,-0.21635506938654145,FALSE
1637,-4.6598213836813756,5.182645536061595,0,-4.711667307445183,-0.899120217899848,FALSE
1638,-3.9111203927026947,1.648202091462559,0,-3.954636148568629,-2.372961673184202,TRUE
1639,-3.774721511313336,1.435506758249577,0,-3.8167196712407767,-2.6295393523024178,TRUE
1640,-4.602648112512448,1.0601135102333794,0,-4.653857917246301,-4.341655934088789,TRUE
1641,-5.0679981562300425,0.878614930416099,0,-5.124385520553316,-5.7681675792032285,TRUE
1642,-4.311470094078871,0.9887143820372957,0,-4.359440205248873,-4.360683097574519,TRUE
1643,-3.242401623808642,1.3562020272435902,0,-3.2784771068707896,-2.3907954409997854,TRUE
1644,-0.8924383756771511,1.5763879641981746,0,-0.9023677888841227,-0.5661286408838369,FALSE
1645,-1.746974236506409,1.87177830478936,0,-1.7664113534311983,-0.9333232637841714,FALSE
1646,-2.620549640770459,0.8914126027045315,0,-2.649706298442029,-2.9397718102927346,TRUE
1647,-1.4954193391249944,3.0734098049945793,0,-1.5120576157170356,-0.48656685375793285,FALSE
1648,-1.1519971543029344,4.648079329466492,0,-1.1648144603154083,-0.24784369470629514,FALSE
1649,-3.0678132169566275,4.876652697667179,0,-3.1019462012647683,-0.6290817507722382,FALSE
1650,-3.951544051312692,2.7810912675126724,0,-3.995509567319624,-1.4208609755000376,FALSE
1651,-4.760532872769303,3.304716838685035,0,-4.813499328792926,-1.440526709290937,FALSE
1652,-6.556554832417458,2.677898470995134,0,-6.629504118238836,-2.4483955995467506,TRUE
1653,-7.399696841779446,2.8258209983153284,0,-7.4820270614908075,-2.618600699121044,TRUE
1654,-3.5302892519612716,4.3522040311709125,0,-3.569567819174673,-0.8111497592201545,FALSE
1655,-3.0058579080752628,5.466062440575104,0,-3.039301567631113,-0.5499128377609616,FALSE
1656,-3.9088594951890454,6.198433132897222,0,-3.9523500959448414,-0.6306205796499409,FALSE
1657,-3.460750991377452,6.068148663571856,0,-3.4992558646957352,-0.5703141408108436,FALSE
1658,-6.602814486341451,5.776008581880239,0,-6.67627846452831,-1.1431448538797124,FALSE
1659,-6.828943910851624,6.009633619795663,0,-6.904923841462103,-1.1363328187524049,FALSE
1660,-4.652726157523249,7.766116368484864,0,-4.704493138657245,-0.5991059027140198,FALSE
1661,-1.8355684769343708,6.687119993478047,0,-1.855991307657381,-0.27449312689537525,FALSE
1662,-1.7256363798128032,6.643067011835686,0,-1.74483608830488,-0.25976501166378513,FALSE
1663,-2.536357007096486,5.610292482881818,0,-2.5645769239560106,-0.45208997834523673,FALSE
1664,2.7181445371212134,1.1261621573725642,0,2.7483870513394866,2.413635122905288,TRUE
1665,3.3539226794049606,0.8056361437759821,0,3.391238963706133,4.163073746524415,TRUE
1666,3.6284412581204144,2.1348559141921197,0,3.6688118803740397,1.6996188051845658,FALSE
1667,2.696223086874139,1.6325911028289435,0,2.7262216995037627,1.6514993143121635,FALSE
1668,2.1463163496755624,1.4973542188885671,0,2.1701966113156304,1.4334058852612022,FALSE
1669,2.134118991679367,1.8092879218493474,0,2.157863543548454,1.1795353110509887,FALSE
1670,1.9807889952921263,1.7495009863615314,0,2.0028275729083727,1.1322022740962316,FALSE
1671,1.5091420201209673,1.995330770003311,0,1.5259329774735295,0.7563367652163572,FALSE
1672,1.1724072841939788,2.15492007998733,0,1.185451676601233,0.5440606800605209,FALSE
1673,1.005801659408062,2.3106654834371825,0,1.0169923707812059,0.4352865729018909,FALSE
1674,0.270097324761578,3.421628952831121,0,0.2731024711299425,0.07893822751823933,FALSE
1675,-0.6053571302267874,2.501790196724749,0,-0.6120924312264193,-0.2419695828288473,FALSE
1676,-0.7236915964171042,2.8794081012799246,0,-0.7317435057601847,-0.2513334584616249,FALSE
1677,-1.057810959189856,2.3453245646198675,0,-1.0695803344149961,-0.45102966776852355,FALSE
1678,-2.3418067562091855,10.519701876337487,0,-2.3678620756206072,-0.2226115134951432,FALSE
1679,-2.300442255201146,10.11071890626763,0,-2.326037346507409,-0.22752509258022224,FALSE
1680,-2.807670385712802,8.28951953236305,0,-2.8389089789518773,-0.3387012208308814,FALSE
1681,-6.490313256662738,5.7223177679937915,0,-6.562525528035751,-1.134210562888436,FALSE
1682,-4.457490840724899,1.7782638776226438,0,-4.5070856022570505,-2.50665320080848,TRUE
1683,-4.347718567751757,1.1885810602954936,0,-4.39609198528221,-3.6579066527198987,TRUE
1684,-4.922167394892432,0.48632078356416625,0,-4.97693222266072,-10.121235943935327,TRUE
1685,-4.433511215136718,0.4756240220844803,0,-4.482839175489648,-9.321461930594495,TRUE
1686,-3.8890838330990087,0.6636760748786642,0,-3.932354406651039,-5.859912659666127,TRUE
1687,-1.9053557962042533,1.5181144777194289,0,-1.9265550918894654,-1.2550804462826504,FALSE
1688,-1.7619018605661023,1.2530229504392754,0,-1.7815050646421469,-1.406120981222593,FALSE
1689,-2.139216787690367,0.9232326993666107,0,-2.163018058459512,-2.3170938260288976,TRUE
1690,-2.4579399962506625,0.9470269225112034,0,-2.485287432808617,-2.5954277938931405,TRUE
1691,-0.5707116603128228,4.234003178702361,0,-0.5770614902301916,-0.13479244965700163,FALSE
1692,-1.0029536192720934,8.228218390208463,0,-1.0141126428916503,-0.12189195421278597,FALSE
1693,-4.389818999710067,1.550776904133957,0,-4.438660833432045,-2.83072245144223,TRUE
1694,-4.439219431651145,2.8392036104284295,0,-4.488610902541038,-1.563543880877665,FALSE
1695,-6.337043925998453,2.21256605903417,0,-6.407550898095236,-2.8641151300877774,TRUE
1696,-7.276653923834477,2.2434407276551114,0,-7.357615148209281,-3.243524036153244,TRUE
1697,-2.65164882303585,4.078460161124464,0,-2.6811514952217306,-0.6501593048060494,FALSE
1698,-3.086737681441138,4.477172532066896,0,-3.1210812223912936,-0.6894390732840798,FALSE
1699,-2.9851841018941476,5.155915187404099,0,-3.018397741350316,-0.5789823907862086,FALSE
1700,-4.363890035948001,6.727208116704924,0,-4.412443379840049,-0.6486925869160551,FALSE
1701,-3.9581059106762626,7.307829437346153,0,-4.002144434988084,-0.5416253820113314,FALSE
1702,-5.737718065308635,6.603911497051531,0,-5.801556841282748,-0.8688363052518757,FALSE
1703,-5.528481970100506,7.058081745978575,0,-5.589992751555604,-0.7832839245947276,FALSE
1704,-4.736879450309727,8.103656552973522,0,-4.789582734542714,-0.5845360571915645,FALSE
1705,-1.8346506156556233,6.8455968413227675,0,-1.8550632341061095,-0.2680044791099786,FALSE
1706,-3.182066921005899,7.979100565101422,0,-3.2174711104401883,-0.3988002024844077,FALSE
1707,3.0072481899678327,1.0454369322258996,0,3.040707318024099,2.876546731102113,TRUE
1708,2.7938753221342,0.940218922306929,0,2.824960429272474,2.9715157351642363,TRUE
1709,4.169736484334567,2.0344460627414023,0,4.216129644518571,2.04956846027949,TRUE
1710,3.7968606007271717,3.0026719985779984,0,3.839105083731709,1.2644939582229708,FALSE
1711,2.950814440737159,2.731091964081154,0,2.983645677803748,1.0804522438444977,FALSE
1712,2.6909871300988915,3.2724977543254488,0,2.720927486629526,0.8223037362033507,FALSE
1713,2.3636234243387393,3.2270785285583203,0,2.3899214795160826,0.7324344305295463,FALSE
1714,1.955736129826269,2.338670958510994,0,1.9774959652234343,0.8362596382825331,FALSE
1715,1.5770861085061831,2.3359055460503995,0,1.5946330227370404,0.6751497769987982,FALSE
1716,1.3508151657911447,2.2629007690974787,0,1.3658445530440257,0.5969396379364418,FALSE
1717,0.767718540192616,3.2102962536716135,0,0.7762603004082067,0.2391425835900898,FALSE
1718,0.22627261591301637,2.968578929157719,0,0.22879016150726308,0.07622253654452002,FALSE
1719,-0.13743339239940128,2.59971807112955,0,-0.1389624984741306,-0.05286472942032823,FALSE
1720,-2.152437049203322,10.521867725800048,0,-2.176385410732842,-0.20456796315025502,FALSE
1721,-2.1849603050037985,10.794975308185554,0,-2.2092705255193064,-0.2024053082684681,FALSE
1722,-2.393074090131911,10.046683596720907,0,-2.4196998181635947,-0.23819542708730035,FALSE
1723,-4.15819250906914,5.42951875106939,0,-4.204457229123736,-0.7658491847459131,FALSE
1724,-4.089577170470761,2.1794193658883523,0,-4.135078465209001,-1.8764526159947241,FALSE
1725,-4.305129792354684,1.5365894907609203,0,-4.353029360305802,-2.801743613528673,TRUE
1726,-4.438102362887384,0.5344545886456177,0,-4.4874814050901675,-8.303984018799714,TRUE
1727,-4.7230545445720375,0.43708206443938347,0,-4.775604010675551,-10.805875895708487,TRUE
1728,-1.4674095521601132,0.5124044980981731,0,-1.483736187347892,-2.8637718006116484,TRUE
1729,-1.097314477209174,0.5409552327430461,0,-1.1095233749427957,-2.028475575779112,TRUE
1730,-0.7933024143398866,1.33522535885248,0,-0.8021288248627332,-0.594133723629745,FALSE
1731,-1.823539873411686,1.0109639162260473,0,-1.843828871953187,-1.8037635608390499,FALSE
1732,-2.2400763107057875,0.7672042222558563,0,-2.2649997607840846,-2.9197914267457468,TRUE
1733,-1.0711726458606528,3.00612628521722,0,-1.0830906853652684,-0.3563298891095158,FALSE
1734,-0.7132514758895236,3.783101823609462,0,-0.7211872267689227,-0.1885361560818391,FALSE
1735,-4.355741038052505,1.025095432033657,0,-4.404203714880549,-4.249107841024399,TRUE
1736,-4.047607191361205,2.9918066304266455,0,-4.09264152134734,-1.35289732638369,FALSE
1737,-4.85505782417764,3.369175439218288,0,-4.9090759800457375,-1.4410225622753872,FALSE
1738,-7.028405538648073,2.266203589320883,0,-7.10660471147774,-3.1014007619475557,TRUE
1739,-7.716950194059011,2.8489059705780515,0,-7.802810225701298,-2.7087416270510394,TRUE
1740,-3.708740793287821,4.497360776369554,0,-3.7500048411120352,-0.8246482721098621,FALSE
1741,-2.489757161452101,5.4569593849529445,0,-2.517458600918234,-0.45625356280227664,FALSE
1742,-3.16926483616181,5.907273155061178,0,-3.204526587536742,-0.536502164868824,FALSE
1743,-2.675890668576788,5.632313441335886,0,-2.7056630594433484,-0.47509619207948656,FALSE
1744,-4.513364080423232,6.6413872062614345,0,-4.563580496625663,-0.6795815302212882,FALSE
1745,-5.73499224594058,6.888833260858668,0,-5.798800694009069,-0.8325055969239317,FALSE
1746,-6.73172160676241,7.012081226566312,0,-6.80661982634774,-0.9600176308937043,FALSE
1747,-4.514882851218955,8.60691320418776,0,-4.565116165510048,-0.5245647009687752,FALSE
1748,-3.3621169968212006,9.1741223903697,0,-3.399524452418669,-0.36647832389401047,FALSE
1749,3.036517467825571,1.3167855017467744,0,3.0703022505847724,2.3060076707994552,TRUE
1750,2.9683926766194504,1.0908094848932388,0,3.0014194919716464,2.7212750876565552,TRUE
1751,3.8104802786540573,0.9186526675463725,0,3.852876296390367,4.14790095676907,TRUE
1752,3.133178570570932,4.363197582405676,0,3.168038820338678,0.7180922961649228,FALSE
1753,3.5303162709388274,2.1075681591880073,0,3.5695951387697282,1.6750662395179519,FALSE
1754,2.6302702421427067,2.3127282779416842,0,2.659535052791867,1.1373018902521628,FALSE
1755,2.066309586017255,2.954958295300558,0,2.0892996795097316,0.6992686121165999,FALSE
1756,1.7483128436149424,2.044574487166489,0,1.7677648540981719,0.8550986303452676,FALSE
1757,1.5467626802203849,1.9452383223670557,0,1.5639722111007412,0.7951533045772061,FALSE
1758,1.4195923569347355,1.5002497614223267,0,1.4353869703014772,0.9462373488990772,FALSE
1759,0.35112974692004684,2.804346408801547,0,0.35503647307778635,0.12520912032051848,FALSE
1760,-0.13039468467391957,2.5333611897324126,0,-0.13184547695202808,-0.05147102008288544,FALSE
1761,-2.2299348798557737,9.218649517688467,0,-2.2547454947398835,-0.24189387779381805,FALSE
1762,-1.4321199544664724,11.046610383238932,0,-1.448053951902494,-0.12964338424024024,FALSE
1763,-1.7155425582549402,10.33562214046184,0,-1.7346299612614877,-0.16598348265257715,FALSE
1764,-2.7232383766463326,6.025730118635844,0,-2.7535375657441645,-0.4519350058881898,FALSE
1765,-6.3062953609488455,5.054509664080566,0,-6.376460219554972,-1.2476571972478332,FALSE
1766,-4.510953958785658,0.3761910708160318,0,-4.561143559586297,-11.991124480973243,TRUE
1767,-5.12172574600785,0.4135118678292083,0,-5.1787108921545615,-12.38592201209389,TRUE
1768,-5.000101887057618,0.23755643115729363,0,-5.055733826546866,-21.048059455594753,TRUE
1769,-1.3065565266009445,0.5632629659365659,0,-1.3210934851007878,-2.3196208620399297,TRUE
1770,-0.7578948334783402,0.3595621330747468,0,-0.7663272935496872,-2.1078271702231413,TRUE
1771,-0.6913312051203212,0.5585453112296901,0,-0.6990230675341318,-1.237735222587923,FALSE
1772,-1.529077970388525,0.8517956368266523,0,-1.5460907383369504,-1.7951230368883724,FALSE
1773,-2.0249719926785943,0.9019705452499724,0,-2.047502157444978,-2.245053348296859,TRUE
1774,-3.2169108153286934,0.5378737021110629,0,-3.2527026835471995,-5.9807921500955805,TRUE
1775,-0.8042404076764167,3.582371214186526,0,-0.8131885160760619,-0.22449946127624887,FALSE
1776,-4.084532563015763,2.577332219333495,0,-4.129977730638391,-1.5847908672293842,FALSE
1777,-4.474011444087333,2.357259088388335,0,-4.5237900165152105,-1.8979718717072498,FALSE
1778,-4.232674107091723,3.2461947947536123,0,-4.279767521410526,-1.3038878978958455,FALSE
1779,-6.446894555005292,2.238488186983299,0,-6.518623742905634,-2.88002170058063,TRUE
1780,-7.558976748356209,2.2805402378426707,0,-7.64307914198016,-3.314555307082324,TRUE
1781,-1.1333685857223024,6.300331332730904,0,-1.1459786272782797,-0.1798903146306496,FALSE
1782,-3.2624632202855595,4.359127780284351,0,-3.2987619119035467,-0.7484211027355443,FALSE
1783,-2.428455664730154,5.734263226727606,0,-2.45547505386346,-0.423499160870578,FALSE
1784,-2.936961126900501,5.8204506169565136,0,-2.9696382297645285,-0.5045934275852038,FALSE
1785,-2.6555189149631246,6.265347901285443,0,-2.685064646415552,-0.4238422122446384,FALSE
1786,-5.706190949882272,7.210821204385864,0,-5.769678950088753,-0.7913371845097996,FALSE
1787,-4.146696283044267,7.274133486122198,0,-4.1928330942351995,-0.5700605152428745,FALSE
1788,-4.269148578899837,7.614826029399895,0,-4.316647814070767,-0.5606363904332399,FALSE
1789,-4.11603103526844,8.684914662285406,0,-4.161826659970133,-0.4739287828748015,FALSE
1790,-6.077880234227832,9.217666983317875,0,-6.145503709319143,-0.6593729460206769,FALSE
1791,2.905221754875705,1.180107853343984,0,2.9375457203709763,2.461827320819359,TRUE
1792,3.5820866859856118,5.532216370581178,0,3.6219415597984446,0.6474957677060815,FALSE
1793,2.7711169192595047,4.237957683770692,0,2.801948812739298,0.6538802711201032,FALSE
1794,2.3249334604321144,2.133430602077368,0,2.350801044835159,1.0897628721404276,FALSE
1795,2.576817240316783,3.1136007428786807,0,2.605487324252315,0.827600406445942,FALSE
1796,1.8037287526041985,2.96274573221809,0,1.8237973294225285,0.6088030886315102,FALSE
1797,1.5605098411428238,2.1428918750690045,0,1.5778723251513085,0.728226122511465,FALSE
1798,1.0909152978163559,2.259026173822002,0,1.1030529972486622,0.4829139699477929,FALSE
1799,0.9469044512078197,2.1377028695364353,0,0.9574398627497416,0.4429541938226231,FALSE
1800,0.8044622849503904,1.8121016522684805,0,0.813412861992347,0.44393882867626316,FALSE
1801,-1.2642346476921302,8.581998973914036,0,-1.2783007261459847,-0.14731237460350619,FALSE
1802,-1.8742560770051642,9.487420109236158,0,-1.8951093522020548,-0.19755171115280806,FALSE
1803,-1.5438401964588386,10.420095263951358,0,-1.5610172113138312,-0.1481598927218834,FALSE
1804,-1.6362322324646759,9.524980191170512,0,-1.6544372160036007,-0.1717832687968668,FALSE
1805,-3.315808618496498,4.567525241544592,0,-3.3527008396129507,-0.7259529927359957,FALSE
1806,-4.350798371577692,0.4768832155458285,0,-4.399206055501901,-9.123404283788597,TRUE
1807,-4.954140248698853,0.2824357807734541,0,-5.009260811591831,-17.54076709095383,TRUE
1808,-5.114740259050457,0.21000171211829477,0,-5.171647683543392,-24.355707424753298,TRUE
1809,-4.480803646173704,0.43711492300225185,0,-4.530657789736731,-10.25085946596845,TRUE
1810,-0.6777769253815634,0.3113340979681413,0,-0.685317980694383,-2.177008332222319,TRUE
1811,-0.4680485617243773,0.2232984070431187,0,-0.47325614546007644,-2.0960676250323522,TRUE
1812,-1.3462957663400155,0.5906153348979105,0,-1.361274870026187,-2.2794798691990046,TRUE
1813,-1.5356873286125454,0.781940934500027,0,-1.5527736333458377,-1.963942877085037,TRUE
1814,-2.5278269619477323,1.1375915017054927,0,-2.555951972150098,-2.2220867140427645,TRUE
1815,-3.4388311547005612,0.5805726722436052,0,-3.477092144383037,-5.923170895060052,TRUE
1816,-5.078310864398996,1.8438515506395403,0,-5.134812969575513,-2.754186400004698,TRUE
1817,-3.9864884657561035,1.2069099715801046,0,-4.030842778950316,-3.303053715379394,TRUE
1818,-4.243726335089694,3.5217867434069405,0,-4.290942718278551,-1.2049924212572727,FALSE
1819,-4.627944746942671,3.8980188511960523,0,-4.679436006108392,-1.187255609480352,FALSE
1820,-7.242014668722096,2.235365551039611,0,-7.32259049116152,-3.239745134908257,TRUE
1821,-7.638023577188129,3.2510186908122085,0,-7.723005458570075,-2.3494246891825483,TRUE
1822,-2.386786780418509,4.130251392197492,0,-2.4133425548289607,-0.5778792992909383,FALSE
1823,-2.325633061547039,5.441681718268589,0,-2.3515084298248468,-0.42737395936618633,FALSE
1824,-2.59227325514154,5.746508648793631,0,-2.6211153051891425,-0.45110403787275916,FALSE
1825,-2.3535637771936977,5.793532182871067,0,-2.379749907115537,-0.40623987282786717,FALSE
1826,-3.602486507622616,5.55991459243634,0,-3.642568353138933,-0.6479391810304798,FALSE
1827,-4.032792881781333,5.828846439078123,0,-4.0776623853713785,-0.6918680949877881,FALSE
1828,-5.055396998759457,7.773236203045213,0,-5.111644160573715,-0.6503593698566595,FALSE
1829,-3.9362872648739886,8.645645652766188,0,-3.9800830314159836,-0.4552913018838064,FALSE
1830,-5.398957588710294,9.459234085238995,0,-5.45902726102189,-0.5707605436189906,FALSE
1831,3.1975715122457924,1.7359097380482529,0,3.2331482082611767,1.8420148479845153,FALSE
1832,2.434705036564012,2.4427093095316996,0,2.461793957215587,0.9967231987300109,FALSE
1833,2.3423067450583925,2.0314519246384135,0,2.3683676274263368,1.1530210076102634,FALSE
1834,2.0437975604031418,1.4522259319338786,0,2.066537181470249,1.4073550922489642,FALSE
1835,1.7647635739490526,2.5773500045312328,0,1.7843986179094338,0.684720185790221,FALSE
1836,1.461049965705969,2.526371228878988,0,1.4773058431098498,0.5783195870047461,FALSE
1837,0.662868535231679,1.6963023738537901,0,0.670243717392824,0.3907726272443534,FALSE
1838,0.7355933194104092,2.2200376168460725,0,0.743777649241779,0.33134272763154354,FALSE
1839,0.6476762153916329,2.282138577372344,0,0.654882365353608,0.2838023167450978,FALSE
1840,0.044223931505584235,1.7095811012223576,0,0.04471597409532895,0.02586828520388061,FALSE
1841,-1.6479221091327823,8.860940954439942,0,-1.666257156123638,-0.18597597225913798,FALSE
1842,-1.797946284490775,9.636068042224997,0,-1.8179505246368828,-0.18658505488049915,FALSE
1843,-1.1104905477454985,9.3512432703126,0,-1.1228460445635668,-0.1187532519093984,FALSE
1844,-2.6057330728064487,5.041178969105257,0,-2.634724878954784,-0.5168896182372459,FALSE
1845,-4.030929043617112,0.5830289708741527,0,-4.075777809843338,-6.913771433301882,TRUE
1846,-4.961369250049672,0.4216263905943875,0,-5.016570243976817,-11.76721704506064,TRUE
1847,-5.247486138855036,0.22575376239916758,0,-5.3058705154020585,-23.24429096147983,TRUE
1848,-4.785010880700897,0.24072032827547318,0,-4.838249682986022,-19.877884493515115,TRUE
1849,-0.6388737005245545,0.47601342491508125,0,-0.6459819122873689,-1.342133786748823,FALSE
1850,-0.3706590856460089,0.14564650695935868,0,-0.3747830983740641,-2.5449225895231247,TRUE
1851,-0.4471026223885324,0.26226641071087176,0,-0.45207715822720895,-1.7047650943049208,FALSE
1852,-1.245903025004898,0.41858960623209673,0,-1.259765142870126,-2.9764308679802194,TRUE
1853,-1.9108836601212542,0.6515225985331966,0,-1.932144459711363,-2.9329506979854822,TRUE
1854,-3.1351452045442496,1.0489250034534017,0,-3.170027335398556,-2.98891264315593,TRUE
1855,-3.924407772161146,0.844493218523787,0,-3.968071365552535,-4.6470565850382926,TRUE
1856,-3.93438438417113,2.4144793657470105,0,-3.9781589789557272,-1.629495965045814,FALSE
1857,-4.16528179070449,3.520973369207628,0,-4.211625387249178,-1.1829915633931247,FALSE
1858,-6.541846997924798,2.341761675419695,0,-6.614632642009069,-2.7935579724407082,TRUE
1859,-7.731457027151155,2.42543164814253,0,-7.81747846415657,-3.1876623004701625,TRUE
1860,-0.5840694807353803,5.909388906496516,0,-0.5905679319157238,-0.09883754309913173,FALSE
1861,-3.611380554088708,4.763158248948277,0,-3.651561356199509,-0.7581903361884132,FALSE
1862,-2.939544773729507,4.399572732617901,0,-2.9722506226645744,-0.6681432385322504,FALSE
1863,-2.9646857307396486,4.772981086367078,0,-2.997671302014517,-0.6211392161614868,FALSE
1864,-2.424360299669666,5.44206005887587,0,-2.4513341231112364,-0.445485767051687,FALSE
1865,-3.4988133378722472,5.663916839229862,0,-3.537741698992349,-0.6177374133812301,FALSE
1866,-3.02197968784587,6.797008104754091,0,-3.0556027209218835,-0.4446043967098083,FALSE
1867,-3.191871230647454,7.093765017807742,0,-3.2273845044110296,-0.44995446319898963,FALSE
1868,-4.2684039631848885,8.600511437162933,0,-4.31589491364136,-0.4962965277554372,FALSE
1869,-5.498036301192663,11.788354161705424,0,-5.559208339228396,-0.4663955820951735,FALSE
1870,2.0651155212551124,1.9336797868530835,0,2.0880923293905913,1.0679718199960764,FALSE
1871,2.1228808331490994,2.9327505614762446,0,2.146500347455063,0.7238531844592044,FALSE
1872,0.6696581460870611,4.3146912178860335,0,0.6771088705529019,0.1552041878016841,FALSE
1873,-0.7143671722959133,6.257119065011422,0,-0.7223153365933527,-0.11416870365956656,FALSE
1874,-1.825315249607696,6.586835083017529,0,-1.845624001270901,-0.27711567491856676,FALSE
1875,-1.906038468443383,6.781395287057718,0,-1.9272453596499577,-0.2810687753420088,FALSE
1876,-0.24685875078913805,1.508757188610181,0,-0.24960534103799675,-0.16361728225900715,FALSE
1877,-0.6467686140630323,1.3989478807927505,0,-0.6539646659063424,-0.4623250250727882,FALSE
1878,-1.263924309434075,1.5623391409612393,0,-1.2779869350144515,-0.8089948438828957,FALSE
1879,-2.16624628461824,7.659752386685927,0,-2.190348289926697,-0.2828089179989132,FALSE
1880,-1.6663261504552516,8.099627151172866,0,-1.6848659637761414,-0.2057287476762383,FALSE
1881,-1.667911439226902,8.44631060058977,0,-1.686468890726175,-0.19747218852103768,FALSE
1882,-1.635246868017587,8.394648587485607,0,-1.6534408882328568,-0.194796345668995,FALSE
1883,-3.5807018452998682,0.34009152397593206,0,-3.6205413111520293,-10.528641829818937,TRUE
1884,-4.9719436292250245,0.3707444218432992,0,-5.027262275399205,-13.41070380642569,TRUE
1885,-5.2665633068314435,0.1116195375276599,0,-5.325159939024143,-47.18316724369478,TRUE
1886,-5.107727706451385,0.23126647728826005,0,-5.164557108153851,-22.085897473523165,TRUE
1887,-1.1244636693220356,0.36078142871540436,0,-1.1369746333428892,-3.116744876048062,TRUE
1888,-0.32250156960415366,0.17243892267484826,0,-0.3260897740469162,-1.870236513900428,FALSE
1889,-0.25931004283714826,0.21475410824369012,0,-0.2621951681681762,-1.2074741897039694,FALSE
1890,-1.1775959562654803,0.4751870094453002,0,-1.1906980786744887,-2.4781737144711147,TRUE
1891,-1.4193063054844226,0.4910686201517199,0,-1.4350977361966237,-2.8902402785295376,TRUE
1892,-2.420760526372903,1.5740056279543606,0,-2.447694298156579,-1.5379617984714695,FALSE
1893,-3.9756198720059555,0.8817194857756423,0,-4.019853259474353,-4.508939562006653,TRUE
1894,-4.1610910309966105,1.9329293223098925,0,-4.207388000473341,-2.1527383246605294,TRUE
1895,-3.8765528488170036,3.2417878554550725,0,-3.919684000618225,-1.1958070736472743,FALSE
1896,-4.309897339582686,3.600413563731268,0,-4.357849952032675,-1.1970561890440576,FALSE
1897,-7.209081518765068,2.3594792814409917,0,-7.289290921670054,-3.055369706133764,TRUE
1898,-2.1491259934673326,4.830942632607135,0,-2.1730375156570734,-0.4448668007277712,FALSE
1899,-2.013025064305204,8.401547694576573,0,-2.035422305620954,-0.2396016945311953,FALSE
1900,-3.99142554278186,5.441165305847089,0,-4.035834786690796,-0.733560794135893,FALSE
1901,-4.358547288103459,5.75923173166095,0,-4.407041187721869,-0.7567931785315509,FALSE
1902,-2.820396286421536,5.809264645968536,0,-2.8517764700829997,-0.4854997075023618,FALSE
1903,-4.731457867114729,6.395223860304732,0,-4.784100829939262,-0.7398424152879107,FALSE
1904,-4.002414835771944,6.225470159356291,0,-4.046946348325893,-0.6429096491221139,FALSE
1905,-2.669882816012137,7.49340909897223,0,-2.699588362542744,-0.3562974849962921,FALSE
1906,-2.9197772724108586,7.582849726814133,0,-2.952263184940218,-0.38505012991172344,FALSE
1907,-4.034333315744939,11.695995585180997,0,-4.079219958451544,-0.3449328692340223,FALSE
1908,1.6455697649632994,2.297111100368903,0,1.6638786393937852,0.7163649005479231,FALSE
1909,0.658881715574803,3.9745364813972204,0,0.666212539737868,0.16577573728627037,FALSE
1910,0.3249052281777539,4.733612662242447,0,0.32852017611321715,0.0686378990763974,FALSE
1911,-2.5032951434624,6.134486926428511,0,-2.53114720869837,-0.40806919527006225,FALSE
1912,-2.83975392317898,5.922947414462555,0,-2.8713494830269837,-0.4794494572490912,FALSE
1913,-2.9489457882331465,5.891007920635864,0,-2.9817562343707946,-0.5005842511097564,FALSE
1914,-2.4040778394301157,5.300103359747326,0,-2.4308259969500257,-0.4535907464915413,FALSE
1915,-3.27993323478697,3.4129731123950133,0,-3.3164263006020382,-0.961019359594461,FALSE
1916,-2.1807929778650164,6.78139679863407,0,-2.205056832027107,-0.3215846296303261,FALSE
1917,-2.0897200313597173,7.120809622083937,0,-2.112970593240264,-0.29346663402976236,FALSE
1918,-1.9567338859206072,6.833414120577323,0,-1.9785048225128918,-0.28634791502366785,FALSE
1919,-2.745886270337088,0.6304469037883166,0,-2.7764374435504084,-4.355459998038259,TRUE
1920,-4.676617539738128,0.5039753111994711,0,-4.7286503402413524,-9.279457615905205,TRUE
1921,-5.2720286954208815,0.26312576415563727,0,-5.3306861364079134,-20.036155381205884,TRUE
1922,-5.1842286534778665,0.2966855663920722,0,-5.241909217047026,-17.473814842164817,TRUE
1923,-4.699231758646484,0.45520937956246343,0,-4.75151616859414,-10.32323139554654,TRUE
1924,-0.3471315451308677,0.29270839779192487,0,-0.3509937866510887,-1.1859295727402743,FALSE
1925,-0.24368081355338417,0.1845921213612759,0,-0.2463920455603523,-1.3201040854634438,FALSE
1926,-1.8847046160761916,0.4318494571099454,0,-1.9056741434028348,-4.364263020472806,TRUE
1927,-1.1753083788743808,0.25226220586572295,0,-1.1883850493286345,-4.659074373986833,TRUE
1928,-1.6804271123016068,0.6007917416261215,0,-1.6991238151967285,-2.7970209905903682,TRUE
1929,-4.166863187695461,1.1791704464617714,0,-4.213224379117954,-3.5337242382546012,TRUE
1930,-3.9867100829741,3.6047922477495855,0,-4.031066861917199,-1.1059472527058778,FALSE
1931,-6.1388908591205755,3.026292990409083,0,-6.2071931482578595,-2.02851834854587,TRUE
1932,-7.159556894631502,3.383748607466331,0,-7.239215278586223,-2.115865486825395,TRUE
1933,-0.14751832419225375,6.205640489229587,0,-0.14915963684355413,-0.023771651684992748,FALSE
1934,-1.9619082961488163,4.955420864119528,0,-1.9837368040632881,-0.395911538080309,FALSE
1935,-3.2643060547079177,5.111629215290377,0,-3.3006252499987077,-0.6386038417934196,FALSE
1936,-4.086208999887237,5.651768426709177,0,-4.131672819816698,-0.7229965369027851,FALSE
1937,-3.9667237593764497,6.732742221677257,0,-4.010858167261896,-0.5891691124910262,FALSE
1938,-3.8626568724649255,6.362123040095931,0,-3.905633415393563,-0.6071333182526256,FALSE
1939,-3.926903318990904,6.00664167994024,0,-3.970594678238542,-0.6537602088210417,FALSE
1940,-2.5866886940085796,7.715275568692691,0,-2.6154686093289223,-0.33526847757777223,FALSE
1941,-2.581319576734052,8.412991402571704,0,-2.6100397543902285,-0.30682541479181685,FALSE
1942,1.5866583646658832,1.9598919491856168,0,1.6043117813615864,0.8095642034374286,FALSE
1943,1.2695845244723576,2.6157901967949484,0,1.283710126517538,0.48535411059646244,FALSE
1944,-1.056418557782078,4.059439986207076,0,-1.0681724409247342,-0.260237510930452,FALSE
1945,0.15340218709979697,3.979285006981833,0,0.15510896455814113,0.0385501884963369,FALSE
1946,-0.08118410480479823,4.952645621917418,0,-0.08208737223974384,-0.016392068199979102,FALSE
1947,-2.5444534298673633,5.978084649392433,0,-2.572763428831582,-0.42563021086126007,FALSE
1948,-2.9663115199596906,5.37358745576446,0,-2.9993151800274584,-0.5520169801605463,FALSE
1949,-2.873529082918534,5.046680491450174,0,-2.9055004306375274,-0.5693899361742275,FALSE
1950,-2.7751282416573835,4.020784788073541,0,-2.806004765756702,-0.6901956677435147,FALSE
1951,-2.8805925106208576,2.4946211601234918,0,-2.912642447174919,-1.154721428915587,FALSE
1952,-1.4120051645549399,6.766717318427928,0,-1.4277153615963947,-0.20866915198446367,FALSE
1953,-1.1691707899530113,7.141638917016396,0,-1.182179172603697,-0.16371183191119143,FALSE
1954,-2.796271218722144,0.6725856585999862,0,-2.827382982992015,-4.15749456291217,TRUE
1955,-4.075776089033139,0.4537881630371639,0,-4.121123830714908,-8.981671231251013,TRUE
1956,-5.262181178595712,0.2823465559634684,0,-5.320729054523369,-18.63731314391015,TRUE
1957,-5.21554983186488,0.1567594789174307,0,-5.27357887991298,-33.27103322799412,TRUE
1958,-4.926081451200345,0.3851397095288964,0,-4.980889827389964,-12.790375360738409,TRUE
1959,-0.6315061762128102,0.29605833658264635,0,-0.6385324157126678,-2.1330464242357916,TRUE
1960,-0.1125672542091653,0.15144891241944464,0,-0.11381969562257821,-0.7432688185795959,FALSE
1961,-0.1680316739885468,0.22484512124153985,0,-0.16990122147592981,-0.7473218589788247,FALSE
1962,-1.0772871044799408,0.3080801948460574,0,-1.0892731744366557,-3.4967749388052787,TRUE
1963,-1.2845999505067311,0.35818993722811177,0,-1.2988926166020884,-3.586365268794916,TRUE
1964,-2.337406408103605,0.9045180998038267,0,-2.363412768532776,-2.584145534081126,TRUE
1965,-3.8924287668793145,1.444322121703699,0,-3.935736556703706,-2.6949866019415865,TRUE
1966,-4.863984557211548,2.75122673070394,0,-4.918102033350151,-1.76793301072901,FALSE
1967,-7.175081861311055,2.748519590863385,0,-7.2549129785472966,-2.610526002857111,TRUE
1968,-1.4015240730471115,5.168628474434821,0,-1.417117655775155,-0.2711597631710925,FALSE
1969,-0.9163033450683893,8.531003075148293,0,-0.9264982837712558,-0.10740862909048492,FALSE
1970,-2.9414812024908827,4.953393014837952,0,-2.9742085964444542,-0.5938315804297455,FALSE
1971,-3.4009404042102425,5.717067340509995,0,-3.4387798152957028,-0.5948749947568152,FALSE
1972,-2.3269430233379635,5.90030968433227,0,-2.352832966461791,-0.3943764222269463,FALSE
1973,-3.818490523896708,6.522979599284044,0,-3.860975664912643,-0.5853905359930639,FALSE
1974,-4.864061193176889,6.955565807784833,0,-4.918179521979595,-0.6993048915924162,FALSE
1975,-4.056268629071746,6.983299295456329,0,-4.10139932760986,-0.5808527541861123,FALSE
1976,-2.7641602718207556,6.867055233091621,0,-2.794914764519904,-0.40252483459002286,FALSE
1977,-2.2830090539979455,8.808947780453613,0,-2.308410180697817,-0.25916932542882926,FALSE
1978,1.414689399644561,1.9506014193196122,0,1.4304294619182558,0.7252580591979769,FALSE
1979,1.1571226598808495,2.616795239514871,0,1.1699969930944891,0.4421907539450313,FALSE
1980,-0.051465355623900866,4.4456035515343615,0,-0.05203796746552601,-0.011576685826188447,FALSE
1981,-1.2314607516475669,5.175830316576716,0,-1.245162182451681,-0.23792525572245818,FALSE
1982,-2.188100580721671,5.095354416039817,0,-2.2124457404509514,-0.4294304972846804,FALSE
1983,-2.364612132651545,4.302743647205027,0,-2.3909211883569323,-0.5495591479607548,FALSE
1984,-2.0434523787352608,4.185145177111729,0,-2.0661881592554963,-0.48826320050037003,FALSE
1985,-2.5501832203194277,2.9607098444239885,0,-2.578556969855718,-0.861341824874288,FALSE
1986,-2.5754027737922,2.2733225068453127,0,-2.604057120145202,-1.132880515649354,FALSE
1987,-2.9028561861372184,3.4864881727169617,0,-2.9351538319334334,-0.8326017592295664,FALSE
1988,-2.852483431371983,0.6738357295319809,0,-2.8842206217798267,-4.233202999421243,TRUE
1989,-3.0428712275244214,0.5591673383697178,0,-3.0767267032381023,-5.441789995095341,TRUE
1990,-4.995534496920087,0.32923789982366247,0,-5.051115618890513,-15.1730238213634,TRUE
1991,-5.344074707940464,0.15938123493563636,0,-5.4035337444748395,-33.53013740983112,TRUE
1992,-4.954867060614592,0.40735352921397994,0,-5.009995710134088,-12.163555008779204,TRUE
1993,-0.9326647674465023,0.30160500327423967,0,-0.9430417459718078,-3.092338513358349,TRUE
1994,-0.13618015658868524,0.22133663787873453,0,-0.13769531895979367,-0.6152626058379695,FALSE
1995,-0.16980058427110228,0.2428402397548866,0,-0.171689812939394,-0.6992275433531622,FALSE
1996,-1.8215146202994632,0.3455359567468226,0,-1.8417810855484165,-5.2715631607453926,TRUE
1997,-1.1172996055114295,0.21640556406281677,0,-1.129730861003655,-5.162989271325331,TRUE
1998,-1.522544515520603,0.4174469449677865,0,-1.539484591197135,-3.647276699169746,TRUE
1999,-3.298854390664565,1.4467156052116865,0,-3.3355579763095538,-2.280236957962356,TRUE
2000,-4.004614518025658,2.566478162386262,0,-4.049170504598897,-1.5603540200405386,FALSE
2001,-5.633222139026669,3.2562877349133648,0,-5.6958982764827875,-1.729952202512148,FALSE
2002,-3.6506478316011237,1.3064318618858546,0,-3.691265527770451,-2.794365276985328,TRUE
2003,-0.9556496499841085,4.825774828893223,0,-0.966282362017127,-0.19803030267023125,FALSE
2004,-1.2595980016037092,5.927212904786754,0,-1.2736124919858702,-0.21251101012188567,FALSE
2005,-3.2305847952852718,5.472790221513093,0,-3.2665288024086854,-0.5902994020465293,FALSE
2006,-2.5179783357088845,5.041629778834875,0,-2.54599376850836,-0.499437373660307,FALSE
2007,-1.32622962921314,7.035123231820604,0,-1.3409854738234683,-0.18851547947510905,FALSE
2008,-2.180042586612627,6.377042397422225,0,-2.2042980918006996,-0.34185794146419035,FALSE
2009,-5.113046541525512,7.666920979520569,0,-5.169935121444278,-0.6668969923106268,FALSE
2010,-4.243639088143674,7.182475584725187,0,-4.290854500608946,-0.59083237222115,FALSE
2011,-3.2581614244815693,7.0138109874620636,0,-3.2944122536260974,-0.46453510513840207,FALSE
2012,1.4892683272350171,2.1036130609399404,0,1.5058381666773781,0.7079573496133265,FALSE
2013,1.1599247568429574,2.385287348377989,0,1.1728302666390267,0.4862830290160696,FALSE
2014,-0.8328167137153195,4.747394212396433,0,-0.8420827667017535,-0.1754260709044684,FALSE
2015,0.15427016292248041,3.4484321764485184,0,0.1559865976197242,0.04473631929782091,FALSE
2016,0.17025905415881173,3.381356943772434,0,0.1721533838369682,0.05035228666774856,FALSE
2017,-2.1247975672794976,4.04520048902853,0,-2.1484384074783267,-0.5252638461412269,FALSE
2018,-2.2127183388912055,3.895944537111025,0,-2.2373373997656594,-0.5679542708613637,FALSE
2019,-2.551801575575904,4.285187625111634,0,-2.580193331193617,-0.5954935463320411,FALSE
2020,-2.3515101568657615,3.085694972423935,0,-2.377673437876839,-0.7620682464989589,FALSE
2021,-2.722007265501738,2.6138829423985603,0,-2.7522927570585503,-1.041365403687114,FALSE
2022,-2.48686608292945,2.531806726883594,0,-2.514535355789969,-0.9822495755789931,FALSE
2023,-2.663339540671144,3.037483033167807,0,-2.692972285665692,-0.8768244996231414,FALSE
2024,-3.1617659000678877,0.6451396297525613,0,-3.1969442170711937,-4.9009016874076705,TRUE
2025,-4.377964795904117,0.3926542464369615,0,-4.4266747378439435,-11.149668787822407,TRUE
2026,-5.393690756331096,0.22220692869018543,0,-5.453701829016756,-24.273278912249,TRUE
2027,-5.104932703065788,0.23947168889672726,0,-5.161731007110099,-21.31747901634962,TRUE
2028,-4.499602111895298,0.34896213879602733,0,-4.549665410217795,-12.894241557034274,TRUE
2029,-0.2545559791653248,0.2977318394296484,0,-0.25738821001770146,-0.8549840677200204,FALSE
2030,-0.051602609132805954,0.23503422052091388,0,-0.05217674807909308,-0.2195535995500461,FALSE
2031,-1.6892172321516168,0.2773621746884942,0,-1.7080117353369415,-6.090294157985957,TRUE
2032,-0.9722117613648532,0.1810345093599857,0,-0.9830287461185002,-5.370311797468503,TRUE
2033,-1.2006322995209318,0.27111198318414,0,-1.2139907279978943,-4.428547515383926,TRUE
2034,-3.5475846020141084,0.7398211579422895,0,-3.5870556000797844,-4.795192140599528,TRUE
2035,-3.7828186645881168,3.663284938356093,0,-3.824906914747955,-1.0326302016478317,FALSE
2036,-4.751585134926051,3.1424389953511143,0,-4.804452036976275,-1.5120691736436214,FALSE
2037,-4.371528377232304,2.9201353754836874,0,-4.420166706540594,-1.4970293548490743,FALSE
2038,-10.153125153223579,2.5010958217344705,0,-10.26609046011321,-4.059470678809317,TRUE
2039,-0.9541811305898772,7.743928645101507,0,-0.9647975036394262,-0.12321667390278102,FALSE
2040,-1.919563012857757,6.14025363769192,0,-1.940920380325311,-0.3126194984966953,FALSE
2041,-4.633889834769308,5.698155387397208,0,-4.68544723994039,-0.8132263021500308,FALSE
2042,-2.478164734833841,6.0916149419845995,0,-2.505737195093004,-0.4068157226672103,FALSE
2043,-2.2736783290119065,7.072832849028149,0,-2.2989756405616992,-0.3214664304309586,FALSE
2044,-2.207088362716643,7.352776731968302,0,-2.2316447835687647,-0.3001707304834505,FALSE
2045,-5.302281200856855,6.892972093221955,0,-5.36127523609533,-0.7692300402711236,FALSE
2046,-5.522315873435671,7.177389344203514,0,-5.583758049905453,-0.7694045297815024,FALSE
2047,-2.7542047019543237,6.99269171741987,0,-2.7848484273785448,-0.3938690297318808,FALSE
2048,1.2539937550792268,2.436501005034063,0,1.2679458917112894,0.5146699108633019,FALSE
2049,0.783486396897384,2.5640216081450067,0,0.7922035928280639,0.3055693424768807,FALSE
2050,-1.1509939652984758,5.264983347051467,0,-1.1638001096683965,-0.21861303055081144,FALSE
2051,-1.062618537959757,5.612657131840922,0,-1.0744414030811549,-0.18932539668804316,FALSE
2052,-0.635331015626251,4.672415609922297,0,-0.6423998109058929,-0.13597485084098004,FALSE
2053,-0.24909048210904378,4.215342670003284,0,-0.2518619029602681,-0.05909139579128207,FALSE
2054,-0.2714665237168203,3.8902793731770937,0,-0.2744869040134421,-0.06978072721166048,FALSE
2055,-2.267595739136099,4.513905146022702,0,-2.292825374810569,-0.5023578621571448,FALSE
2056,-2.444944497896501,4.154838402853544,0,-2.4721473444452116,-0.5884571819248884,FALSE
2057,-2.1057568051722404,4.262240500737335,0,-2.12918579478296,-0.4940492693474149,FALSE
2058,-2.827513545203124,3.0726547116843137,0,-2.85897291663292,-0.9202184464303793,FALSE
2059,-2.9373073800358593,2.7724679817261406,0,-2.9699883353680785,-1.0594558347999712,FALSE
2060,-2.85082093513468,3.484058035083947,0,-2.882539628341434,-0.8182472583485512,FALSE
2061,-2.410026982253017,3.6388443838922853,0,-2.4368413308948305,-0.6623055915557275,FALSE
2062,-3.4389766125125893,0.6683701723440841,0,-3.477239220582126,-5.145317302912446,TRUE
2063,-5.1814121826259605,0.2608447660789807,0,-5.239061409686475,-19.863968369053225,TRUE
2064,-5.412418332467262,0.21628686820462256,0,-5.47263777118344,-25.024257724915294,TRUE
2065,-4.7396014696744935,0.32867825981340454,0,-4.792335039533655,-14.420185479761377,TRUE
2066,-0.46912952284208886,0.38056422446964944,0,-0.4743491335254081,-1.232721030191062,FALSE
2067,-0.013317594114068021,0.11275071532665468,0,-0.013465767812650825,-0.11811538468279406,FALSE
2068,-1.6398110079267472,0.14312987591660725,0,-1.6580558094982738,-11.456804510067217,TRUE
2069,-1.7899918872338338,0.3098917095134771,0,-1.8099076254740072,-5.7761851391380565,TRUE
2070,-1.4390732662155932,0.4244772808276088,0,-1.4550846273188387,-3.390224474228193,TRUE
2071,-2.955322423447942,0.45525466231791994,0,-2.988203817056747,-6.491580796561154,TRUE
2072,-4.3256597727726405,1.469408798601075,0,-4.373787760594818,-2.943809630710534,TRUE
2073,-3.2985763426611863,1.6162763148336663,0,-3.335276834699275,-2.040849273350051,TRUE
2074,-3.7731249854613935,3.8451754172499317,0,-3.8151053821848846,-0.9812621209775473,FALSE
2075,-4.535914107151647,1.3064746228163087,0,-4.58638141858597,-3.4718731064012407,TRUE
2076,-10.145453810599973,2.1351985649340026,0,-10.258333764895141,-4.751527083811786,TRUE
2077,-10.923991067519754,2.336168611630886,0,-11.045533152816532,-4.676028525138724,TRUE
2078,-1.85606467969848,9.72169319715699,0,-1.8767155544769294,-0.19091989862848865,FALSE
2079,-2.7301987484628363,5.12824601528436,0,-2.7605753797793398,-0.5323845112589528,FALSE
2080,-4.6952196953631,6.083283660270763,0,-4.747459466448019,-0.7718232384965128,FALSE
2081,-2.2913581028079033,6.758432114255058,0,-2.3168521223704963,-0.3390369340212669,FALSE
2082,-2.403741194043036,7.054388507596483,0,-2.4304856059921103,-0.340744090214847,FALSE
2083,-2.2733064457050083,7.224247028833026,0,-2.29859961962119,-0.3146772856232504,FALSE
2084,-3.5543638105535864,5.560889639594023,0,-3.5939102351861147,-0.6391717946075038,FALSE
2085,-5.352522983249026,7.65158383940722,0,-5.4120760166561395,-0.6995313775015363,FALSE
2086,-3.0692173793851576,6.606383677631196,0,-3.103365986630795,-0.4645835799360756,FALSE
2087,0.6626873354375773,2.5659704404138637,0,0.6700605015406081,0.2582599257576377,FALSE
2088,0.10698852469079013,2.6878329585713088,0,0.10817889626042716,0.03980475213298182,FALSE
2089,-1.340191574070087,6.346231172929776,0,-1.355102761529217,-0.21117912939994266,FALSE
2090,-1.6721795770813468,5.924828319316141,0,-1.6907845165703073,-0.28223257906557436,FALSE
2091,-2.0339744454377398,5.600258236328251,0,-2.0566047729444965,-0.3631929742531468,FALSE
2092,-0.5948762545041889,5.219970683053489,0,-0.6014949435912711,-0.11396160833535723,FALSE
2093,-2.568504933207465,6.023238279019508,0,-2.5970825330743583,-0.42643256238994065,FALSE
2094,-2.7200282034805343,5.7901016907278136,0,-2.750291675674322,-0.4697720953392492,FALSE
2095,-3.1029109654967555,5.424974464655799,0,-3.1374344530120504,-0.5719678471691437,FALSE
2096,-3.145033042805851,4.505007329659147,0,-3.1800251873423333,-0.698119406399236,FALSE
2097,-3.3698421743405484,3.3287787793566443,0,-3.4073355815082063,-1.0123358738161148,FALSE
2098,-3.0519555438820203,3.099618900579151,0,-3.085912093163665,-0.9846228332495247,FALSE
2099,-2.9253636756805745,3.902425943539726,0,-2.957911743433104,-0.74962695461867,FALSE
2100,-2.016058296518445,3.641657959193985,0,-2.038489286064682,-0.5536100092620074,FALSE
2101,-4.681876825721914,0.2531160901896163,0,-4.733968141888662,-18.496954587970247,TRUE
2102,-5.496084566914491,0.21860294702080973,0,-5.557234889640075,-25.141859438845056,TRUE
2103,-4.98824644737825,0.427644060914398,0,-5.043746481334819,-11.664481991664449,TRUE
2104,-0.82744648238196306,0.26148054810934734,0,-0.8366527853090324,-3.164466681613108,TRUE
2105,-0.04640263311276521,0.2163140353919282,0,-0.046918916287744715,-0.21451512856616392,FALSE
2106,-1.6751765621239936,0.22496260916036506,0,-1.6938148465515792,-7.446466630060467,TRUE
2107,-1.6164385900439846,0.21533190987886403,0,-1.634423346327087,-7.506730381731717,TRUE
2108,-0.8490619621461001,0.14029190463378327,0,-0.8585087623849107,-6.052109452519614,TRUE
2109,-1.1381498548071436,0.2682352948804986,0,-1.150813093533582,-4.24310251681905,TRUE
2110,-2.211044377231513,0.5654446020285201,0,-2.2356448133387397,-3.910275859561555,TRUE
2111,-3.524681715083271,0.5354314599335003,0,-3.5638978919375703,-6.5828812440737625,TRUE
2112,-3.875751437605059,1.349941409220368,0,-3.9188736727759688,-2.8710515961158807,TRUE
2113,-3.323963402081318,1.7137568046520835,0,-3.3609463546342866,-1.939577070129346,FALSE
2114,-4.032847027446742,1.7875493690053,0,-4.077717133470188,-2.256075886559072,TRUE
2115,-10.07234435484881,2.380806006239425,0,-10.184410881555838,-4.23064471798711,TRUE
2116,-10.943828076482214,1.9042083208557143,0,-11.065590871537948,-5.747180052004116,TRUE
2117,-11.814614537457874,1.9653328591772325,0,-11.946065843027853,-6.011508168852348,TRUE
2118,-2.572580563901984,6.221112461213472,0,-2.6012035098928763,-0.4135242016506135,FALSE
2119,-3.227471179141104,5.142323064102061,0,-3.263380543669459,-0.6276290188128577,FALSE
2120,-2.4928440083973356,6.967124559830679,0,-2.5205797926201052,-0.3578009818813859,FALSE
2121,-3.6120491278851032,5.619777155960172,0,-3.652237368655721,-0.6427388538092244,FALSE
2122,-3.287446559194279,7.6305619913765215,0,-3.324023219467666,-0.43082626979631383,FALSE
2123,-3.2480060423183383,7.910143025138282,0,-3.2841438810441197,-0.4106128083899669,FALSE
2124,-3.764278802429263,6.37563577438835,0,-3.8061607750945505,-0.5904162244572999,FALSE
2125,-5.891949799422785,7.678109596858941,0,-5.957504582529027,-0.7673698486712327,FALSE
2126,-3.168956879870567,8.461326751314015,0,-3.2042152048741674,-0.3745224564668229,FALSE
2127,0.9090323074636326,2.9216532817947365,0,0.9191463474301955,0.3111362710722557,FALSE
2128,0.280426781406188,2.8269472697558973,0,0.2835468549740356,0.09919774040582031,FALSE
2129,-2.4756992322624525,7.112586270488059,0,-2.5032442609426275,-0.34807299878171777,FALSE
2130,-1.4151004992774245,5.922078459829844,0,-1.4308451355118936,-0.23895335208343116,FALSE
2131,-1.2525748492752,6.414543598049805,0,-1.2665111989325941,-0.19527107893631226,FALSE
2132,-3.290490606113951,6.805482968319834,0,-3.3271011349439927,-0.48350581750501703,FALSE
2133,-3.252382221928747,5.9426132315556375,0,-3.2885687507342065,-0.5472983172888317,FALSE
2134,-2.814506429102176,5.614554722126785,0,-2.8458210812618043,-0.5012875585681433,FALSE
2135,-3.3503031449135072,4.636096611051316,0,-3.3875791576905474,-0.7226560242353895,FALSE
2136,-3.2019789782373063,3.319785186604686,0,-3.237604712429688,-0.9645139062482937,FALSE
2137,-3.2836790608251585,5.019263168480458,0,-3.320213803304463,-0.6542153600245006,FALSE
2138,-2.8514329518331163,4.753158944742773,0,-2.883158454436299,-0.5999027141701081,FALSE
2139,-1.3974318342602294,2.945821365954456,0,-1.4129798860799616,-0.4743776558927417,FALSE
2140,-5.358067593107541,0.2538992272689721,0,-5.417682316737595,-21.10312682216787,TRUE
2141,-5.421679679907091,0.30422762424326394,0,-5.4820021618675865,-17.821128812325906,TRUE
2142,-1.0380016556702396,0.5457184881362651,0,-1.0495506293916463,-1.9020826272813613,FALSE
2143,-0.14804027027674527,0.27860072920372486,0,-0.14968739018430663,-0.5313707207438493,FALSE
2144,-0.004401544934206636,0.16176559554161776,0,-0.004450517232565756,-0.027209400858504807,FALSE
2145,-1.58127846680048,0.178543094786445,0,-1.5988720258854252,-8.856564678078666,TRUE
2146,-1.7224056741246758,0.27255999929917585,0,-1.741569437264556,-6.319363364225999,TRUE
2147,-0.9340601266286654,0.2143085519062533,0,-0.9444526301451294,-4.35848274984966,TRUE
2148,-1.4933713454123358,0.47551111462555623,0,-1.5099868356962436,-3.140560334932022,TRUE
2149,-3.540016201305333,0.2232663861272058,0,-3.5794029921248822,-15.855571735229377,TRUE
2150,-3.858986935147367,0.7701403476198668,0,-3.9019226457619056,-5.010758035303096,TRUE
2151,-3.1512018875308834,1.273276823690807,0,-3.1862626676280428,-2.4748757135126316,TRUE
2152,-3.3843953704725225,1.4232158969178286,0,-3.4220506988459634,-2.3779915456269847,TRUE
2153,-3.3154606771419104,7.397732257044131,0,-3.352349027006772,-0.4481725699095049,FALSE
2154,-43.839565159971116,48.69175058181657,0,-44.32733122780411,-0.9003489222739621,FALSE
2155,-10.773747036443973,1.7387576972758914,0,-10.893617482435348,-6.196232547711038,TRUE
2156,-11.58385417111422,1.9742363983004445,0,-11.712737999655346,-5.867511196271319,TRUE
2157,-12.455367378153213,2.074685168835477,0,-12.593947803102417,-6.003497574113582,TRUE
2158,-3.3823240764531524,6.626103235520195,0,-3.419956359275492,-0.5104544792362591,FALSE
2159,-4.0646014760520774,5.082874935094629,0,-4.109824887188745,-0.799665844222942,FALSE
2160,-5.05436169828469,5.601924466525757,0,-5.110597341179001,-0.9022545249381667,FALSE
2161,-3.4725854575133726,7.295817808942779,0,-3.5112220030093098,-0.4759693222131841,FALSE
2162,-3.721853790830104,7.906850271159654,0,-3.7632637359784677,-0.47071256735512207,FALSE
2163,-3.697791175549602,8.027972355430535,0,-3.738933396162051,-0.4606133419291392,FALSE
2164,-4.350897919777282,6.300721968894284,0,-4.399306711290804,-0.6905395828060673,FALSE
2165,-5.699178089313097,6.152623976236341,0,-5.7625880633025846,-0.9263004063510762,FALSE
2166,0.3836976596920657,3.0094906659465264,0,0.38796674169645584,0.1274958796296474,FALSE
2167,-0.22531323675486742,3.210402604518887,0,-0.22782010814197218,-0.07018223709316763,FALSE
2168,-2.8253928738418517,7.281495792801778,0,-2.8568286503402813,-0.38802369104366335,FALSE
2169,-2.831817610065403,7.207716521927433,0,-2.863324869214566,-0.3928869290919532,FALSE
2170,-2.736395560705568,7.4618658655330385,0,-2.7668411387538585,-0.3667173345135029,FALSE
2171,-2.8850305738538995,7.856522343703599,0,-2.9171298890147983,-0.36721470997483135,FALSE
2172,-3.703264683453148,7.596424560507292,0,-3.7444678031967276,-0.487501014978268,FALSE
2173,-3.692300575378621,7.413947323202723,0,-3.733381706688618,-0.4980208807018605,FALSE
2174,-4.09563008520862,6.721507099818569,0,-4.141198725651814,-0.6093321072768295,FALSE
2175,-3.50106963387953,5.700333892053033,0,-3.540023098912668,-0.6141867652279899,FALSE
2176,-3.9513850700583135,4.770979436035256,0,-3.9953488172141856,-0.8282125553116959,FALSE
2177,-3.7566267445366996,4.681739703036482,0,-3.7984235791725505,-0.8023997451417958,FALSE
2178,-3.846200132249383,5.857432775322814,0,-3.8889935748339592,-0.6566358129543214,FALSE
2179,-2.5995620551296788,4.8596030064657505,0,-2.6284852015407254,-0.5349330082459278,FALSE
2180,-5.024770847493716,0.3005401273917781,0,-5.080677257812807,-16.719134616401906,TRUE
2181,-5.728275044563249,0.2674655895368412,0,-5.792008755966565,-21.416867322942963,TRUE
2182,-4.981238164659506,0.6158780388013506,0,-5.036660223332982,-8.088026932011108,TRUE
2183,-0.3908837202817705,0.3988477941632259,0,-0.39523275555449844,-0.9800322980394968,FALSE
2184,0.04514577552161797,0.22353183283476039,0,0.04564807469646373,0.20196575561115143,FALSE
2185,-1.5310996483127068,0.18179428896601316,0,-1.5481349097755617,-8.422154826871097,TRUE
2186,-1.5703406303655938,0.14882401332518377,0,-1.5878124933194533,-10.551661625562836,TRUE
2187,-0.8120898709760093,0.12436558679394824,0,-0.8211253137694667,-6.529860003165493,TRUE
2188,-1.1626344215973683,0.3677927712894999,0,-1.1755700795602269,-3.161112757929183,TRUE
2189,-2.3744913030153914,0.5705064391618279,0,-2.4009102759625267,-4.162076253694749,TRUE
2190,-3.709115146516918,0.4053259852069832,0,-3.750383359455496,-9.15094339343387,TRUE
2191,-3.6715609520772046,1.2441734945160063,0,-3.712411330995631,-2.9510039944272175,TRUE
2192,-3.733283979594799,1.385822088029031,0,-3.7748210988656252,-2.6939128852423027,TRUE
2193,-30.340044727595796,41.424175577407105,0,-30.677612955306437,-0.7324236223096584,FALSE
2194,-54.90084075451266,68.8591551570734,0,-55.511676357416974,-0.7972918144185667,FALSE
2195,-23.399560383601095,21.793694841813863,0,-23.659907663864523,-1.0736848686486231,FALSE
2196,-12.546725029295548,15.122040499675077,0,-12.686321914195975,-0.8296978856500971,FALSE
2197,-10.783942188671375,11.552019835009823,0,-10.903926067569639,-0.9335113982395794,FALSE
2198,-8.869960416023757,9.413923460571972,0,-8.968649025232605,-0.9422171800284463,FALSE
2199,-9.429158786749337,9.152562583301654,0,-9.534069127159945,-1.030220629570162,FALSE
2200,-9.894179505123724,9.65260014940091,0,-10.004263740996905,-1.0250273866091726,FALSE
2201,-9.399318407158649,9.361158966920945,0,-9.503896738696394,-1.004076358533441,FALSE
2202,-11.186063229282372,15.206066571025225,0,-11.310521171690528,-0.7356316097285233,FALSE
2203,-10.319481186516501,10.785681900543288,0,-10.434297397445064,-0.9567759629548036,FALSE
2204,-10.362032233420909,9.34559058988597,0,-10.477321874155516,-1.1087616276102397,FALSE
2205,-0.17427338916284588,4.355774471694395,0,-0.17621238297926964,-0.04000973656816846,FALSE
2206,-2.6293983458073935,8.563370123156753,0,-2.658653455597399,-0.3070518158145554,FALSE
2207,-2.372121407097598,8.446726354827526,0,-2.3985140122007826,-0.2808332254947348,FALSE
2208,-3.3536869071822046,7.474347088373366,0,-3.391000568243626,-0.44869295839886714,FALSE
2209,-3.09528148878149,7.6579054665516555,0,-3.129720089509166,-0.40419426725768803,FALSE
2210,-3.7180332692991582,7.970857169466793,0,-3.759400706709194,-0.4664533801385221,FALSE
2211,-4.175037818598283,8.156612525879234,0,-4.22148996228175,-0.5118592804735737,FALSE
2212,-4.263349234333704,7.365018118852123,0,-4.31078394506228,-0.5788647312924968,FALSE
2213,-3.6264865590010174,6.220584430842136,0,-3.666835432957191,-0.582981647354647,FALSE
2214,-3.9262390707806385,5.770507439779235,0,-3.969923039495628,-0.6803975407283847,FALSE
2215,-3.817462648019234,4.0667870532279755,0,-3.859936352722488,-0.9386925349310231,FALSE
2216,-3.9904662162760887,6.446776592031603,0,-4.034864786563702,-0.6189862731102574,FALSE
2217,-3.602812592656034,5.523781362328526,0,-3.6428980662469903,-0.6522366394200085,FALSE
2218,-1.5265946123826957,3.5791878472929364,0,-1.5435797500896917,-0.426519835648557,FALSE
2219,-5.6305657940271905,0.30010141537057694,0,-5.693212376560707,-18.762210058470895,TRUE
2220,-5.519657638001212,0.34228520081293495,0,-5.581070238515108,-16.125902098285007,TRUE
2221,-0.7195161173808723,0.5358300775623606,0,-0.7275215696712107,-1.342806511822088,FALSE
2222,0.044826386837533205,0.16441259155494486,0,0.045325132442402216,0.27264570440490093,FALSE
2223,-1.5755710484341683,0.2462513061198718,0,-1.593101105862474,-6.3982241282700105,TRUE
2224,-1.5618583779832909,0.10528892927031158,0,-1.5792358660300136,-14.83402280569767,TRUE
2225,-1.6711766238500525,0.2010936492889292,0,-1.6897704043197102,-8.310439587522348,TRUE
2226,-0.921639650370752,0.17321278837935558,0,-0.9318939616664942,-5.320852224561255,TRUE
2227,-1.6270612216864597,0.42396063831815345,0,-1.645164167081324,-3.837764817368403,TRUE
2228,-3.68452809926235,0.3876100068305132,0,-3.7255227527503445,-9.505761033856515,TRUE
2229,-3.853464598442063,0.7530381175828518,0,-3.8963388666483527,-5.117223827674422,TRUE
2230,-3.2426267515996114,1.4037491823384636,0,-3.2787047394698465,-2.3099758791651204,TRUE
2231,-5.592127097264491,3.4339039278171866,0,-5.65434600466245,-1.6285042373970002,FALSE
2232,-46.612241149474684,72.21541526409992,0,-47.13085645725429,-0.6454610969002734,FALSE
2233,-11.410542271876515,2.9059242102769067,0,-11.537497804293093,-3.9266482696013605,TRUE
2234,-17.066389157913736,17.02945929877766,0,-17.256272554368227,-1.0021685867113073,FALSE
2235,-11.668628851290098,9.61361134740304,0,-11.79845589658646,-1.213761242224774,FALSE
2236,-9.380462312081553,8.409218408872215,0,-9.48483084766633,-1.1154975237870643,FALSE
2237,-9.331464068566442,6.9874033929411405,0,-9.435287441796554,-1.3354694932874969,FALSE
2238,-8.811372930515397,7.924929298724808,0,-8.909409685917613,-1.111855083922733,FALSE
2239,-7.992289181755087,8.530017345859081,0,-8.081212679352374,-0.9369604840997146,FALSE
2240,-8.44134675209484,8.905592221681664,0,-8.5352665365968,-0.9478703428103787,FALSE
2241,-9.154784251721875,9.933377156052817,0,-9.256641856833319,-0.9216185097878304,FALSE
2242,-9.41192836688168,10.680864725081287,0,-9.51664699886372,-0.8811953534792147,FALSE
2243,-9.286104340208542,10.258568045956254,0,-9.389423033790068,-0.9052047321428023,FALSE
2244,-0.22259988956114984,3.695325021762454,0,-0.22507657181005225,-0.06023824379458311,FALSE
2245,-0.9930038149094915,4.457775867458276,0,-1.0040521354020455,-0.22275768105758986,FALSE
2246,-2.446074940676838,7.328040564034034,0,-2.473290364714122,-0.33379658850172783,FALSE
2247,-2.9380979750521776,8.299081728267689,0,-2.970787726671973,-0.3540268756535625,FALSE
2248,-3.7303391889588298,7.263951508285645,0,-3.771843544014412,-0.5135413121499791,FALSE
2249,-3.794290003235315,6.977054965692796,0,-3.8365058853578407,-0.5438240091116375,FALSE
2250,-3.2821326209949975,6.799192448503148,0,-3.318650157535503,-0.4827238890285513,FALSE
2251,-4.596171882648442,7.417380935219977,0,-4.647309631805019,-0.6196488926198226,FALSE
2252,-4.779195379776707,6.9815845835205526,0,-4.832369477861233,-0.6845430750860769,FALSE
2253,-4.90234457644984,6.26858219963456,0,-4.956888852345183,-0.7820499788190753,FALSE
2254,-4.4260379761254605,5.253766023610019,0,-4.4752827880166475,-0.8424505309591609,FALSE
2255,-4.245859007011743,5.260541805402965,0,-4.293099118652138,-0.8071143931697172,FALSE
2256,-4.219920590094769,5.027877515182984,0,-4.2668721067279085,-0.8393045728245409,FALSE
2257,-4.097075812964095,6.133238557447659,0,-4.142660538807313,-0.6680118137568563,FALSE
2258,-3.5048193543690878,5.496248455254031,0,-3.5438145393967555,-0.6376748400117764,FALSE
2259,-3.83231552591753,3.8591756533821666,0,-3.8749544861342,-0.9930399313539676,FALSE
2260,-5.869473077137146,0.30523660814591347,0,-5.934777780608541,-19.229256650405897,TRUE
2261,-1.440351808246009,1.180359732962705,0,-1.4563773946139547,-1.2202651175084764,FALSE
2262,-0.18959928842366558,0.2203211182265054,0,-0.19170880066542445,-0.8605588513251115,FALSE
2263,-1.6387894829608725,0.31723151100850216,0,-1.657022918880984,-5.165910151078752,TRUE
2264,-1.5296714409609935,0.13231249636403078,0,-1.546690811958661,-11.561050414712268,TRUE
2265,-1.5654766517193628,0.10220813467005502,0,-1.5828943972628502,-15.316556326685578,TRUE
2266,-0.8149549402366829,0.3149734174346249,0,-0.8240222602525136,-2.5873768868315143,TRUE
2267,-1.2968607872155087,0.42028404355075,0,-1.311289869356234,-3.085676953754992,TRUE
2268,-3.4463372906793195,0.31665754387906003,0,-3.4846817948405002,-10.883483931763102,TRUE
2269,-4.062406581262386,0.1455425094884189,0,-4.10760557164586,-27.912165287940425,TRUE
2270,-3.9158450316738342,1.1576587664891793,0,-3.9594133546344574,-3.382555503422982,TRUE
2271,-3.739615406837289,1.0028067245243757,0,-3.7812229705880855,-3.729148713687538,TRUE
2272,-7.933904083682682,5.570260950070884,0,-8.02217797926857,-1.4243325680427448,FALSE
2273,-41.5381982875989,38.94900236492292,0,-42.00035897668596,-1.0664765659057749,FALSE
2274,-20.95718282394158,16.6261938431169,0,-21.190355817824848,-1.2604919094346823,FALSE
2275,-11.696983230814974,8.415373326101903,0,-11.82712575150796,-1.3899541681097527,FALSE
2276,-9.151865172123841,7.31954501974592,0,-9.253690299085195,-1.2503325203185274,FALSE
2277,-7.422756960463239,3.8824429810364744,0,-7.505343750771803,-1.9118779069568272,FALSE
2278,-7.52220880105533,6.554670979097924,0,-7.605902108571519,-1.14761043308547,FALSE
2279,-7.420191502361562,6.80605575681592,0,-7.502749748969797,-1.0902337223627085,FALSE
2280,-7.993528089387386,7.911982064035155,0,-8.082465371270672,-1.0103066494201127,FALSE
2281,-7.266124363694561,6.137937989279114,0,-7.346968434486142,-1.1838054370027857,FALSE
2282,-7.524523822477048,6.575292771790243,0,-7.6082428872947,-1.1443633133355307,FALSE
2283,-7.757832689493153,6.980782890913421,0,-7.844147586368896,-1.111312700985327,FALSE
2284,-0.8086099831960526,3.7185253372552145,0,-0.8176067081971977,-0.21745447720760147,FALSE
2285,-4.063723311237362,7.5901775667892855,0,-4.108936951770762,-0.5353923904255053,FALSE
2286,-3.978638803964513,7.586145071418396,0,-4.022905780556459,-0.524461207439132,FALSE
2287,-3.9761079185186503,7.502044288751129,0,-4.020346736071209,-0.530003258509229,FALSE
2288,-3.9080724668892524,7.109544843647948,0,-3.9515543110413356,-0.549693764205023,FALSE
2289,-4.710914086280146,6.378835783189581,0,-4.76332847568796,-0.7385225527666067,FALSE
2290,-4.753591996894803,6.016047478653931,0,-4.806481227614748,-0.7901520082348822,FALSE
2291,-4.332499523104912,4.836576923883607,0,-4.380703611091687,-0.8957780660347818,FALSE
2292,-4.229426712959717,3.8207787466188847,0,-4.276483996248007,-1.106954103715756,FALSE
2293,-4.1381038908268,3.8735875866486644,0,-4.184145101677038,-1.068287162291066,FALSE
2294,-4.021601915275237,6.006723256019871,0,-4.066346906368227,-0.669516763777128,FALSE
2295,-3.936092584368645,5.132864117277917,0,-3.9798861848639597,-0.766841376361245,FALSE
2296,-1.816388458213401,3.646850987887412,0,-1.836597888956773,-0.4980703802393688,FALSE
2297,-6.2580010335264555,2.3870843966020256,0,-6.327628561661819,-2.621608621142434,TRUE
2298,-5.728350720146166,0.5584049644276169,0,-5.7920852735282145,-10.258416534705972,TRUE
2299,-0.5830778098582972,0.39915216116202384,0,-0.5895652275486291,-1.4607908126084634,FALSE
2300,0.09326509225369478,0.2371663608504322,0,0.09430277470215583,0.3932475580401217,FALSE
2301,-1.5477313692018393,0.1292825186033028,0,-1.5649516778719323,-11.971698771981528,TRUE
2302,-1.5264104416990036,0.06227869492064616,0,-1.5433935302932893,-24.509351771804383,TRUE
2303,-1.652279578755498,0.20474536003732283,0,-1.6706631076556933,-8.06992440978543,TRUE
2304,-0.9206053167971328,0.26757992898258204,0,-0.9308481199308256,-3.440487185632892,TRUE
2305,-2.003318898267985,0.6832185480735347,0,-2.025608147216009,-2.9321787353647317,TRUE
2306,-3.9590455057184597,0.10415596577598843,0,-4.00309448411616,-38.01074164329008,TRUE
2307,-4.10434342699336,0.22727919093599894,0,-4.150009013481628,-18.05859749012011,TRUE
2308,-3.4917676860123628,1.1149314960182695,0,-3.530617656074285,-3.13182262630703,TRUE
2309,-4.5859391074066025,1.4661153465442036,0,-4.6369630050565656,-3.127952461732407,TRUE
2310,-4.787363824410859,1.7295988349162812,0,-4.840628805926937,-2.767904168160812,TRUE
2311,-35.963794872766044,33.53753476060845,0,-36.3639338510025,-1.0723446171424431,FALSE
2312,-11.589776299462933,2.626234761474554,0,-11.718726018558568,-4.413077029319196,TRUE
2313,-15.485827384353229,17.760517675939834,0,-15.658125195767274,-0.8719243248935178,FALSE
2314,-10.053409805390823,7.161282526106668,0,-10.165265663248798,-1.4038560507480076,FALSE
2315,-7.261366701249511,7.190626054657828,0,-7.342157837521909,-1.0098378981265281,FALSE
2316,-7.841383110224706,8.01862899576486,0,-7.928627602547788,-0.9778957368355902,FALSE
2317,-7.212455026388959,7.9403003188535575,0,-7.292701963483496,-0.908335294228558,FALSE
2318,-6.874795830568216,4.086722072012675,0,-6.951285917027667,-1.6822273962913359,FALSE
2319,-6.774948777625196,4.302668515515409,0,-6.850327949680706,-1.5745923147913332,FALSE
2320,-6.423295210902149,7.270883948422547,0,-6.4947618286963635,-0.8834270023379638,FALSE
2321,-8.498296528942369,10.649593112576733,0,-8.592849945840442,-0.797992603013746,FALSE
2322,-1.1160374761243095,3.6112861873294126,0,-1.1284546889615494,-0.309041548698092,FALSE
2323,-2.057750614814487,4.560537071801931,0,-2.080645479813865,-0.45120795696140265,FALSE
2324,-4.306977025612764,8.721541671681246,0,-4.354897146178841,-0.4938320755374561,FALSE
2325,-4.637123349439828,7.559861926329813,0,-4.688716731216298,-0.6133873071529858,FALSE
2326,-4.949998013794384,7.222428883599213,0,-5.0050724895141885,-0.6853647288981835,FALSE
2327,-4.852060822729006,6.97073949202666,0,-4.906045633475943,-0.6960611321480221,FALSE
2328,-4.690776829611637,7.0922950871072405,0,-4.742967168656124,-0.6613905332476627,FALSE
2329,-4.316292564118253,7.097906835277799,0,-4.364316330867178,-0.6081078075955503,FALSE
2330,-4.073869561130425,6.407838060193142,0,-4.119196090475462,-0.6357635013341196,FALSE
2331,-6.337721251744994,5.281152404609733,0,-6.408235759877202,-1.2000640705261638,FALSE
2332,-6.428857305940194,5.166433405151821,0,-6.500385808500275,-1.2443511416462891,FALSE
2333,-6.47148141233234,4.356281952127826,0,-6.543484157570101,-1.4855515514029902,FALSE
2334,-5.456226201513797,3.70220649150442,0,-5.516933053641741,-1.4737768447098738,FALSE
2335,-6.007261756746104,4.290407118091749,0,-6.074099519274985,-1.400161241439009,FALSE
2336,-5.434213047211891,3.7380905216445384,0,-5.494674977437091,-1.4537403564055906,FALSE
2337,-4.505133256624817,5.2641630837545845,0,-4.55525809535506,-0.8558118707469069,FALSE
2338,-4.595029170639851,4.354492398030549,0,-4.646154205798442,-1.0552387627816486,FALSE
2339,-3.8286294269945036,4.876131675048031,0,-3.8712273750804473,-0.785177612529668,FALSE
2340,-6.106907800578096,0.46426246417219486,0,-6.174854241051151,-13.153998593160107,TRUE
2341,-1.3398071907163307,1.5894545975552072,0,-1.3547141014643136,-0.8429351758629233,FALSE
2342,-0.18698250444051429,0.27726188251924,0,-0.1890629019219152,-0.6743895076436951,FALSE
2343,-1.5865899903894556,0.21446625136907763,0,-1.604242646341939,-7.397853882656219,TRUE
2344,-1.5324444885417563,0.11226580177153421,0,-1.5494947129137548,-13.65014514090718,TRUE
2345,-1.5635812175831694,0.11566616376077661,0,-1.58097787422096,-13.51805201058629,TRUE
2346,-0.8613246286313063,0.2752728187713757,0,-0.8709078652738725,-3.1289853915677317,TRUE
2347,-1.4770066935133666,0.6125462570275982,0,-1.4934401080426656,-2.411257397409613,TRUE
2348,-3.7474631227452733,0.2705771024041264,0,-3.7891580014481216,-13.849890066263503,TRUE
2349,-4.193083489106835,0.12494039327086628,0,-4.2397364118289005,-33.56067144767489,TRUE
2350,-4.072972828276267,0.4460842200092556,0,-4.118289380427038,-9.130501922241855,TRUE
2351,-4.5084486798885255,1.171618471167174,0,-4.558610406552366,-3.8480518964481494,TRUE
2352,-5.74101276736269,2.9414864266839857,0,-5.804888200722882,-1.9517386567833608,FALSE
2353,-26.869293184657145,28.94178172153653,0,-27.168245271300986,-0.9283911212923986,FALSE
2354,-12.139683452897643,2.3733515024914507,0,-12.274751527613944,-5.114996004660028,TRUE
2355,-11.338397338907765,7.243359194350964,0,-11.464550175172137,-1.5653506936050454,FALSE
2356,-7.878336691026457,5.861294793558804,0,-7.965992334845551,-1.3441290650803397,FALSE
2357,-6.08913172827912,4.902263400993705,0,-6.15688038930671,-1.2421061926302923,FALSE
2358,-7.48049511706353,6.731505073532845,0,-7.563724311408404,-1.11126635653527,FALSE
2359,-7.041654122195818,7.8334584219712395,0,-7.120000700901383,-0.8989202141477418,FALSE
2360,-6.549558403061519,3.696827881082697,0,-6.6224298454822295,-1.7716698244396862,FALSE
2361,-5.92928198242887,3.413211358556754,0,-5.99525212942027,-1.7371564077227302,FALSE
2362,-6.326643290591583,6.615491696412967,0,-6.397034543542502,-0.956337575636592,FALSE
2363,-1.3311078643256329,3.4127015192042314,0,-1.3459179849660747,-0.3900452051945107,FALSE
2364,-3.3564611371139677,6.439297370319845,0,-3.3938056647047476,-0.521246487634605,FALSE
2365,-4.831441358947068,6.915516603743976,0,-4.885196754216615,-0.6986378076702737,FALSE
2366,-5.148757342364154,6.670208921047174,0,-5.206043246408757,-0.7719034595929622,FALSE
2367,-5.060603243462649,6.62325421670711,0,-5.116908330794594,-0.7640659829570355,FALSE
2368,-5.056471894685272,6.629865702297966,0,-5.112731015964847,-0.7626808930583099,FALSE
2369,-4.545421041829945,6.728202646117856,0,-4.595994128951784,-0.6755773095586878,FALSE
2370,-4.594967329210092,6.281754052270381,0,-4.646091676310968,-0.7314783881978565,FALSE
2371,-6.747067299094877,5.173367638503228,0,-6.822136257326448,-1.304192504874244,FALSE
2372,-6.443873966009364,4.638656175066818,0,-6.515569546349693,-1.389168268311359,FALSE
2373,-5.9693104352483966,4.157645938458754,0,-6.035725945257472,-1.4357428515091955,FALSE
2374,-6.235488604894693,4.9456472731291425,0,-6.304865656120648,-1.2608033409041441,FALSE
2375,-6.296479059375583,4.581869261284537,0,-6.366534700228259,-1.3742162205672257,FALSE
2376,-6.420014609509296,5.50626915452108,0,-6.491444726803661,-1.1659463839027844,FALSE
2377,-5.439627302582767,4.703491574572078,0,-5.500149472685869,-1.1565083547699695,FALSE
2378,-2.900475491739284,4.046534948571739,0,-2.932746649545918,-0.7167800423330171,FALSE
2379,-6.6987608276755735,3.0757334360193966,0,-6.773292320320314,-2.1779393328522922,TRUE
2380,-2.2160611000882615,1.4487907317047661,0,-2.240717353062565,-1.5295936477179572,FALSE
2381,-0.6242253414632929,0.4600176067946851,0,-0.6311705732222354,-1.35695967337593,FALSE
2382,-1.5993111424339173,0.30853268095872904,0,-1.6171053359743852,-5.1836036865341,TRUE
2383,-1.5366714730709063,0.07770602865229947,0,-1.5537687275540624,-19.77544728153384,TRUE
2384,-1.5319325113003837,0.07261156744940207,0,-1.5489770393310764,-21.097637265135205,TRUE
2385,-1.5820230758695568,0.1974179937179982,0,-1.5996249195950172,-8.013570830475555,TRUE
2386,-1.090870404604272,0.321889927770492,0,-1.1030076045474653,-3.388954765251506,TRUE
2387,-3.101640562654764,0.6023734029473093,0,-3.1361499154632813,-5.14903305404749,TRUE
2388,-4.157867236514609,0.10354242896238422,0,-4.204128337534337,-40.156168617843754,TRUE
2389,-4.173421728778337,0.17611877737957157,0,-4.219855891585993,-23.696631278468217,TRUE
2390,-3.9278524068074665,0.8114207242297766,0,-3.971554325759121,-4.840709991152734,TRUE
2391,-4.974868606400596,1.377155299518364,0,-5.0302197963422675,-3.6124238189697775,TRUE
2392,-4.146728166754247,1.3219143994574343,0,-4.192865332688476,-3.1369112617702233,TRUE
2393,-25.241623653733498,14.192317515789416,0,-25.522466026835858,-1.778541357015961,FALSE
2394,-11.878698813834852,2.3670847690744226,0,-12.010863131392615,-5.018281968194853,TRUE
2395,-12.837160578749256,11.646431997961535,0,-12.979988896383995,-1.1022397744644996,FALSE
2396,-8.664221457952364,5.3911635350856395,0,-8.760620982353633,-1.607115310371443,FALSE
2397,-6.631472280955588,3.535339069840946,0,-6.7052551103842575,-1.8757669773535857,FALSE
2398,-6.671662024572477,6.287793131479094,0,-6.745892011566229,-1.0610498604306158,FALSE
2399,-7.492077156056467,6.980134451727408,0,-7.575435214033917,-1.0733428142207728,FALSE
2400,-5.954491627643305,5.2066238092635,0,-6.020742261210538,-1.143637767155218,FALSE
2401,-5.869120658491154,5.405000520770115,0,-5.934421440895892,-1.085868657354895,FALSE
2402,-6.799824109640667,5.424942504641966,0,-6.875480048649474,-1.2534370832174266,FALSE
2403,-2.6535526525772473,4.472307161547893,0,-2.6830765070774563,-0.5933296968938145,FALSE
2404,-5.457560205652756,7.185785523284916,0,-5.518281900125759,-0.7594938908165301,FALSE
2405,-5.601246850358631,8.737234021900049,0,-5.6635672255993965,-0.6410778097872846,FALSE
2406,-5.278745562392198,6.713385509585317,0,-5.337477736323748,-0.7863015694324792,FALSE
2407,-5.489875452857316,6.926937888307515,0,-5.550956691979142,-0.792540014271541,FALSE
2408,-5.108796024031426,7.00359995443616,0,-5.1656373120074734,-0.7294528609955022,FALSE
2409,-5.074486267570156,6.860728957834697,0,-5.130945819665924,-0.7396424343181902,FALSE
2410,-7.676190828650104,4.795346682824876,0,-7.761597365023441,-1.6007582634522184,FALSE
2411,-6.84157220756081,4.045666796717538,0,-6.9176926426358465,-1.6910864268683068,FALSE
2412,-6.856905119344636,4.064105554716604,0,-6.933196150867468,-1.6871867689033924,FALSE
2413,-6.408708202692577,4.948830256892491,0,-6.480012523082384,-1.2949945482100216,FALSE
2414,-6.595293875146952,4.479672329171427,0,-6.668674177801523,-1.472271494546307,FALSE
2415,-5.834098001560732,5.164708633538582,0,-5.899009116239669,-1.1296083507354646,FALSE
2416,-5.715532816689738,5.073853597900379,0,-5.779124756011998,-1.1264678230083134,FALSE
2417,-4.252527113379998,5.788502935940719,0,-4.299841415446581,-0.7346505928115069,FALSE
2418,-9.420154569655262,1.6977420044571756,0,-9.524964727695222,-5.548637275230283,TRUE
2419,-1.9751223202776922,1.3510297290474134,0,-1.9970978495543987,-1.4619384590969107,FALSE
2420,-1.6803376386745243,0.22424017034278243,0,-1.69903334607165,-7.493472896073409,TRUE
2421,-1.5488382983766702,0.16752617822675006,0,-1.566070922919172,-9.245350874537866,TRUE
2422,-1.5276881950371901,0.0541480712725114,0,-1.5446855001210589,-28.21315993599813,TRUE
2423,-1.5059191260382885,0.05372346849263003,0,-1.5226742249518352,-28.030936354097754,TRUE
2424,-0.9988035749188554,0.40029811135147336,0,-1.0099164244760528,-2.4951493564302054,TRUE
2425,-1.8360395372639278,0.5294650038082788,0,-1.8564676090800882,-3.4677259574435717,TRUE
2426,-3.9448770597158047,0.2853974868520781,0,-3.988768397699674,-13.822395926564132,TRUE
2427,-4.285076621985205,0.18068116218267302,0,-4.332753075130713,-23.716233448027573,TRUE
2428,-4.2651076997043225,0.4393952891825668,0,-4.312561975402033,-9.70676701527446,TRUE
2429,-4.577992294185967,1.1160643025911217,0,-4.628927774311206,-4.10190728576967,TRUE
2430,-4.621789983244637,1.745048195798793,0,-4.673212763517457,-2.6485170979068693,TRUE
2431,-19.805137597093943,9.803944538105373,0,-20.025492750101858,-2.02011930199284,TRUE
2432,-12.209200177982403,2.6104981458138163,0,-12.34504170698639,-4.676961827213333,TRUE
2433,-9.082441239530773,6.926568676064622,0,-9.18349394462866,-1.3112468329255094,FALSE
2434,-7.088123338702692,3.5541594122613422,0,-7.166986941400811,-1.9943177884057983,TRUE
2435,-5.810443804926092,3.006330862412705,0,-5.875091739200795,-1.9327359731333664,FALSE
2436,-6.16529445176363,6.66110427279269,0,-6.233890511528273,-0.9255664225143274,FALSE
2437,-6.181652441929753,7.608174743637478,0,-6.250430503329491,-0.8125013751950573,FALSE
2438,-5.1721590586790045,5.530622241366302,0,-5.2297053339911095,-0.9351857409449932,FALSE
2439,-5.00105578625966,3.976685666862703,0,-5.056698338985174,-1.2575939375678906,FALSE
2440,-2.729690254910002,3.5244563252404792,0,-2.7600612286452804,-0.77449966832083,FALSE
2441,-3.8412097551072892,6.201052911252163,0,-3.883947673951456,-0.6194447636686337,FALSE
2442,-6.787978986838513,9.022695186109633,0,-6.8635031351018805,-0.7523227646311883,FALSE
2443,-7.157322126743204,8.791384723690053,0,-7.236955646310211,-0.8141290993051917,FALSE
2444,-7.6365984950110715,7.309332741983565,0,-7.721564520699027,-1.0447736838066966,FALSE
2445,-6.9079215158282,6.9362924318349926,0,-6.9847801640009015,-0.9959097866352086,FALSE
2446,-6.835044415699576,6.951014603712841,0,-6.911092221510245,-0.9833160776340018,FALSE
2447,-6.656572918617083,7.1983028430438685,0,-6.730635021785981,-0.9247419931838113,FALSE
2448,-6.713437934402644,6.445889066312624,0,-6.788132726902419,-1.0415068992558805,FALSE
2449,-6.760346739866981,6.184042621219597,0,-6.835563447296902,-1.0931921323876204,FALSE
2450,-8.88497475307389,3.895825661172757,0,-8.9838304142167,-2.280639722055543,TRUE
2451,-7.428630927183106,3.8236560393933976,0,-7.511283072192135,-1.942808362114501,FALSE
2452,-7.958037574770864,4.021850985974557,0,-8.046579983468327,-1.978700255808336,TRUE
2453,-7.182708544389655,5.435033602680214,0,-7.262624517331064,-1.3215573388263135,FALSE
2454,-7.771763973740502,3.7027898291585166,0,-7.858233872330163,-2.098894166917026,TRUE
2455,-6.4207531736978956,4.531208995800165,0,-6.492191508376462,-1.417006626630793,FALSE
2456,-4.615761685216599,4.344806266830651,0,-4.667117393673945,-1.062363061030935,FALSE
2457,-7.083267967429918,3.1524085194913387,0,-7.16207754848469,-2.2469384674080404,TRUE
2458,-10.619149769554378,2.8122916106164157,0,-10.737300141437048,-3.7759774731279756,TRUE
2459,-1.4192550837367761,0.7425706282474875,0,-1.4350459445475572,-1.9112728537166972,FALSE
2460,-1.5366061245253317,0.1789617892456213,0,-1.5537026519300372,-8.586224640481058,TRUE
2461,-1.5311760255518425,0.059509119884126264,0,-1.54821213680017,-25.73010705809943,TRUE
2462,-1.5350335203082368,0.06599957871193061,0,-1.5521125506649576,-23.258232101877823,TRUE
2463,-1.5672644616964522,0.21473660900082464,0,-1.5847020987018958,-7.298543406217398,TRUE
2464,-1.436041831041015,0.42393781540596254,0,-1.4520194639079151,-3.3873879112809564,TRUE
2465,-3.5018399850152826,0.3900859392215742,0,-3.540802021099319,-8.977098718306248,TRUE
2466,-4.258932849673616,0.16432646619203714,0,-4.30631842299465,-25.917510114873956,TRUE
2467,-4.387602550296563,0.2697469434597442,0,-4.4364197234451295,-16.26562471485928,TRUE
2468,-4.377279181326381,0.9476470977677709,0,-4.425981495007911,-4.619102608594778,TRUE
2469,-4.669359373090929,1.8225850426781165,0,-4.721311418062197,-2.561943209096979,TRUE
2470,-14.81088801879145,11.38005960926879,0,-14.975676346040576,-1.3014771914488332,FALSE
2471,-12.050607761572738,2.789621028422481,0,-12.184684765790541,-4.319801019132447,TRUE
2472,-11.058086052838302,10.736940212206298,0,-11.181120100554558,-1.0299103687163043,FALSE
2473,-7.73164656389242,6.453633400384701,0,-7.817670109714168,-1.1980300218837248,FALSE
2474,-6.181370177780723,4.21384051558785,0,-6.250145098664045,-1.4669207709486352,FALSE
2475,-5.691663192803587,7.458016746250608,0,-5.754989554843292,-0.7631604200493347,FALSE
2476,-5.879003611054124,7.17543371839816,0,-5.944414352781967,-0.8193237986409203,FALSE
2477,-5.410369111285465,8.460904213306595,0,-5.4705657500364895,-0.6394551899992549,FALSE
2478,-4.358371738307939,5.1699829477733035,0,-4.40686368473103,-0.8430147221636538,FALSE
2479,-4.379928231397445,3.412322078819662,0,-4.428660018837028,-1.2835623748953036,FALSE
2480,-3.756901082673464,3.7541610274429793,0,-3.798700969639641,-1.0007298715240116,FALSE
2481,-7.477161047529238,6.16980780838666,0,-7.560353146479103,-1.2118952939450536,FALSE
2482,-8.23470422972253,5.781972677961001,0,-8.326324876214866,-1.4242032414145684,FALSE
2483,-8.200625451521521,5.016543683902772,0,-8.29186693203493,-1.6347162445402241,FALSE
2484,-7.802369909831088,5.637274663492178,0,-7.88918033499862,-1.3840677234267804,FALSE
2485,-7.42939146550561,5.713429085199654,0,-7.512052072386594,-1.3003384403161786,FALSE
2486,-7.383299476314922,5.775128196463843,0,-7.465447256295271,-1.2784650357780412,FALSE
2487,-9.822848205691553,3.741665593462546,0,-9.932138798030396,-2.6252608525075236,TRUE
2488,-9.469695077733817,3.7215715967926983,0,-9.575056431451376,-2.5445419579983173,TRUE
2489,-9.261514675248707,2.8916329758065444,0,-9.36455978025464,-3.2028665991628666,TRUE
2490,-9.610292495530743,3.295391504803912,0,-9.717218158779566,-2.916282475548407,TRUE
2491,-9.037908685580563,2.7613024352936946,0,-9.138465914305643,-3.2730600495122086,TRUE
2492,-8.573360258605318,2.5446294724540017,0,-8.668748846658055,-3.36919789360818,TRUE
2493,-8.250144604859265,2.8985805789220485,0,-8.341937043453983,-2.846270572863428,TRUE
2494,-7.742014525364054,3.6908635743952223,0,-7.828153426796196,-2.0976160102673655,TRUE
2495,-10.510316400093458,1.6677559237839235,0,-10.627255874366236,-6.302071094580137,TRUE
2496,-10.721251674270539,1.0734415905328474,0,-10.840538048401406,-9.987736425368611,TRUE
2497,-1.559160064319186,0.12969318150836562,0,-1.5765075304931802,-12.021912379554166,TRUE
2498,-1.52381801180707,0.12377061323150261,0,-1.5407722566085418,-12.311630135958813,TRUE
2499,-1.5191015515439066,0.06419584247131066,0,-1.5360033202483125,-23.663550365006866,TRUE
2500,-1.4997884291585875,0.07810557647384386,0,-1.5164753169505325,-19.202065932652573,TRUE
2501,-2.3323905066975112,0.5796286084780403,0,-2.358341059399198,-4.023939592667424,TRUE
2502,-3.0563885177644963,0.4294833582950867,0,-3.0903943890280443,-7.116430610716544,TRUE
2503,-4.154604961054156,0.19073138807948342,0,-4.200829765471312,-21.782492136652458,TRUE
2504,-4.383555012335434,0.20682273875525617,0,-4.432327151924281,-21.194744053373732,TRUE
2505,-4.408092655823717,0.3255706785983304,0,-4.457137805188881,-13.53958739405448,TRUE
2506,-5.147690667175299,1.3646573769326344,0,-5.2049647032198285,-3.772148785613762,TRUE
2507,-4.23771586096649,1.8384844755070993,0,-4.28486537065151,-2.3050049741636376,TRUE
2508,-14.601963665843392,6.857322189626103,0,-14.764427467068135,-2.129397345210575,TRUE
2509,-12.585359700554548,2.5609409310747733,0,-12.725386441034365,-4.914349857836329,TRUE
2510,-7.770919419252817,6.299829338610489,0,-7.857379921193126,-1.2335126876574718,FALSE
2511,-6.105172733556139,4.458271270385288,0,-6.173099869393858,-1.3694036013713728,FALSE
2512,-4.546532451735459,3.309301358759526,0,-4.597117904583039,-1.373864740272461,FALSE
2513,-5.176656071421691,7.483580190218207,0,-5.23425238122238,-0.6917352309778282,FALSE
2514,-4.991213813432536,8.117362454846274,0,-5.046746862782091,-0.6148812303499707,FALSE
2515,-3.9184324758777516,5.290000818357502,0,-3.9620295871596203,-0.7407243610019686,FALSE
2516,-3.6118001223446323,4.7402747683586695,0,-3.6519855926394733,-0.7619389800889593,FALSE
2517,-5.72450872670785,5.545580676528731,0,-5.788200533451668,-1.032264980101438,FALSE
2518,-8.968633436722955,4.5146083090717,0,-9.068419897863775,-1.9865806339613765,TRUE
2519,-9.314981617804774,3.609763846587911,0,-9.418621604631145,-2.58049612486691,TRUE
2520,-7.649146940634113,3.1428600840885217,0,-7.734252582350572,-2.433817203431913,TRUE
2521,-8.761874537015832,5.758151437173507,0,-8.859360565314043,-1.5216471175889665,FALSE
2522,-8.616376445398384,5.104195273667694,0,-8.712243638478535,-1.6880969444585847,FALSE
2523,-8.491635235053463,5.096951631920753,0,-8.586114537322091,-1.6660223302635984,FALSE
2524,-8.457079055942174,4.52538420346679,0,-8.551173880592401,-1.8688090724901114,FALSE
2525,-10.750506104336845,2.756964931391312,0,-10.870117967971726,-3.899398930298168,TRUE
2526,-9.30539211965969,3.944932614825565,0,-9.408925412184107,-2.3588215638180556,TRUE
2527,-10.153182160980712,2.1374388816529373,0,-10.266148102147838,-4.750162565176597,TRUE
2528,-10.013338978692243,1.9638690471865496,0,-10.124749002073933,-5.098781404512389,TRUE
2529,-9.82802022984892,2.183173329147718,0,-9.937368366962142,-4.50171321655237,TRUE
2530,-8.892280967763522,3.2361510834485516,0,-8.991217919028552,-2.747795371249357,TRUE
2531,-7.670410127756669,3.633488928167616,0,-7.755752347120158,-2.1110316501294224,TRUE
2532,-8.868939262758355,3.1552288156226043,0,-8.967616510451387,-2.810870393565512,TRUE
2533,-11.940410020404459,2.1354675855731933,0,-12.073260946792848,-5.591473315292427,TRUE
2534,-1.8215002177841084,0.22530665396039998,0,-1.8417665227883544,-8.084538054096956,TRUE
2535,-1.4903153334717454,0.09477133570712973,0,-1.506896822074248,-15.725380700312613,TRUE
2536,-1.506764851685604,0.03251391624151834,0,-1.523529360279013,-46.34215209552502,TRUE
2537,-1.5331831080057696,0.08323871769239047,0,-1.550241550376972,-18.419110126992386,TRUE
2538,-1.611606740114016,0.19635769772447798,0,-1.6295377364560215,-8.207504767016388,TRUE
2539,-1.9292591865661193,0.5503532210132884,0,-1.950724435225138,-3.505492677982413,TRUE
2540,-3.775372081485091,0.4146220063163161,0,-3.8173774797611184,-9.105575738796775,TRUE
2541,-4.324269740047101,0.1622715029612809,0,-4.3723822621411355,-26.648361918968,TRUE
2542,-4.541071356088894,0.28982636411356794,0,-4.591596047906115,-15.668248021458405,TRUE
2543,-4.541602939632868,0.8792571068772607,0,-4.592133545934277,-5.165272937926733,TRUE
2544,-5.118477288381558,1.7552546864620031,0,-5.175426291665148,-2.916088091294984,TRUE
2545,-5.508480408354231,2.4255294736194672,0,-5.569768649209578,-2.271042454138587,TRUE
2546,-12.188734653314208,2.647028553058089,0,-12.324348479592196,-4.6046857481883485,TRUE
2547,-13.17816352967083,2.701116363587454,0,-13.324785901098839,-4.878784086209605,TRUE
2548,-6.902016726098323,5.834116949961586,0,-6.978809676628783,-1.1830439439757492,FALSE
2549,-4.80404003650464,3.8538689781930566,0,-4.857490560244271,-1.246549912227967,FALSE
2550,-4.913975846898401,8.219924509140036,0,-4.96864953418343,-0.597812770839242,FALSE
2551,-4.977490138152956,8.06996945455515,0,-5.032870495679431,-0.6167916949603047,FALSE
2552,-4.836410380722565,8.996301285165233,0,-4.890221062129271,-0.5375998677031565,FALSE
2553,-3.0632983294705203,4.563118126191679,0,-3.0973810804128017,-0.671316903213091,FALSE
2554,-2.8132374281285006,4.725536055442754,0,-2.8445379611787636,-0.5953266243494818,FALSE
2555,-4.2212729448784865,2.257676625160724,0,-4.268239508028916,-1.869742060414863,FALSE
2556,-6.751636038734834,3.333598309211211,0,-6.826755829500008,-2.025329812556928,TRUE
2557,-9.058937370217803,4.604066692718417,0,-9.159728567477465,-1.9675947319670688,TRUE
2558,-8.356226205790303,3.4711383326048626,0,-8.449198925374734,-2.407344624470642,TRUE
2559,-8.902732075274331,3.2113519520548497,0,-9.001785307245989,-2.7722691901078407,TRUE
2560,-9.24640999269629,3.827659998969401,0,-9.349287040569639,-2.4156821648698914,TRUE
2561,-8.661606766449907,4.375528255419747,0,-8.757977199372096,-1.979556812533712,TRUE
2562,-8.327519872991239,4.33125741807602,0,-8.42017320129019,-1.9226564180270753,FALSE
2563,-8.791533850348744,2.7278326243731508,0,-8.889349872947452,-3.2229007644371204,TRUE
2564,-10.844918731634774,3.246415823963108,0,-10.965581045377974,-3.3405821434161465,TRUE
2565,-10.150638226393623,1.90784647335098,0,-10.263575863334513,-5.320469109112767,TRUE
2566,-10.917082274051937,2.081143170905556,0,-11.038547490999063,-5.245714195290875,TRUE
2567,-10.285649161905289,1.9915065301770207,0,-10.400088952275134,-5.164757938800743,TRUE
2568,-10.181193757537777,1.9687833166587851,0,-10.294471360242978,-5.171312491014117,TRUE
2569,-9.236296582077928,2.455039011935373,0,-9.339061106514704,-3.762179149567448,TRUE
2570,-8.15417981019587,4.305041865961046,0,-8.24490452901799,-1.894100002759335,FALSE
2571,-10.671928578247968,1.464018795232904,0,-10.790666175662814,-7.28947511671134,TRUE
2572,-11.3621627207709,1.6231913450423816,0,-11.48857997450428,-6.9998911437482025,TRUE
2573,-1.485352037626412,0.08367106299171231,0,-1.5018783037993777,-17.75227879886667,TRUE
2574,-1.501206970344264,0.09108211174371501,0,-1.517909641054075,-16.481907825856407,TRUE
2575,-1.5042825226745113,0.10956558864536137,0,-1.5210194124752523,-13.729516185446949,TRUE
2576,-1.5313730628398,0.10683597921410723,0,-1.548411366356751,-14.333870238328744,TRUE
2577,-2.466129473689898,0.6780016535043705,0,-2.4935680276937844,-3.6373502349784474,TRUE
2578,-3.489769296644246,0.6668766145692212,0,-3.528597032303967,-5.233005957029269,TRUE
2579,-4.2198995622154,0.23437222992036405,0,-4.266850844888965,-18.00511760138671,TRUE
2580,-4.463821726301558,0.27743836550263123,0,-4.513486926287018,-16.089417619709927,TRUE
2581,-4.551641180953585,0.38530177070281657,0,-4.602283474345847,-11.813185214931876,TRUE
2582,-4.69226385865532,1.498832123459822,0,-4.744470742624619,-3.1306133523639423,TRUE
2583,-3.667599620582559,2.494234036411187,0,-3.7084059250883064,-1.4704312294044635,FALSE
2584,-15.030869417001224,6.811388901868551,0,-15.19810529274244,-2.206726063296407,TRUE
2585,-12.85421808187592,2.5571541750306825,0,-12.9972361840397,-5.026766945611203,TRUE
2586,-7.890890620753874,8.009238759232797,0,-7.9786859416185,-0.9852235472013497,FALSE
2587,-6.0032372240563845,4.952084238234369,0,-6.070030208985904,-1.2122647627247949,FALSE
2588,-4.198367726489133,3.6476701015332185,0,-4.245079442488003,-1.150972431614482,FALSE
2589,-4.972186033299948,9.1076252331143,0,-5.027507376500936,-0.5459366087244828,FALSE
2590,-4.724889700425962,8.764275880249032,0,-4.777459584769288,-0.5391078241927394,FALSE
2591,-3.290364311316643,4.712224005575302,0,-3.326973434970414,-0.6982614382133838,FALSE
2592,-2.9704196911873444,5.0059018056884215,0,-3.0034690594303277,-0.5933835313772893,FALSE
2593,-6.6011102824305325,5.127635421648004,0,-6.674555299370002,-1.287359521420296,FALSE
2594,-10.099750052534663,4.21659348526018,0,-10.212121499451271,-2.395239210950749,TRUE
2595,-10.165178050826015,4.0066310013940996,0,-10.278277460197002,-2.537088653107576,TRUE
2596,-8.209416545943885,3.6903777875203287,0,-8.300755837590746,-2.2245463794263807,TRUE
2597,-9.729728062335953,3.737497423949172,0,-9.837982584951137,-2.603273516655746,TRUE
2598,-9.152330732619445,4.510489685069976,0,-9.25416103948191,-2.029121308693882,TRUE
2599,-9.039271886286842,4.6589736255312335,0,-9.139844282202695,-1.9401852452547745,FALSE
2600,-8.851117209849425,4.095863566614928,0,-8.949596166509314,-2.160989267805258,TRUE
2601,-9.469419245487366,2.497317791378839,0,-9.574777530250893,-3.791835896167237,TRUE
2602,-10.04134994557273,5.371233808144712,0,-10.153071623486614,-1.8694680410944782,FALSE
2603,-10.562617271818054,2.4216188906160325,0,-10.680138654019258,-4.361799997823375,TRUE
2604,-11.046668115636953,2.2188597442108935,0,-11.169575125543615,-4.978533746649925,TRUE
2605,-10.909890183005459,1.9755464582739124,0,-11.031275379588413,-5.522467030483161,TRUE
2606,-9.866475350963123,3.205033998769504,0,-9.976251345951884,-3.078430791920186,TRUE
2607,-8.553163754806457,2.592763243454882,0,-8.648327633302745,-3.298860309130765,TRUE
2608,-8.490353566204528,2.8416927759736406,0,-8.584818608418969,-2.9877802547798304,TRUE
2609,-12.503354611587863,2.085486201325736,0,-12.642468950230626,-5.995414692094115,TRUE
2610,-1.72653148851856,0.2273324246894207,0,-1.7457411561343668,-7.59474364854609,TRUE
2611,-1.423293345630798,0.10860407951998831,0,-1.4391291367942807,-13.10533961451093,TRUE
2612,-1.4982165604533286,0.0624051573522675,0,-1.5148859593807122,-24.007896526822726,TRUE
2613,-1.5501706055492075,0.1207483710389303,0,-1.5674180535560465,-12.838024995380016,TRUE
2614,-1.7779905127704472,0.39530837299807287,0,-1.7977727217840134,-4.497730466182448,TRUE
2615,-2.987720536577591,0.6854895951248462,0,-3.0209623968148582,-4.358520622086826,TRUE
2616,-3.8893637672585903,0.3910894201249844,0,-3.932637455403199,-9.94494754170447,TRUE
2617,-4.389182315272689,0.2102220705026828,0,-4.438017065140999,-20.878789295421175,TRUE
2618,-4.637918450639404,0.3390578768133752,0,-4.689520678839972,-13.678840008758195,TRUE
2619,-4.528039022267444,0.9417316293266287,0,-4.578418714238074,-4.808205311639741,TRUE
2620,-5.164633668586811,1.871560139595583,0,-5.222096215195841,-2.759533909341975,TRUE
2621,-4.600901569739179,2.6903618745933673,0,-4.652091942156637,-1.7101422723790936,FALSE
2622,-12.182876290335916,2.8778662211536017,0,-12.318424935523181,-4.233301812567358,TRUE
2623,-13.45727746339158,2.751090669737921,0,-13.60700530143249,-4.891615391459842,TRUE
2624,-6.854164443837695,7.503437997141489,0,-6.9304249821631085,-0.9134698582768137,FALSE
2625,-5.1500754682465795,4.657410993948028,0,-5.2073760379722,-1.1057807599412492,FALSE
2626,-5.117646307135452,8.011318980413606,0,-5.174586064787764,-0.6388019650256442,FALSE
2627,-4.838452184403451,7.986999465262524,0,-4.8922855832469985,-0.605790973875371,FALSE
2628,-4.558193588975458,8.390555503083366,0,-4.608908785515459,-0.5432528975346639,FALSE
2629,-3.373049467164543,4.70755008569151,0,-3.410578559189098,-0.7165190822752686,FALSE
2630,-2.5396435747968518,5.213766144352975,0,-2.567900058538325,-0.487103468871065,FALSE
2631,-5.578595796366478,3.699619896576552,0,-5.640664152329731,-1.5078834994721049,FALSE
2632,-7.598030665916722,4.097057362030279,0,-7.682567579721986,-1.8545092232127185,FALSE
2633,-9.785785116407979,4.638253312671342,0,-9.8946633388417915,-2.1097996285959604,TRUE
2634,-10.211287118610578,3.6866511630389005,0,-10.324899544901388,-2.7698001972590838,TRUE
2635,-9.97702818482591,5.347961653713282,0,-10.088034208462634,-1.8655758643853588,FALSE
2636,-9.086789656869465,4.853515286888124,0,-9.187890743159521,-1.8722078987610533,FALSE
2637,-8.781132668058229,4.428294790662831,0,-8.878832965426357,-1.9829602777514865,TRUE
2638,-8.860086811563697,4.489058264776262,0,-8.95866556545794,-1.9737072430280185,TRUE
2639,-9.0058814428821,12.724360253746346,0,-9.106082331342911,-0.7077669339195706,FALSE
2640,-10.172198441741143,2.8052879245179034,0,-10.285375961112967,-3.626080001570343,TRUE
2641,-11.266255316363782,3.4625064850396807,0,-11.391605488857804,-3.253786054998441,TRUE
2642,-10.808634842187255,3.1838283445644255,0,-10.928893455528387,-3.3948547699313756,TRUE
2643,-10.297023544836954,2.5989294405294396,0,-10.411589888424569,-3.962025049336969,TRUE
2644,-9.677496972433609,2.980586445407946,0,-9.785170363524168,-3.2468432470204944,TRUE
2645,-8.748473533978592,4.40484881004432,0,-8.845810460557098,-1.9861007519780385,TRUE
2646,-10.933294019004759,1.658446315935394,0,-11.054939610439167,-6.592491969110367,TRUE
2647,-11.805781659285019,1.271289250971918,0,-11.937134688828802,-9.286463839963515,TRUE
2648,-1.4289722174621877,0.13519747191283668,0,-1.4448711926689615,-10.569518773128111,TRUE
2649,-1.4440300674370068,0.12576858242582667,0,-1.4600965787095566,-11.481643822205267,TRUE
2650,-1.5173712993584805,0.12233808571564381,0,-1.5342538169981972,-12.403098270520418,TRUE
2651,-1.6091537050966733,0.16309217273600815,0,-1.627057408575707,-9.866529325728933,TRUE
2652,-2.657157658183083,0.5978290897633652,0,-2.6867216225567008,-4.44467775770973,TRUE
2653,-3.6908757934796927,0.5742722619320983,0,-3.731941072436642,-6.427048698228959,TRUE
2654,-4.2188287814035,0.3304666489588104,0,-4.265768150397169,-12.766277004640605,TRUE
2655,-4.574853177962526,0.3516304990855306,0,-4.625753731774714,-13.010399239713669,TRUE
2656,-4.734659204175685,0.5990708722055423,0,-4.787337785592335,-7.903337357639406,TRUE
2657,-3.6928220425479226,2.753326083228529,0,-3.7339089757856927,-1.3412221912406932,FALSE
2658,-11.520029004826956,5.299959956151849,0,-11.648202704280916,-2.173606800831628,TRUE
2659,-3.9096191591548823,8.084497588080165,0,-3.9531182120544015,-0.4835945730157988,FALSE
2660,-4.5858956860027975,10.206383340793307,0,-4.636919100539224,-0.4493164260912771,FALSE
2661,-4.292132397944995,7.765433492808963,0,-4.33988735479105,-0.5527228327844987,FALSE
2662,-3.282234361407428,6.260425377839117,0,-3.3187530299281605,-0.5242829621491858,FALSE
2663,-3.3969837905583042,7.340882302075387,0,-3.434779179722564,-0.4627487065959254,FALSE
2664,-7.158489350733021,5.466788278035937,0,-7.238135857022265,-1.3094506292650618,FALSE
2665,-10.944497935325339,4.656433469370754,0,-11.066268183338526,-2.350403588350704,TRUE
2666,-10.57153282815734,4.716113817166015,0,-10.689153406275343,-2.2415771200598242,TRUE
2667,-9.796894144371906,3.958251039500035,0,-9.905895967641348,-2.4750562929453177,TRUE
2668,-9.661985908571843,5.016247757368196,0,-9.769486721065874,-1.9261380968234036,FALSE
2669,-9.339743530842911,4.921261172790539,0,-9.443659022704757,-1.8978353724614312,FALSE
2670,-9.250188085030956,4.418071496748122,0,-9.353107168568556,-2.093716249689365,TRUE
2671,-9.48840500573447,3.498320814082844,0,-9.593974529126546,-2.712274119496971,TRUE
2672,-8.922901210243337,12.490834306070111,0,-9.02217884726143,-0.7143559022240106,FALSE
2673,-10.635438510193328,3.3391585890605016,0,-10.753770113229693,-3.185065406907101,TRUE
2674,-11.27970932561685,3.4929885072558773,0,-11.405209189586278,-3.229243183075426,TRUE
2675,-11.142234026578128,2.1203755964940227,0,-11.266204318212804,-5.254839776972286,TRUE
2676,-10.451376134495867,2.3814298343847535,0,-10.567659829873879,-4.388697908958547,TRUE
2677,-9.058544437579668,2.7202675330078065,0,-9.159331263007468,-3.330019686542968,TRUE
2678,-9.296634268505343,2.954863908661912,0,-9.400070119766266,-3.146214024020908,TRUE
2679,-12.7631704026725,2.292432628029839,0,-12.905175493682808,-5.567522572578901,TRUE
2680,-7.922799692180343,3.6008485203950236,0,-8.01095003851662,-2.200259090963146,TRUE
2681,-1.345171834300988,0.198145190614279,0,-1.360138432938143,-6.7888189974773505,TRUE
2682,-1.5190847553738045,0.10985638543580611,0,-1.535986337201315,-13.827914957765218,TRUE
2683,-1.6040770314468482,0.1409424036161851,0,-1.6219242510366185,-11.381081848263898,TRUE
2684,-1.9902527108553114,0.3381564586253245,0,-2.0123965832962325,-5.885597214218819,TRUE
2685,-3.247648577717482,0.6580654504060012,0,-3.2837824392345,-4.93514524385653,TRUE
2686,-3.889167601753227,0.655146826763739,0,-3.932439107328806,-5.936329755216459,TRUE
2687,-4.48801796378711,0.5375414840365269,0,-4.537952375010675,-8.34915647827869,TRUE
2688,-10.327927218593246,0.5452169931702325,0,-10.442837401435987,-18.942783053294466,TRUE
2689,-10.679578393486809,0.3942958331429798,0,-10.798401103978964,-27.085192121759434,TRUE
2690,-5.924499659277059,2.2321255476392925,0,-5.990416597370278,-2.65419642974063,TRUE
2691,-5.124308967361281,3.247426858225092,0,-5.181322854845123,-1.5779597789500377,FALSE
2692,-6.178602671833201,6.96645180712177,0,-6.2473468009992965,-0.8869081194987736,FALSE
2693,-6.042675778763271,6.74180459987248,0,-6.109907563408987,-0.896299453543576,FALSE
2694,-5.962863944060534,7.7382646287976735,0,-6.029207729369637,-0.7705686261839574,FALSE
2695,-5.24615625875551,6.2442749370537385,0,-5.304525838842201,-0.840154591468201,FALSE
2696,-5.720506576682374,3.5838616555094642,0,-5.784153854859961,-1.5961851004734653,FALSE
2697,-9.679127598608105,4.7874657280532045,0,-9.786819132308299,-2.021764363114108,TRUE
2698,-10.55526151320409,4.062330331567251,0,-10.672701054049387,-2.5983267365487386,TRUE
2699,-10.411025632936461,4.028798743347906,0,-10.526860382130613,-2.5841513304993153,TRUE
2700,-10.327543848851898,3.731620891001668,0,-10.442449766261108,-2.7675758472023415,TRUE
2701,-9.923417413869599,4.54782051973984,0,-10.033826955427921,-2.1820160603957324,TRUE
2702,-9.174462391462496,3.7588517453026475,0,-9.27653893872833,-2.440761970175497,TRUE
2703,-8.8485677502868,3.875376588939158,0,-8.947018341248686,-2.283279456128675,TRUE
2704,-9.069659634004148,2.7056549288322502,0,-9.170570128898865,-3.3521124727899343,TRUE
2705,-10.002661701831796,2.865480964100453,0,-10.113952928110223,-3.490744425507599,TRUE
2706,-10.86442406932454,3.6883496761836505,0,-10.985303402598658,-2.945605764951766,TRUE
2707,-10.501352982255163,3.902299546395541,0,-10.618192728096389,-2.691067883795596,TRUE
2708,-10.615779639280365,2.2926350972428593,0,-10.733892514550424,-4.630383462264441,TRUE
2709,-10.198705925805355,2.7355944375241665,0,-10.312178371717234,-3.728149825832967,TRUE
2710,-9.139013647039096,4.364486967073932,0,-9.240695785861005,-2.093949120706421,TRUE
2711,-11.266255348458046,1.9937240478817158,0,-11.391605521309154,-5.650859937426231,TRUE
2712,-11.968539503129218,1.1548259123291602,0,-12.101703402676186,-10.363933970783489,TRUE
2713,-1.273583433471575,0.2972561063976427,0,-1.2877535280228067,-4.284465166774029,TRUE
2714,-1.3248284523856764,0.22322637676271204,0,-1.339568707276787,-5.93490998509535,TRUE
2715,-1.5983227418846673,0.11805140427878373,0,-1.6161059383213183,-13.539209903087267,TRUE
2716,-1.9887235461647126,0.28431660266536996,0,-2.0108504048728224,-6.99474996367119,TRUE
2717,-2.9056745543632045,0.713577049617479,0,-2.9380035577785537,-4.071984316088675,TRUE
2718,-9.91129697053004,0.8231012970503978,0,-10.021571658082248,-12.041406089441722,TRUE
2719,-10.421950513944795,0.6779624952907475,0,-10.537906815125869,-15.372458781035213,TRUE
2720,-10.523445959476248,0.5313480996349587,0,-10.640531515342882,-19.805182265083772,TRUE
2721,-10.798194377883211,0.36513486306166887,0,-10.91833682893575,-29.57316726028286,TRUE
2722,-6.982126987163813,4.107484514743294,0,-7.059811257370697,-1.6998547315522081,FALSE
2723,-5.167219457011671,3.777986961536998,0,-5.224710773519483,-1.36771765218308,FALSE
2724,-12.065908883247456,5.459539764758732,0,-12.200156130211177,-2.2100597125663892,TRUE
2725,-8.854355212312871,4.687414039204865,0,-8.952870195510055,-1.8889637523496545,FALSE
2726,-8.624245725999748,5.760700112995337,0,-8.720200473964203,-1.4970829164574373,FALSE
2727,-8.397124262827568,3.9551429099732194,0,-8.490552020786359,-2.123089975245528,TRUE
2728,-9.524188897486203,6.073115580486635,0,-9.630156558225394,-1.5682541804552705,FALSE
2729,-9.776645564992451,6.1020326874222155,0,-9.885422099304144,-1.6021948858360777,FALSE
2730,-7.956713668094809,6.145257056491704,0,-8.045241346793212,-1.2947731225806942,FALSE
2731,-9.906896705669624,4.04381124659487,0,-10.01712243516578,-2.449890981932409,TRUE
2732,-10.370646968176487,3.5583501594696547,0,-10.48603245783847,-2.9144537505893333,TRUE
2733,-9.9363201308910991,4.328898993271159,0,-10.046873230158605,-2.295345801862348,TRUE
2734,-10.366850940463806,4.982750764906978,0,-10.48219419490963,-2.0805477595782063,TRUE
2735,-9.228402286758786,3.85211016357825,0,-9.331078977993474,-2.39567455105865,TRUE
2736,-8.664321751712171,4.121324205746487,0,-8.760722391997977,-2.1023150131288495,TRUE
2737,-8.656626735020616,3.167682453470244,0,-8.752941759310463,-2.7327949888212912,TRUE
2738,-8.481884864671025,2.503139137090298,0,-8.576255682747258,-3.38849916051033,TRUE
2739,-7.973450098612867,11.192891649650292,0,-8.062163989534715,-0.7123673084838614,FALSE
2740,-9.915579077496364,2.782111305735748,0,-10.02590140846085,-3.5640483028316954,TRUE
2741,-10.333909139018912,2.584815217992314,0,-10.44888587767245,-3.9979295491170546,TRUE
2742,-11.06040209298853,2.284677747954252,0,-11.183461909340787,-4.841121292879158,TRUE
2743,-10.291326573926987,3.723811266528389,0,-10.405829532098046,-2.7636541804443593,TRUE
2744,-9.234399112724086,2.453858066488506,0,-9.337142525611005,-3.763216478913386,TRUE
2745,-9.86089399457407,2.638772443878851,0,-9.970607890492069,-3.7369247270443284,TRUE
2746,-12.785580431340666,2.1534686738717563,0,-12.927834859941882,-5.937202888748441,TRUE
2747,-7.6359090367354865,2.9574172638531633,0,-7.720867391399544,-2.581951870662581,TRUE
2748,1.9109850502771644,1.419482733922723,0,1.9322469779504894,1.3462545225866756,FALSE
2749,-1.2930078077624707,0.282407959349338,0,-1.307394021032796,-4.578510502117339,TRUE
2750,-1.8812067144293823,0.20093371055015813,0,-1.9021373235385273,-9.3623250637169,TRUE
2751,-2.6197361729386257,0.517536501414443,0,-2.648883779835988,-5.061935082412172,TRUE
2752,-9.331959242557824,0.7810136683610196,0,-9.435788125173575,-11.948522312216658,TRUE
2753,-10.548867748745382,0.5788179966716368,0,-10.666236151536793,-18.224844095042453,TRUE
2754,-10.931003982603828,0.3451870476222241,0,-11.052624094724141,-31.666900765543268,TRUE
2755,-10.861812557699631,0.35312131456536405,0,-10.982662834874498,-30.75943623247095,TRUE
2756,-11.148591550928778,0.5249203360165513,0,-11.272632577404057,-21.23863524802981,TRUE
2757,-7.002485210799602,3.758835607507722,0,-7.080395989883905,-1.8629400011038435,FALSE
2758,-10.668586839541225,4.983374174913523,0,-10.787287256232613,-2.1408360008861584,TRUE
2759,-10.695430508331338,5.892282750429667,0,-10.814429592008226,-1.815159075241497,FALSE
2760,-11.11462650128404,4.761792798491665,0,-11.238289627142636,-2.334126445989982,TRUE
2761,-11.247150669122643,7.104306508348624,0,-11.37228828023226,-1.583145470413693,FALSE
2762,-11.88689452030615,8.142657425564304,0,-12.01915002461506,-1.4598298686847142,FALSE
2763,-6.498194458707206,5.132474449480156,0,-6.570494417604423,-1.2660938739530163,FALSE
2764,-9.99660745570394,6.298346743382642,0,-10.107831321464152,-1.5871795985520922,FALSE
2765,-9.87543276606364,6.512329767651808,0,-9.985308422696523,-1.5164208690900625,FALSE
2766,-9.913854875483592,6.326371609776453,0,-10.024158022698584,-1.5670680584370391,FALSE
2767,-8.455274908649997,5.009332548167074,0,-8.549349660066667,-1.6879044917358903,FALSE
2768,-8.342106303537424,4.40893941603827,0,-8.434921922813606,-1.8920891208419848,FALSE
2769,-5.469633118255748,4.47308875500284,0,-5.530489137900229,-1.222786628621742,FALSE
2770,-7.295044425229925,5.490761183967322,0,-7.3762102652873525,-1.3286034815229255,FALSE
2771,-7.870903076396804,4.293019726083217,0,-7.958476012621412,-1.8334188004251049,FALSE
2772,-7.712205630136592,3.461723205883358,0,-7.798012872995971,-2.2278516136210262,TRUE
2773,-7.140785525896425,4.688641194252013,0,-7.220235056577115,-1.5229967980170014,FALSE
2774,-9.23132519355958,3.152637240754008,0,-9.334034405526435,-2.928127941339597,TRUE
2775,-8.76740471494752,3.134854595841856,0,-8.86495227289673,-2.7967500395638156,TRUE
2776,-8.479364894127478,4.127277633135642,0,-8.573707674605286,-2.0544692283483235,TRUE
2777,-7.781799049976473,4.035061036754752,0,-7.868380600441744,-1.928545560796543,FALSE
2778,-6.890726843154911,4.891004884142824,0,-6.96739418062809,-1.4088570766910098,FALSE
2779,-9.600560160554782,2.420478517270527,0,-9.707377540276049,-3.9663893284130176,TRUE
2780,-11.628979710995905,0.9768695316714326,0,-11.758365613566884,-11.904332496785537,TRUE
2781,2.168007904419361,1.5181713919006026,0,2.1921295097936553,1.428038965814806,FALSE
2782,4.1208982979671,0.7863239006095684,0,4.166748076618062,5.240713521199759,TRUE
2783,3.799870195608064,0.4852484383836868,0,3.842148163850319,7.830772641463917,TRUE
2784,-2.5535054567611426,0.6305789003009423,0,-2.581916170035546,-4.049462256892021,TRUE
2785,-8.344103320370955,0.8798767630970413,0,-8.436941158778298,-9.483263645923431,TRUE
2786,-10.465099810510551,0.42288323173746983,0,-10.581536197719824,-24.747020040291858,TRUE
2787,-11.0233652692569,0.3893146352991311,0,-11.14601300793889,-28.314798031641075,TRUE
2788,-10.994140060259863,0.37776469143313923,0,-11.116462634556164,-29.103143595953888,TRUE
2789,-11.11807244733695,0.3490395342362175,0,-11.241773913346734,-31.853332808462422,TRUE
2790,-5.4362305023324655,2.6078702880174314,0,-5.496714879088501,-2.084547888486135,TRUE
2791,-7.750386226749196,3.1750057850264453,0,-7.836618273080263,-2.441062080359215,TRUE
2792,-14.070847055936433,6.503446071633821,0,-14.227401568156372,-2.1635986369302667,TRUE
2793,-14.652516396131468,6.5558385433275035,0,-14.815542655181256,-2.2350331386737277,TRUE
2794,-15.677864726843136,6.908135463039511,0,-15.852299176681436,-2.269478473710333,TRUE
2795,-16.979633730685524,6.289443155813881,0,-17.168551872273824,-2.6997038227445884,TRUE
2796,-17.884692244871324,7.170474819963393,0,-18.0836802133617,-2.4942131021893235,TRUE
2797,-18.597519259119235,9.412622423604303,0,-18.804438255860372,-1.9758063610924947,TRUE
2798,-1.9896535778202733,9.563431827739633,0,-2.011790784210481,-0.20804807454674337,FALSE
2799,-4.659347008607354,9.443246502666339,0,-4.711187654397631,-0.49340520839859137,FALSE
2800,-5.855260321519362,8.62056583331397,0,-5.920406891581005,-0.6792199531603655,FALSE
2801,-6.090640142507487,9.720722992647525,0,-6.158405586394902,-0.626562463215367,FALSE
2802,-5.663450539851963,9.415453228473773,0,-5.726463003367741,-0.6015058863788757,FALSE
2803,-3.5324637075488847,6.769997879477842,0,-3.571766468105623,-0.5217820995567782,FALSE
2804,-3.4669718375410676,8.148661375205968,0,-3.505545924996415,-0.4254651994854106,FALSE
2805,-0.6905036774013674,6.6723471934647725,0,-0.6981863326083998,-0.10348737219155517,FALSE
2806,-2.8271589347206763,4.729217426509375,0,-2.8586143606970893,-0.5978069265483943,FALSE
2807,-3.5300891887267825,6.936225156566542,0,-3.569365530004392,-0.5089352074139113,FALSE
2808,-2.9359509925713554,6.113442007997812,0,-2.968616856518028,-0.4802451693711079,FALSE
2809,-2.557030338670937,6.415150945427205,0,-2.585480270349594,-0.39859238861614293,FALSE
2810,-3.627823526449042,4.338731080584402,0,-3.6681872757205283,-0.8361485095684692,FALSE
2811,-4.715497894784054,6.160614427210972,0,-4.767963284384079,-0.7654265577725581,FALSE
2812,-2.842495553066969,6.828701295204986,0,-2.87412161673099,-0.41625712272155285,FALSE
2813,-1.2795673014681856,4.91924573972292,0,-1.2938039734992004,-0.26011453161115267,FALSE
2814,-3.619457787345197,5.576761733095628,0,-3.659728458055062,-0.649025000631694,FALSE
2815,-8.56855857387707,3.7850105926865947,0,-8.663893737611605,-2.2638136311780097,TRUE
2816,0.5281209116039053,1.9545426447948302,0,0.5339968699865542,0.27020178506227605,FALSE
2817,4.860884354096244,0.7028927617392019,0,4.91496733687531,6.915541912920999,TRUE
2818,5.106681435257736,0.6108320011747285,0,5.163499195978267,8.360206121219523,TRUE
2819,4.223199038899577,0.5435504499529277,0,4.270187032082525,7.769654204619484,TRUE
2820,-6.980578862020419,1.3766535353519145,0,-7.058245907537438,-5.070686765233179,TRUE
2821,-9.929877599139074,0.9421794898537538,0,-10.040359017759927,-10.539263172328662,TRUE
2822,-10.853852070898983,0.3805242665581279,0,-10.974613778414671,-28.523416309485157,TRUE
2823,-11.242164230279794,0.22230414068960563,0,-11.367246361467153,-50.571096855891575,TRUE
2824,-11.077255633667292,0.2339514456666364,0,-11.200502965229518,-47.348523973010906,TRUE
2825,-11.283533695835134,0.7563961032068299,0,-11.409076110364005,-14.917493159995498,TRUE
2826,-11.558082529438076,1.3254449661779943,0,-11.686679618540156,-8.720152721818808,TRUE
2827,-14.154770304039724,10.483905183081308,0,-14.312258559844432,-1.3501429149590531,FALSE
2828,-15.006850475379334,9.070380579521391,0,-15.1738191125048,-1.6544896152715995,FALSE
2829,-16.44419862892366,8.354934128626768,0,-16.627159433270748,-1.968202067875125,TRUE
2830,-18.110116896460188,8.195296890921622,0,-18.31161297595707,-2.2098182820590373,TRUE
2831,-18.705371855371013,9.3880164440071,0,-18.91349083748124,-1.9924732734476307,TRUE
2832,0.16109874305941388,10.235723806487057,0,0.16289115363986087,0.015738871632831174,FALSE
2833,-2.992468604077753,9.859305562703382,0,-3.025763292079299,-0.3035171782684084,FALSE
2834,-2.3126405915572503,7.418553685691552,0,-2.338371403519884,-0.31173739377497917,FALSE
2835,-1.7473077887142967,9.357029167855352,0,-1.7667486167947113,-0.18673745238680098,FALSE
2836,0.042151512253908244,6.378538809517452,0,0.042620496773035636,0.006608333587468927,FALSE
2837,3.191076752491335,4.340955789766094,0,3.226581186762895,0.7351092494455653,FALSE
2838,1.7082121810171262,4.383691925707544,0,1.7272180250650486,0.38967432245855516,FALSE
2839,-0.12811055048850148,7.254974333310303,0,-0.1295359291215166,-0.0176583051300813,FALSE
2840,0.7263681599744949,3.63159312809626,0,0.7344498491951112,0.2000136398416606,FALSE
2841,2.004151473449802,8.897717357213565,0,2.026449985763489,0.22524332848413017,FALSE
2842,0.49218560352305113,6.267191473088365,0,0.4976617398761017,0.07853367902297557,FALSE
2843,-0.2463290593237276,2.9190869987334245,0,-0.24906975613996887,-0.08438565189410538,FALSE
2844,-1.4540088897927297,7.98164958298887,0,-1.4701864270511509,-0.1821689707966671,FALSE
2845,-0.6189061794867587,6.933352055274816,0,-0.6257922293922318,-0.08926507330835767,FALSE
2846,-1.1702489895041526,8.186019553680492,0,-1.1832693683768236,-0.14295702347522496,FALSE
2847,-5.075257110313704,4.262531843937318,0,-5.131725238930078,-1.1906672597724612,FALSE
2848,-10.324534159606523,3.437789138736056,0,-10.439406590728101,-3.0032482339514464,TRUE
2849,4.5498691860811,1.3519903265968118,0,4.6004917639728085,3.3653119379440306,TRUE
2850,5.37992252151441,0.6597280837077703,0,5.4397804066003985,8.154757474137591,TRUE
2851,5.228305178379468,0.3065742478345419,0,5.286476144468739,17.053960713625184,TRUE
2852,4.285367204193451,0.6775618644862487,0,4.333046890403443,6.3246877204973275,TRUE
2853,-8.438631409925664,1.1268246200464522,0,-8.532520983093002,-7.488859632457968,TRUE
2854,-10.501462192051873,0.46610483790699164,0,-10.618303152978898,-22.53025786904056,TRUE
2855,-11.142337322969796,0.2294126996217676,0,-11.266308763896774,-48.568964758011006,TRUE
2856,-11.202404079894503,0.2706316388215936,0,-11.327043833240314,-41.39354928593319,TRUE
2857,-11.285567486157566,0.383773493841873,0,-11.411132528965362,-29.406844576940955,TRUE
2858,-11.695499468907528,0.8029634103795172,0,-11.825625481026385,-14.565420189420212,TRUE
2859,-14.474688738436951,8.139243723441169,0,-14.635736458305772,-1.778382516885394,FALSE
2860,-15.640834641254456,7.52378864726285,0,-15.814857088392154,-2.0788508787982214,TRUE
2861,-16.945275586590405,7.966212482393682,0,-17.133811453929813,-2.1271433098277965,TRUE
2862,-16.989971375267245,7.730442199210823,0,-17.179004535155336,-2.1978007127459924,TRUE
2863,-19.974334769673447,8.463370884390097,0,-20.196572437693916,-2.3600921007153612,TRUE
2864,4.151459371580845,10.560244836839836,0,4.197649177662529,0.3931215076660262,FALSE
2865,1.6967815781297555,11.732676586584304,0,1.71566024344762,0.14462016110372766,FALSE
2866,0.3362736046759865,7.877488616907159,0,0.34001503900067265,0.04268792010111637,FALSE
2867,1.226851255122844,7.948793225180954,0,1.2405013999256862,0.15434434138207373,FALSE
2868,1.742597953045702,8.19219850617283,0,1.761986378735358,0.21271432225826228,FALSE
2869,1.4748398325705314,7.11095497980459,0,1.4912491382557358,0.20740390520811036,FALSE
2870,3.1511516097210124,5.69988669159721,0,3.186211830419156,0.5528446055544314,FALSE
2871,4.173695536275756,2.79720285417894,0,4.22013274550976,1.49209612382612,FALSE
2872,3.0839662131048646,4.963149101671722,0,3.118278918251618,0.6213728723294051,FALSE
2873,2.4034253820887725,4.821001305153848,0,2.4301662802631427,0.4985324064358606,FALSE
2874,1.9963738247255962,4.499984117803463,0,2.0185858016660116,0.44364019349029793,FALSE
2875,2.6196556694856827,4.149616735580476,0,2.648802380688652,0.6313006324231599,FALSE
2876,2.398323704436975,3.9544294876899118,0,2.425007840523526,0.6064904461953174,FALSE
2877,-0.6137687763696922,9.286333315711403,0,-0.6205976667000612,-0.0660937697908459,FALSE
2878,0.09263001546199101,8.340257591844702,0,0.09366063194370874,0.011106373447334143,FALSE
2879,0.6250614874590548,6.037555392116423,0,0.6320160223131123,0.1035289031509728,FALSE
2880,-2.315073009916545,7.053170717584529,0,-2.3408308853578905,-0.3282315291397595,FALSE
2881,-7.681681046816194,5.058385448307797,0,-7.7671486682417354,-1.518603341978611,FALSE
2882,2.0107969187443353,3.168180204488837,0,2.0331693693534523,0.6346851469797511,FALSE
2883,5.4126884538909135,0.4312114751228401,0,5.4729108980215875,12.552282965913628,TRUE
2884,5.618796857763858,0.3760278148635225,0,5.681312497215644,14.942503282112717,TRUE
2885,5.213981309102445,0.23270210251147902,0,5.271992905513483,22.406249246696184,TRUE
2886,4.1274748246432065,0.47052395374225847,0,4.173397774789941,8.772082253869984,TRUE
2887,-9.796049387592024,0.8211338464662594,0,-9.905041811961379,-11.929905739179082,TRUE
2888,-10.831699342725516,0.3277100664195259,0,-10.95221457541707,-33.052690327977466,TRUE
2889,-11.291627739127453,0.29413192150007134,0,-11.417260209286557,-38.389671143275464,TRUE
2890,-11.261799782066452,0.23558666413794585,0,-11.387100381567759,-47.803214257799404,TRUE
2891,-11.974001145244426,0.7940119823825026,0,-12.10722581190185,-15.080378395947358,TRUE
2892,-17.646002775011404,1.6343518350429105,0,-17.842335045989227,-10.79694249221931,TRUE
2893,-15.810833029814244,6.989091892417785,0,-15.986746906422631,-2.262215645922019,TRUE
2894,-16.92333061350947,7.233099725051137,0,-17.11162231754139,-2.339706523732441,TRUE
2895,-17.918320480963036,7.58789810326851,0,-18.117682602628214,-2.3614339883194617,TRUE
2896,-17.54906297291055,8.343294958397227,0,-17.744316676025882,-2.1033731949327823,TRUE
2897,3.7446262340708114,12.103673195835242,0,3.7862895490930306,0.3093793242335146,FALSE
2898,1.5105806677171998,8.490492119635155,0,1.5273876316947923,0.177914383104346,FALSE
2899,3.0276905571339743,8.86545910946959,0,3.061377130262139,0.3415153710313732,FALSE
2900,2.617944295251154,7.807755708039907,0,2.6470719654285584,0.3353004875082566,FALSE
2901,5.374680253961792,4.761286332200818,0,5.4344798127340646,1.1288294546817232,FALSE
2902,5.29692885954318,4.568032437187433,0,5.355863343769533,1.1595646336532002,FALSE
2903,4.838148125875827,4.099003713802156,0,4.89197814171519,1.1803229427640738,FALSE
2904,3.933429659817711,4.257363211819192,0,3.977193632185274,0.923912164434976,FALSE
2905,4.001040279389368,3.08663264095234,0,4.04555649840746,1.2962476409745023,FALSE
2906,3.076877682011944,4.29898242976695,0,3.1111115190192598,0.7157223208699514,FALSE
2907,1.8120133262487703,3.2387262242395476,0,1.83217407856874,0.5594833279476196,FALSE
2908,0.12266988255916056,9.321682470720699,0,0.12403472744389153,0.013159628955874145,FALSE
2909,0.5710772104687052,7.96331233784004,0,0.5774311075560261,0.07171352651271287,FALSE
2910,-0.7837208476927013,9.234111089786465,0,-0.7924406521607177,-0.08487236508986211,FALSE
2911,-4.601511427509244,4.237358032838819,0,-4.652708585302546,-1.0859387835175354,FALSE
2912,-0.9398889680897136,2.5387137863386746,0,-0.9503463242357395,-0.3702225013104839,FALSE
2913,5.100942925956544,1.103698660190061,0,5.157696839097684,4.621680817369247,TRUE
2914,5.582609309953886,0.48239861844560744,0,5.644722320916194,11.572606339425803,TRUE
2915,5.580754626639078,0.2191242610844241,0,5.642847002095896,25.468446985379348,TRUE
2916,4.966650005381515,0.28194283221386346,0,5.021909753843611,17.61580518427274,TRUE
2917,-8.090746560069931,0.7402994824288747,0,-8.180765510327266,-10.929018258292867,TRUE
2918,-10.409423727262833,0.7963291486597422,0,-10.525240653396272,-13.071760269961688,TRUE
2919,-11.130552383827252,0.18413803645560184,0,-11.254392703621887,-60.446785455491586,TRUE
2920,-11.349675601326346,0.23144996642016444,0,-11.475953921356167,-49.03727478068684,TRUE
2921,-16.833915436378007,2.1108718216381557,0,-17.021212292737626,-7.9748638755876415,TRUE
2922,-18.362215471955647,1.6050812783858357,0,-18.5665164408356,-11.440053360052753,TRUE
2923,-15.299244607602757,7.760794357792752,0,-15.469466468970108,-1.9713503415073115,TRUE
2924,-16.821475910111488,9.406889165202646,0,-17.008634362296917,-1.7882081541192598,FALSE
2925,-18.850438670439633,9.610634985683129,0,-19.06017168931553,-1.9614144849451625,TRUE
2926,3.080348519791916,9.629720412715212,0,3.114620973899786,0.3198793306319239,FALSE
2927,0.8681702134658231,7.576174086512201,0,0.8778296151885986,0.11459216796660193,FALSE
2928,-0.12342311811730156,5.813690567258451,0,-0.12479634362225552,-0.0212297363764759,FALSE
2929,0.7693673108755926,6.184292926955271,0,0.7779274155795436,0.1244066734811634,FALSE
2930,0.4819530656229774,4.971183275202923,0,0.4873153531101175,0.09694936576308469,FALSE
2931,1.3839252200142569,5.02506429008462,0,1.3993229950669532,0.2754044804451551,FALSE
2932,4.52385230036208,3.243262652657272,0,4.574185410189995,1.394846111725054,FALSE
2933,9.844293676059904,9.47047771622012,0,9.953822874158549,1.0394717110415188,FALSE
2934,5.861212090859262,6.583793724921503,0,5.926424881265861,0.8902484396910755,FALSE
2935,5.042282020618713,3.912359601732719,0,5.098383263072365,1.2888084260929313,FALSE
2936,4.6777030264944965,3.5058162372872723,0,4.729747904298326,1.334269314159491,FALSE
2937,2.961349450177786,3.2292760798086455,0,2.9942979014573963,0.9170319839464652,FALSE
2938,2.278930555603079,2.269276981312364,0,2.304286304272455,1.004254030852211,FALSE
2939,0.016617462682818385,10.562367127403315,0,0.01680235125095502,0.001573270696083414,FALSE
2940,0.43322153031511457,9.079935674702575,0,0.43804162288609055,0.04771196028647034,FALSE
2941,1.1032986990210925,6.292631974635178,0,1.1155741781711035,0.1753318330816665,FALSE
2942,-2.0334459541407734,7.148773291550491,0,-2.0560704015681806,-0.2844468374097427,FALSE
2943,-6.918557825156425,5.550466400373965,0,-6.995534814621025,-1.2464822460127465,FALSE
2944,2.6284035471746177,2.4101737043800697,0,2.6576475886746977,1.0905452758023015,FALSE
2945,5.582540099956435,0.2531246584657304,0,5.644652340877156,22.054509164749092,TRUE
2946,5.760839344050324,0.28965363778271763,0,5.8249353710983005,19.888717394158164,TRUE
2947,5.438807088864431,0.14799076357998076,0,5.499320133137505,36.75099011111635,TRUE
2948,4.721766890335107,0.4514427953086268,0,4.774302029790041,10.459280642871025,TRUE
2949,-9.37044053772386,0.7485056815951897,0,-9.47469756943187,-12.518863608027528,TRUE
2950,-10.769231979268017,0.7561452552781007,0,-10.889052190005534,-14.242279382295706,TRUE
2951,-11.331106279758004,0.317202463550291,0,-11.457177994523136,-35.72199961165027,TRUE
2952,-11.400833919064459,0.3069962624579221,0,-11.5276814347829,-37.136718954769336,TRUE
2953,-16.17203759313414,3.901828963299887,0,-16.351970289931344,-4.144732571634044,TRUE
2954,-17.480809462241496,2.2304205157553674,0,-17.67530376579633,-7.837450085649585,TRUE
2955,-14.06814198467255,9.010976271564251,0,-14.224666399833618,-1.5612228420872765,FALSE
2956,-15.051619066921118,9.003994368844308,0,-15.219085806611679,-1.6716602043869382,FALSE
2957,-17.35579528583009,10.000301350075118,0,-17.54889866150895,-1.7355272284569427,FALSE
2958,0.9275365056534638,5.547139997534215,0,0.9378564263115099,0.16720986058865783,FALSE
2959,0.10443645768068138,5.561845427868239,0,0.1055984345414333,0.01877730315146678,FALSE
2960,0.05045070349192189,5.910513510803354,0,0.05101202615038959,0.008535756394043782,FALSE
2961,1.088449936842986,5.972972957710769,0,1.100560206271747,0.18222917541219721,FALSE
2962,0.9893313498203619,4.714603082932843,0,1.0003388098744228,0.20984403828220513,FALSE
2963,3.0564535182928476,5.425777876570621,0,3.0904601127627505,0.5633207970954919,FALSE
2964,10.61249188277339,10.991025650351073,0,10.730568177934648,0.9655597412270991,FALSE
2965,11.271678366984663,9.129984653368167,0,11.397088877213957,1.234578019014128,FALSE
2966,7.727286557103935,5.469384198089595,0,7.813261592787428,1.4128256997932243,FALSE
2967,5.958682944806553,4.306203741649346,0,6.024980211644081,1.38374385010503,FALSE
2968,5.392268115409727,3.426855704883684,0,5.452263359563202,1.5735322930945392,FALSE
2969,2.887598785815958,2.582015654681078,0,2.91972667531708,1.1183506113066635,FALSE
2970,2.963957304071949,2.2038946600335043,0,2.996934770754308,1.3448724922392117,FALSE
2971,0.5028534694744673,10.233764727780867,0,0.5084482982234918,0.04913670412115368,FALSE
2972,0.8796760207558232,8.287976148627505,0,0.8894634379449613,0.10613882146626329,FALSE
2973,-0.5406568638791174,9.672986655876034,0,-0.5466722992872685,-0.05589347769343664,FALSE
2974,-4.174784152925027,4.927835040857415,0,-4.22123347428333,-0.8471842337073521,FALSE
2975,-0.18849541655376667,3.086285448724147,0,-0.19059264693918396,-0.06107517262594411,FALSE
2976,5.373253419144641,0.4778790400401534,0,5.433037102722767,11.243961272486773,TRUE
2977,5.658704242196571,0.18071938273872765,0,5.721663897639648,31.312104747378196,TRUE
2978,5.694177755357063,0.18500087890601505,0,5.757532094825024,30.77919299102273,TRUE
2979,5.26671544336264,0.21759624203214592,0,5.325313768250906,24.204073536272645,TRUE
2980,4.380075362694455,0.5660191331041893,0,4.428808787140562,7.738387461697691,TRUE
2981,-10.133444469152536,0.906435279221605,0,-10.246190805579149,-11.1794462345448,TRUE
2982,-11.037617459151365,0.22455049064354518,0,-11.160423769995225,-49.15427896647371,TRUE
2983,-11.469479976584031,0.22996854088543783,0,-11.597091259402497,-49.87412596707181,TRUE
2984,-11.593376216548673,0.5957377547232826,0,-11.722365988902022,-19.46053632597743,TRUE
2985,-16.607110661405105,3.3711472399563505,0,-16.791884051283006,-4.926248982711337,TRUE
2986,-17.953567510033785,4.2224525990361,0,-18.153321795825363,-4.251928728372752,TRUE
2987,-18.59116401805054,15.62380107899337,0,-18.79801230535524,-1.189925801285762,FALSE
2988,5.1423398019230895,9.459898859272888,0,5.199554303378394,0.5435935286858176,FALSE
2989,2.2604901925410306,8.536561917280945,0,2.285640770758844,0.2648010070617562,FALSE
2990,2.0903160943475854,5.390490005170626,0,2.113573288121006,0.3877784936698756,FALSE
2991,1.952409487592449,4.8915368003533,0,1.9741323102319477,0.3991403044236389,FALSE
2992,5.789522260349168,4.713293827966061,0,5.8539374181468675,1.228338922134955,FALSE
2993,11.831149807102284,9.755898066056213,0,11.962785086747406,1.2127176531565569,FALSE
2994,10.017197210783593,9.758242454377989,0,10.128650161477385,1.0265370283241348,FALSE
2995,9.476289731946403,8.088860428494247,0,9.581724458849628,1.1715234569463857,FALSE
2996,8.596351314397847,7.20691682408192,0,8.691995704642926,1.1927918032400666,FALSE
2997,5.02640667911315,4.129294819328688,0,5.082331289958495,1.2172554634716801,FALSE
2998,3.274932725864816,4.289695611949564,0,3.3113701552116566,0.7634417502123041,FALSE
2999,3.7370248863293014,3.2798735395735457,0,3.778603627531398,1.1393807844235346,FALSE
3000,0.8232374491977295,9.767959414733506,0,0.8323969217431981,0.08427936831473715,FALSE
3001,1.5747434436870753,6.784697164973649,0,1.5922642930515751,0.23210224500759885,FALSE
3002,-1.468115620818299,7.089496534368361,0,-1.48445011183977,-0.2070831988846019,FALSE
3003,0.37746166086620137,4.248664729093282,0,0.3816613601425648,0.08884242107443398,FALSE
3004,3.131523689229579,1.9927384005477091,0,3.166365526520795,1.571467528486866,FALSE
3005,5.7193158253051415,0.15670524247354264,0,5.782949854990986,36.49728455173261,TRUE
3006,5.795634678811912,0.15525754592276553,0,5.860117844362601,37.329165834522534,TRUE
3007,5.5499488134803014,0.12603013405339125,0,5.611698438494773,44.036681030023566,TRUE
3008,5.13582092624923,0.37827149468065285,0,5.192962897643105,13.577076249388103,TRUE
3009,-8.747590848943387,0.7757104544646258,0,-8.844917954625924,-11.276876312026419,TRUE
3010,-10.543292516664469,0.6441989131950165,0,-10.660598888525158,-16.366517081460408,TRUE
3011,-11.300651729282446,0.19272297381880246,0,-11.42638460181046,-58.63676501747676,TRUE
3012,-11.508572101312323,0.41036237296869077,0,-11.636618329411208,-28.044900944635067,TRUE
3013,-11.960795379594646,1.1635404473327358,0,-12.093873116775006,-10.279655861567344,TRUE
3014,2.163600025892787,6.718041259160053,0,2.1876725885001527,0.3220581628525602,FALSE
3015,0.596302502949762,5.192687032640663,0,0.6029370607069258,0.1148350553772006,FALSE
3016,0.5349613755358069,4.948757267225536,0,0.5409134420226772,0.10810014447035646,FALSE
3017,1.5267405661334092,5.706164108660983,0,1.54372732774536,0.26755987683846627,FALSE
3018,2.383628603281837,6.656786417014567,0,2.4101492393044452,0.35807497100843527,FALSE
3019,1.5461042972435186,4.572691315307601,0,1.5633065028487592,0.33811691860059734,FALSE
3020,5.057689718643509,5.257962212700195,0,5.113962389628727,0.9619106250758243,FALSE
3021,11.519197210339161,13.298603160088888,0,11.647361655113587,0.866196026129271,FALSE
3022,10.673867351385137,11.910506186801399,0,10.79262651990239,0.8961724366688428,FALSE
3023,9.624940759139124,10.585378307094649,0,9.732029401329795,0.9092675273294852,FALSE
3024,6.77440555866759,12.364944336658509,0,6.849778686781423,0.5478719009339511,FALSE
3025,3.6496190002960254,3.2635173736337713,0,3.6902252495224297,1.1183084330365762,FALSE
3026,2.479993095677381,2.1955568833384285,0,2.5075858985739763,1.129550828082603,FALSE
3027,3.6900072819166043,2.4194490136126285,0,3.7310628976739197,1.525143642686988,FALSE
3028,1.4183368845735693,8.977020169572647,0,1.4341175293524693,0.1579964016769152,FALSE
3029,-0.4113612544190284,10.2242248835768,0,-0.41593812603704394,-0.04023397950487172,FALSE
3030,0.5482927525924234,4.633237506210352,0,0.5543931461291167,0.11833901280853754,FALSE
3031,0.27756892014296575,2.487179306013806,0,0.28065719668578154,0.11159988323794175,FALSE
3032,5.559661231329304,0.4458320796370828,0,5.621518918270167,12.47030324927491,TRUE
3033,5.742215064085642,0.09799255610392335,0,5.806103874392954,58.59848229691949,TRUE
3034,5.728978137699494,0.14296575563979524,0,5.7927196718303655,40.072380354731635,TRUE
3035,5.412633707238385,0.2872178765000217,0,5.472855542248979,18.845044651104704,TRUE
3036,4.942386646347935,0.42641890243563924,0,4.997376436766764,11.590449246311039,TRUE
3037,-9.635766549007805,0.8101269415266479,0,-9.742975640681408,-11.894144059509532,TRUE
3038,-10.967246675391356,0.5426841266597907,0,-11.089270029553058,-20.20926379935696,TRUE
3039,-11.57647323259158,0.36310014131982504,0,-11.705274939621075,-31.882315414454265,TRUE
3040,-11.851015648234492,0.8067166545822277,0,-11.982871958429937,-14.69043136883265,TRUE
3041,-18.54537875006343,10.205148469160472,0,-18.751717623097043,-1.817257123314451,FALSE
3042,1.4975490190617702,8.45008926302188,0,1.5142109908160402,0.17722286385957348,FALSE
3043,0.3773646106392446,6.627417990962985,0,0.3815632301191408,0.056939914028934266,FALSE
3044,0.5483234322210271,5.764849403770883,0,0.554424167104213,0.09511496204260941,FALSE
3045,1.329340291668173,7.6650669706887085,0,1.3441307460103387,0.17342839883220634,FALSE
3046,0.6632434528330057,6.311472107270195,0,0.6706228063878106,0.10508538128038536,FALSE
3047,2.9586719847649134,7.62150294793655,0,2.9915906461327983,0.3882005957323609,FALSE
3048,8.270104069187044,22.12916251404507,0,8.36211857999885,0.3737197042110439,FALSE
3049,9.441709204852902,15.945703141873892,0,9.546759183238152,0.5921162033964305,FALSE
3050,8.6346225580741,15.22958823679629,0,8.730692760344706,0.5669636252680779,FALSE
3051,7.361144869813115,15.199470332663173,0,7.443046154070747,0.48430272297017163,FALSE
3052,3.5029334763253996,3.9254354292251383,0,3.5419076787699963,0.8923681307418325,FALSE
3053,3.3438642693076366,4.4310811023996095,0,3.381068642116897,0.754638471296948,FALSE
3054,2.6927568369347803,2.8981698854596143,0,2.7227168835089044,0.9291231857885868,FALSE
3055,3.5745565312405843,1.9273483059774608,0,3.6143276233380477,1.8546499976960504,FALSE
3056,1.719059853520363,7.127077613312548,0,1.7381863905209352,0.2412012253534829,FALSE
3057,-1.6141502765380562,6.826131835691673,0,-1.6321095726762715,-0.23646632022226374,FALSE
3058,0.5598368092071504,3.715812625668647,0,0.5660656437783581,0.15066335835661515,FALSE
3059,3.367424840639706,2.060607459620386,0,3.4048913521629935,1.6341903572745815,FALSE
3060,5.8437278208015435,0.18626544549252094,0,5.908746078401444,31.37311810759975,TRUE
3061,5.860123053564569,0.23160661308953318,0,5.925323727166701,25.30205409678521,TRUE
3062,5.620432073502117,0.11946996236289703,0,5.682965906627764,47.04472959010169,TRUE
3063,5.4149768596978225,0.23404116301409877,0,5.475224765000339,23.13685673904988,TRUE
3064,4.446275468895264,0.8302669491272677,0,4.495745446392795,5.355236016041529,TRUE
3065,-10.153108925747878,0.6507667151139511,0,-10.266074052088,-15.601764334197762,TRUE
3066,-11.256472651270629,0.17405693151503404,0,-11.3817139802561,-64.67121161617375,TRUE
3067,-11.731720233072947,0.5969231218022111,0,-11.862249243251808,-19.653653551989937,TRUE
3068,-16.650975926443877,2.868955324997171,0,-16.836237368330604,-5.803846362250446,TRUE
3069,-17.938465248849347,2.8511658995294056,0,-18.13805150444887,-6.291624507647959,TRUE
3070,-18.259778522907823,9.080032100511847,0,-18.462939761782344,-2.010981714687827,TRUE
3071,1.3633833923197904,6.370269035107456,0,1.3785526156867192,0.21402289052565773,FALSE
3072,1.7303525913729396,8.318010861719564,0,1.7496047731949722,0.2080248054659582,FALSE
3073,0.8775417803121166,5.941495355528228,0,0.8873054515980908,0.14769712468017218,FALSE
3074,1.267379681035501,6.017538009060338,0,1.281480751637236,0.21061432086133297,FALSE
3075,2.030593249766091,7.194770759580575,0,2.0531859575448395,0.282231820529118,FALSE
3076,1.4676828973894593,6.051099537910446,0,1.4840125738603165,0.24254813330938477,FALSE
3077,3.8573602100688325,6.223300749467977,0,3.900277821477959,0.6198254536225963,FALSE
3078,7.424395346999039,8.483333398412121,0,7.507000366260267,0.8751742974511304,FALSE
3079,8.764978507326152,7.897087703918363,0,8.86249907089832,1.1099001095020333,FALSE
3080,7.93355839307807,6.799016860383127,0,8.021828442454575,1.1668684687790303,FALSE
3081,6.116611997558939,6.045084948695614,0,6.184666408491682,1.0118322652982337,FALSE
3082,4.3558805040408926,4.242946081737218,0,4.404344732590002,1.0266169826644216,FALSE
3083,3.343322749135849,2.5656247440674385,0,3.380521096904398,1.3031222733826147,FALSE
3084,3.903739863799626,3.1189903279510465,0,3.9471735027114243,1.2516037093209276,FALSE
3085,1.702014007941311,9.611790103402482,0,1.7209508901165984,0.17707565288372396,FALSE
3086,1.01938731042828,2.0796843684668356,0,1.0307291779443486,0.4901644335480497,FALSE
3087,-0.3682820172343615,2.8750444195608877,0,-0.37237958231614354,-0.12809611382999433,FALSE
3088,1.0361987191531088,3.3536115662628356,0,1.047727633112237,0.30897994555398606,FALSE
3089,5.728395492508386,0.5083899179163944,0,5.792130544034953,11.267720485067585,TRUE
3090,5.894185890149353,0.14893360968738859,0,5.959765552361421,39.57592851285374,TRUE
3091,5.7704593751311535,0.13131857866558158,0,5.8346624361954484,43.94244465458552,TRUE
3092,5.56290489262997,0.2614945780940128,0,5.6247986690692615,21.273499944729213,TRUE
3093,5.204849577825124,0.7418032084450104,0,5.262759573122159,7.016482968219674,TRUE
3094,-9.073266438277916,1.0969001048288294,0,-9.17421706305831,-8.271734498278486,TRUE
3095,-10.636128952447109,0.8108893293136635,0,-10.754468237455272,-13.116622167724818,TRUE
3096,-17.323994076002357,2.437769806909255,0,-17.5167436262951,-7.10649300311366,TRUE
3097,-18.05694032476581,11.446636485589348,0,-18.25784475315526,-1.5774887537923,FALSE
3098,3.6295009589589426,8.556664068394928,0,3.6698833716148953,0.4241724263039544,FALSE
3099,0.5238195388279067,5.6739520136659225,0,0.5296476394437739,0.09232005092152136,FALSE
3100,0.6138327433557652,5.61107559406166,0,0.6206623453931313,0.10939662691506057,FALSE
3101,1.7689347263056876,6.61809287130161,0,1.7886161791794761,0.2672876855470575,FALSE
3102,2.6703565245333447,7.733641859188212,0,2.7000673416213092,0.3452909474157687,FALSE
3103,2.131485100178724,5.7861450176731966,0,2.1552003469464562,0.3683774073529643,FALSE
3104,4.3462574508324,4.582520084209551,0,4.394614611740512,0.9484426409408953,FALSE
3105,9.396893356798163,9.036553097645811,0,9.50144470683474,1.039875852579921,FALSE
3106,9.690790852250984,8.418181474097787,0,9.798612153191039,1.151173906391652,FALSE
3107,8.641920117164407,7.248033062825613,0,8.73807151325364,1.19231245804988,FALSE
3108,5.951823849274061,5.852750009863534,0,6.018044800709177,1.0169277415306581,FALSE
3109,4.4630841833239625,3.4126056507020825,0,4.5127411772873804,1.3078230068586338,FALSE
3110,3.351162995025421,2.807740895591516,0,3.388448574633393,1.1935442477214127,FALSE
3111,3.9152659913994343,2.3456850135110434,0,3.9588278718646377,1.6691354418209063,FALSE
3112,3.2143069444873142,2.6974764668926228,0,3.250069841619159,1.1915977707082865,FALSE
3113,0.4830416048947976,2.338129554110147,0,0.4884160036453218,0.20659317360993504,FALSE
3114,1.2101319884998283,4.263869245082258,0,1.223596112047487,0.28381076410716305,FALSE
3115,3.82782011873148,1.9154229840529404,0,3.8704090623232488,1.9984202709273133,TRUE
3116,6.016871974989732,0.3008114579020065,0,6.083816662355723,20.0021369430343,TRUE
3117,5.962545948614747,0.2808440572156357,0,6.028886195855267,21.230806903051636,TRUE
3118,5.6730017151040855,0.122623242642329,0,5.736120446535134,46.263673940276234,TRUE
3119,5.558051362963736,0.25133409749590346,0,5.619891138249692,22.11419548059661,TRUE
3120,4.925086683798017,0.6178127931493004,0,4.979883992045186,7.971810778945496,TRUE
3121,-9.492239573688959,0.5975573281002448,0,-9.597851761102135,-15.88506931019774,TRUE
3122,-10.911595994710696,0.3225661291655983,0,-11.033000170429618,-33.82746980576167,TRUE
3123,-17.415812228797048,3.2474727228472355,0,-17.60958336265662,-5.36288175918154,TRUE
3124,-20.06999305779848,9.008910779819765,0,-20.2932950353504,-2.227793520028623,TRUE
3125,0.7262428478125242,6.514229111344516,0,0.7343231427898292,0.11148561639439022,FALSE
3126,0.6439040490420832,7.286922239524684,0,0.6510682292732725,0.08836433653010742,FALSE
3127,0.22907482284045214,5.638609655734426,0,0.23162354624062056,0.04062611828564595,FALSE
3128,0.3159082276615153,5.219118426122136,0,0.31942307351913896,0.0605290399390762,FALSE
3129,0.6348334793395582,5.900065910603948,0,0.6418967389502838,0.10759769279841397,FALSE
3130,4.500961744361932,5.6195850189010335,0,4.551040170174393,0.8009420142632063,FALSE
3131,4.996444623530989,6.01425377835035,0,5.052035871716778,0.8307671753920342,FALSE
3132,8.704858950080618,8.767497681317868,0,8.801710613769075,0.9928555748157513,FALSE
3133,7.9972606231525125,6.888387483818477,0,8.086239433808062,1.1609771723700055,FALSE
3134,6.273398846273993,5.821261012675196,0,6.343197692955736,1.0776700843020635,FALSE
3135,4.588297018925546,3.449840918810804,0,4.639347151079107,1.3300024919720588,FALSE
3136,4.514963659206846,3.4539569158203416,0,4.565197872580637,1.3071858651527237,FALSE
3137,3.7358276336821303,3.26379166679572,0,3.7773930540583067,1.144628093664397,FALSE
3138,4.26307682652463,1.514166750083321,0,4.310508506400016,2.8154605998910247,TRUE
3139,2.532865305026013,2.3113476473501904,0,2.5610463726455253,1.0958391776026328,FALSE
3140,0.6674528843786453,1.6712938753083415,0,0.6748790727472841,0.3993629691579556,FALSE
3141,1.4137569672064172,2.6436989851854014,0,1.42948665508652,0.5347647274249988,FALSE
3142,5.95456401721604,0.5746191972432566,0,6.020815456201325,10.362626319801254,TRUE
3143,5.9858377577727255,0.2179604667791632,0,6.0524371534360055,27.462951636259596,TRUE
3144,5.831572977805949,0.12534746798676574,0,5.896455998663618,46.52326107154912,TRUE
3145,5.661655006289106,0.2902898511126866,0,5.724647492409067,19.503454855854837,TRUE
3146,5.443988342163451,0.2324121102332338,0,5.504559033895821,23.423858320894794,TRUE
3147,4.461622143386244,0.6415339608713398,0,4.511262870457671,6.954615679778527,TRUE
3148,-18.184519980511585,3.746584730838814,0,-18.386843880713574,-4.853625711659882,TRUE
3149,-0.09335868353281365,5.676959253320543,0,-0.09439740729293078,-0.016445191759691894,FALSE
3150,3.848072763792323,7.535623385219341,0,3.8908870415772685,0.5106508867388568,FALSE
3151,0.43222237526296775,5.219768835563341,0,0.43703135107379426,0.08280488827745575,FALSE
3152,1.2023581138896373,4.3465603247150515,0,1.2157357440554248,0.27662289812311774,FALSE
3153,4.271017984689691,6.657366495769474,0,4.318538019170742,0.641547673153307,FALSE
3154,6.232764436539265,8.091193432224559,0,6.302111178229028,0.7703146005280527,FALSE
3155,9.652430944038578,9.42987402804918,0,9.759825446457185,1.0236012607726679,FALSE
3156,7.152835316733564,6.998671128177971,0,7.23241891532924,1.022027637208855,FALSE
3157,4.2748488725884,3.9447557175978254,0,4.322411530145657,1.0836789851189026,FALSE
3158,3.967352957258232,3.109855655265336,0,4.011494365700722,1.2757354028766759,FALSE
3159,3.5304987984119776,1.8973678900695647,0,3.5697796970729634,1.860734977591792,FALSE
3160,6.648211335426122,3.2718079449790656,0,6.722180406272757,2.0319686996385298,TRUE
3161,3.845292967411612,2.4005820486360925,0,3.8880763167339905,1.6018169300217595,FALSE
3162,1.2654137020718372,2.111158647269266,0,1.279492898874755,0.5993929938465876,FALSE
3163,0.863511465051505,2.1743569207285933,0,0.8731190327885467,0.3971341856617338,FALSE
3164,4.228154997491633,1.8882510259572876,0,4.275198131468655,2.239191155925936,TRUE
3165,6.184246951238497,0.4119502608145722,0,6.253053879566975,15.012120490007801,TRUE
3166,5.995521010350789,0.19172734151450038,0,6.0622281434429555,31.271079873067276,TRUE
3167,5.709102410090586,0.1976559296989112,0,5.772622803672601,28.88404318953268,TRUE
3168,5.690435654472863,0.14861154721797662,0,5.753748358723252,38.29066960810517,TRUE
3169,5.288783197134831,0.876493819970163,0,5.347627051408347,6.0340222333967715,TRUE
3170,2.296066589877732,7.070108738412417,0,2.321612996826357,0.3247568990563094,FALSE
3171,1.575758205051108,8.243775206337226,0,1.593290344814099,0.19114521752604047,FALSE
3172,1.44174671735102,6.908439441731557,0,1.457787823702493,0.2086935449765852,FALSE
3173,2.6045723938606677,6.387790129554281,0,2.633551286107979,0.4077423241897282,FALSE
3174,4.766934271756281,6.318864228139104,0,4.8199719507767815,0.7543973251598312,FALSE
3175,3.824062960784148,5.134235399905431,0,3.8666101016310326,0.7448164454739619,FALSE
3176,7.274372017491197,8.047744334327522,0,7.355307853008239,0.9039019774103014,FALSE
3177,10.362055978535292,9.730145761151292,0,10.477345883461869,1.0649435509904666,FALSE
3178,6.064781396658418,5.072734092779124,0,6.132259131971719,1.195564617765288,FALSE
3179,4.506015618974637,3.357509056138508,0,4.5561502750106,1.3420710245699334,FALSE
3180,7.907232217291387,3.086477879285944,0,7.995209357392954,2.5618949905193307,TRUE
3181,7.099436852943191,2.3555987679995876,0,7.178426331624211,3.0138565826183323,TRUE
3182,5.600135888269354,2.9772860370096126,0,5.662443902766854,1.8809532636958635,FALSE
3183,2.6392720836713015,2.2266934222918264,0,2.6686370502601853,1.1852875915692194,FALSE
3184,0.9275413192139159,1.7337738197014656,0,0.9378612934284114,0.534984038098826,FALSE
3185,1.0609895462600822,2.445591492785802,0,1.072794286957276,0.433837601001587,FALSE
3186,6.167011368013522,0.6446025713249615,0,6.235626530465086,9.567152913053718,TRUE
3187,6.1337687656357565,0.2947204840282212,0,6.202014065535373,20.81215625666661,TRUE
3188,5.813249506031992,0.1712232677756541,0,5.877928656989409,33.951282331843025,TRUE
3189,5.70812822836891,0.21098014164490922,0,5.771637783048075,27.05528673867322,TRUE
3190,5.58659009692176,0.20179304657614985,0,5.6487473987614765,27.684750251359976,TRUE
3191,4.849783248333145,0.5164389053447533,0,4.903742718420264,9.390816993339472,TRUE
3192,-9.843240851032085,1.2070057038405777,0,-9.952758335229781,-8.15509058466901,TRUE
3193,1.4849532644427388,7.076813450819703,0,1.5014750938009904,0.20983360304216264,FALSE
3194,4.052604271452159,7.509948340370155,0,4.097694199756793,0.5396314445556375,FALSE
3195,1.8390718348339616,5.9221524814138125,0,1.8595336444816182,0.3105411150094053,FALSE
3196,2.765971073180422,6.628043052135619,0,2.7967457131473554,0.4173133836674763,FALSE
3197,4.72831551581816,5.925303763442056,0,4.780923516335697,0.7979870238874377,FALSE
3198,6.393884991110643,7.515592632739008,0,6.465024386059252,0.8507492760129063,FALSE
3199,9.014021649014031,8.774126850599792,0,9.114313106720267,1.027341159126032,FALSE
3200,8.789158035812743,7.672083896767725,0,8.886947624716,1.14560244049412,FALSE
3201,6.255135214126824,4.4134401469169315,0,6.324730856693647,1.417292408167455,FALSE
3202,4.52595126507463,2.77575083079667,0,4.576307728322238,1.6305322563032913,FALSE
3203,7.34729949347347,2.553929615230146,0,7.429046731842411,2.8768606032282418,TRUE
3204,6.694589026830053,2.6217398295595067,0,6.7690741033461945,2.55349098768311,TRUE
3205,4.255457747692441,2.5644448088340273,0,4.302804656468731,1.6594070315076364,FALSE
3206,1.4142146663911335,2.134527003017625,0,1.4299494467061353,0.6625424107504045,FALSE
3207,0.9744066498177955,2.2550691963692313,0,0.9852480552541322,0.43209611988254576,FALSE
3208,4.80708220856163,1.8935308130965105,0,4.86056657999789,2.5386870788231635,TRUE
3209,6.321455159982999,0.5806578136214691,0,6.391788688956567,10.886713330450345,TRUE
3210,6.051369178993478,0.2426844462343654,0,6.118697687811319,24.935133968781606,TRUE
3211,5.748514250566674,0.17222997877062568,0,5.812473146638048,33.37696660941062,TRUE
3212,5.7699908688840384,0.13646911126331807,0,5.834188717272316,42.28056309204507,TRUE
3213,5.426572883220403,0.7747967821532553,0,5.486949807749626,7.00386605651522,TRUE
3214,4.052519057821088,0.5981355228759393,0,4.097608038025127,6.775252267806923,TRUE
3215,-10.717962157281457,0.9758270822645791,0,-10.837211931716114,-10.98346454210774,TRUE
3216,3.380713600820397,7.545369167093148,0,3.4183279652312772,0.44805145062541935,FALSE
3217,2.509789897171897,7.738745903243439,0,2.537714224084434,0.32431480869787976,FALSE
3218,1.8052934458093708,7.6139289647418185,0,1.8253794316564915,0.2371040568107778,FALSE
3219,5.648015474515394,5.796907326329197,0,5.710856205006483,0.9743152954787556,FALSE
3220,4.621262632745838,5.4333495731789165,0,4.672679545632012,0.8505365926680202,FALSE
3221,7.94968152170938,7.323696484765514,0,8.038130959613689,1.0854739185663984,FALSE
3222,8.906022306348211,6.715354790304535,0,9.005112145961101,1.326217688335173,FALSE
3223,7.475226578215418,5.544462781786878,0,7.558397153947908,1.348232799536674,FALSE
3224,5.893849702372512,4.518098878955949,0,5.959425624105189,1.304497723550148,FALSE
3225,8.456049942883077,2.882628228145567,0,8.55013331745554,2.9334514455660368,TRUE
3226,7.401339128690358,2.3208315077721187,0,7.483687620750587,3.1890893862412573,TRUE
3227,6.4322566114808595,3.134140462748837,0,6.503822935262272,2.0523191886043834,TRUE
3228,2.9260364824090406,2.4640606412665336,0,2.9585920359176714,1.1874855810793075,FALSE
3229,1.27098281515242,1.8416541157535655,0,1.285123974805077,0.6901311186940013,FALSE
3230,1.3348369112699352,3.8657556726552005,0,1.3496885218877104,0.3452977953863029,FALSE
3231,6.319086876259924,0.6515730299680877,0,6.38939405532708,9.6982020212982345,TRUE
3232,6.2733226894980065,0.43070592436758687,0,6.343120688847185,14.565211051390197,TRUE
3233,5.879146707269026,0.3040569997865447,0,5.94455904110842,19.33567295407219,TRUE
3234,5.753085793332857,0.1997652826370483,0,5.817095553125868,28.79922736016941,TRUE
3235,5.686131225623885,0.15844759696127275,0,5.7493960381051314,35.88650970209205,TRUE
3236,5.1229676227612915,0.6072266053201023,0,5.179966586228923,8.436665287517657,TRUE
3237,-9.105568358501728,1.8298721907661772,0,-9.20687837965281,-4.976067948597644,TRUE
3238,1.9690785369173587,6.821547777101168,0,1.9909868220862883,0.2886556836158557,FALSE
3239,1.9286030799583516,6.199478809119006,0,1.950061028669504,0.3110911641671409,FALSE
3240,2.273651036506237,6.305660472802857,0,2.2989480443952126,0.36057301948190723,FALSE
3241,3.2865113069122547,5.515291276134774,0,3.3230775614180126,0.5958907956744411,FALSE
3242,4.10553641919145,4.803087370147802,0,4.151215279103196,0.854770297269257,FALSE
3243,5.481200583360805,4.998509205161326,0,5.542185304486437,1.0965670679772013,FALSE
3244,9.017332252399319,8.661466152358734,0,9.117660544412407,1.0410861271961067,FALSE
3245,9.30934270525381,7.534626322770189,0,9.412919952630284,1.2355413933562038,FALSE
3246,7.088998888375876,5.400208722519968,0,7.167872232580777,1.3127268319858285,FALSE
3247,9.277818908827445,2.9604487820622385,0,9.381045417364017,3.1339231284942373,TRUE
3248,7.589899121730792,2.570813849411318,0,7.674345562664836,2.9523332167627685,TRUE
3249,6.918712523082558,2.138246483845829,0,6.995691233741217,3.235694563443701,TRUE
3250,4.532036184400485,2.8843213858576173,0,4.582460349441252,1.5712660200149435,FALSE
3251,1.8376398070755753,2.626969637243465,0,1.8580856837515844,0.699528377116627,FALSE
3252,1.3160521489709578,4.89870872799076,0,1.3306947572957515,0.2686528679386794,FALSE
3253,2.729507481233084,2.1046149865705113,0,2.759876421398974,1.2969153496720274,FALSE
3254,-0.09892727494184261,1.8370923311515195,0,-0.10002795574749702,-0.053849919932893835,FALSE
3255,6.162748029932422,0.3210136427008253,0,6.23131575779735,19.19777607606513,TRUE
3256,5.758000592897434,0.327605192626374,0,5.822065035542546,17.576035797040305,TRUE
3257,5.820048550817589,0.1591256222860146,0,5.88480334904313,36.575181716220115,TRUE
3258,5.539489876840045,0.6429849241695937,0,5.601123134039732,8.615271787272805,TRUE
3259,4.587982364482216,1.1674676149740666,0,4.639028995739726,3.9298583580702844,TRUE
3260,-10.142757092822276,1.7188553521970684,0,-10.255607043000804,-5.900878791142978,TRUE
3261,2.1967899339756,6.483041351095094,0,2.2212317728496944,0.3388517541392089,FALSE
3262,2.404965760913531,6.298231441576019,0,2.4317237975909767,0.3818477906413251,FALSE
3263,2.7975562840781762,5.6931723835523185,0,2.8286823461923194,0.4913879460527787,FALSE
3264,5.74323913826522,4.833889545276464,0,5.807139342586909,1.1881196466057744,FALSE
3265,4.63285417573808,4.438383830405411,0,4.684400057999858,1.0438155762916308,FALSE
3266,7.211093559028174,6.110256670549017,0,7.29132534821742,1.1801621352152207,FALSE
3267,8.593889523710224,6.838786202358866,0,8.689506523675332,1.2566395950126323,FALSE
3268,8.488782382405264,7.165001058724912,0,8.583229943375517,1.1847566124318105,FALSE
3269,5.8146716841581245,2.586823246514893,0,5.8793666584985935,2.247804016757605,TRUE
3270,8.297837810588764,2.666353534438625,0,8.390160891477404,3.112054610693549,TRUE
3271,7.450782184857437,1.9883506923166316,0,7.5336807883295895,3.74721733628212,TRUE
3272,6.468922599902646,2.3742899356422673,0,6.540896875380897,2.7245714614684338,TRUE
3273,3.1521091548322038,2.7730908197419533,0,3.187180029331587,1.1366772167690922,FALSE
3274,1.314143410042959,2.441367628823022,0,1.3287647814307977,0.538281655957118,FALSE
3275,1.901605074883288,3.947083589399583,0,1.9227626394385586,0.4817747158915765,FALSE
3276,-0.20889118716037336,2.051134618672327,0,-0.21121534417685797,-0.10184177345492122,FALSE
3277,-0.2034626887053932,1.40946674425399,0,-0.20572644737312681,-0.14435437340742863,FALSE
3278,-0.8534800687049107,0.5094750201046425,0,-0.8629760255093851,-1.6752147505281259,FALSE
3279,5.807136545431477,0.3276143340485467,0,5.871747682603994,17.72552645566162,TRUE
3280,5.769106965468161,0.2120102122974082,0,5.83329497940457,27.21145789607177,TRUE
3281,5.305904585973732,0.6130301652440033,0,5.364938935579017,8.655209623920923,TRUE
3282,3.5833839946393615,0.7553188735383296,0,3.6232533025173703,4.7442002579027545,TRUE
3283,2.475968166854929,6.955013522246381,0,2.503516187744726,0.3559976064655044,FALSE
3284,2.524696307800185,6.323803947316924,0,2.5527864858399205,0.39923696699537436,FALSE
3285,2.913943715051865,6.015486981847431,0,2.946364722481822,0.48440695222932,FALSE
3286,3.8299721221897367,4.836786501740746,0,3.872585009318832,0.7918422946332944,FALSE
3287,4.4990026972968336,4.160339235263681,0,4.549059326435898,1.0814028479126385,FALSE
3288,5.9911629283838295,3.923229676561608,0,6.057821572753616,1.5270997168930973,FALSE
3289,8.572146880295932,8.252930081481106,0,8.667521968106032,1.0386792079495648,FALSE
3290,7.9963134279151395,5.975317483711557,0,8.085281699923815,1.338224027378081,FALSE
3291,7.267792006433002,5.627795351468566,0,7.348654631686473,1.2914101442115304,FALSE
3292,9.34614526969479,2.778327010569812,0,9.450131988334906,3.3639471646564645,TRUE
3293,7.85985735708109,2.3403230437814697,0,7.947307396852292,3.358449756740084,TRUE
3294,6.929908154745528,2.136412923056549,0,7.007011429806531,3.2437119622132613,TRUE
3295,4.83020593645486,2.678216840157298,0,4.883947586214639,1.8035156317556313,FALSE
3296,2.2160270308245487,2.728961467424968,0,2.240682904738733,0.8120404253694277,FALSE
3297,1.7748941162280594,3.393732705984345,0,1.794641874234632,0.5229917232722237,FALSE
3298,3.2128534277074707,2.1137228368760206,0,3.248600152777352,1.5199974999825008,FALSE
3299,-0.08598665939691386,1.7265761750617212,0,-0.08694336082830541,-0.049801833616660456,FALSE
3300,-0.48719351123106036,1.17152997052816,0,-0.49261410476066736,-0.41586090282557536,FALSE
3301,-1.0163091590619502,0.23422005629431777,0,-1.0276167785697945,-4.339120975126356,TRUE
3302,5.9056609187752684,0.1952818935448099,0,5.971368254005322,30.241722934851303,TRUE
3303,5.662003587360958,0.6900462001658616,0,5.724999951850108,8.205252903356358,TRUE
3304,4.921617048049197,0.6632362949348259,0,4.976375752569805,7.420608741764997,TRUE
3305,2.8853049995013955,6.22940447427134,0,2.917407367966279,0.4631750934488634,FALSE
3306,2.8723676890772443,6.07375838119677,0,2.9043261149411714,0.47291438164046207,FALSE
3307,5.380424722602233,5.141311111126383,0,5.440288195258467,1.046508294539574,FALSE
3308,5.051108781176558,4.578398993813798,0,5.107308231590833,1.10324783576125,FALSE
3309,6.532503326547652,4.024470252088376,0,6.60518501143821,1.6231958288566821,FALSE
3310,6.781921093782695,5.42018578195921,0,6.857377840951539,1.251234065879429,FALSE
3311,6.7713694886506195,4.985168250811059,0,6.846708836960104,1.3583030999102097,FALSE
3312,10.146108009685701,3.048799661768849,0,10.258995242705339,3.32790249779782,TRUE
3313,8.82139328599817,2.383035920875238,0,8.919541529490521,3.7017458313252205,TRUE
3314,7.4462823287311135,1.9242135951215988,0,7.529130866078738,3.869779502446844,TRUE
3315,6.3989843478191695,2.171242473212615,0,6.4701804790324084,2.947153266742751,TRUE
3316,3.3978503835143306,2.505846968543665,0,3.435655414531493,1.3559688305663278,FALSE
3317,1.8793474886618295,2.6312809781252384,0,1.900257411725423,0.7142329170793633,FALSE
3318,2.1860363680127497,3.367174177832015,0,2.2103585609787304,0.6492198658461585,FALSE
3319,-0.112812888567696,1.9622455874153575,0,-0.11406806294857216,-0.057491727483658946,FALSE
3320,-0.23549477757254333,1.2980282349204615,0,-0.23811493042380033,-0.18142500389213306,FALSE
3321,-0.8483993223038446,0.5492814093063034,0,-0.857838749904969,-1.5445622370058039,FALSE
3322,-1.3003740051469284,0.3706560454513234,0,-1.3148421759166034,-3.5083037794879313,TRUE
3323,-1.7262456205136734,0.2595059312873953,0,-1.7454521075159828,-6.652046879814498,TRUE
3324,-2.2714772979496587,0.6956882777993707,0,-2.2967501204731007,-3.2650791603602802,TRUE
3325,4.124493321193174,0.6668677565741041,0,4.170383098651978,6.184874408056418,TRUE
3326,3.9341471257163896,7.225412197343875,0,3.977919080725179,0.5444875694652572,FALSE
3327,3.11885796156276,6.644301540335276,0,3.15355887792655,0.46940343430069253,FALSE
3328,6.527581257839172,4.114647275704514,0,6.600208178999962,1.5864254747623567,FALSE
3329,6.34187835423058,3.343593822350053,0,6.412439114955066,1.8967251081272711,FALSE
3330,5.94698948225363,2.3304628038147404,0,6.013156645742095,2.551849131648438,TRUE
3331,10.451698413950872,3.59023685427031,0,10.567985695062045,2.9111445395362656,TRUE
3332,9.654117838991706,2.6746494694123397,0,9.761531110075447,3.609489000109184,TRUE
3333,8.295433344819829,2.2141080210174615,0,8.387729673234782,3.7466253977110755,TRUE
3334,7.080997009673344,2.098838763409881,0,7.159781323686093,3.3737689302865714,TRUE
3335,4.848689533960201,2.563590611811082,0,4.902636835204927,1.8913665511260322,FALSE
3336,2.375217222707885,2.473129039418542,0,2.4016442723545195,0.9604097420110045,FALSE
3337,1.9532566719093705,3.1927424579262933,0,1.9749889204581246,0.6117802164281122,FALSE
3338,3.2612134341076606,2.2844219529430747,0,3.2974982204031975,1.427588029394553,FALSE
3339,-0.06637781553152822,1.6471144728060498,0,-0.06711634580560857,-0.04029945497257755,FALSE
3340,-0.4154815290478697,1.00772254165458,0,-0.4201042435054931,-0.41229754408955704,FALSE
3341,-0.976231316741753,0.25144614991456754,0,-0.9870930237163772,-3.882466751125208,TRUE
3342,-1.4205388455266086,0.16816389342291885,0,-1.4363439896779744,-8.44734750493714,TRUE
3343,-1.8598220132377337,0.22885720630851955,0,-1.8805146927147307,-8.126560850919986,TRUE
3344,-2.7951207289981848,1.375284834853676,0,-2.8262196927339565,-2.032394059878929,TRUE
3345,6.769709415366711,4.019265228702648,0,6.845030293433275,1.6843151745802705,FALSE
3346,5.998888544683668,2.2267039651267306,0,6.065633145505586,2.6940664940802974,TRUE
3347,6.022401190951126,1.99615623181835,0,6.089407397265078,3.0169989176975225,TRUE
3348,10.42066259700697,2.970053097624728,0,10.536604568616612,3.508577878739204,TRUE
3349,9.067827328144434,2.281358883266501,0,9.168717436508832,3.974748293508698,TRUE
3350,7.794678884470994,1.7983082591049107,0,7.881403738050764,4.334450917970379,TRUE
3351,6.498205105051724,2.1744238881352835,0,6.570505182401885,2.9884720916234864,TRUE
3352,3.6258508238648393,2.8669319218016893,0,3.6661926245294225,1.264714657607292,FALSE
3353,2.0107402343173173,2.622366244999342,0,2.033112054246363,0.7667656026886595,FALSE
3354,2.376988424265871,3.5064664678032695,0,2.403435180586514,0.6778871111677867,FALSE
3355,-0.1321728247718823,2.0546495902044706,0,-0.13364340092331334,-0.06432864533301223,FALSE
3356,-0.11066452388152359,1.2080367069254496,0,-0.11189579521063768,-0.09160692158367745,FALSE
3357,-0.7248498887986543,0.8221321239212733,0,-0.7329146854894601,-0.8816708016971556,FALSE
3358,-1.1327451071244459,0.19522842806550092,0,-1.145348211757054,-5.802152475173337,TRUE
3359,-1.4430630303230438,0.18728997446258844,0,-1.459118782184801,-7.704966773922534,TRUE
3360,-1.9347967621165971,0.7308648675945563,0,-1.956323622733712,-2.6472701697708585,TRUE
3361,6.724423044416872,3.99807687894599,0,6.799240059021196,1.6819143923489601,FALSE
3362,6.4209450266886154,2.563064938507969,0,6.492385495954479,2.5051823425224744,TRUE
3363,5.941866578148328,2.479007579234431,0,6.0079767433800315,2.3968730987031917,TRUE
3364,10.098129411080121,3.3182867526861246,0,10.2104828264787,3.043175639629629,TRUE
3365,9.850823003784356,2.6777363511325114,0,9.96042484823563,3.6787874951236654,TRUE
3366,8.513873723162336,2.110256397678122,0,8.608600454433962,4.034520986421366,TRUE
3367,7.312065951605671,1.9555104324868924,0,7.393421175909008,3.739210914005023,TRUE
3368,5.210872302819807,3.063319263898436,0,5.268849307925848,1.7010542662759727,FALSE
3369,2.7868449487321776,2.641361245125781,0,2.8178518348028567,1.0550790634468739,FALSE
3370,2.376837208228808,3.380838188144715,0,2.4032822820954505,0.7030319334901777,FALSE
3371,3.4622605458886984,2.468592974484985,0,3.500782214753777,1.4025238594106504,FALSE
3372,0.03764275302472897,1.6824484031630198,0,0.03806157236197106,0.02237379342745978,FALSE
3373,-0.18521870784303163,1.1613795244922491,0,-0.18727948103920816,-0.15948163708500765,FALSE
3374,-0.9111792997191378,0.22697868246082745,0,-0.921317227467578,-4.014382715770638,TRUE
3375,-1.2856965700463507,0.1321383610025437,0,-1.300001437307454,-9.729926724470275,TRUE
3376,-1.5566158076170342,0.21101970858859215,0,-1.5739349659808883,-7.3766370829932315,TRUE
3377,-2.585940385281011,1.0562735864592054,0,-2.614711974797842,-2.4481729150773224,TRUE
3378,7.049566879302142,4.0119159971343485,0,7.128001496618615,1.7571571499347298,FALSE
3379,6.071869790167129,2.3561814856587504,0,6.139426392089083,2.576995798975787,TRUE
3380,10.706539087838642,5.214568729883141,0,10.82566176736156,2.0531974248383484,TRUE
3381,9.975446806762811,3.030911524564141,0,10.086435235732326,3.2912365557082124,TRUE
3382,9.362273964674309,2.269022417340908,0,9.466440133774316,4.126126693647239,TRUE
3383,7.973400394878823,1.7621390868568947,0,8.062113732788916,4.524841684943767,TRUE
3384,6.90374706691386,2.4040467928647886,0,6.980559269495123,2.87171908941381,TRUE
3385,3.850040712337244,3.316643188656802,0,3.8928768858348857,1.1608245124180696,FALSE
3386,2.395410050139704,2.8044609397656726,0,2.4220617684389336,0.8541427752386,FALSE
3387,2.516072513546434,3.666535875495219,0,2.544066741861358,0.6862260725068187,FALSE
3388,6.805387788276497,2.439339699089756,0,6.881105629670535,2.7898483310118474,TRUE
3389,-0.021476779957500636,1.3011765014603014,0,-0.0217157340728382,-0.016505662324363676,FALSE
3390,-0.5873912264627243,0.6289013259777216,0,-0.5939266359214141,-0.9339958467245023,FALSE
3391,-1.0796244086586588,0.13058915042762473,0,-1.0916364838383823,-8.267336184693303,TRUE
3392,-1.2881346125167161,0.16145849966929002,0,-1.3024666058312973,-7.978115832583349,TRUE
3393,-1.6862997613781117,0.6550874991612513,0,-1.7050618043133856,-2.5741595795022567,TRUE
3394,6.615528650965908,2.463159556026216,0,6.68913408899759,2.685789734887762,TRUE
3395,5.872146978371722,2.525896982326174,0,5.93748143209922,2.3247769087414984,TRUE
3396,9.796639421673019,3.67854887207523,0,9.905638410856659,2.663180444887309,TRUE
3397,9.700938099787393,2.9370619215482208,0,9.808872300639026,3.302939590280655,TRUE
3398,8.849482945247125,2.1715574831729922,0,8.947943718815646,4.0751778453115675,TRUE
3399,7.571280282217936,1.967179910970323,0,7.65551956694266,3.848799105763213,TRUE
3400,5.644699739953669,2.949538032230071,0,5.707503579047609,1.9137572319031446,FALSE
3401,2.8156047869347547,3.354854666193087,0,2.8469316596006564,0.8392628197303567,FALSE
3402,3.3708233477471237,2.1634390372651704,0,3.4083276716082445,1.5580856634667286,FALSE
3403,0.2943475248418683,1.7791684216701833,0,0.29762248284486387,0.1654410685670508,FALSE
3404,0.055168827833281586,1.2756894663483662,0,0.05578264510361723,0.043246283118728863,FALSE
3405,-0.8820022627265953,0.2996840583902441,0,-0.8918155620588334,-2.943107042344125,TRUE
3406,-1.1892074976320537,0.14420323391590098,0,-1.2024388119218026,-8.24674638243964,TRUE
3407,-1.4012541900663529,0.2615438185845845,0,-1.4168447700328541,-5.357626869752155,TRUE
3408,6.813014721560975,3.220695223304915,0,6.888817421444012,2.1153863526924486,TRUE
3409,2.101197537046548,4.611076415714395,0,2.124575799505259,0.4556848222869907,FALSE
3410,6.818757040944141,2.641590026240591,0,6.894623630798155,2.581307838540083,TRUE
3411,0.3799203832952365,1.483608594423551,0,0.3841474387136311,0.2560785807815118,FALSE
3412,-0.4993853699508104,0.7050224448696779,0,-0.5049416120655621,-0.7083254917410762,FALSE
3413,-1.0366351488176615,0.12017213098145767,0,-1.0481689185635792,-8.626252529195911,TRUE
3414,-1.1605070737044514,0.1751697673860671,0,-1.173419062451777,-6.625042043623547,TRUE
3415,3.2459727925985056,2.409193729529266,0,3.282088009060194,1.3473274285969266,FALSE
3416,0.6195726905192294,1.7947140624824947,0,0.6264661561338749,0.3452208368291384,FALSE
3417,0.09147156517816857,1.3047490786647842,0,0.09248929255531471,0.07010663327831283,FALSE
3418,-0.8223445206204991,0.4998319259052938,0,-0.8314940582986993,-1.6452420863894832,FALSE
3419,-1.1002532747659677,0.10613424844422453,0,-1.1124948700348685,-10.366618607038713,TRUE
3420,-1.2365337050704341,0.34740939152929295,0,-1.2502915783719668,-3.559298439305927,TRUE
3421,6.991815280584607,2.6145340780112964,0,7.069607344305607,2.6742108046657473,TRUE
3422,0.5608459254554816,1.5255752946810075,0,0.567085987616713,0.36762913466867103,FALSE
3423,-0.5767835762297429,0.73159984407631,0,-0.5832009632622474,-0.7883866855630182,FALSE
3424,-1.0017280624445746,0.1443271596011684,0,-1.0128734503213388,-6.940676066879827,TRUE
3425,-1.0717248281892515,0.18550810183536795,0,-1.0836490113634536,-5.777240010467954,TRUE
3426,3.6420458561945943,2.4806065683304173,0,3.6825678453991206,1.468207777360635,FALSE
3427,0.8263088126143487,1.8804541680737812,0,0.8355024576442192,0.43941980966266647,FALSE
3428,0.10930488426100027,1.3863546128179105,0,0.11052102802055583,0.07884338051057996,FALSE
3429,-0.7876826614504204,0.7021854791695369,0,-0.7964465456968524,-1.1217586874368288,FALSE
3430,-1.0328416408115828,0.11964910646764265,0,-1.0443332033760044,-8.632255361563438,TRUE
3431,7.139136572960212,2.730583375096501,0,7.218567757124764,2.6145096458400245,TRUE
3432,0.6024141974848642,1.6452278373672526,0,0.609116754940481,0.36615852455357617,FALSE
3433,-0.5302439193237224,0.8694664472559944,0,-0.5361434986324387,-0.6098497774090692,FALSE
3434,-0.941565425425859,0.21250218205128024,0,-0.9520414341064107,-4.430850621565118,TRUE
3435,3.6834187544037897,2.4750295224934584,0,3.7244010651420885,1.4882322497280536,FALSE
3436,0.8304400462221379,2.0095824033117373,0,0.8396796560229821,0.41324010642887554,FALSE
3437,0.13118942648588994,1.5298441757279195,0,0.13264906118949132,0.08575345683390814,FALSE
3438,-0.7279476113648302,0.9417927479228064,0,-0.7360468738161843,-0.7729382212491788,FALSE
3439,-0.939171191537407,0.1755863979130639,0,-0.949620561585824,-5.348769623956909,TRUE
3440,7.055501698727031,2.8980098187218637,0,7.134002347800973,2.434602413403411,TRUE
3441,0.6033187587657295,1.729768674550633,0,0.6100313805159502,0.34878580450791336,FALSE
3442,-0.45065126618929074,1.0310517505257608,0,-0.45566528481084895,-0.4370791921545079,FALSE
3443,-0.8853593367979296,0.3294000250023929,0,-0.8952099874773634,-2.6877937753389602,TRUE
3444,0.8402611271112077,2.0428569723318075,0,0.8496100078409412,0.4113166699830661,FALSE
3445,0.182006798190257,1.7269576117100194,0,0.18403183516195568,0.1053915839949513,FALSE
3446,-0.656491142128601,1.28253559349951,0,-0.6637953683862018,-0.5118697254532389,FALSE
3447,0.675296364584819,1.8444532496693087,0,0.6828098207784085,0.36612278717603314,FALSE
3448,-0.3093064318079708,1.1547361281956328,0,-0.3127478250208803,-0.2678589716347463,FALSE
